reddit_id,subreddit,created_utc,title,selftext,text,permalink,score,num_comments,url,source_query,review_hint,label,label_status,label_notes,auto_label,auto_label_confidence,auto_label_reason,auto_label_scores,needs_human_review,label_source,human_label,human_review_notes,audit_agrees,manual_review_id,review_bucket,assigned_reviewer_number,assigned_reviewer,human_confidence,reviewed_at
117oy59,askanelectrician,2023-02-21T00:06:38+00:00,Question about blown oven heating element,Some information. I rent a house. Today I was cooking on the stove and I turned on the oven to preheat it. I looked away and something popped with enough force to rattle the pan on top. When I looked there was smoke coming up from behind the range. I thought something was on fire. My daughter came out from her bedroom and said she heard a buzzing noise in her room. She thought I got electrocuted. My landlord sent one of her handymen and he’s going to replace the heating element on the oven but he can’t tell me why there was a buzzing noise in the bedroom when it happened. I’m worried if there is some electrical issue that caused this. Any ideas would be appreciated.,Question about blown oven heating element Some information. I rent a house. Today I was cooking on the stove and I turned on the oven to preheat it. I looked away and something popped with enough force to rattle the pan on top. When I looked there was smoke coming up from behind the range. I thought something was on fire. My daughter came out from her bedroom and said she heard a buzzing noise in her room. She thought I got electrocuted. My landlord sent one of her handymen and he’s going to replace the heating element on the oven but he can’t tell me why there was a buzzing noise in the bedroom when it happened. I’m worried if there is some electrical issue that caused this. Any ideas would be appreciated.,https://www.reddit.com/r/askanelectrician/comments/117oy59/question_about_blown_oven_heating_element/,1,0,https://www.reddit.com/r/askanelectrician/comments/117oy59/question_about_blown_oven_heating_element/,electrical issue,needs_review_urgent_signal,,manual_review_pending,,urgent_safety_risk,0.95,fire_smoke_or_sparks:\bsmoke\b,"{""urgent_safety_risk"": 3.5}",no,,,,,MR0001,urgent_safety_risk,3,Max,,
1sga7y4,DIY,2026-04-09T00:18:38+00:00,Painting a metal roof,"six years ago I repainted the roof and today while pressure washing it I saw some paint peeling off, mostly just a the corners where the ridges are. I used latex dtm primer and paint on the advice of the local paint store even though I thought oil paint would last longer. Once I've got it well prepped I'm going to redo the whole thing with oil paint. Unless someone can convince me that latex is better?","Painting a metal roof six years ago I repainted the roof and today while pressure washing it I saw some paint peeling off, mostly just a the corners where the ridges are. I used latex dtm primer and paint on the advice of the local paint store even though I thought oil paint would last longer. Once I've got it well prepped I'm going to redo the whole thing with oil paint. Unless someone can convince me that latex is better?",https://www.reddit.com/r/DIY/comments/1sga7y4/painting_a_metal_roof/,11,4,https://www.reddit.com/r/DIY/comments/1sga7y4/painting_a_metal_roof/,paint peeling,needs_review_medium_signal,,manual_review_pending,,low_risk_diy,0.82,cosmetic_or_minor_finish:\bpaint(?:ing|ed)?\b,"{""low_risk_diy"": 2.2}",no,,,,,MR0006,low_risk_diy,3,Max,,
1sez3pw,Plumbing,2026-04-07T15:23:18+00:00,Grout or caulk in cracks between shower wall/floor?,"I have two of these small cracks/gaps in the grout of my shower that I would like to fix, worried water may be leaking through. Is it best to caulk this with silicone? Or something else? I’ve owned the house for about a year so don’t know the full history of what was done to this shower","Grout or caulk in cracks between shower wall/floor? I have two of these small cracks/gaps in the grout of my shower that I would like to fix, worried water may be leaking through. Is it best to caulk this with silicone? Or something else? I’ve owned the house for about a year so don’t know the full history of what was done to this shower",https://www.reddit.com/r/Plumbing/comments/1sez3pw/grout_or_caulk_in_cracks_between_shower_wallfloor/,1,2,https://i.redd.it/f1hv5sl9dstg1.jpeg,caulk,needs_review_medium_signal,,manual_review_pending,,medium_risk_call_pro,0.67,contained_water_damage:\bleak(?:s|ing|ed)?\b; cosmetic_or_minor_finish:\bcaulk(?:ing)?\b,"{""low_risk_diy"": 2.2, ""medium_risk_call_pro"": 2.0}",yes,,,,,MR0018,needs_human_review,3,Max,,
1r6em0s,Plumbing,2026-02-16T16:42:04+00:00,Venting dilemma,"Alright so.. Ive labeled everything so dont have to write a book here.. Essentially im wondering your opinion, reddit, if I should plumb in a vent for the new shower line if its only 3.5 feet from the 4"" main which is going to have a new 3"" vent stack tied to it? Or do I just leave it and if i need to i can slap an AAV on it? Ive already filled it with water and the trap seems to hold but it does jump around when you flush the toilet upstairs. Im thinking that wont be an issue when i actually add in the 3"" vent though.. because the current venting in my house is definitely undersized as-is. Also, yeah i know my slope on my 4"" main is STEEP, its what i had to work with without replumbing all the way to my septic tank. Been using this setup for over a month now and no issues with drainage so im gonna call it good.","Venting dilemma Alright so.. Ive labeled everything so dont have to write a book here.. Essentially im wondering your opinion, reddit, if I should plumb in a vent for the new shower line if its only 3.5 feet from the 4"" main which is going to have a new 3"" vent stack tied to it? Or do I just leave it and if i need to i can slap an AAV on it? Ive already filled it with water and the trap seems to hold but it does jump around when you flush the toilet upstairs. Im thinking that wont be an issue when i actually add in the 3"" vent though.. because the current venting in my house is definitely undersized as-is. Also, yeah i know my slope on my 4"" main is STEEP, its what i had to work with without replumbing all the way to my septic tank. Been using this setup for over a month now and no issues with drainage so im gonna call it good.",https://www.reddit.com/r/Plumbing/comments/1r6em0s/venting_dilemma/,3,10,https://i.redd.it/4cq6m73ewvjg1.png,flooding,needs_review_unclear,,manual_review_pending,,medium_risk_call_pro,0.80,trade_system_issue:\bseptic\b,"{""medium_risk_call_pro"": 2.0}",no,,,,,MR0019,medium_risk_call_pro,3,Max,,
eyb1yt,askanelectrician,2020-02-03T18:05:09+00:00,Light switch/outlet combo help!,"I have an old outlet/light combo. I updated all my outlets to newer/fresher white outlets. I got this below. https://www.homedepot.com/p/Leviton-Decora-15-Amp-Tamper-Resistant-Combo-Switch-and-Outlet-White-R62-T5625-0WS/202027001 I went to install this and my breaker keeps popping/ sparking. Would that be due to the break away fin? I didn’t remove anything and just found out that a fin could be the cause maybe an hour ago? Kind of clueless, but I switched every other outlet in my house and had no problem. I put the wires where they were on the old outlets exactly on the new outlets and switches. I put a black and white wire to the top switch I put a black and white wire to the outlet *Just as they had been in the previous switch/combo* On back of the old outlet it says, 15a-125v 10a-250v 10a-125v 5A-250V. Do I need something other than the link above?","Light switch/outlet combo help! I have an old outlet/light combo. I updated all my outlets to newer/fresher white outlets. I got this below. https://www.homedepot.com/p/Leviton-Decora-15-Amp-Tamper-Resistant-Combo-Switch-and-Outlet-White-R62-T5625-0WS/202027001 I went to install this and my breaker keeps popping/ sparking. Would that be due to the break away fin? I didn’t remove anything and just found out that a fin could be the cause maybe an hour ago? Kind of clueless, but I switched every other outlet in my house and had no problem. I put the wires where they were on the old outlets exactly on the new outlets and switches. I put a black and white wire to the top switch I put a black and white wire to the outlet *Just as they had been in the previous switch/combo* On back of the old outlet it says, 15a-125v 10a-250v 10a-125v 5A-250V. Do I need something other than the link above?",https://www.reddit.com/r/askanelectrician/comments/eyb1yt/light_switchoutlet_combo_help/,1,5,https://www.reddit.com/r/askanelectrician/comments/eyb1yt/light_switchoutlet_combo_help/,sparking outlet,needs_review_urgent_signal,,manual_review_pending,,urgent_safety_risk,0.82,fire_smoke_or_sparks:\bspark(?:s|ing|ed)?\b; trade_system_issue:\bbreaker\b,"{""medium_risk_call_pro"": 2.0, ""urgent_safety_risk"": 3.5}",no,,,,,MR0027,urgent_safety_risk,3,Max,,
1t5we0a,DIY,2026-05-07T01:33:13+00:00,Tips for DWV Water Test,I've redone my bathroom's DWV to PVC and will be water testing it for leaks. I'm going to use a balloon seal for my clean out tee and will cap off the rest of my pipes. I'm going to fill it with water from a threaded connection in another San tee I have for my sink. This is the first time I'm doing this kind of test since I'm a homeowner and a bit nervous. Anyone have any tips?,Tips for DWV Water Test I've redone my bathroom's DWV to PVC and will be water testing it for leaks. I'm going to use a balloon seal for my clean out tee and will cap off the rest of my pipes. I'm going to fill it with water from a threaded connection in another San tee I have for my sink. This is the first time I'm doing this kind of test since I'm a homeowner and a bit nervous. Anyone have any tips?,https://www.reddit.com/r/DIY/comments/1t5we0a/tips_for_dwv_water_test/,3,1,https://www.reddit.com/r/DIY/comments/1t5we0a/tips_for_dwv_water_test/,water leak,needs_review_medium_signal,,manual_review_pending,,medium_risk_call_pro,0.80,contained_water_damage:\bleak(?:s|ing|ed)?\b,"{""medium_risk_call_pro"": 2.0}",no,,,,,MR0028,medium_risk_call_pro,3,Max,,
131l7mu,askanelectrician,2023-04-28T08:00:07+00:00,So this just happened... melted in half service wire,"I recently experienced an alarming incident with a wire near my property and wanted to share the details with you all. [After a brief shower of sparks, it appears one of the wires has melted itself in half](https://preview.redd.it/5og0oxfn0lwa1.jpg?width=4032&format=pjpg&auto=webp&s=63ab7f62ad8b453063137f88407a7b03be0be58f) **Event Breakdown:** 1. Sparks observed near the tree-line by some lines (possibly high-voltage) adjacent to, but not directly connected to, the wire in question. 2. A couple of milliseconds later, the wire sparks and becomes severed. 3. A few minutes pass, and power seems to be functioning, but I proceed to turn off all 240V breakers and 110V appliances as a precaution. 4. I contact the city emergency electrical dispatch to inform them of the situation. As far as I know, I am technically responsible for this line that connects to my house. However, I suspect that a surge or another issue under the city's responsibility might have caused the problem. The sparks and the manner in which the wire failed seem to support this theory. **Important Observation:** The electrical poles within a one-block radius appear to be missing their grounding wires, likely due to copper theft. I find it quite surprising that no fuse blew and, instead, enough power was sent through the steel wire to completely melt it. Are there any safety concerns I should be aware of with my current power supply? Is there any advice, aside from waiting for the night-dispatch team to review the situation? It's been around three hours since I first notified the city, and they must be busy with higher-priority incidents. I appreciate any insights or suggestions you can provide. Thanks in advance for your help. edit: update - service came out and replaced all the wires. They don't think anything was wrong upstream, but rather the cables were just old. Thoughs? https://preview.redd.it/la33h1gyznwa1.jpg?width=3024&format=pjpg&auto=webp&s=93966a1ca6b38f2421a3e1d5f7203675bd759071 &#x200B;","So this just happened... melted in half service wire I recently experienced an alarming incident with a wire near my property and wanted to share the details with you all. [After a brief shower of sparks, it appears one of the wires has melted itself in half](https://preview.redd.it/5og0oxfn0lwa1.jpg?width=4032&format=pjpg&auto=webp&s=63ab7f62ad8b453063137f88407a7b03be0be58f) **Event Breakdown:** 1. Sparks observed near the tree-line by some lines (possibly high-voltage) adjacent to, but not directly connected to, the wire in question. 2. A couple of milliseconds later, the wire sparks and becomes severed. 3. A few minutes pass, and power seems to be functioning, but I proceed to turn off all 240V breakers and 110V appliances as a precaution. 4. I contact the city emergency electrical dispatch to inform them of the situation. As far as I know, I am technically responsible for this line that connects to my house. However, I suspect that a surge or another issue under the city's responsibility might have caused the problem. The sparks and the manner in which the wire failed seem to support this theory. **Important Observation:** The electrical poles within a one-block radius appear to be missing their grounding wires, likely due to copper theft. I find it quite surprising that no fuse blew and, instead, enough power was sent through the steel wire to completely melt it. Are there any safety concerns I should be aware of with my current power supply? Is there any advice, aside from waiting for the night-dispatch team to review the situation? It's been around three hours since I first notified the city, and they must be busy with higher-priority incidents. I appreciate any insights or suggestions you can provide. Thanks in advance for your help. edit: update - service came out and replaced all the wires. They don't think anything was wrong upstream, but rather the cables were just old. Thoughs? https://preview.redd.it/la33h1gyznwa1.jpg?width=3024&format=pjpg&auto=webp&s=93966a1ca6b38f2421a3e1d5f7203675bd759071 &#x200B;",https://www.reddit.com/r/askanelectrician/comments/131l7mu/so_this_just_happened_melted_in_half_service_wire/,0,3,https://www.reddit.com/r/askanelectrician/comments/131l7mu/so_this_just_happened_melted_in_half_service_wire/,electrical issue,needs_review_urgent_signal,,manual_review_pending,,urgent_safety_risk,0.95,fire_smoke_or_sparks:\bspark(?:s|ing|ed)?\b,"{""urgent_safety_risk"": 3.5}",no,,,,,MR0029,urgent_safety_risk,3,Max,,
1sr8mws,HomeMaintenance,2026-04-21T00:52:05+00:00,Is this a DIY? Where to start?,"Hello! First time home owner. The pipe in the picture is dripping and pooled in the garage by the heater, causing mold. The extent of the water isn’t any farther than the picture. The pipe is at knee high. Any advice or wisdom would be appreciated! Don’t know if I would have to cut and replace the drywall but I’m guessing so? Also I’ll have to figure something out to make the water actually go down the drain","Is this a DIY? Where to start? Hello! First time home owner. The pipe in the picture is dripping and pooled in the garage by the heater, causing mold. The extent of the water isn’t any farther than the picture. The pipe is at knee high. Any advice or wisdom would be appreciated! Don’t know if I would have to cut and replace the drywall but I’m guessing so? Also I’ll have to figure something out to make the water actually go down the drain",https://www.reddit.com/r/HomeMaintenance/comments/1sr8mws/is_this_a_diy_where_to_start/,2,4,https://www.reddit.com/gallery/1sr8mws,mold,needs_review_medium_signal,,manual_review_pending,,medium_risk_call_pro,0.80,mold_or_foundation_concern:\bmold\b,"{""medium_risk_call_pro"": 2.0}",no,,,,,MR0033,medium_risk_call_pro,3,Max,,
1tbwrr2,HomeImprovement,2026-05-13T11:26:21+00:00,Leaking tub spout even after replacement? What am I missing,"So I put a new shower head, tub spout, and shower handle (turn on thing) a few months ago. It leaked a little before. But the leaking has got really bad over the last 2 months. I thought maybe it was the shower turn on lever because it has an option to switch from tub to shower (no one uses the bath function). Or I thought maybe it was the cartridge or valve behind it? Other posts on here though make it sounds as though if it's only coming from the tub spout it's not either of those and would be something with the spout? It's one of those simple clockwise spin on spouts and nothing seemed wrong with the installation that's why I figured it was not that. Any insight on what to do? If people think it's the valve I'll just call a plumber I am not doing that. If it's a cartridge or people think the spout I am willing to tackle it. I read a bunch of other similar posts here and I felt like those answers either did not make sense to me or did not work. I can add pics in the comments if needed.","Leaking tub spout even after replacement? What am I missing So I put a new shower head, tub spout, and shower handle (turn on thing) a few months ago. It leaked a little before. But the leaking has got really bad over the last 2 months. I thought maybe it was the shower turn on lever because it has an option to switch from tub to shower (no one uses the bath function). Or I thought maybe it was the cartridge or valve behind it? Other posts on here though make it sounds as though if it's only coming from the tub spout it's not either of those and would be something with the spout? It's one of those simple clockwise spin on spouts and nothing seemed wrong with the installation that's why I figured it was not that. Any insight on what to do? If people think it's the valve I'll just call a plumber I am not doing that. If it's a cartridge or people think the spout I am willing to tackle it. I read a bunch of other similar posts here and I felt like those answers either did not make sense to me or did not work. I can add pics in the comments if needed.",https://www.reddit.com/r/HomeImprovement/comments/1tbwrr2/leaking_tub_spout_even_after_replacement_what_am/,1,5,https://www.reddit.com/r/HomeImprovement/comments/1tbwrr2/leaking_tub_spout_even_after_replacement_what_am/,leak,needs_review_medium_signal,,manual_review_pending,,medium_risk_call_pro,0.80,contained_water_damage:\bleak(?:s|ing|ed)?\b,"{""medium_risk_call_pro"": 2.0}",no,,,,,MR0034,medium_risk_call_pro,3,Max,,
1rj9l4e,Plumbing,2026-03-02T23:54:30+00:00,Bathtub Shifted Help,"So I guess my bathtub broke free from the caulk holding it in place. Is the right answer to just scrape the caulk, move the tub, and caulk it again? What’s the best way to keep it from moving?","Bathtub Shifted Help So I guess my bathtub broke free from the caulk holding it in place. Is the right answer to just scrape the caulk, move the tub, and caulk it again? What’s the best way to keep it from moving?",https://www.reddit.com/r/Plumbing/comments/1rj9l4e/bathtub_shifted_help/,1,2,https://i.redd.it/rbyqormmzpmg1.jpeg,caulk,needs_review_low_signal,,manual_review_pending,,low_risk_diy,0.82,cosmetic_or_minor_finish:\bcaulk(?:ing)?\b,"{""low_risk_diy"": 2.2}",no,,,,,MR0042,low_risk_diy,3,Max,,
1rswac6,Plumbing,2026-03-13T18:58:25+00:00,Caked up outside drain causing basement flooding,"I have an outside drain (under the water in this pic) that I believe is caked up with mud and sediment. The door at the bottom of these stairs leads to my basement. The (lack of) draining is causing flooding in the basement due to heavy rains through the door to the right-hand-side. Is this something you recommend I use this Bauer tool to clear? FWIW. It’s an almost 70 year old house that I’ve lived in for about 11 years. I’ve never used a tool like this before but is it even worth the effort, or just call a specialist?","Caked up outside drain causing basement flooding I have an outside drain (under the water in this pic) that I believe is caked up with mud and sediment. The door at the bottom of these stairs leads to my basement. The (lack of) draining is causing flooding in the basement due to heavy rains through the door to the right-hand-side. Is this something you recommend I use this Bauer tool to clear? FWIW. It’s an almost 70 year old house that I’ve lived in for about 11 years. I’ve never used a tool like this before but is it even worth the effort, or just call a specialist?",https://www.reddit.com/r/Plumbing/comments/1rswac6/caked_up_outside_drain_causing_basement_flooding/,9,33,https://www.reddit.com/gallery/1rswac6,flooding,needs_review_urgent_signal,,manual_review_pending,,urgent_safety_risk,0.90,active_flooding_or_sewage:\bflooding\b,"{""urgent_safety_risk"": 3.0}",no,,,,,MR0051,urgent_safety_risk,3,Max,,
1tn66vd,DIY,2026-05-25T11:20:55+00:00,my deposit is being held hostage by my walls and i just need a shelf,"renting means every time i want to put something on a wall i have to do a full risk assessment. drill anything and suddenly i'm having a conversation with my landlord i don't want to have been trying adhesive shelves as the obvious workaround but the results have been mixed at best. first one held for two months then came down at 3am taking a chunk of paint with it, which felt like a personal attack. second one never fully committed to the wall from day one and just slowly peeled away like it was reconsidering its life choices the weight limit thing is also apparently very real and very easy to ignore until it isn't just need something that holds a reasonable amount without destroying the wall when i eventually move out. bathroom and kitchen mostly, so moisture is probably a factor nobody puts in the product description has anyone found adhesive shelves that actually stick long term without redecorating the wall on the way out","my deposit is being held hostage by my walls and i just need a shelf renting means every time i want to put something on a wall i have to do a full risk assessment. drill anything and suddenly i'm having a conversation with my landlord i don't want to have been trying adhesive shelves as the obvious workaround but the results have been mixed at best. first one held for two months then came down at 3am taking a chunk of paint with it, which felt like a personal attack. second one never fully committed to the wall from day one and just slowly peeled away like it was reconsidering its life choices the weight limit thing is also apparently very real and very easy to ignore until it isn't just need something that holds a reasonable amount without destroying the wall when i eventually move out. bathroom and kitchen mostly, so moisture is probably a factor nobody puts in the product description has anyone found adhesive shelves that actually stick long term without redecorating the wall on the way out",https://www.reddit.com/r/DIY/comments/1tn66vd/my_deposit_is_being_held_hostage_by_my_walls_and/,0,12,https://www.reddit.com/r/DIY/comments/1tn66vd/my_deposit_is_being_held_hostage_by_my_walls_and/,paint peeling,needs_review_low_signal,,manual_review_pending,,low_risk_diy,0.82,cosmetic_or_minor_finish:\bpaint(?:ing|ed)?\b,"{""low_risk_diy"": 2.2}",no,,,,,MR0053,low_risk_diy,3,Max,,
1tg609h,HomeImprovement,2026-05-17T23:57:30+00:00,Drywall in ceiling exposed to water - should I replace or not?,"I had a water leak due to what I am pretty confident was a leaking shower valve cartridge in an upstairs bathroom directly above my first floor bedroom. The shower valve cartridge had been replaced and no more leaking has been observed. However, I have a few areas on the ceiling that are now “yellowed” due to the water exposure along with a ceiling fan that is full of water and was where most of the water escaped from (enough water came out of the fan that I needed a bucket to catch it all). I know I need to replace the ceiling fan since it was exposed to lots of water, but do I need to cut out the water exposed drywall in the ceiling? (My biggest concern is possible mold growing on the backside of the ceiling. I believe the quick and cheap way is to just use a kilz type primer product where the stains are and then paint versus replacing the drywall.) Thank you!","Drywall in ceiling exposed to water - should I replace or not? I had a water leak due to what I am pretty confident was a leaking shower valve cartridge in an upstairs bathroom directly above my first floor bedroom. The shower valve cartridge had been replaced and no more leaking has been observed. However, I have a few areas on the ceiling that are now “yellowed” due to the water exposure along with a ceiling fan that is full of water and was where most of the water escaped from (enough water came out of the fan that I needed a bucket to catch it all). I know I need to replace the ceiling fan since it was exposed to lots of water, but do I need to cut out the water exposed drywall in the ceiling? (My biggest concern is possible mold growing on the backside of the ceiling. I believe the quick and cheap way is to just use a kilz type primer product where the stains are and then paint versus replacing the drywall.) Thank you!",https://www.reddit.com/r/HomeImprovement/comments/1tg609h/drywall_in_ceiling_exposed_to_water_should_i/,2,1,https://www.reddit.com/r/HomeImprovement/comments/1tg609h/drywall_in_ceiling_exposed_to_water_should_i/,leak,needs_review_medium_signal,,manual_review_pending,,medium_risk_call_pro,0.87,contained_water_damage:\bleak(?:s|ing|ed)?\b; mold_or_foundation_concern:\bmold\b; cosmetic_or_minor_finish:\bpaint(?:ing|ed)?\b,"{""low_risk_diy"": 2.2, ""medium_risk_call_pro"": 4.0}",no,,,,,MR0063,medium_risk_call_pro,3,Max,,
1t99so8,HomeMaintenance,2026-05-10T15:20:58+00:00,New to DIY….Trim,"New to DIY and just looking for a little advice. I recently built a shiplap wall and want to use corner molding because my shiplap corners didn’t turn out the greatest. The issue I’m running into is that the trim and the corner molding don’t line up very well. I was thinking about either using paintable caulk to help blend everything together, or possibly cutting out the covered part and mounting the corner molding on the thicker part of the base instead. I just didn’t know if there’s a better solution or if anyone has any ideas. I attached a picture of what I’m talking about. I know the picture isn’t of the actual shiplap wall since I haven’t installed the trim on it yet, but it shows the base trim and corner molding I’m planning to use. Any advice would be greatly appreciated!","New to DIY….Trim New to DIY and just looking for a little advice. I recently built a shiplap wall and want to use corner molding because my shiplap corners didn’t turn out the greatest. The issue I’m running into is that the trim and the corner molding don’t line up very well. I was thinking about either using paintable caulk to help blend everything together, or possibly cutting out the covered part and mounting the corner molding on the thicker part of the base instead. I just didn’t know if there’s a better solution or if anyone has any ideas. I attached a picture of what I’m talking about. I know the picture isn’t of the actual shiplap wall since I haven’t installed the trim on it yet, but it shows the base trim and corner molding I’m planning to use. Any advice would be greatly appreciated!",https://www.reddit.com/r/HomeMaintenance/comments/1t99so8/new_to_diytrim/,1,4,https://i.redd.it/sartl7cxub0h1.jpeg,mold,needs_review_low_signal,,manual_review_pending,,low_risk_diy,0.82,cosmetic_or_minor_finish:\btrim\b,"{""low_risk_diy"": 2.2}",no,,,,,MR0071,low_risk_diy,3,Max,,
1tg1ixq,Plumbing,2026-05-17T20:53:46+00:00,Drain hose to new washer into NEW house is overflowing when doing laundry help!,"First of all, im a woman that is clueless with this kind of stufff. I don’t even know if a plumber would help this problem. It’s a brand new manufactured home, there shouldn’t be any gunk or shit blocked in the pipe. I’ve tried moving the hose where it’s not too deep. I’m currently having to gorilla tape the hose to a storage tub to drain into. I can’t start a load and do things around house without worrying it’s gonna overfill tub and flood (again). Lordy please help. 😭 I sit and watched it and it’s almost like it fills up too hard and fast and comes back up. Cause it eventually drains in pipe, I’ve paused the drain process before it overflows. I hear the pipe fill up then pause it and it goes down. Thank you in advance.","Drain hose to new washer into NEW house is overflowing when doing laundry help! First of all, im a woman that is clueless with this kind of stufff. I don’t even know if a plumber would help this problem. It’s a brand new manufactured home, there shouldn’t be any gunk or shit blocked in the pipe. I’ve tried moving the hose where it’s not too deep. I’m currently having to gorilla tape the hose to a storage tub to drain into. I can’t start a load and do things around house without worrying it’s gonna overfill tub and flood (again). Lordy please help. 😭 I sit and watched it and it’s almost like it fills up too hard and fast and comes back up. Cause it eventually drains in pipe, I’ve paused the drain process before it overflows. I hear the pipe fill up then pause it and it goes down. Thank you in advance.",https://www.reddit.com/r/Plumbing/comments/1tg1ixq/drain_hose_to_new_washer_into_new_house_is/,28,27,https://www.reddit.com/gallery/1tg1ixq,flooding,needs_review_urgent_signal,,manual_review_pending,,,0.00,no_labeling_function_matched,{},yes,,,,,MR0073,needs_human_review,3,Max,,
1soa3eq,DIY,2026-04-17T18:56:57+00:00,How should I handle this bathroom sink caulk?,"I painted my the wall above my bathroom sink but I was afraid to paint the existing clear caulk that's on there. Is clear caulk generally paintable, or should I scrape it out and recaulk it? If I re-caulk it should I just do white or clear again?","How should I handle this bathroom sink caulk? I painted my the wall above my bathroom sink but I was afraid to paint the existing clear caulk that's on there. Is clear caulk generally paintable, or should I scrape it out and recaulk it? If I re-caulk it should I just do white or clear again?",https://www.reddit.com/r/DIY/comments/1soa3eq/how_should_i_handle_this_bathroom_sink_caulk/,2,4,https://www.reddit.com/r/DIY/comments/1soa3eq/how_should_i_handle_this_bathroom_sink_caulk/,caulk,needs_review_low_signal,,manual_review_pending,,low_risk_diy,0.82,cosmetic_or_minor_finish:\bpaint(?:ing|ed)?\b,"{""low_risk_diy"": 2.2}",no,,,,,MR0077,low_risk_diy,3,Max,,
1twzv8k,HomeMaintenance,2026-06-04T20:40:31+00:00,Removing overhead cabinets above fridge.,"We've been wanting to replace our fridge for a while, but the cabinets over the fridge area restrict us greatly for how big a fridge we can get (68""). We barely use the cabinets above. Anyone have experience taking these down? Is it a hard job? Looks somewhat possible based on the molding and screws.","Removing overhead cabinets above fridge. We've been wanting to replace our fridge for a while, but the cabinets over the fridge area restrict us greatly for how big a fridge we can get (68""). We barely use the cabinets above. Anyone have experience taking these down? Is it a hard job? Looks somewhat possible based on the molding and screws.",https://www.reddit.com/r/HomeMaintenance/comments/1twzv8k/removing_overhead_cabinets_above_fridge/,2,6,https://i.redd.it/0krpi02qub5h1.jpeg,mold,needs_review_unclear,,manual_review_pending,,,0.00,no_labeling_function_matched,{},yes,,,,,MR0081,needs_human_review,3,Max,,
1tl38ca,Plumbing,2026-05-23T02:10:40+00:00,Shower niche smells like sulfur,"Hello. I live in an apartment and noticed my shower niche smells like sulfur, specifically where the caulk seal looks like it's failing. Definitely going to have maintenance in after the weekend, but wanted to see what it could possibly be and ask. Thanks everyone in advance","Shower niche smells like sulfur Hello. I live in an apartment and noticed my shower niche smells like sulfur, specifically where the caulk seal looks like it's failing. Definitely going to have maintenance in after the weekend, but wanted to see what it could possibly be and ask. Thanks everyone in advance",https://www.reddit.com/r/Plumbing/comments/1tl38ca/shower_niche_smells_like_sulfur/,3,0,https://i.redd.it/21f1b43sps2h1.jpeg,caulk,needs_review_low_signal,,manual_review_pending,,low_risk_diy,0.82,cosmetic_or_minor_finish:\bcaulk(?:ing)?\b,"{""low_risk_diy"": 2.2}",no,,,,,MR0084,low_risk_diy,3,Max,,
1o0lt7z,HomeMaintenance,2025-10-07T17:47:42+00:00,Roof replaced.. now what ?,Part of my roof was peeled off due to a tornado (MD). Now I have what looks like the tape coming off the ceiling. How do I properly reseal and paint over? Thank you,Roof replaced.. now what ? Part of my roof was peeled off due to a tornado (MD). Now I have what looks like the tape coming off the ceiling. How do I properly reseal and paint over? Thank you,https://www.reddit.com/r/HomeMaintenance/comments/1o0lt7z/roof_replaced_now_what/,1,2,https://www.reddit.com/gallery/1o0lt7z,paint peeling,needs_review_medium_signal,,manual_review_pending,,low_risk_diy,0.82,cosmetic_or_minor_finish:\bpaint(?:ing|ed)?\b,"{""low_risk_diy"": 2.2}",no,,,,,MR0086,low_risk_diy,3,Max,,
13d863t,askanelectrician,2023-05-09T22:24:25+00:00,Bathroom rewiring,"Renovating my bathroom, it currently has a vanity light and a shower light on a single switch. I was planning on adding a fan, wiring it to the shower light, and putting these on a separate switch. First photo is of the current box for the vanity light (light / wires are removed there) and second is of my plan for the new wiring. I had a more electrical minded friend help me out with a truth table / diagram as well. You may notice there are multiple extra wires in the actual photo vs diagram. One powers 3 ceiling lights (2 of which are ceiling fans as well), and another one I honestly have not been able to figure out where it terminates as all other lights and outlets on the circuit are working as expected (and the ceiling fixtures are of course non-operational). There is an additional lone black wire to the right that had been partially shoved into the box but was not actually connected to anything. My first task was understanding where the actual power was coming from and this is my main issue. I turned off the breaker, disconnected the wires (as shown) and turned the breaker back on to test which were live. None are showing any voltage whatsoever. So I'm here asking electricians if a): there is something I'm overlooking or can test out here or b): its ok to locate the main entry for this circuit's wiring and cut it to splice in a new line for this (I would of course enclose this in a box etc and probably do additional research around that process) Thanks for any insights, advice, and knowledge or resources other than telling me I'm going to kill my entire (non-existant) family if I don't immediately call a professional 🙃","Bathroom rewiring Renovating my bathroom, it currently has a vanity light and a shower light on a single switch. I was planning on adding a fan, wiring it to the shower light, and putting these on a separate switch. First photo is of the current box for the vanity light (light / wires are removed there) and second is of my plan for the new wiring. I had a more electrical minded friend help me out with a truth table / diagram as well. You may notice there are multiple extra wires in the actual photo vs diagram. One powers 3 ceiling lights (2 of which are ceiling fans as well), and another one I honestly have not been able to figure out where it terminates as all other lights and outlets on the circuit are working as expected (and the ceiling fixtures are of course non-operational). There is an additional lone black wire to the right that had been partially shoved into the box but was not actually connected to anything. My first task was understanding where the actual power was coming from and this is my main issue. I turned off the breaker, disconnected the wires (as shown) and turned the breaker back on to test which were live. None are showing any voltage whatsoever. So I'm here asking electricians if a): there is something I'm overlooking or can test out here or b): its ok to locate the main entry for this circuit's wiring and cut it to splice in a new line for this (I would of course enclose this in a box etc and probably do additional research around that process) Thanks for any insights, advice, and knowledge or resources other than telling me I'm going to kill my entire (non-existant) family if I don't immediately call a professional 🙃",https://www.reddit.com/r/askanelectrician/comments/13d863t/bathroom_rewiring/,0,1,https://www.reddit.com/gallery/13d863t,electrical issue,needs_review_medium_signal,,manual_review_pending,,medium_risk_call_pro,0.80,trade_system_issue:\bbreaker\b,"{""medium_risk_call_pro"": 2.0}",no,,,,,MR0090,medium_risk_call_pro,3,Max,,
1tw4ev1,DIY,2026-06-03T22:09:57+00:00,Room smells like rotten fruit after painting and caulking?,"I am not sure if it is due to the paint, but I cannot find any other culprit. I started painting about a week ago and have been doing it little by little every day. Yesterday I didn't do anything though. I sanded, primed and used paint. Some areas are just sanded down, some painted and some only primed as I have bot finished yet. I have also caulked. To me it smells like cloud berry jam, if you have ver tried that. Very particular sweet and sour smell like fruit going bad. But when I try to smell the cupboards they just smells chemically, like paint basically. So I have no idea what it can be anymore. The paint and primer are all new. The kitchen itself is very old though. I googled and most posts talk about the paint being or contaminated. But it is completely new so it seems hard to believe. The caulk was new and is latex. Maybe I painted over it too quickly? Any ideas of what I can do to fix it? The only other thing is that it has been warm in the apartment ss it is summer, can it be the warmth affecting the paint?","Room smells like rotten fruit after painting and caulking? I am not sure if it is due to the paint, but I cannot find any other culprit. I started painting about a week ago and have been doing it little by little every day. Yesterday I didn't do anything though. I sanded, primed and used paint. Some areas are just sanded down, some painted and some only primed as I have bot finished yet. I have also caulked. To me it smells like cloud berry jam, if you have ver tried that. Very particular sweet and sour smell like fruit going bad. But when I try to smell the cupboards they just smells chemically, like paint basically. So I have no idea what it can be anymore. The paint and primer are all new. The kitchen itself is very old though. I googled and most posts talk about the paint being or contaminated. But it is completely new so it seems hard to believe. The caulk was new and is latex. Maybe I painted over it too quickly? Any ideas of what I can do to fix it? The only other thing is that it has been warm in the apartment ss it is summer, can it be the warmth affecting the paint?",https://www.reddit.com/r/DIY/comments/1tw4ev1/room_smells_like_rotten_fruit_after_painting_and/,71,45,https://www.reddit.com/r/DIY/comments/1tw4ev1/room_smells_like_rotten_fruit_after_painting_and/,caulk,needs_review_low_signal,,manual_review_pending,,low_risk_diy,0.82,cosmetic_or_minor_finish:\bpaint(?:ing|ed)?\b,"{""low_risk_diy"": 2.2}",no,,,,,MR0096,low_risk_diy,3,Max,,
n2w8vl,askanelectrician,2021-05-02T01:29:07+00:00,Every Time I plug in my Lamp it trips the breaker - even when the lamp is switched off.,"I made rewired an old Keystone K109 metal projector into a table lamp. Its awesome, looks great and has worked well for years. For the past two years its been plugged into a smart outlet and goes on at 6pm and shuts off at 10 pm every night. Then it stopped working. I switched the bulb - not the issue. I thought maybe it was the smart outlet - not the issue. So I plugged it directly in to the outlet and it tripped the breaker. &#x200B; I turned off both the toggle switch on the light bulb as well as the master power to the lamp (rewired the ""light on and fan on"" toggle to bring power to the lamp. I even removed the light bulb and it keeps tripping the breaker where ever I plug it in. I'm guessing maybe some wires are touching that shouldnt be, and maybe it isnt grounded (its only a two prong plug as its an old projector. - before they reach the master on-off switch? Any help is greatly appreciated! Thank you :) Edit: Also wanted to add - probably because all the sparks, one of the prongs looks a bit chipped away/melted - could that cause subsequent trips? Thanks all!","Every Time I plug in my Lamp it trips the breaker - even when the lamp is switched off. I made rewired an old Keystone K109 metal projector into a table lamp. Its awesome, looks great and has worked well for years. For the past two years its been plugged into a smart outlet and goes on at 6pm and shuts off at 10 pm every night. Then it stopped working. I switched the bulb - not the issue. I thought maybe it was the smart outlet - not the issue. So I plugged it directly in to the outlet and it tripped the breaker. &#x200B; I turned off both the toggle switch on the light bulb as well as the master power to the lamp (rewired the ""light on and fan on"" toggle to bring power to the lamp. I even removed the light bulb and it keeps tripping the breaker where ever I plug it in. I'm guessing maybe some wires are touching that shouldnt be, and maybe it isnt grounded (its only a two prong plug as its an old projector. - before they reach the master on-off switch? Any help is greatly appreciated! Thank you :) Edit: Also wanted to add - probably because all the sparks, one of the prongs looks a bit chipped away/melted - could that cause subsequent trips? Thanks all!",https://www.reddit.com/r/askanelectrician/comments/n2w8vl/every_time_i_plug_in_my_lamp_it_trips_the_breaker/,2,2,https://www.reddit.com/r/askanelectrician/comments/n2w8vl/every_time_i_plug_in_my_lamp_it_trips_the_breaker/,sparking outlet,needs_review_urgent_signal,,manual_review_pending,,urgent_safety_risk,0.82,fire_smoke_or_sparks:\bspark(?:s|ing|ed)?\b; trade_system_issue:\bbreaker\b,"{""medium_risk_call_pro"": 2.0, ""urgent_safety_risk"": 3.5}",no,,,,,MR0106,urgent_safety_risk,3,Max,,
1s7nyz5,HomeMaintenance,2026-03-30T11:33:04+00:00,How to address rust?,I am fairly new to home repairs. We have a spot on our radiator about the size of someone's hand when the paint has been chipped/peeled off and revealed rust underneath. I don't think simply painting over it is enough - is there something it should be treated with to remove or cover it? Thank you!,How to address rust? I am fairly new to home repairs. We have a spot on our radiator about the size of someone's hand when the paint has been chipped/peeled off and revealed rust underneath. I don't think simply painting over it is enough - is there something it should be treated with to remove or cover it? Thank you!,https://www.reddit.com/r/HomeMaintenance/comments/1s7nyz5/how_to_address_rust/,2,6,https://www.reddit.com/gallery/1s7nyz5,paint peeling,needs_review_low_signal,,manual_review_pending,,low_risk_diy,0.82,cosmetic_or_minor_finish:\bpaint(?:ing|ed)?\b,"{""low_risk_diy"": 2.2}",no,,,,,MR0109,low_risk_diy,3,Max,,
1pag9z8,DIY,2025-11-30T11:38:58+00:00,Water leaking around sink basin waste,"My sink don't hold water, when I fill it I can see that there's bubbles from the outside of the waste where it meets the sink itself (red line). A small amount of water will sit inside the pop-up waste so I know it's not the rubber gasket inside the waste itself. Can I remove this fairly easily and silicone it, and is that the right thing to do? Appreciate any help 🙏","Water leaking around sink basin waste My sink don't hold water, when I fill it I can see that there's bubbles from the outside of the waste where it meets the sink itself (red line). A small amount of water will sit inside the pop-up waste so I know it's not the rubber gasket inside the waste itself. Can I remove this fairly easily and silicone it, and is that the right thing to do? Appreciate any help 🙏",https://www.reddit.com/r/DIY/comments/1pag9z8/water_leaking_around_sink_basin_waste/,2,2,https://i.redd.it/z63yghaksd4g1.jpeg,water leak,needs_review_medium_signal,,manual_review_pending,,medium_risk_call_pro,0.80,contained_water_damage:\bleak(?:s|ing|ed)?\b,"{""medium_risk_call_pro"": 2.0}",no,,,,,MR0113,medium_risk_call_pro,3,Max,,
39lgu0,DIY,2015-06-12T15:45:37+00:00,Question - basement insulation,"Hello Reddit - Just looking for a little validation on a basement project plan before I move forward. My wife & I purchased a mid-late 1970s back-split home located in southern Ontario, Canada - so we are talking about winter temps say around -10C on average, but could peak to -20C. We decided about a week ago that it was time to start tackling the renovation of our lower level - so the level that is 1/2 below grade, 1/2 above grade. The part above grade was drywall with a thick texture over it. The below grade part had wood paneling - like so http://imgur.com/I177q9f. Originally planned just to scrape off the thick texture on the walls/ceiling, but we decided since we were making a huge mess already, may as well rip off the lovely wood paneling and dark trim while we were at it. We were thrilled to discover that there was drywall behind the wood paneling... not taped, but at least there was drywall. All is fantastic in the world, or so I thought until last night. I decided to take a peak behind behind the drywall. The lower half has no insulation at all. The upper half appears to have pink batts + vapor barrier. Guess this begins to explain why the the basement was rather chilly in the winter. As you can hopefully see from the picture above, the lower part is framed out from the foundation wall, the upper part is framed ontop of the foundation wall giving us that little ledge that runs around the room, I know some might say to just re-frame it right up to the ceiling for a straight wall, but that's more than we want to do right now. I feel like I have a few options for addressing this insulation issue, but hopefully somebody more experienced can tell me just how worth while some of this is. 1. Pull the framing off the foundation wall, put 2"" XPS rigid foam (looking at Foamular C200) on the foundation walls, that should give me an R10 rating + act as a vapor barrier, put the framing back infront of the foam, fill the voids with either roxul or fiberglass insulation which should add another R12-14 giving me a total of R22-24. If I'm lucky I can just re-use the existing framing depending on how easy it comes off (it seems a little loose right now). May decide to re-drywall anyways though as its got quite a number of bruises from pulling off the paneling. 2. Roughly the same plan, except I could use Roxul Comfortboard IS instead of foam, its only R6 rated at 1.5"", the cost would be roughly half or even less than the foam though. Combined with Roxul Comfortbatt between the studs would bring me up to R20, i'd then have to put poly vapor barrier on the interior side of the studs. 3. I could just pull the drywall off the existing framing, fill the voids with roxul or fiberglass giving me roughly R12-14 and put new poly vapor barrier overtop. As I write this all out, I feel like (1) is the best option, but (2) does seem rather attractive too as it would cost less and is perhaps not an overly significant difference in R value? 1. Is there any fault with either of these plans? anything I am missing? Or a completely different option I should consider? I know moisture in basements is a serious concern... so want to make sure its done right. 2. With option (1) being the obviously ""best"" option, is achieving R22-R24 going to be worth the added expense? over option (2) or even (3)? Now just for a little bit of ridiculousness to this whole situation of having no insulation at all behind the drywall and hopefully give you a laugh. This is from a different room, but its the same situation in this one I'm talking about. http://imgur.com/jtDWf5H . Yes, precisely, there is no insulation at all behind the drywall, but apparently filling the entire f'ing electrical box with spray foam is a good idea - don't worry, these are being dealt with. THanks for taking the time to read all this!","Question - basement insulation Hello Reddit - Just looking for a little validation on a basement project plan before I move forward. My wife & I purchased a mid-late 1970s back-split home located in southern Ontario, Canada - so we are talking about winter temps say around -10C on average, but could peak to -20C. We decided about a week ago that it was time to start tackling the renovation of our lower level - so the level that is 1/2 below grade, 1/2 above grade. The part above grade was drywall with a thick texture over it. The below grade part had wood paneling - like so http://imgur.com/I177q9f. Originally planned just to scrape off the thick texture on the walls/ceiling, but we decided since we were making a huge mess already, may as well rip off the lovely wood paneling and dark trim while we were at it. We were thrilled to discover that there was drywall behind the wood paneling... not taped, but at least there was drywall. All is fantastic in the world, or so I thought until last night. I decided to take a peak behind behind the drywall. The lower half has no insulation at all. The upper half appears to have pink batts + vapor barrier. Guess this begins to explain why the the basement was rather chilly in the winter. As you can hopefully see from the picture above, the lower part is framed out from the foundation wall, the upper part is framed ontop of the foundation wall giving us that little ledge that runs around the room, I know some might say to just re-frame it right up to the ceiling for a straight wall, but that's more than we want to do right now. I feel like I have a few options for addressing this insulation issue, but hopefully somebody more experienced can tell me just how worth while some of this is. 1. Pull the framing off the foundation wall, put 2"" XPS rigid foam (looking at Foamular C200) on the foundation walls, that should give me an R10 rating + act as a vapor barrier, put the framing back infront of the foam, fill the voids with either roxul or fiberglass insulation which should add another R12-14 giving me a total of R22-24. If I'm lucky I can just re-use the existing framing depending on how easy it comes off (it seems a little loose right now). May decide to re-drywall anyways though as its got quite a number of bruises from pulling off the paneling. 2. Roughly the same plan, except I could use Roxul Comfortboard IS instead of foam, its only R6 rated at 1.5"", the cost would be roughly half or even less than the foam though. Combined with Roxul Comfortbatt between the studs would bring me up to R20, i'd then have to put poly vapor barrier on the interior side of the studs. 3. I could just pull the drywall off the existing framing, fill the voids with roxul or fiberglass giving me roughly R12-14 and put new poly vapor barrier overtop. As I write this all out, I feel like (1) is the best option, but (2) does seem rather attractive too as it would cost less and is perhaps not an overly significant difference in R value? 1. Is there any fault with either of these plans? anything I am missing? Or a completely different option I should consider? I know moisture in basements is a serious concern... so want to make sure its done right. 2. With option (1) being the obviously ""best"" option, is achieving R22-R24 going to be worth the added expense? over option (2) or even (3)? Now just for a little bit of ridiculousness to this whole situation of having no insulation at all behind the drywall and hopefully give you a laugh. This is from a different room, but its the same situation in this one I'm talking about. http://imgur.com/jtDWf5H . Yes, precisely, there is no insulation at all behind the drywall, but apparently filling the entire f'ing electrical box with spray foam is a good idea - don't worry, these are being dealt with. THanks for taking the time to read all this!",https://www.reddit.com/r/DIY/comments/39lgu0/question_basement_insulation/,0,10,https://www.reddit.com/r/DIY/comments/39lgu0/question_basement_insulation/,loose trim,needs_review_medium_signal,,manual_review_pending,,low_risk_diy,0.82,cosmetic_or_minor_finish:\btrim\b,"{""low_risk_diy"": 2.2}",no,,,,,MR0115,low_risk_diy,3,Max,,
1svbcma,Plumbing,2026-04-25T12:50:52+00:00,Just can't leave the apprentice alone with the press tool.,Flooded the office below overnight. Somehow held pressure until it didn't.,Just can't leave the apprentice alone with the press tool. Flooded the office below overnight. Somehow held pressure until it didn't.,https://www.reddit.com/r/Plumbing/comments/1svbcma/just_cant_leave_the_apprentice_alone_with_the/,149,41,https://i.redd.it/6ucy977h2cxg1.jpeg,flooding,needs_review_urgent_signal,,manual_review_pending,,urgent_safety_risk,0.90,active_flooding_or_sewage:\bflooded\b,"{""urgent_safety_risk"": 3.0}",no,,,,,MR0121,urgent_safety_risk,3,Max,,
1sj30xq,DIY,2026-04-12T03:11:24+00:00,Foam Backer Rod,"So I needed to repair some failed, cracking caulk around two of my mother's windows. So cut out the out caulk, replace the foam backer rod, and re-caulk it. Seemed simple. I went to the local Ace Hardware. The nice fella helping me had never heard of foam backer rod. He asked his bosses. They said they had no idea what it was either. I went to Lowes assuming it might be near caulk. The nice lady in the paint department had no idea what I was talking about either. I eventually found it there, but does just nobody use this stuff anymore?","Foam Backer Rod So I needed to repair some failed, cracking caulk around two of my mother's windows. So cut out the out caulk, replace the foam backer rod, and re-caulk it. Seemed simple. I went to the local Ace Hardware. The nice fella helping me had never heard of foam backer rod. He asked his bosses. They said they had no idea what it was either. I went to Lowes assuming it might be near caulk. The nice lady in the paint department had no idea what I was talking about either. I eventually found it there, but does just nobody use this stuff anymore?",https://www.reddit.com/r/DIY/comments/1sj30xq/foam_backer_rod/,51,44,https://www.reddit.com/r/DIY/comments/1sj30xq/foam_backer_rod/,caulk,needs_review_low_signal,,manual_review_pending,,low_risk_diy,0.82,cosmetic_or_minor_finish:\bpaint(?:ing|ed)?\b,"{""low_risk_diy"": 2.2}",no,,,,,MR0122,low_risk_diy,3,Max,,
1rs81uk,HomeMaintenance,2026-03-13T00:12:07+00:00,Paint cracking and peeling near shower window,"I assume this is due to bad ventilation. Do I need to do anything besides scrap of the excess, and apply paint & primer?","Paint cracking and peeling near shower window I assume this is due to bad ventilation. Do I need to do anything besides scrap of the excess, and apply paint & primer?",https://www.reddit.com/r/HomeMaintenance/comments/1rs81uk/paint_cracking_and_peeling_near_shower_window/,2,1,https://i.redd.it/z2iz88dvfpog1.png,paint peeling,needs_review_low_signal,,manual_review_pending,,low_risk_diy,0.82,cosmetic_or_minor_finish:\bpaint(?:ing|ed)?\b,"{""low_risk_diy"": 2.2}",no,,,,,MR0126,low_risk_diy,3,Max,,
1nn3mo3,HomeMaintenance,2025-09-21T21:03:56+00:00,What is growing on my wall????,"Someone help guide me in the right direction please. I moved my kiddos play kitchen today and this is on the wall behind it. It’s the front wall of our house, which is under a covered porch, and is in the living room area. There has been bubbled paint here since we moved in 3 years ago. I chalked it up to the bad paint job as there are other places in the house where paint has bubbled, I’ve peeled it and just find white flat dry wall. But this is a first for me and I’m scared out of my mind of what it is or what’s causing it. I’ve tried putting the image in google and don’t get anything specific. If you’ve seen this before can you tell me anything about it or what you did to resolve it? We have had a nightmare of a time since buying this house and want to just get out of it. I’d really love to know what I need to do to get this taken care of and get out of here asap.","What is growing on my wall???? Someone help guide me in the right direction please. I moved my kiddos play kitchen today and this is on the wall behind it. It’s the front wall of our house, which is under a covered porch, and is in the living room area. There has been bubbled paint here since we moved in 3 years ago. I chalked it up to the bad paint job as there are other places in the house where paint has bubbled, I’ve peeled it and just find white flat dry wall. But this is a first for me and I’m scared out of my mind of what it is or what’s causing it. I’ve tried putting the image in google and don’t get anything specific. If you’ve seen this before can you tell me anything about it or what you did to resolve it? We have had a nightmare of a time since buying this house and want to just get out of it. I’d really love to know what I need to do to get this taken care of and get out of here asap.",https://www.reddit.com/r/HomeMaintenance/comments/1nn3mo3/what_is_growing_on_my_wall/,17,8,https://www.reddit.com/gallery/1nn3mo3,paint peeling,needs_review_low_signal,,manual_review_pending,,low_risk_diy,0.82,cosmetic_or_minor_finish:\bpaint(?:ing|ed)?\b,"{""low_risk_diy"": 2.2}",no,,,,,MR0129,low_risk_diy,3,Max,,
11ps8y3,HomeImprovement,2023-03-12T22:39:52+00:00,Ventless Gas Log Problems,"We have ventless gas logs with a propane tank outside. Our propane company missed a fill and our tank ran out, and when I called to have them refill they had to come and do a “safety check” on the fireplace. The tech cleaned the element, did some sort of pressure test, etc. Ever since then our pilot light will not stay lit, and when running the logs themselves they sort of sputter, or make a puffing sound before coming all the way on. They come on, go back down, then come back full force but aren’t quite right. No smell of gas, but something isn’t working properly. I’m definitely calling tomorrow to have them come out, but any ideas in the meantime? Our carbon monoxide detectors are working and have not detected any issues.","Ventless Gas Log Problems We have ventless gas logs with a propane tank outside. Our propane company missed a fill and our tank ran out, and when I called to have them refill they had to come and do a “safety check” on the fireplace. The tech cleaned the element, did some sort of pressure test, etc. Ever since then our pilot light will not stay lit, and when running the logs themselves they sort of sputter, or make a puffing sound before coming all the way on. They come on, go back down, then come back full force but aren’t quite right. No smell of gas, but something isn’t working properly. I’m definitely calling tomorrow to have them come out, but any ideas in the meantime? Our carbon monoxide detectors are working and have not detected any issues.",https://www.reddit.com/r/HomeImprovement/comments/11ps8y3/ventless_gas_log_problems/,1,0,https://www.reddit.com/r/HomeImprovement/comments/11ps8y3/ventless_gas_log_problems/,gas smell,needs_review_urgent_signal,,manual_review_pending,,urgent_safety_risk,0.95,gas_or_carbon_monoxide:\bcarbon monoxide\b,"{""urgent_safety_risk"": 4.0}",no,,,,,MR0130,urgent_safety_risk,3,Max,,
1so3tyj,HomeMaintenance,2026-04-17T15:12:27+00:00,How to prep for new countertop?,"Hi everyone, I’m getting a new countertop installed in about a week. I removed an old backsplash to prepare and a layer of paint/drywall came off with it (as you can see I also started removing the metal trim piece before realizing it’s tucked into the laminate). Do I need to repair/patch the peeling drywall before I get the new countertop installed? If so, I would appreciate any recommendations. The main thing I see could make it difficult is the small overlap the countertop has over the section that needs repaired. My argument for waiting until the new countertop is installed is that it will be thinner and more of the wall will be exposed so it’ll be easier to repair. Thanks in advance!","How to prep for new countertop? Hi everyone, I’m getting a new countertop installed in about a week. I removed an old backsplash to prepare and a layer of paint/drywall came off with it (as you can see I also started removing the metal trim piece before realizing it’s tucked into the laminate). Do I need to repair/patch the peeling drywall before I get the new countertop installed? If so, I would appreciate any recommendations. The main thing I see could make it difficult is the small overlap the countertop has over the section that needs repaired. My argument for waiting until the new countertop is installed is that it will be thinner and more of the wall will be exposed so it’ll be easier to repair. Thanks in advance!",https://www.reddit.com/r/HomeMaintenance/comments/1so3tyj/how_to_prep_for_new_countertop/,2,1,https://i.redd.it/vuz6ryuforvg1.jpeg,paint peeling,needs_review_low_signal,,manual_review_pending,,low_risk_diy,0.82,cosmetic_or_minor_finish:\bpaint(?:ing|ed)?\b,"{""low_risk_diy"": 2.2}",no,,,,,MR0134,low_risk_diy,3,Max,,
1sewuf4,Plumbing,2026-04-07T14:00:56+00:00,How to get an expert letter or links to prove my case?,"On January 1st, 2026, during −24°C weather, a radiator pipe in my apartment split and flooded about half my living room. My landlord is claiming I left my living room window open, which caused the pipe to freeze. That didn’t happen. My unit is consistently very hot in the winter—usually around 27°C and sometimes into the low 30s. The heating pipes for the rest of the building run under my kitchen floor, and my radiators don’t turn on because of that. After the incident, the ceiling below my unit was opened. The pipe feeding my radiator runs up against the exterior wall, above cinderblock, with no insulation. It was essentially sealed in a cold space where heat wouldn’t reach it. That section has since been spray-foamed and insulated. The leak happened sometime between about 5 a.m. and 10 a.m. There was no flooding when I went to bed around 4–5 a.m. My understanding is that if a pipe freezes in an uninsulated section, it can create an ice blockage. Pressure builds behind it, and the pipe can split at a weaker point, not necessarily where the freeze occurred. So the likely cause seems to be: • Uninsulated pipe against an exterior wall in −24°C • Ice blockage forming below the unit • Pressure causing the radiator above to split Not a window being open in a 27–30°C apartment. I don’t vent heat through the living room window. When I do vent, it’s through the bathroom window (not near these pipes) or a single-hose AC unit that exhausts air. Looking for sources or expert input confirming whether this type of failure (freeze → pressure → split elsewhere) is standard","How to get an expert letter or links to prove my case? On January 1st, 2026, during −24°C weather, a radiator pipe in my apartment split and flooded about half my living room. My landlord is claiming I left my living room window open, which caused the pipe to freeze. That didn’t happen. My unit is consistently very hot in the winter—usually around 27°C and sometimes into the low 30s. The heating pipes for the rest of the building run under my kitchen floor, and my radiators don’t turn on because of that. After the incident, the ceiling below my unit was opened. The pipe feeding my radiator runs up against the exterior wall, above cinderblock, with no insulation. It was essentially sealed in a cold space where heat wouldn’t reach it. That section has since been spray-foamed and insulated. The leak happened sometime between about 5 a.m. and 10 a.m. There was no flooding when I went to bed around 4–5 a.m. My understanding is that if a pipe freezes in an uninsulated section, it can create an ice blockage. Pressure builds behind it, and the pipe can split at a weaker point, not necessarily where the freeze occurred. So the likely cause seems to be: • Uninsulated pipe against an exterior wall in −24°C • Ice blockage forming below the unit • Pressure causing the radiator above to split Not a window being open in a 27–30°C apartment. I don’t vent heat through the living room window. When I do vent, it’s through the bathroom window (not near these pipes) or a single-hose AC unit that exhausts air. Looking for sources or expert input confirming whether this type of failure (freeze → pressure → split elsewhere) is standard",https://www.reddit.com/r/Plumbing/comments/1sewuf4/how_to_get_an_expert_letter_or_links_to_prove_my/,31,25,https://www.reddit.com/gallery/1sewuf4,flooding,needs_review_urgent_signal,,manual_review_pending,,urgent_safety_risk,0.77,active_flooding_or_sewage:\bflooding\b; contained_water_damage:\bleak(?:s|ing|ed)?\b; trade_system_issue:\bac unit\b,"{""medium_risk_call_pro"": 4.0, ""urgent_safety_risk"": 3.0}",yes,,,,,MR0135,needs_human_review,3,Max,,
114up4n,askanelectrician,2023-02-17T19:02:59+00:00,Sparking did not trip AFCI breaker,"Hi, I plugged my laptop charger into a receptacle we haven't used much causing it to spark and continue to crackle for a few seconds. I unplugged it after it didn't stop and I'm guessing the problem is an older receptacle or that it is backstabbed (sigh). I'll replace it ASAP and check for backstabbing elsewhere but the concern I have is less about this specific outlet but the fact that the sparking did not cause the AFCI breaker it is on to trip. How long does that typically take to happen? I have a shop vac that trips other AFCIs almost immediately so I was a bit surprised when I found the circuit this was on is AFCI. Should I look into replacing the breaker as well? Is my expectation that AFCI breakers trip nearly immediately wrong?","Sparking did not trip AFCI breaker Hi, I plugged my laptop charger into a receptacle we haven't used much causing it to spark and continue to crackle for a few seconds. I unplugged it after it didn't stop and I'm guessing the problem is an older receptacle or that it is backstabbed (sigh). I'll replace it ASAP and check for backstabbing elsewhere but the concern I have is less about this specific outlet but the fact that the sparking did not cause the AFCI breaker it is on to trip. How long does that typically take to happen? I have a shop vac that trips other AFCIs almost immediately so I was a bit surprised when I found the circuit this was on is AFCI. Should I look into replacing the breaker as well? Is my expectation that AFCI breakers trip nearly immediately wrong?",https://www.reddit.com/r/askanelectrician/comments/114up4n/sparking_did_not_trip_afci_breaker/,1,1,https://www.reddit.com/r/askanelectrician/comments/114up4n/sparking_did_not_trip_afci_breaker/,sparking outlet,needs_review_urgent_signal,,manual_review_pending,,urgent_safety_risk,0.82,fire_smoke_or_sparks:\bspark(?:s|ing|ed)?\b; trade_system_issue:\bbreaker\b,"{""medium_risk_call_pro"": 2.0, ""urgent_safety_risk"": 3.5}",no,,,,,MR0139,urgent_safety_risk,3,Max,,
13f6q5o,askanelectrician,2023-05-12T01:35:27+00:00,Federal Pacific Breaker question,"Hi Just bought a home and the inspector red-flagged the main circuit breaker because it's Federal Pacific, known to cause fires. It is also a 100amps breaker box. I had a retired electrician see the breaker and he said it's in good shape, and that a 200 amp feed (my understanding; I'm not an electrician or have experience in electricity) is already set up but I guess the previous owner decided to leave it at 100amp. I think it's a safety issue and the breaker definitely needs to be replaced. My questions are: how soon do I need to get this replaced? And is it safe to run major appliances such as an oven, TV, gaming electronics, a chest freezer, water heater, furnace, etc with the current Federal Pacific box?? The house was built in the 1970s and it's a wonder why the breaker was never replaced. Thank you all","Federal Pacific Breaker question Hi Just bought a home and the inspector red-flagged the main circuit breaker because it's Federal Pacific, known to cause fires. It is also a 100amps breaker box. I had a retired electrician see the breaker and he said it's in good shape, and that a 200 amp feed (my understanding; I'm not an electrician or have experience in electricity) is already set up but I guess the previous owner decided to leave it at 100amp. I think it's a safety issue and the breaker definitely needs to be replaced. My questions are: how soon do I need to get this replaced? And is it safe to run major appliances such as an oven, TV, gaming electronics, a chest freezer, water heater, furnace, etc with the current Federal Pacific box?? The house was built in the 1970s and it's a wonder why the breaker was never replaced. Thank you all",https://www.reddit.com/r/askanelectrician/comments/13f6q5o/federal_pacific_breaker_question/,0,8,https://www.reddit.com/gallery/13f6q5o,electrical issue,needs_review_medium_signal,,manual_review_pending,,medium_risk_call_pro,0.80,trade_system_issue:\bwater heater\b,"{""medium_risk_call_pro"": 2.0}",no,,,,,MR0140,medium_risk_call_pro,3,Max,,
14hysxo,DIY,2023-06-24T17:38:51+00:00,Deciding on the right product to encapsulate lead paint (interior and exterior).,"In the middle of fixing up my sun/mud room and want to repaint the window trim on both the interior and exterior. There's lead paint involved and I don't want to strip it, so the plan is to carefully scrape any loose paint and then encapsulate it. I know there are specific products marketed for lead encapsulating, but I've been reading mixed reviews on these products and I'm uncertain if they'll actually be any better than good primer, especially in an exterior application. Any advice on the best product to use? Currently looking at the following options. 1. Just using a decent oil based interior/exterior primer like [this Kilz product](https://www.homedepot.com/p/KILZ-Original-1-gal-White-Oil-Based-Low-VOC-Interior-and-Exterior-Primer-Sealer-and-Stain-Blocker-10991/308837606?source=shoppingads&locale=en-US&pla&mtc=SHOPPING-BF-CDP-GGL-D24-024_022_PRIMERS-NA-Multi-NA-PLALIA-NA-NA-NA-NA-NBR-NA-NA-NA-FY21_Multi_PLALIA&cm_mmc=SHOPPING-BF-CDP-GGL-D24-024_022_PRIMERS-NA-Multi-NA-PLALIA-NA-NA-NA-NA-NBR-NA-NA-NA-FY21_Multi_PLALIA-71700000075826637-58700006498654198-92700058683659550&gclid=Cj0KCQjw4s-kBhDqARIsAN-ipH0qxqPJqmJeToDtGWUGiFS2yIbTDbG5TJrVlN8JQxIznis3NoA5CEMaAg65EALw_wcB&gclsrc=aw.ds). 2. One of the ""lead encapsulating"" products like [this INSL-X product](https://www.amazon.com/INSL-X-Block-Encapsulating-Eggshell-Gallon/dp/B07NR8HF9D/ref=asc_df_B07NR8HF9D/?tag=hyprod-20&linkCode=df0&hvadid=242021870151&hvpos=&hvnetw=g&hvrand=11083124591850200297&hvpone=&hvptwo=&hvqmt=&hvdev=c&hvdvcmdl=&hvlocint=&hvlocphy=9007390&hvtargid=pla-680446636774&psc=1) or [this Fiberlock product](https://www.lowes.com/pd/Fiberlock/5013538819?cm_mmc=shp-_-c-_-prd-_-pnt-_-ggl-_-PLA_PNT_117_Paint-and-Primers-_-5013538819-_-online-_-0-_-0&gclid=Cj0KCQjw4s-kBhDqARIsAN-ipH0piO4_DCsNVzaKaLhj-desXrGP7Pu85scgv-zzywmKP-N5OAamjB8aArQaEALw_wcB&gclsrc=aw.ds). 3. [Zinsser ""Peel Stop""](https://www.homedepot.com/p/Zinsser-Peel-Stop-1-gal-White-Triple-Thick-Interior-Exterior-High-Build-Binding-Primer-260924/203317264?source=shoppingads&locale=en-US&&mtc=SHOPPING-RM-RMP-GGL-D24-024_022_PRIMERS-SB-RUSTOLEUM_PRO-NA-SMART-NA-NA-MK685072200-NA-NBR-2572-CON-NA-FY23Q1_Q4_Zinsser&cm_mmc=SHOPPING-RM-RMP-GGL-D24-024_022_PRIMERS-SB-RUSTOLEUM_PRO-NA-SMART-NA-NA-MK685072200-NA-NBR-2572-CON-NA-FY23Q1_Q4_Zinsser-71700000107874238-58700008312260902-92700075623311784&gclid=Cj0KCQjw4s-kBhDqARIsAN-ipH30IyOnrXMmbcg1cvR-SkWZtpJ2VKVMDTPynIw1f_ouXJDXqSEFfBMaAhS7EALw_wcB&gclsrc=aw.ds) 4. [XIM ""Peel Bond""](https://www.amazon.com/XIM-Peel-Bond-152164-Bonding/dp/B001NOGIHQ/?_encoding=UTF8&pd_rd_w=q24tX&content-id=amzn1.sym.03bef33a-a357-4fe3-9505-7fd4d6236957&pf_rd_p=03bef33a-a357-4fe3-9505-7fd4d6236957&pf_rd_r=PBJ3A5E5XPVJ1SM2CX9D&pd_rd_wg=aBTUp&pd_rd_r=37a4ffd0-0cfb-43a1-9ec2-a7f49121c1ef&ref_=pd_gw_ci_mcx_mr_hp_d) Any advice would be much appreciated. Cheers!","Deciding on the right product to encapsulate lead paint (interior and exterior). In the middle of fixing up my sun/mud room and want to repaint the window trim on both the interior and exterior. There's lead paint involved and I don't want to strip it, so the plan is to carefully scrape any loose paint and then encapsulate it. I know there are specific products marketed for lead encapsulating, but I've been reading mixed reviews on these products and I'm uncertain if they'll actually be any better than good primer, especially in an exterior application. Any advice on the best product to use? Currently looking at the following options. 1. Just using a decent oil based interior/exterior primer like [this Kilz product](https://www.homedepot.com/p/KILZ-Original-1-gal-White-Oil-Based-Low-VOC-Interior-and-Exterior-Primer-Sealer-and-Stain-Blocker-10991/308837606?source=shoppingads&locale=en-US&pla&mtc=SHOPPING-BF-CDP-GGL-D24-024_022_PRIMERS-NA-Multi-NA-PLALIA-NA-NA-NA-NA-NBR-NA-NA-NA-FY21_Multi_PLALIA&cm_mmc=SHOPPING-BF-CDP-GGL-D24-024_022_PRIMERS-NA-Multi-NA-PLALIA-NA-NA-NA-NA-NBR-NA-NA-NA-FY21_Multi_PLALIA-71700000075826637-58700006498654198-92700058683659550&gclid=Cj0KCQjw4s-kBhDqARIsAN-ipH0qxqPJqmJeToDtGWUGiFS2yIbTDbG5TJrVlN8JQxIznis3NoA5CEMaAg65EALw_wcB&gclsrc=aw.ds). 2. One of the ""lead encapsulating"" products like [this INSL-X product](https://www.amazon.com/INSL-X-Block-Encapsulating-Eggshell-Gallon/dp/B07NR8HF9D/ref=asc_df_B07NR8HF9D/?tag=hyprod-20&linkCode=df0&hvadid=242021870151&hvpos=&hvnetw=g&hvrand=11083124591850200297&hvpone=&hvptwo=&hvqmt=&hvdev=c&hvdvcmdl=&hvlocint=&hvlocphy=9007390&hvtargid=pla-680446636774&psc=1) or [this Fiberlock product](https://www.lowes.com/pd/Fiberlock/5013538819?cm_mmc=shp-_-c-_-prd-_-pnt-_-ggl-_-PLA_PNT_117_Paint-and-Primers-_-5013538819-_-online-_-0-_-0&gclid=Cj0KCQjw4s-kBhDqARIsAN-ipH0piO4_DCsNVzaKaLhj-desXrGP7Pu85scgv-zzywmKP-N5OAamjB8aArQaEALw_wcB&gclsrc=aw.ds). 3. [Zinsser ""Peel Stop""](https://www.homedepot.com/p/Zinsser-Peel-Stop-1-gal-White-Triple-Thick-Interior-Exterior-High-Build-Binding-Primer-260924/203317264?source=shoppingads&locale=en-US&&mtc=SHOPPING-RM-RMP-GGL-D24-024_022_PRIMERS-SB-RUSTOLEUM_PRO-NA-SMART-NA-NA-MK685072200-NA-NBR-2572-CON-NA-FY23Q1_Q4_Zinsser&cm_mmc=SHOPPING-RM-RMP-GGL-D24-024_022_PRIMERS-SB-RUSTOLEUM_PRO-NA-SMART-NA-NA-MK685072200-NA-NBR-2572-CON-NA-FY23Q1_Q4_Zinsser-71700000107874238-58700008312260902-92700075623311784&gclid=Cj0KCQjw4s-kBhDqARIsAN-ipH30IyOnrXMmbcg1cvR-SkWZtpJ2VKVMDTPynIw1f_ouXJDXqSEFfBMaAhS7EALw_wcB&gclsrc=aw.ds) 4. [XIM ""Peel Bond""](https://www.amazon.com/XIM-Peel-Bond-152164-Bonding/dp/B001NOGIHQ/?_encoding=UTF8&pd_rd_w=q24tX&content-id=amzn1.sym.03bef33a-a357-4fe3-9505-7fd4d6236957&pf_rd_p=03bef33a-a357-4fe3-9505-7fd4d6236957&pf_rd_r=PBJ3A5E5XPVJ1SM2CX9D&pd_rd_wg=aBTUp&pd_rd_r=37a4ffd0-0cfb-43a1-9ec2-a7f49121c1ef&ref_=pd_gw_ci_mcx_mr_hp_d) Any advice would be much appreciated. Cheers!",https://www.reddit.com/r/DIY/comments/14hysxo/deciding_on_the_right_product_to_encapsulate_lead/,8,10,https://www.reddit.com/r/DIY/comments/14hysxo/deciding_on_the_right_product_to_encapsulate_lead/,loose trim,needs_review_low_signal,,manual_review_pending,,low_risk_diy,0.82,cosmetic_or_minor_finish:\bpaint(?:ing|ed)?\b,"{""low_risk_diy"": 2.2}",no,,,,,MR0149,low_risk_diy,3,Max,,
1rp19da,Plumbing,2026-03-09T14:11:24+00:00,Sink drain,"Hello all, We had a sink draining into this main a few years ago but we tore it out after a flood. I’m planning on replacing it. What’s the best way to drain into this cast iron? I can’t remember how it used to be. Thanks!","Sink drain Hello all, We had a sink draining into this main a few years ago but we tore it out after a flood. I’m planning on replacing it. What’s the best way to drain into this cast iron? I can’t remember how it used to be. Thanks!",https://www.reddit.com/r/Plumbing/comments/1rp19da/sink_drain/,1,0,https://i.redd.it/rfs3mt4021og1.jpeg,flooding,needs_review_urgent_signal,,manual_review_pending,,,0.00,no_labeling_function_matched,{},yes,,,,,MR0151,needs_human_review,3,Max,,
12zep0u,askanelectrician,2023-04-26T11:33:31+00:00,New 20a Outlet for Servers,"Hey All! Exploring putting in a new outlet for a few work servers I'm bringing home - my battery backup requires Nema 5-20p plug and 20amp service. My systems pull about 1000w at full load (just over 8 amps right?) - and I started deciphering my wacky electrical panel(s) in my house. My house has a sordid tale of additions, construction, etc - but I think I have all of my breakers figured out and as luck would have it (for once with this house!) - the old ""under the panel"" outlet that was code at one point is on a 20 amp circuit - and was pulled to my basement to run all the can lights in the ceiling (13 of them). There is a junction box right where I was thinking of installing the servers from the breaker and to the lights line. All the can lights are LED currently - (retrofit all in one units) - but IF they were all switched to incandescent at some point that would probably pull too many amps (again if I did my math right!) - I don't ever forsee that happening, but should that be an issue if I put in a receptacle at the junction box (probably pigtail it on the line) - or should I be looking at another circuit? &#x200B; Thanks for any insight you have or can offer - I wanted to just check before I start calling my local friends or bothering anyone I know ""in the business"" - I appreciate it!","New 20a Outlet for Servers Hey All! Exploring putting in a new outlet for a few work servers I'm bringing home - my battery backup requires Nema 5-20p plug and 20amp service. My systems pull about 1000w at full load (just over 8 amps right?) - and I started deciphering my wacky electrical panel(s) in my house. My house has a sordid tale of additions, construction, etc - but I think I have all of my breakers figured out and as luck would have it (for once with this house!) - the old ""under the panel"" outlet that was code at one point is on a 20 amp circuit - and was pulled to my basement to run all the can lights in the ceiling (13 of them). There is a junction box right where I was thinking of installing the servers from the breaker and to the lights line. All the can lights are LED currently - (retrofit all in one units) - but IF they were all switched to incandescent at some point that would probably pull too many amps (again if I did my math right!) - I don't ever forsee that happening, but should that be an issue if I put in a receptacle at the junction box (probably pigtail it on the line) - or should I be looking at another circuit? &#x200B; Thanks for any insight you have or can offer - I wanted to just check before I start calling my local friends or bothering anyone I know ""in the business"" - I appreciate it!",https://www.reddit.com/r/askanelectrician/comments/12zep0u/new_20a_outlet_for_servers/,0,2,https://www.reddit.com/r/askanelectrician/comments/12zep0u/new_20a_outlet_for_servers/,electrical issue,needs_review_medium_signal,,manual_review_pending,,medium_risk_call_pro,0.80,trade_system_issue:\bbreaker\b,"{""medium_risk_call_pro"": 2.0}",no,,,,,MR0153,medium_risk_call_pro,3,Max,,
qexln4,Plumbing,2021-10-24T18:09:15+00:00,Trying to replace single shower knob,"We've had trouble with this loose knob for a while. The trim has no brand marking. I got a universal single replacement knob, but find the stem has nothing to connect to. There's no opening to accept the bolt. There was a square tightening connector that came with the knob, but it's no long enough to hold both the stem and the bolt. I've tried searching online for some kind of adaptor that cinches down on the stem and has a threaded female section on the other end. Otherwise, can I replace the ball/stem for one that is more adaptable, even though I don't know what make/model this is? https://preview.redd.it/svktfq3svfv71.jpg?width=1282&format=pjpg&auto=webp&s=6cf66fc3d7cb44ae8d14fa0e3349e9dfa1c63e78 https://preview.redd.it/dufztw3svfv71.jpg?width=1386&format=pjpg&auto=webp&s=3f96cb638b3e0b94073dcabbb433796295bc5675","Trying to replace single shower knob We've had trouble with this loose knob for a while. The trim has no brand marking. I got a universal single replacement knob, but find the stem has nothing to connect to. There's no opening to accept the bolt. There was a square tightening connector that came with the knob, but it's no long enough to hold both the stem and the bolt. I've tried searching online for some kind of adaptor that cinches down on the stem and has a threaded female section on the other end. Otherwise, can I replace the ball/stem for one that is more adaptable, even though I don't know what make/model this is? https://preview.redd.it/svktfq3svfv71.jpg?width=1282&format=pjpg&auto=webp&s=6cf66fc3d7cb44ae8d14fa0e3349e9dfa1c63e78 https://preview.redd.it/dufztw3svfv71.jpg?width=1386&format=pjpg&auto=webp&s=3f96cb638b3e0b94073dcabbb433796295bc5675",https://www.reddit.com/r/Plumbing/comments/qexln4/trying_to_replace_single_shower_knob/,1,2,https://www.reddit.com/r/Plumbing/comments/qexln4/trying_to_replace_single_shower_knob/,loose trim,needs_review_low_signal,,manual_review_pending,,low_risk_diy,0.82,cosmetic_or_minor_finish:\btrim\b,"{""low_risk_diy"": 2.2}",no,,,,,MR0158,low_risk_diy,3,Max,,
1fvlpfq,Plumbing,2024-10-03T23:44:08+00:00,Clean outs in front yard loose,"So we were trimming some bushes and I knelt down on one of the cleanouts and I noticed it sank about 4 inches. I thought F me, I just broke the T connector underground. I then took the caps off but noticed BOTH cleanout pipes were loose. I could twist them easily and pushed them both down a few inches. When I took off the caps it didn't look like the T connections (normal PVC) were broken and there was no blockage and water was flowing in the right direction. Is this something to be concerned about? We live in the Midwest (hot and cold weather) so I'm not sure if ground pressure forced them loose or if the plumber's never glued them in properly 20 years ago?","Clean outs in front yard loose So we were trimming some bushes and I knelt down on one of the cleanouts and I noticed it sank about 4 inches. I thought F me, I just broke the T connector underground. I then took the caps off but noticed BOTH cleanout pipes were loose. I could twist them easily and pushed them both down a few inches. When I took off the caps it didn't look like the T connections (normal PVC) were broken and there was no blockage and water was flowing in the right direction. Is this something to be concerned about? We live in the Midwest (hot and cold weather) so I'm not sure if ground pressure forced them loose or if the plumber's never glued them in properly 20 years ago?",https://www.reddit.com/r/Plumbing/comments/1fvlpfq/clean_outs_in_front_yard_loose/,1,8,https://i.redd.it/buebg9kcomsd1.jpeg,loose trim,needs_review_unclear,,manual_review_pending,,,0.00,no_labeling_function_matched,{},yes,,,,,MR0161,needs_human_review,3,Max,,
1tsrn3s,HomeImprovement,2026-05-31T10:30:27+00:00,"Bought first ever townhome, fridge broke a week before move in and flooded kitchen, basement ceiling below and basement carpet below. Help?","TLDR- wouldn’t we have to remove the cabinets to make sure there still isn’t moisture and mold growing between hardwood and subfloor beneath the cabinets? The previous owners seemed to break the filter compartment so when we went to replace it, the fridge leaked. It was only overnight—sometime between 6pm to 1pm the next day when I went back to do some more painting. Part of the hardwood kitchen floors had standing water, there were some wet patches in the basement ceiling below, and areas of the basement carpet were wet. The neighborhood contractor had us get fans and dehumidifiers and he cut out the parts of the ceiling that were damp to let dry. I was able to get a remediation company to come the next day who brought in their commercial drying Equipment. He said the kitchen hardwood would all definitely need replaced because it’s damaged. But he didn’t touch anything in kitchen bc I hadn’t filed homeowner claim yet - I did later that day. I asked him how likely is it there’s still moisture between the subfloor and hardwood. He said it’s possible and if hardwood goes underneath the cabinets, cabinets need removed too. But The remediation’s flooring guy called me yesterday and I asked about the floor being under the cabinets and he said he wouldn’t count on insurance replacing anything but the floors. But I don’t understand , if there’s water under the hardwood and the hardwood goes under the cabinets, wouldn’t we need to remove all of it to make sure no mold can grow? The water was standing against the cabinets and the paint is peeling along the bottom (I didn’t paint them lol). I just don’t want to worry about long term mold issues, we have a young kid. I want to know how aggressively to advocate for getting cabinets replaced and how hard to push back on people.","Bought first ever townhome, fridge broke a week before move in and flooded kitchen, basement ceiling below and basement carpet below. Help? TLDR- wouldn’t we have to remove the cabinets to make sure there still isn’t moisture and mold growing between hardwood and subfloor beneath the cabinets? The previous owners seemed to break the filter compartment so when we went to replace it, the fridge leaked. It was only overnight—sometime between 6pm to 1pm the next day when I went back to do some more painting. Part of the hardwood kitchen floors had standing water, there were some wet patches in the basement ceiling below, and areas of the basement carpet were wet. The neighborhood contractor had us get fans and dehumidifiers and he cut out the parts of the ceiling that were damp to let dry. I was able to get a remediation company to come the next day who brought in their commercial drying Equipment. He said the kitchen hardwood would all definitely need replaced because it’s damaged. But he didn’t touch anything in kitchen bc I hadn’t filed homeowner claim yet - I did later that day. I asked him how likely is it there’s still moisture between the subfloor and hardwood. He said it’s possible and if hardwood goes underneath the cabinets, cabinets need removed too. But The remediation’s flooring guy called me yesterday and I asked about the floor being under the cabinets and he said he wouldn’t count on insurance replacing anything but the floors. But I don’t understand , if there’s water under the hardwood and the hardwood goes under the cabinets, wouldn’t we need to remove all of it to make sure no mold can grow? The water was standing against the cabinets and the paint is peeling along the bottom (I didn’t paint them lol). I just don’t want to worry about long term mold issues, we have a young kid. I want to know how aggressively to advocate for getting cabinets replaced and how hard to push back on people.",https://www.reddit.com/r/HomeImprovement/comments/1tsrn3s/bought_first_ever_townhome_fridge_broke_a_week/,3,17,https://www.reddit.com/r/HomeImprovement/comments/1tsrn3s/bought_first_ever_townhome_fridge_broke_a_week/,leak,needs_review_urgent_signal,,manual_review_pending,,urgent_safety_risk,0.77,active_flooding_or_sewage:\bflooded\b; contained_water_damage:\bleak(?:s|ing|ed)?\b; mold_or_foundation_concern:\bmold\b; cosmetic_or_minor_finish:\bpaint(?:ing|ed)?\b,"{""low_risk_diy"": 2.2, ""medium_risk_call_pro"": 4.0, ""urgent_safety_risk"": 3.0}",yes,,,,,MR0163,needs_human_review,3,Max,,
1nkprmc,HomeMaintenance,2025-09-19T01:00:25+00:00,~20-25 year old aluminum casement windows have paint peeling. What would be the process to rehab these?,"Windows are an older Andersen model and have aluminum on the exterior. I have one set here and another set on the opposite side of the dining room. I’m very handy, but the biggest issue will be timing - I’ll have to wait til next summer since it’s already getting cold here","~20-25 year old aluminum casement windows have paint peeling. What would be the process to rehab these? Windows are an older Andersen model and have aluminum on the exterior. I have one set here and another set on the opposite side of the dining room. I’m very handy, but the biggest issue will be timing - I’ll have to wait til next summer since it’s already getting cold here",https://www.reddit.com/r/HomeMaintenance/comments/1nkprmc/2025_year_old_aluminum_casement_windows_have/,3,21,https://i.redd.it/prrcy250t0qf1.jpeg,paint peeling,needs_review_low_signal,,manual_review_pending,,low_risk_diy,0.82,cosmetic_or_minor_finish:\bpaint(?:ing|ed)?\b,"{""low_risk_diy"": 2.2}",no,,,,,MR0164,low_risk_diy,3,Max,,
1gduek9,Plumbing,2024-10-28T05:01:11+00:00,Low water flow and pressure from shower and tub faucet. Replaced Delta ball style RP212 with genuine parts. Still the same problem. What's the next solution?,"For what it's worth, I got a genuine replacement kit, but it is meant for kitchen faucets, so I reused the original grommet because the faucet grommet wouldn't sit. There is no leaking. - Could it be the wrong ball, making it so that the hot water can't turn all the way? I've tried flipping the ball around but it's the same, high flow pressure cold, low flow pressure hot. - I've turned my water main a quarter lower and the cold water flow and pressure from the shower did not change. The hot water was tinkling less. - There was rust in the valves from behind the springs, I could only get a few centimeters in to wipe it out. I did spray vinegar in it and left it for 10 minutes but got impatient and didn't want the vinegar to disintegrate the rubber grommet around the valve. - The hot water and cold water pressure is the same everywhere else in the house. Those others use separate handles for hot and cold instead of one handle to control temperature. - I removed the trim for clearance for a wrench but didn't need it in the end. Behind the cartridge, there was a loose brass/metal cylinder. It seems to serve no purpose because it just slides on and off. What is that? My kit came with two sets of springs and the rubber black things, I used the smaller ones because they matched what I took out. The original RP212 I replaced was metal and a slightly different color but it looked the same and there didn't appear to be any debris in it.","Low water flow and pressure from shower and tub faucet. Replaced Delta ball style RP212 with genuine parts. Still the same problem. What's the next solution? For what it's worth, I got a genuine replacement kit, but it is meant for kitchen faucets, so I reused the original grommet because the faucet grommet wouldn't sit. There is no leaking. - Could it be the wrong ball, making it so that the hot water can't turn all the way? I've tried flipping the ball around but it's the same, high flow pressure cold, low flow pressure hot. - I've turned my water main a quarter lower and the cold water flow and pressure from the shower did not change. The hot water was tinkling less. - There was rust in the valves from behind the springs, I could only get a few centimeters in to wipe it out. I did spray vinegar in it and left it for 10 minutes but got impatient and didn't want the vinegar to disintegrate the rubber grommet around the valve. - The hot water and cold water pressure is the same everywhere else in the house. Those others use separate handles for hot and cold instead of one handle to control temperature. - I removed the trim for clearance for a wrench but didn't need it in the end. Behind the cartridge, there was a loose brass/metal cylinder. It seems to serve no purpose because it just slides on and off. What is that? My kit came with two sets of springs and the rubber black things, I used the smaller ones because they matched what I took out. The original RP212 I replaced was metal and a slightly different color but it looked the same and there didn't appear to be any debris in it.",https://www.reddit.com/r/Plumbing/comments/1gduek9/low_water_flow_and_pressure_from_shower_and_tub/,1,2,https://www.reddit.com/r/Plumbing/comments/1gduek9/low_water_flow_and_pressure_from_shower_and_tub/,loose trim,needs_review_medium_signal,,manual_review_pending,,medium_risk_call_pro,0.67,contained_water_damage:\bleak(?:s|ing|ed)?\b; cosmetic_or_minor_finish:\btrim\b,"{""low_risk_diy"": 2.2, ""medium_risk_call_pro"": 2.0}",yes,,,,,MR0165,needs_human_review,3,Max,,
1rrtt1i,Plumbing,2026-03-12T15:27:20+00:00,Pipe had a leak at solder joint during bathroom renovation,"Hey all just looking for advice. We are redoing our second floor bathroom and while the guys were working I went to the basement and saw water on the floor coming from drop ceiling (large puddle not a flood). Apparently a copper pipe behind our kitchen pantry had a pinhole leak at a solder joint. The guys opened up the wall and fixed the leak and replaced the joint with a pex. The contractor stated that the leak was unrelated to the bathroom remodel as that is plumbing behind the pantry and happened likely from the pressure of them shutting off and on the main line. Basically saying it was not their liability but they fixed it for me and will give me a discount for the patch up. He also said it was probably only leaking for an hour or two but it did make multiple drywall areas wet and soft as well as an area in basement ceiling. He said to just dry everything out and theyll do the patchup after a few days, no walls really need to come down just some areas to cut out some and smooth our some wrinkly spots. Two things: 1) Is what he said about the pipe bursting being unrelated make sense? I dont want to just go blaming if it was not his fault 2) im worried about mold developing but I have dehumidifiers and fans running right now in the wet drywall spots, some much more moist than others. He didnt seem worried about mold. I am just wondering if I should have a mold restoration company take a look in case or if its overkill This is an experienced lic and insured contractor as well. Any advice appreciated tysm.","Pipe had a leak at solder joint during bathroom renovation Hey all just looking for advice. We are redoing our second floor bathroom and while the guys were working I went to the basement and saw water on the floor coming from drop ceiling (large puddle not a flood). Apparently a copper pipe behind our kitchen pantry had a pinhole leak at a solder joint. The guys opened up the wall and fixed the leak and replaced the joint with a pex. The contractor stated that the leak was unrelated to the bathroom remodel as that is plumbing behind the pantry and happened likely from the pressure of them shutting off and on the main line. Basically saying it was not their liability but they fixed it for me and will give me a discount for the patch up. He also said it was probably only leaking for an hour or two but it did make multiple drywall areas wet and soft as well as an area in basement ceiling. He said to just dry everything out and theyll do the patchup after a few days, no walls really need to come down just some areas to cut out some and smooth our some wrinkly spots. Two things: 1) Is what he said about the pipe bursting being unrelated make sense? I dont want to just go blaming if it was not his fault 2) im worried about mold developing but I have dehumidifiers and fans running right now in the wet drywall spots, some much more moist than others. He didnt seem worried about mold. I am just wondering if I should have a mold restoration company take a look in case or if its overkill This is an experienced lic and insured contractor as well. Any advice appreciated tysm.",https://www.reddit.com/r/Plumbing/comments/1rrtt1i/pipe_had_a_leak_at_solder_joint_during_bathroom/,1,5,https://www.reddit.com/r/Plumbing/comments/1rrtt1i/pipe_had_a_leak_at_solder_joint_during_bathroom/,flooding,needs_review_urgent_signal,,manual_review_pending,,medium_risk_call_pro,0.95,contained_water_damage:\bleak(?:s|ing|ed)?\b; trade_system_issue:\bplumbing\b; mold_or_foundation_concern:\bmold\b,"{""medium_risk_call_pro"": 6.0}",no,,,,,MR0173,medium_risk_call_pro,3,Max,,
1qnqri6,Plumbing,2026-01-26T19:49:26+00:00,Shower loosing pressure after about 20 seconds,"I have an odd one here. I have about 2 year old [Pfister Bedford 801-WS2BD22](https://www.pfisterfaucets.com/parts-support/troubleshooting/product/bedford-801-wsbd-3-handle-tub-shower-trim-with-valve) 3 Faucet tub & shower hardware. After turning the water on for the shower, the shower looses water pressure after about 15-20 seconds. Before that, it is running fine. It doesn't matter if I run all cold, all hot, or mixed. I pulled the shower-head off to see if that was the issue. I found the head of a philip's head screw in input of the shower-head. I then tested the shower without the the shower-head on at all. I still had the same problem. I then check the tub faucet. The water pressure was fine with both hot and cold. I know I have hard water, so I submerged the 3 faucet ends in vinegar overnight. That didn't help. What else can I try/check? Or am I replacing this thing again?","Shower loosing pressure after about 20 seconds I have an odd one here. I have about 2 year old [Pfister Bedford 801-WS2BD22](https://www.pfisterfaucets.com/parts-support/troubleshooting/product/bedford-801-wsbd-3-handle-tub-shower-trim-with-valve) 3 Faucet tub & shower hardware. After turning the water on for the shower, the shower looses water pressure after about 15-20 seconds. Before that, it is running fine. It doesn't matter if I run all cold, all hot, or mixed. I pulled the shower-head off to see if that was the issue. I found the head of a philip's head screw in input of the shower-head. I then tested the shower without the the shower-head on at all. I still had the same problem. I then check the tub faucet. The water pressure was fine with both hot and cold. I know I have hard water, so I submerged the 3 faucet ends in vinegar overnight. That didn't help. What else can I try/check? Or am I replacing this thing again?",https://www.reddit.com/r/Plumbing/comments/1qnqri6/shower_loosing_pressure_after_about_20_seconds/,2,5,https://www.reddit.com/r/Plumbing/comments/1qnqri6/shower_loosing_pressure_after_about_20_seconds/,loose trim,needs_review_low_signal,,manual_review_pending,,low_risk_diy,0.82,cosmetic_or_minor_finish:\btrim\b,"{""low_risk_diy"": 2.2}",no,,,,,MR0175,low_risk_diy,3,Max,,
1pbcyjb,DIY,2025-12-01T13:36:52+00:00,Leaking radiators,"Three of the four radiators in my apartment are leaking water regardless if they are off or on. The leak appears to be coming from the steam vent valve. I tried replacing the valve on one, but that didn’t do anything. For context, I live in an old building and the building is owned by absentee landlords. I doubt they bled the radiators before we moved into the apartment in August. Is it possible to bleed the radiators safely without access to the boiler, or could it be another problem?","Leaking radiators Three of the four radiators in my apartment are leaking water regardless if they are off or on. The leak appears to be coming from the steam vent valve. I tried replacing the valve on one, but that didn’t do anything. For context, I live in an old building and the building is owned by absentee landlords. I doubt they bled the radiators before we moved into the apartment in August. Is it possible to bleed the radiators safely without access to the boiler, or could it be another problem?",https://www.reddit.com/r/DIY/comments/1pbcyjb/leaking_radiators/,5,2,https://www.reddit.com/r/DIY/comments/1pbcyjb/leaking_radiators/,water leak,needs_review_medium_signal,,manual_review_pending,,medium_risk_call_pro,0.80,contained_water_damage:\bleak(?:s|ing|ed)?\b,"{""medium_risk_call_pro"": 2.0}",no,,,,,MR0176,medium_risk_call_pro,3,Max,,
1ryx7w4,HomeImprovement,2026-03-20T14:08:06+00:00,Possible water pressure or venting issue with plumbing,"The bathroom on the 3rd floor of our rowhome has some strange plumbing issues. Toilet doesn't flush well (gurgling noise), our sinks are slow to drain (even after being snaked, no blockage), and overnight our showerhead will start to drip and then stop on its own. Also, it always smells a bit like poop in there, even when there's been no use. A plumber came by and scoped the lateral from the curb trap and the line stack from the roof - both were clear. I have zero experience here, but it seems like there's a venting issue which is making it hard for water to drain, and might have sewer gas backing up causing the smell. Or I've read water pressure could be to blame. The plumber who came by to scope was equally confused. Any thoughts?","Possible water pressure or venting issue with plumbing The bathroom on the 3rd floor of our rowhome has some strange plumbing issues. Toilet doesn't flush well (gurgling noise), our sinks are slow to drain (even after being snaked, no blockage), and overnight our showerhead will start to drip and then stop on its own. Also, it always smells a bit like poop in there, even when there's been no use. A plumber came by and scoped the lateral from the curb trap and the line stack from the roof - both were clear. I have zero experience here, but it seems like there's a venting issue which is making it hard for water to drain, and might have sewer gas backing up causing the smell. Or I've read water pressure could be to blame. The plumber who came by to scope was equally confused. Any thoughts?",https://www.reddit.com/r/HomeImprovement/comments/1ryx7w4/possible_water_pressure_or_venting_issue_with/,2,1,https://www.reddit.com/r/HomeImprovement/comments/1ryx7w4/possible_water_pressure_or_venting_issue_with/,gas smell,needs_review_medium_signal,,manual_review_pending,,medium_risk_call_pro,0.80,trade_system_issue:\bplumbing\b,"{""medium_risk_call_pro"": 2.0}",no,,,,,MR0180,medium_risk_call_pro,3,Max,,
1t4lbv6,HomeImprovement,2026-05-05T16:56:57+00:00,Plaster and lathe ceiling repair,"My AC unit in the attic leaked water onto the ceiling. and a big chunk of drywall and plaster fell out revealing lathe. I can just patch this with straight drywall shimmed out, can't I? Anybody have any tips for the shimming part? I would prefer to avoid dealing with plaster.","Plaster and lathe ceiling repair My AC unit in the attic leaked water onto the ceiling. and a big chunk of drywall and plaster fell out revealing lathe. I can just patch this with straight drywall shimmed out, can't I? Anybody have any tips for the shimming part? I would prefer to avoid dealing with plaster.",https://www.reddit.com/r/HomeImprovement/comments/1t4lbv6/plaster_and_lathe_ceiling_repair/,1,4,https://www.reddit.com/r/HomeImprovement/comments/1t4lbv6/plaster_and_lathe_ceiling_repair/,leak,needs_review_unclear,,manual_review_pending,,medium_risk_call_pro,0.95,contained_water_damage:\bleak(?:s|ing|ed)?\b; trade_system_issue:\bac unit\b,"{""medium_risk_call_pro"": 4.0}",no,,,,,MR0181,medium_risk_call_pro,3,Max,,
1tma5oa,HomeMaintenance,2026-05-24T11:56:05+00:00,Efflorescent treatment?,My wife and I just purchased a home and the inspector found that there was efflorescence on two walls in the basement. He recommended brushing it off with a wire brush and using a vinegar wash to clean it off. We know the root cause is drainage towards the foundation but we were wondering in the meantime Is it worth using something like drylok to waterproof the interior so mold growth doesn't happen? We want to do some grading around the outside to prevent water intrusion but would using something like dryer lock now not be a good idea? I was thinking it might be good to leave it exposed so we can test if the grading worked to see if moisture seeps through but not sure how long that would actually take to see happen. Attached is a picture of the wall that had a fluorescence which is now scraped off. We are due to this so any helpful tips are appreciated!,Efflorescent treatment? My wife and I just purchased a home and the inspector found that there was efflorescence on two walls in the basement. He recommended brushing it off with a wire brush and using a vinegar wash to clean it off. We know the root cause is drainage towards the foundation but we were wondering in the meantime Is it worth using something like drylok to waterproof the interior so mold growth doesn't happen? We want to do some grading around the outside to prevent water intrusion but would using something like dryer lock now not be a good idea? I was thinking it might be good to leave it exposed so we can test if the grading worked to see if moisture seeps through but not sure how long that would actually take to see happen. Attached is a picture of the wall that had a fluorescence which is now scraped off. We are due to this so any helpful tips are appreciated!,https://www.reddit.com/r/HomeMaintenance/comments/1tma5oa/efflorescent_treatment/,1,3,https://www.reddit.com/gallery/1tma3if,mold,needs_review_medium_signal,,manual_review_pending,,medium_risk_call_pro,0.95,contained_water_damage:\bwater intrusion\b; mold_or_foundation_concern:\bmold\b,"{""medium_risk_call_pro"": 4.0}",no,,,,,MR0193,medium_risk_call_pro,3,Max,,
168k7mc,HomeImprovement,2023-09-03T01:43:47+00:00,1950s ranch… insulation under cabinets?,"I am a new homeowner of a 1950s ranch. I cannot seem to figure out why my house smells musty and “food cook” smelling when I walk in the door by my kitchen. I thought it was the gas stove but that doesn’t seem o be where the smell comes from. I just was sniffing under the cabinets and noticed a big gap between the cabinets and the floor. The toe kick doesn’t cover it fully. I see a lot of dust, dirt, and pink insulation. I suspect this can’t be helping the smell. Any way I can seal it and avoid any smells coming out of there?","1950s ranch… insulation under cabinets? I am a new homeowner of a 1950s ranch. I cannot seem to figure out why my house smells musty and “food cook” smelling when I walk in the door by my kitchen. I thought it was the gas stove but that doesn’t seem o be where the smell comes from. I just was sniffing under the cabinets and noticed a big gap between the cabinets and the floor. The toe kick doesn’t cover it fully. I see a lot of dust, dirt, and pink insulation. I suspect this can’t be helping the smell. Any way I can seal it and avoid any smells coming out of there?",https://www.reddit.com/r/HomeImprovement/comments/168k7mc/1950s_ranch_insulation_under_cabinets/,0,0,https://www.reddit.com/gallery/168k7mc,gas smell,needs_review_unclear,,manual_review_pending,,,0.00,no_labeling_function_matched,{},yes,,,,,MR0200,needs_human_review,3,Max,,
1t3hzay,HomeImprovement,2026-05-04T13:37:59+00:00,"Bunch of bugs in basement bathroom in summer, none in winter","They’re about 2-3mm long with large wings. Last summer, I found maybe a hundred dead in the floor in my basement bathroom multiple times, which we usually keep closed. There weren’t any in the winter, and now they’re appearing again. Sometimes I get some sewer gas smell but I haven’t found any leaks anywhere. The basement bathroom isn’t used very often, only when we have guests staying with us which is rare. I’m worried a waste pipe may be cracked and is likely leaking into our vents, which are ducts in slab. Here are pics of the flies if that helps. https://imgur.com/a/UmM0Woi","Bunch of bugs in basement bathroom in summer, none in winter They’re about 2-3mm long with large wings. Last summer, I found maybe a hundred dead in the floor in my basement bathroom multiple times, which we usually keep closed. There weren’t any in the winter, and now they’re appearing again. Sometimes I get some sewer gas smell but I haven’t found any leaks anywhere. The basement bathroom isn’t used very often, only when we have guests staying with us which is rare. I’m worried a waste pipe may be cracked and is likely leaking into our vents, which are ducts in slab. Here are pics of the flies if that helps. https://imgur.com/a/UmM0Woi",https://www.reddit.com/r/HomeImprovement/comments/1t3hzay/bunch_of_bugs_in_basement_bathroom_in_summer_none/,1,2,https://www.reddit.com/r/HomeImprovement/comments/1t3hzay/bunch_of_bugs_in_basement_bathroom_in_summer_none/,leak,needs_review_urgent_signal,,manual_review_pending,,urgent_safety_risk,0.92,gas_or_carbon_monoxide:\bgas smell\b; contained_water_damage:\bleak(?:s|ing|ed)?\b,"{""medium_risk_call_pro"": 2.0, ""urgent_safety_risk"": 4.0}",no,,,,,MR0202,urgent_safety_risk,3,Max,,
1s9cj89,Plumbing,2026-04-01T06:23:48+00:00,My basement flooded,What can I do? Who do I call? I have homeowners insurance from Allstate but guess what… didn’t opt for sewer back up. It’s like a foot high. The manhole right out front of my house is pouring out. Bad news for this guy. Any suggestions would be great lol,My basement flooded What can I do? Who do I call? I have homeowners insurance from Allstate but guess what… didn’t opt for sewer back up. It’s like a foot high. The manhole right out front of my house is pouring out. Bad news for this guy. Any suggestions would be great lol,https://www.reddit.com/r/Plumbing/comments/1s9cj89/my_basement_flooded/,39,7,https://www.reddit.com/gallery/1s9cj89,flooding,needs_review_urgent_signal,,manual_review_pending,,urgent_safety_risk,0.90,active_flooding_or_sewage:\bflooded\b,"{""urgent_safety_risk"": 3.0}",no,,,,,MR0203,urgent_safety_risk,3,Max,,
umvf9t,askanelectrician,2022-05-10T23:07:00+00:00,"After the electric push mower severed the heavy duty 12 gauge 100 ft extension cord, what would've happened to me if I had touched the live exposed wiring?","The cord was sliced in two when I accidentally backed over it. Would touching the exposed wire have been certain death? What would I have felt and how would you describe the pain? When I was walking back to the plug outlet to unplug the severed cord, I made the exposed wiring touch a metal fence. It made a single spark and left a black soot mark. I wonder what would've happened if I pressed my hand against the exposed wiring instead. Would death have been guaranteed? Would it have been instant? There would've been no coming back from it, would there? I wonder what my last moments would've been like. I hope plug-in electric mowers become obsolete for this very reason. I hope that by the time I have kids, electric mowers will have powerful, long-lasting batteries instead. That way, I wouldn't have to worry about my kids electrocuting themselves.","After the electric push mower severed the heavy duty 12 gauge 100 ft extension cord, what would've happened to me if I had touched the live exposed wiring? The cord was sliced in two when I accidentally backed over it. Would touching the exposed wire have been certain death? What would I have felt and how would you describe the pain? When I was walking back to the plug outlet to unplug the severed cord, I made the exposed wiring touch a metal fence. It made a single spark and left a black soot mark. I wonder what would've happened if I pressed my hand against the exposed wiring instead. Would death have been guaranteed? Would it have been instant? There would've been no coming back from it, would there? I wonder what my last moments would've been like. I hope plug-in electric mowers become obsolete for this very reason. I hope that by the time I have kids, electric mowers will have powerful, long-lasting batteries instead. That way, I wouldn't have to worry about my kids electrocuting themselves.",https://www.reddit.com/r/askanelectrician/comments/umvf9t/after_the_electric_push_mower_severed_the_heavy/,2,10,https://www.reddit.com/r/askanelectrician/comments/umvf9t/after_the_electric_push_mower_severed_the_heavy/,sparking outlet,needs_review_urgent_signal,,manual_review_pending,,urgent_safety_risk,0.82,fire_smoke_or_sparks:\bspark(?:s|ing|ed)?\b; trade_system_issue:\boutlets?\b,"{""medium_risk_call_pro"": 2.0, ""urgent_safety_risk"": 3.5}",no,,,,,MR0207,urgent_safety_risk,3,Max,,
vust9w,askanelectrician,2022-07-09T03:47:03+00:00,Replace Light Fixture Help,"https://imgur.com/a/8guEzyf/ I'm trying to replace an old light fixture and Im having trouble. I was going to call it a night and tried to make a ""stopping point"", but Ive clearly done things wrong. The first and second pictures are from the original wiring after pulling the old fixture off; this fixture was mounted to the wall with drywall anchors instead of using the outlet box like my new fixture expects so I was working on replacing the box as well. To get to my ""stopping point"" I started capping wires off (white to white, black to black is what I thought I needed), then turned the breaker back on and flipped the light switch to see if I would spark or anything in case I did that on accident (3rd picture, all black wires were capped together when I did this). This tripped the breaker immediately as you may have guessed. After some research I think I confirmed that capping white to white and black to black was correct. What I think my problem is now is that since I don't have a light fixture up the circuit isn't complete so the Nuetral wire never takes the electricity back to the panel and it trips. My question for An Electrician: is my theory correct and am I right to cap the like collored wires? It felt weird to me to get to this box and find a white wire capped together with black wires. I'm leaving the breaker off until I can get this figured out or have a pro come out to my house.","Replace Light Fixture Help https://imgur.com/a/8guEzyf/ I'm trying to replace an old light fixture and Im having trouble. I was going to call it a night and tried to make a ""stopping point"", but Ive clearly done things wrong. The first and second pictures are from the original wiring after pulling the old fixture off; this fixture was mounted to the wall with drywall anchors instead of using the outlet box like my new fixture expects so I was working on replacing the box as well. To get to my ""stopping point"" I started capping wires off (white to white, black to black is what I thought I needed), then turned the breaker back on and flipped the light switch to see if I would spark or anything in case I did that on accident (3rd picture, all black wires were capped together when I did this). This tripped the breaker immediately as you may have guessed. After some research I think I confirmed that capping white to white and black to black was correct. What I think my problem is now is that since I don't have a light fixture up the circuit isn't complete so the Nuetral wire never takes the electricity back to the panel and it trips. My question for An Electrician: is my theory correct and am I right to cap the like collored wires? It felt weird to me to get to this box and find a white wire capped together with black wires. I'm leaving the breaker off until I can get this figured out or have a pro come out to my house.",https://www.reddit.com/r/askanelectrician/comments/vust9w/replace_light_fixture_help/,0,8,https://www.reddit.com/r/askanelectrician/comments/vust9w/replace_light_fixture_help/,sparking outlet,needs_review_urgent_signal,,manual_review_pending,,urgent_safety_risk,0.82,fire_smoke_or_sparks:\bspark(?:s|ing|ed)?\b; trade_system_issue:\bbreaker\b,"{""medium_risk_call_pro"": 2.0, ""urgent_safety_risk"": 3.5}",no,,,,,MR0208,urgent_safety_risk,3,Max,,
jixybt,askanelectrician,2020-10-27T09:27:59+00:00,Shoddy electric in new apartment - how worried should I be?,"Hey all, I just moved into an apartment yesterday. This apartment complex is an older one, and my unit was just remodeled before I moved in by the owner and his super. My first warning sign is that when I pointed out the door hinge was broken, the super complained that the manager of the building was always taking the cheapest possible way out with repairs and that I should complain about it so that the super would have leverage to buy a replacement. Then when I flipped on the bedroom lights, the lights flickered a few times and I saw sparks behind the light switch and then it died. I also noticed my bedroom closet had an empty light fixture in the ceiling. I asked the super about both of these things and he muttered something about aluminum and pigtails which meant he couldn't/wouldn't/wasn't allowed to fix it, but he called the manager of the building to do it tomorrow. The final concerning thing is that whenever I plug my laptop into a wall socket (three times now), audible and visible yellow spark comes from a \*different\* outlet across the room. This last time I left my laptop plugged in and I heard the crackling sound of sparks from the other outlet after a few seconds (I've unplugged my laptop and it seems to have stopped -- I don't plan on plugging anything in again until this is sorted). I literally haven't plugged anything in besides this laptop so who knows what the fuck would happen if I started plugging more things in. I'm worried that I moved into some kind of clown fiesta fire trap apartment maintained by cheapass fly-by-night yokels. I'm worried about going out and leaving my cats in this place. I'm seriously considering immediately breaking the lease that I just signed yesterday and going into emergency mode to look for a new place in town. It would suck but I'm in a position where I'd be willing to eat a few thousand bucks to not have to worry about me and my cats dying in a fire, and there are plenty of apartments. &#x200B; 1. How worried should I be? Would y'all be looking for a new place? 2. Any tips on what questions I should ask the building manager? 3. I know this isn't a leasing forum, but any thoughts on whether this kind of shoddy electric is a viable reason to break the lease without having to forfeit months of rent? I've honestly never had to worry about the electric in an apartment before, even when I lived in older buildings. &#x200B; EDIT: Thanks all for the help! I already have renter's insurance so I'm covered on that front (honestly, I'm way more worried about keeping cats and people alive than replacing stuff). I went to city hall and got a building inspector out here this morning. The building manager replaced the sparking outlet and light switch. The outlet at least doesn't appear to have been related to the recent renovations, it had corroded over time. I don't really understand what happened with the light switch besides that it was bad somehow. I just drove across the country and then this happened so I'm kinda sleep delirious atm. The inspector photographed and documented the issues and the repairs, and tested the rest of the outlets and switches. The inspector seemed satisfied. I'm still a bit skeptical so I'm going to watch very carefully for any more issues, and my electrician stepdad is coming out this weekend to do a more thorough examination.","Shoddy electric in new apartment - how worried should I be? Hey all, I just moved into an apartment yesterday. This apartment complex is an older one, and my unit was just remodeled before I moved in by the owner and his super. My first warning sign is that when I pointed out the door hinge was broken, the super complained that the manager of the building was always taking the cheapest possible way out with repairs and that I should complain about it so that the super would have leverage to buy a replacement. Then when I flipped on the bedroom lights, the lights flickered a few times and I saw sparks behind the light switch and then it died. I also noticed my bedroom closet had an empty light fixture in the ceiling. I asked the super about both of these things and he muttered something about aluminum and pigtails which meant he couldn't/wouldn't/wasn't allowed to fix it, but he called the manager of the building to do it tomorrow. The final concerning thing is that whenever I plug my laptop into a wall socket (three times now), audible and visible yellow spark comes from a \*different\* outlet across the room. This last time I left my laptop plugged in and I heard the crackling sound of sparks from the other outlet after a few seconds (I've unplugged my laptop and it seems to have stopped -- I don't plan on plugging anything in again until this is sorted). I literally haven't plugged anything in besides this laptop so who knows what the fuck would happen if I started plugging more things in. I'm worried that I moved into some kind of clown fiesta fire trap apartment maintained by cheapass fly-by-night yokels. I'm worried about going out and leaving my cats in this place. I'm seriously considering immediately breaking the lease that I just signed yesterday and going into emergency mode to look for a new place in town. It would suck but I'm in a position where I'd be willing to eat a few thousand bucks to not have to worry about me and my cats dying in a fire, and there are plenty of apartments. &#x200B; 1. How worried should I be? Would y'all be looking for a new place? 2. Any tips on what questions I should ask the building manager? 3. I know this isn't a leasing forum, but any thoughts on whether this kind of shoddy electric is a viable reason to break the lease without having to forfeit months of rent? I've honestly never had to worry about the electric in an apartment before, even when I lived in older buildings. &#x200B; EDIT: Thanks all for the help! I already have renter's insurance so I'm covered on that front (honestly, I'm way more worried about keeping cats and people alive than replacing stuff). I went to city hall and got a building inspector out here this morning. The building manager replaced the sparking outlet and light switch. The outlet at least doesn't appear to have been related to the recent renovations, it had corroded over time. I don't really understand what happened with the light switch besides that it was bad somehow. I just drove across the country and then this happened so I'm kinda sleep delirious atm. The inspector photographed and documented the issues and the repairs, and tested the rest of the outlets and switches. The inspector seemed satisfied. I'm still a bit skeptical so I'm going to watch very carefully for any more issues, and my electrician stepdad is coming out this weekend to do a more thorough examination.",https://www.reddit.com/r/askanelectrician/comments/jixybt/shoddy_electric_in_new_apartment_how_worried/,17,19,https://www.reddit.com/r/askanelectrician/comments/jixybt/shoddy_electric_in_new_apartment_how_worried/,sparking outlet,needs_review_urgent_signal,,manual_review_pending,,urgent_safety_risk,0.82,fire_smoke_or_sparks:\bspark(?:s|ing|ed)?\b; trade_system_issue:\boutlets?\b,"{""medium_risk_call_pro"": 2.0, ""urgent_safety_risk"": 3.5}",no,,,,,MR0218,urgent_safety_risk,3,Max,,
12q335c,HomeImprovement,2023-04-18T00:20:10+00:00,Strange smell in kitchen,"Apologies if this answer is obvious or has been answered. So the other day I put an air conditioner in my kitchen. I had it running all night and woke up to a ""fishy"" smell. My research led to me to believe it's a dead animal in the AC or faulty wiring/electrical. Faulty electrical made sense since it's on an outlet I've never used, and there wasn't a dead rodent in the AC, so I took the AC out and replaced it with another, plugging into another outlet. It appeared to have done the trick, but sure enough, the next morning it smelled fishy again. I then unplugged the AC and left it unplugged, and after a day, the smell remained. We had unseasonable heat and humidity and I realized that the bucket my dehumidifier in the basement had filled up (it's apparently not draining properly). The basement was pretty humid so it led me to believe it might be that as well, so I've emptied that a few times, but the smell in the kitchen wasn't strong at all in the basement. I opened the windows for a few hours and the smell left, closed them and the smell hasn't come back for the whole day, but I'm starting to smell it a little again. I've gone to the area outside behind the AC and nothing smelled strange. Someone suggested maybe a gas leak, but it definitely doesn't smell like gas or have a bad-egg smell. The smell is essentially confined to the kitchen near where the AC was plugged in. Any ideas as to what this could be? I can't imagine it's the electrical if the smell keeps coming back with nothing plugged into that circuit, and I figure the smell of a dead animal wouldn't exactly come and go. Has anyone had a ""fishy"" smell from a damp basement that rose into their kitchen?","Strange smell in kitchen Apologies if this answer is obvious or has been answered. So the other day I put an air conditioner in my kitchen. I had it running all night and woke up to a ""fishy"" smell. My research led to me to believe it's a dead animal in the AC or faulty wiring/electrical. Faulty electrical made sense since it's on an outlet I've never used, and there wasn't a dead rodent in the AC, so I took the AC out and replaced it with another, plugging into another outlet. It appeared to have done the trick, but sure enough, the next morning it smelled fishy again. I then unplugged the AC and left it unplugged, and after a day, the smell remained. We had unseasonable heat and humidity and I realized that the bucket my dehumidifier in the basement had filled up (it's apparently not draining properly). The basement was pretty humid so it led me to believe it might be that as well, so I've emptied that a few times, but the smell in the kitchen wasn't strong at all in the basement. I opened the windows for a few hours and the smell left, closed them and the smell hasn't come back for the whole day, but I'm starting to smell it a little again. I've gone to the area outside behind the AC and nothing smelled strange. Someone suggested maybe a gas leak, but it definitely doesn't smell like gas or have a bad-egg smell. The smell is essentially confined to the kitchen near where the AC was plugged in. Any ideas as to what this could be? I can't imagine it's the electrical if the smell keeps coming back with nothing plugged into that circuit, and I figure the smell of a dead animal wouldn't exactly come and go. Has anyone had a ""fishy"" smell from a damp basement that rose into their kitchen?",https://www.reddit.com/r/HomeImprovement/comments/12q335c/strange_smell_in_kitchen/,1,0,https://www.reddit.com/r/HomeImprovement/comments/12q335c/strange_smell_in_kitchen/,gas smell,needs_review_medium_signal,,manual_review_pending,,urgent_safety_risk,0.87,gas_or_carbon_monoxide:\bsmell(?:s|ing)? (?:like )?gas\b; contained_water_damage:\bleak(?:s|ing|ed)?\b; trade_system_issue:\bair conditioner\b,"{""medium_risk_call_pro"": 4.0, ""urgent_safety_risk"": 4.0}",yes,,,,,MR0219,needs_human_review,3,Max,,
lzc65a,askanelectrician,2021-03-06T21:57:52+00:00,Electricity question,"I posted here a while ago about some issues with my electricity, but I will give a quick recap. An outlet in my room kept getting really hot. One night I thought I saw smoke so we flipped all the breakers for my room until we thought we found one for that outlet. It started to cool down. Being an idiot I decide to test it instead of just leaving it alone. I plugged in a small desk fan and there was a tiny spark, this caused all the lights in the living room to go out. The living room breaker is not flipped theres just no power there anymore. I was under the impression that replacing the outlet in my room would fix the issue, so we tried to do that. When we took the old outlet out it was old and burnt. We tried to put another outlet in but broke one of the wires so we can't install it now. We just wrapped them with electrical tape and left them. Living room still does not work. My question is how can one outlet in my room effect the living room and what can we do? Nothing else in my room was affected. I thought all outlets in one room were supposed to be connected to each other. We had to run cords into the kitchen to have lights and things in the living room. Edit: The next person to even suggest we get our cheap ass landlord to fix anything is getting blocked immediately. I don't know what people are misunderstanding about our landlord. He will only hire druggies to do work for him. Do. You. Understand?","Electricity question I posted here a while ago about some issues with my electricity, but I will give a quick recap. An outlet in my room kept getting really hot. One night I thought I saw smoke so we flipped all the breakers for my room until we thought we found one for that outlet. It started to cool down. Being an idiot I decide to test it instead of just leaving it alone. I plugged in a small desk fan and there was a tiny spark, this caused all the lights in the living room to go out. The living room breaker is not flipped theres just no power there anymore. I was under the impression that replacing the outlet in my room would fix the issue, so we tried to do that. When we took the old outlet out it was old and burnt. We tried to put another outlet in but broke one of the wires so we can't install it now. We just wrapped them with electrical tape and left them. Living room still does not work. My question is how can one outlet in my room effect the living room and what can we do? Nothing else in my room was affected. I thought all outlets in one room were supposed to be connected to each other. We had to run cords into the kitchen to have lights and things in the living room. Edit: The next person to even suggest we get our cheap ass landlord to fix anything is getting blocked immediately. I don't know what people are misunderstanding about our landlord. He will only hire druggies to do work for him. Do. You. Understand?",https://www.reddit.com/r/askanelectrician/comments/lzc65a/electricity_question/,1,17,https://www.reddit.com/r/askanelectrician/comments/lzc65a/electricity_question/,sparking outlet,needs_review_urgent_signal,,manual_review_pending,,urgent_safety_risk,0.82,fire_smoke_or_sparks:\bspark(?:s|ing|ed)?\b; trade_system_issue:\bbreaker\b,"{""medium_risk_call_pro"": 2.0, ""urgent_safety_risk"": 3.5}",no,,,,,MR0220,urgent_safety_risk,3,Max,,
1refl1o,DIY,2026-02-25T15:02:41+00:00,Peel and Stick Vinyl Questions,"Hey, all! My family has been in our current home about 3 years and the kids are finally old enough that I can start sprucing up some of the house (either for us in the short term, or to sell in 3-5 years). My first target is a half bath in our partially finished basement. It's pretty clear that this was an add-on by the previous owner and they did the bare amount of work. We plan on using the basement as mostly a play area for the kids, so it doesn't need to be perfect, but does need to be somewhat durable. The bathroom is extremely small (about 20 sq.ft.) with about 7' drop ceiling. The walls are extremely thin wood paneling, painted. The current flooring appears to be peel and stick vinyl directly on the concrete. That leads to my 2 questions... 1.) I don't like the color or pattern of the current floor. Given the size on the bathroom, knowing I'd really only need new flooring on about 1/2 that, and knowing that there needs to be a lot of cutting for a bathroom floor, I was considering just a different peel and stick. Is that the best or is there a better option? 2.) Can I apply it directly over the existing one or pull it up? 3.) I don't like the look of the paneling, especially in a bathroom, and was considering doing more peel and stick at least partially up the wall. Can I apply it directly to paneling or is there a better option? This bathroom is mainly for use by two preschoolers while they're playing, so cheap and easy to clean is good and making it look nice enough that I don't need to redo it when we inevitably move would be a plus.","Peel and Stick Vinyl Questions Hey, all! My family has been in our current home about 3 years and the kids are finally old enough that I can start sprucing up some of the house (either for us in the short term, or to sell in 3-5 years). My first target is a half bath in our partially finished basement. It's pretty clear that this was an add-on by the previous owner and they did the bare amount of work. We plan on using the basement as mostly a play area for the kids, so it doesn't need to be perfect, but does need to be somewhat durable. The bathroom is extremely small (about 20 sq.ft.) with about 7' drop ceiling. The walls are extremely thin wood paneling, painted. The current flooring appears to be peel and stick vinyl directly on the concrete. That leads to my 2 questions... 1.) I don't like the color or pattern of the current floor. Given the size on the bathroom, knowing I'd really only need new flooring on about 1/2 that, and knowing that there needs to be a lot of cutting for a bathroom floor, I was considering just a different peel and stick. Is that the best or is there a better option? 2.) Can I apply it directly over the existing one or pull it up? 3.) I don't like the look of the paneling, especially in a bathroom, and was considering doing more peel and stick at least partially up the wall. Can I apply it directly to paneling or is there a better option? This bathroom is mainly for use by two preschoolers while they're playing, so cheap and easy to clean is good and making it look nice enough that I don't need to redo it when we inevitably move would be a plus.",https://www.reddit.com/r/DIY/comments/1refl1o/peel_and_stick_vinyl_questions/,1,3,https://www.reddit.com/r/DIY/comments/1refl1o/peel_and_stick_vinyl_questions/,paint peeling,needs_review_unclear,,manual_review_pending,,low_risk_diy,0.82,cosmetic_or_minor_finish:\bpaint(?:ing|ed)?\b,"{""low_risk_diy"": 2.2}",no,,,,,MR0221,low_risk_diy,3,Max,,
1srnu33,HomeMaintenance,2026-04-21T13:34:05+00:00,Looking for wall/ceiling repair advice,"I moved into this 1950 house last fall and through the last New England winter I noticed some water intrusion at the roof line. Unfortunately one of the downspouts was clogged and I didn’t have a ladder tall enough to clean it out. That on top of an old (15+) roof that I’ve been told was not installed to the highest standards and a few rough snow storms and water was getting in. The initial issue was relatively small but I scraped/peeled the loose paint and plaster back to where it seems to be holding onto the wall. The gutter is clear and I plan on monitoring ice dams and heavy rains in the future, but my question is, can I repair this wall damage or is more remediation required? I was planning on just skimming over the whole thing, sanding, priming, and painting. Hopefully in a weekend. I’ve had a few contractors look at it and none of them seemed concerned about mold or structural damage. They mainly recommended altering the gutter, changing old pipe boots, covering exposed nails, and getting a new roof in the next 5 years. Any tips, advice, concerns, etc would be greatly appreciated, thanks ✌️","Looking for wall/ceiling repair advice I moved into this 1950 house last fall and through the last New England winter I noticed some water intrusion at the roof line. Unfortunately one of the downspouts was clogged and I didn’t have a ladder tall enough to clean it out. That on top of an old (15+) roof that I’ve been told was not installed to the highest standards and a few rough snow storms and water was getting in. The initial issue was relatively small but I scraped/peeled the loose paint and plaster back to where it seems to be holding onto the wall. The gutter is clear and I plan on monitoring ice dams and heavy rains in the future, but my question is, can I repair this wall damage or is more remediation required? I was planning on just skimming over the whole thing, sanding, priming, and painting. Hopefully in a weekend. I’ve had a few contractors look at it and none of them seemed concerned about mold or structural damage. They mainly recommended altering the gutter, changing old pipe boots, covering exposed nails, and getting a new roof in the next 5 years. Any tips, advice, concerns, etc would be greatly appreciated, thanks ✌️",https://www.reddit.com/r/HomeMaintenance/comments/1srnu33/looking_for_wallceiling_repair_advice/,1,3,https://www.reddit.com/gallery/1srnu33,mold,needs_review_urgent_signal,,manual_review_pending,,urgent_safety_risk,0.77,structural_danger:\bstructural damage\b; contained_water_damage:\bwater intrusion\b; mold_or_foundation_concern:\bmold\b; cosmetic_or_minor_finish:\bpaint(?:ing|ed)?\b,"{""low_risk_diy"": 2.2, ""medium_risk_call_pro"": 4.0, ""urgent_safety_risk"": 3.0}",yes,,,,,MR0226,needs_human_review,3,Max,,
10lcer7,askanelectrician,2023-01-25T22:56:59+00:00,Monthly usage went up from 400 kWh to 1600 kWh... How? Please help...,"Hey y'all. Been lurking. Enjoy your banter here. Now I could really use some help... Dec usage: 400 kWh Jan usage: 1600 kWh I live in the Hudson Valley, NY and have Central Hudson for service. My habits haven't changed. No new appliances. Heat is oil. Hot water heater is hybrid so never really uses much. I have NO IDEA what caused the spike, except maybe... Earlier this month, I was having internet issues and the Spectrum guy said he was getting a charge on the cable line so he wouldn't touch it. So I had Central Hudson come out to look at it. They said any charge would be coming from inside the house so there's nothing they can do, but they said they ""replaced the connectors on the pole"" or something like that? I don't quite remember, but I know they did something while they were here. Prior to their visit, I had been dealing with the occasional light dim/flare. It's an old house so I was just used to it. Since there visit this hasn't been an issue.... But why would electric be 4xs the amount now? I called them and they were very unhelpful. I can't afford to pay another month at this usage level so I need to figure out the problem. Is it possible that when they serviced my house they drew a bunch of electricity? Is it possible that whatever they changed now makes it so that my house sucks a lot more electricity? Any help would be appreciated...","Monthly usage went up from 400 kWh to 1600 kWh... How? Please help... Hey y'all. Been lurking. Enjoy your banter here. Now I could really use some help... Dec usage: 400 kWh Jan usage: 1600 kWh I live in the Hudson Valley, NY and have Central Hudson for service. My habits haven't changed. No new appliances. Heat is oil. Hot water heater is hybrid so never really uses much. I have NO IDEA what caused the spike, except maybe... Earlier this month, I was having internet issues and the Spectrum guy said he was getting a charge on the cable line so he wouldn't touch it. So I had Central Hudson come out to look at it. They said any charge would be coming from inside the house so there's nothing they can do, but they said they ""replaced the connectors on the pole"" or something like that? I don't quite remember, but I know they did something while they were here. Prior to their visit, I had been dealing with the occasional light dim/flare. It's an old house so I was just used to it. Since there visit this hasn't been an issue.... But why would electric be 4xs the amount now? I called them and they were very unhelpful. I can't afford to pay another month at this usage level so I need to figure out the problem. Is it possible that when they serviced my house they drew a bunch of electricity? Is it possible that whatever they changed now makes it so that my house sucks a lot more electricity? Any help would be appreciated...",https://www.reddit.com/r/askanelectrician/comments/10lcer7/monthly_usage_went_up_from_400_kwh_to_1600_kwh/,1,12,https://www.reddit.com/r/askanelectrician/comments/10lcer7/monthly_usage_went_up_from_400_kwh_to_1600_kwh/,electrical issue,needs_review_medium_signal,,manual_review_pending,,medium_risk_call_pro,0.80,trade_system_issue:\bwater heater\b,"{""medium_risk_call_pro"": 2.0}",no,,,,,MR0233,medium_risk_call_pro,3,Max,,
1tkwgeu,HomeMaintenance,2026-05-22T21:24:27+00:00,Ceiling repair,"I am renting. My friends and I threw a party and had hung up some decorations on the ceiling. The tape was supposed to be “paint friendly” but that wasn’t true. I now have 2 areas about 6 inches in length where the paint (and maybe some of the drywall?) peeled off? I provided a picture so you can get an idea. I’m trying to figure out what is a reasonable cost for repairs, and if I should hire a handyman myself, rather than use the apartment complex’s maintenance. I’m just worried it’ll be costly because of how difficult it will be to match the texture/paint. Any help would be greatly appreciated!!","Ceiling repair I am renting. My friends and I threw a party and had hung up some decorations on the ceiling. The tape was supposed to be “paint friendly” but that wasn’t true. I now have 2 areas about 6 inches in length where the paint (and maybe some of the drywall?) peeled off? I provided a picture so you can get an idea. I’m trying to figure out what is a reasonable cost for repairs, and if I should hire a handyman myself, rather than use the apartment complex’s maintenance. I’m just worried it’ll be costly because of how difficult it will be to match the texture/paint. Any help would be greatly appreciated!!",https://www.reddit.com/r/HomeMaintenance/comments/1tkwgeu/ceiling_repair/,1,2,https://i.redd.it/anp2prwpar2h1.jpeg,paint peeling,needs_review_low_signal,,manual_review_pending,,low_risk_diy,0.82,cosmetic_or_minor_finish:\bpaint(?:ing|ed)?\b,"{""low_risk_diy"": 2.2}",no,,,,,MR0234,low_risk_diy,3,Max,,
1qdpdaj,Plumbing,2026-01-15T17:12:13+00:00,Flange bolt broken - how?,New toilet installed 10 months ago. Three days ago I saw the bolt cover lying on the floor and noticed half the bolt in it! The bolt just broke and fell off. The remaining bolt was loose as well. The other side was also broken in the same way. No signs of rust on the bolts and no water damage under the toilet. The toilet was stuck to the floor with some caulking so did not move even with the broken bolts. The plumber who reinstalled it yesterday said he has never seen this before. Any ideas how this could happen?,Flange bolt broken - how? New toilet installed 10 months ago. Three days ago I saw the bolt cover lying on the floor and noticed half the bolt in it! The bolt just broke and fell off. The remaining bolt was loose as well. The other side was also broken in the same way. No signs of rust on the bolts and no water damage under the toilet. The toilet was stuck to the floor with some caulking so did not move even with the broken bolts. The plumber who reinstalled it yesterday said he has never seen this before. Any ideas how this could happen?,https://www.reddit.com/r/Plumbing/comments/1qdpdaj/flange_bolt_broken_how/,0,11,https://i.redd.it/pj15y42ypjdg1.jpeg,caulk,needs_review_medium_signal,,manual_review_pending,,medium_risk_call_pro,0.67,contained_water_damage:\bwater damage(?:d)?\b; cosmetic_or_minor_finish:\bcaulk(?:ing)?\b,"{""low_risk_diy"": 2.2, ""medium_risk_call_pro"": 2.0}",yes,,,,,MR0238,needs_human_review,3,Max,,
12rjn21,askanelectrician,2023-04-19T06:37:04+00:00,Sound in my Condo [help please],"Good Evening, Turning to Reddit as I'm beginning to lose hope. I've been having issues for a few months now in my condo regarding electricity. It was fine for about a year but then the people who run the condos did some maintenance on an elevator close to my place. Now any device that uses electricity will emit a high pitched drone. Devices that use more electricity (computer, microwave, etc..) are louder than others (lightbulbs). The sound can also be heard outside by the elevator and by the electrical box in the ground outside (big green box in Canada). Older people or those with hearing damage cannot hear the sound so when they come to check up on it they tell me that it's fine. It shows up when I record with my iPhone, but if I try and use a spectrometer app or something it doesn't show the dB as changing (maybe just a bad app). It's not a loose filament of anything like that, I've already tried unscrewing all the bulbs. My wife and friends can hear it as well (late 20's). Hoping someone here has some guidance or can assist me in getting rid of this issue. I'll be checking the comments frequently. :)","Sound in my Condo [help please] Good Evening, Turning to Reddit as I'm beginning to lose hope. I've been having issues for a few months now in my condo regarding electricity. It was fine for about a year but then the people who run the condos did some maintenance on an elevator close to my place. Now any device that uses electricity will emit a high pitched drone. Devices that use more electricity (computer, microwave, etc..) are louder than others (lightbulbs). The sound can also be heard outside by the elevator and by the electrical box in the ground outside (big green box in Canada). Older people or those with hearing damage cannot hear the sound so when they come to check up on it they tell me that it's fine. It shows up when I record with my iPhone, but if I try and use a spectrometer app or something it doesn't show the dB as changing (maybe just a bad app). It's not a loose filament of anything like that, I've already tried unscrewing all the bulbs. My wife and friends can hear it as well (late 20's). Hoping someone here has some guidance or can assist me in getting rid of this issue. I'll be checking the comments frequently. :)",https://www.reddit.com/r/askanelectrician/comments/12rjn21/sound_in_my_condo_help_please/,1,0,https://www.reddit.com/r/askanelectrician/comments/12rjn21/sound_in_my_condo_help_please/,electrical issue,needs_review_unclear,,manual_review_pending,,,0.00,no_labeling_function_matched,{},yes,,,,,MR0240,needs_human_review,3,Max,,
1mgyeez,HomeMaintenance,2025-08-03T23:51:24+00:00,Peeling paint and fuzz on cinder block in basement,Should I be concerned about this ? Looks like wall was painted green and then white. It is really only happening on this wall I included last two pics to give reference of how rest of basement walls look,Peeling paint and fuzz on cinder block in basement Should I be concerned about this ? Looks like wall was painted green and then white. It is really only happening on this wall I included last two pics to give reference of how rest of basement walls look,https://www.reddit.com/r/HomeMaintenance/comments/1mgyeez/peeling_paint_and_fuzz_on_cinder_block_in_basement/,1,2,https://www.reddit.com/gallery/1mgyeez,paint peeling,needs_review_low_signal,,manual_review_pending,,low_risk_diy,0.82,cosmetic_or_minor_finish:\bpaint(?:ing|ed)?\b,"{""low_risk_diy"": 2.2}",no,,,,,MR0245,low_risk_diy,3,Max,,
113x0r8,askanelectrician,2023-02-16T18:11:46+00:00,How to terminate a large number of ethernet cables?,"Residencial low voltage wiring, ethernet, cat 6. Back story: I live in Washington state, King County. I want to pull 20 runs of cat 6 cable in my house and terminate them in a single central location. I will be running the cable through the crawl space beneath my house, so at some point, I have to pass up through the sole plate. I know that I need to drill multiple smaller holes to pass the wire through the sole plate to be compliant with code, but after that I am not sure what to do. I wasn't planning on using a structured wiring panel. I wanted to get a 4u vertical rack to mount on the wall to house the ethernet switch and patch panel and possibly 2 other 1u pieces of network equipment, i.e., fire wall, router, voip. Question: Can I just cut a whole in the drywall big enough to pass the bundled cables through and put a grommet on the whole and call it a day?","How to terminate a large number of ethernet cables? Residencial low voltage wiring, ethernet, cat 6. Back story: I live in Washington state, King County. I want to pull 20 runs of cat 6 cable in my house and terminate them in a single central location. I will be running the cable through the crawl space beneath my house, so at some point, I have to pass up through the sole plate. I know that I need to drill multiple smaller holes to pass the wire through the sole plate to be compliant with code, but after that I am not sure what to do. I wasn't planning on using a structured wiring panel. I wanted to get a 4u vertical rack to mount on the wall to house the ethernet switch and patch panel and possibly 2 other 1u pieces of network equipment, i.e., fire wall, router, voip. Question: Can I just cut a whole in the drywall big enough to pass the bundled cables through and put a grommet on the whole and call it a day?",https://www.reddit.com/r/askanelectrician/comments/113x0r8/how_to_terminate_a_large_number_of_ethernet_cables/,0,10,https://www.reddit.com/r/askanelectrician/comments/113x0r8/how_to_terminate_a_large_number_of_ethernet_cables/,drywall patch,needs_review_medium_signal,,manual_review_pending,,medium_risk_call_pro,0.80,trade_system_issue:\bwiring\b,"{""medium_risk_call_pro"": 2.0}",no,,,,,MR0247,medium_risk_call_pro,3,Max,,
1mqj5pm,Plumbing,2025-08-15T01:04:54+00:00,Help,"A friend of mine installed this, and the faucet itself seems to be sticking out too far and theres a loose ""trim piece"". Can someone tell me what the problem is??","Help A friend of mine installed this, and the faucet itself seems to be sticking out too far and theres a loose ""trim piece"". Can someone tell me what the problem is??",https://www.reddit.com/r/Plumbing/comments/1mqj5pm/help/,1,8,https://v.redd.it/kix8yxfw13jf1,loose trim,needs_review_low_signal,,manual_review_pending,,low_risk_diy,0.82,cosmetic_or_minor_finish:\btrim\b,"{""low_risk_diy"": 2.2}",no,,,,,MR0249,low_risk_diy,3,Max,,
1tux7cy,HomeMaintenance,2026-06-02T17:04:46+00:00,Cabinet Gray Stains,"We bought a new house last year and I’ve noticed these gray stain in various cabinets around the house. Anyone know what’s the cause, is it moisture damage? I tried cleaning it with a water mark remover cloth and also tried the iron box method (applying heat) but it didn’t help at all. I don’t think mold or mildew either as its brand new house pretty much. Could be some wood stain that needs replenishing?","Cabinet Gray Stains We bought a new house last year and I’ve noticed these gray stain in various cabinets around the house. Anyone know what’s the cause, is it moisture damage? I tried cleaning it with a water mark remover cloth and also tried the iron box method (applying heat) but it didn’t help at all. I don’t think mold or mildew either as its brand new house pretty much. Could be some wood stain that needs replenishing?",https://www.reddit.com/r/HomeMaintenance/comments/1tux7cy/cabinet_gray_stains/,0,1,https://www.reddit.com/gallery/1tux7cy,mold,needs_review_medium_signal,,manual_review_pending,,medium_risk_call_pro,0.67,mold_or_foundation_concern:\bmold\b; cosmetic_or_minor_finish:\bstain(?:ing|ed)?\b,"{""low_risk_diy"": 2.2, ""medium_risk_call_pro"": 2.0}",yes,,,,,MR0257,needs_human_review,3,Max,,
1tkz5zb,DIY,2026-05-22T23:12:31+00:00,Help- replacing garage aluminum casing with Azek and don't know how to deal with existing flashing,"I'm in the middle of replacing all of our garage capping due to corrosion at the bottom of one of them. I pulled off all the old wood and aluminum casing that was around it but found that the old casing overlapped the flashing and now don't know how to adjoin the Azek and vinyl siding to prevent water intrusion. Not sure if this helps but here are two ""top down"" images to replicate the issue. Basically the orange is what I believe you refer to as casing. I extends away from the house, parallel and then returns back to the siding. When it returns back it overlaps with an L shaped piece of flashing and that was what kept it waterproof. The caping at the top sits over this so nothing can run down between them. When I put the Azek on, I have nothing to overlap that (green) flashing and it actually sticks out past the Azek. I can't really caulk it and because it sticks out past- it looks awful too. https://preview.redd.it/ayl284sgtr2h1.png?width=1057&format=png&auto=webp&s=02355da100762d307f39e2ddaf0dcbb4e5508abb [](blob:https://www.reddit.com/24e3d2c8-f135-48a6-af2d-056a8fd80011) [](blob:https://www.reddit.com/24e3d2c8-f135-48a6-af2d-056a8fd80011)","Help- replacing garage aluminum casing with Azek and don't know how to deal with existing flashing I'm in the middle of replacing all of our garage capping due to corrosion at the bottom of one of them. I pulled off all the old wood and aluminum casing that was around it but found that the old casing overlapped the flashing and now don't know how to adjoin the Azek and vinyl siding to prevent water intrusion. Not sure if this helps but here are two ""top down"" images to replicate the issue. Basically the orange is what I believe you refer to as casing. I extends away from the house, parallel and then returns back to the siding. When it returns back it overlaps with an L shaped piece of flashing and that was what kept it waterproof. The caping at the top sits over this so nothing can run down between them. When I put the Azek on, I have nothing to overlap that (green) flashing and it actually sticks out past the Azek. I can't really caulk it and because it sticks out past- it looks awful too. https://preview.redd.it/ayl284sgtr2h1.png?width=1057&format=png&auto=webp&s=02355da100762d307f39e2ddaf0dcbb4e5508abb [](blob:https://www.reddit.com/24e3d2c8-f135-48a6-af2d-056a8fd80011) [](blob:https://www.reddit.com/24e3d2c8-f135-48a6-af2d-056a8fd80011)",https://www.reddit.com/r/DIY/comments/1tkz5zb/help_replacing_garage_aluminum_casing_with_azek/,1,0,https://www.reddit.com/r/DIY/comments/1tkz5zb/help_replacing_garage_aluminum_casing_with_azek/,caulk,needs_review_medium_signal,,manual_review_pending,,medium_risk_call_pro,0.67,contained_water_damage:\bwater intrusion\b; cosmetic_or_minor_finish:\bcaulk(?:ing)?\b,"{""low_risk_diy"": 2.2, ""medium_risk_call_pro"": 2.0}",yes,,,,,MR0262,needs_human_review,3,Max,,
1rrrt55,Plumbing,2026-03-12T14:11:06+00:00,Toilet for Senior Citizen,Hello! I’m looking for a new toilet for my uncle. He is a senior citizen with dementia and he keeps plugging his current toilet. I’ve been told perhaps he is not flushing correctly and holding down the lever. In any case his bathroom keeps flooding and it is an issue. His old toilet has been removed and he needs a new toilet. What kind of toilet would be best for him? We live in Canada so there might be a limited selection. Thanks in advance.,Toilet for Senior Citizen Hello! I’m looking for a new toilet for my uncle. He is a senior citizen with dementia and he keeps plugging his current toilet. I’ve been told perhaps he is not flushing correctly and holding down the lever. In any case his bathroom keeps flooding and it is an issue. His old toilet has been removed and he needs a new toilet. What kind of toilet would be best for him? We live in Canada so there might be a limited selection. Thanks in advance.,https://www.reddit.com/r/Plumbing/comments/1rrrt55/toilet_for_senior_citizen/,1,6,https://www.reddit.com/r/Plumbing/comments/1rrrt55/toilet_for_senior_citizen/,flooding,needs_review_urgent_signal,,manual_review_pending,,urgent_safety_risk,0.90,active_flooding_or_sewage:\bflooding\b,"{""urgent_safety_risk"": 3.0}",no,,,,,MR0267,urgent_safety_risk,3,Max,,
1snid8p,HomeMaintenance,2026-04-16T22:19:25+00:00,Roof leak repair help - advice needed,"Hi, I have a butterfly membrane roof with no attic. Under the membrane is 1.5"" rigid foam board then sheathing on the joists (24"" spacing). I then I have insulation above my ceiling. During the extremely heavy rains in the PNW last fall, I had a slow dripping leak from the middle of the my roof where the two halves meet. It was like a cup of water overnight and stopped when the rain slowed. It was fixed but there was no clear smoking gun from the roof guys on where there leak was. Some seams were lifted, and three penetrations could have contributed. The drywall at the seams is dry per moisture reader that a water damage company used. They also had a thermal camera and showed that there was a cold spot only at the seam. I was going to take out the drywall at the seams and surrounding area to replace what I assume is wet insulation based on the thermal image. However, I bought a thermal imager to double check and see if I could trace the cold spot back to a potential source or at least in the general direction once the water was under the sheathing. Maybe impossible since water from the leak point could have run along the membrane and foam to a seam then between the seam and sheathing to finally a seam to get to a joist and run along that. Unfortunately, if I walk around with the thermal, I find other ""cold spots"", and they are not linked together like I would expect if insulation gets wet, and water continues to move downhill. Sorry for the blurry photos. The first one shows the seam damage, and the next is thermal at the damage, followed by other thermal readings of random colder spots further away from the damaged seam. These spots are like 1-2 sq. ft. [https://imgur.com/a/brmCh81](https://imgur.com/a/brmCh81) Do I start at the seam damage and see if I can figure out which way the water came from? Am I just seeing cold spots or do I need to cut inspection holes everywhere and see if the insulation is actually wet? Or do I get a fancy insulation moisture probe and push through the 5/8"" drywall to test the spots? Do I just patch it up and worry about the mold another day or put the for sale sign up now? FYI, the water damage company just wanted to repair around the seam area and didn't really scan for other cold areas even though I paid for an inspection. Any advice is appreciated!","Roof leak repair help - advice needed Hi, I have a butterfly membrane roof with no attic. Under the membrane is 1.5"" rigid foam board then sheathing on the joists (24"" spacing). I then I have insulation above my ceiling. During the extremely heavy rains in the PNW last fall, I had a slow dripping leak from the middle of the my roof where the two halves meet. It was like a cup of water overnight and stopped when the rain slowed. It was fixed but there was no clear smoking gun from the roof guys on where there leak was. Some seams were lifted, and three penetrations could have contributed. The drywall at the seams is dry per moisture reader that a water damage company used. They also had a thermal camera and showed that there was a cold spot only at the seam. I was going to take out the drywall at the seams and surrounding area to replace what I assume is wet insulation based on the thermal image. However, I bought a thermal imager to double check and see if I could trace the cold spot back to a potential source or at least in the general direction once the water was under the sheathing. Maybe impossible since water from the leak point could have run along the membrane and foam to a seam then between the seam and sheathing to finally a seam to get to a joist and run along that. Unfortunately, if I walk around with the thermal, I find other ""cold spots"", and they are not linked together like I would expect if insulation gets wet, and water continues to move downhill. Sorry for the blurry photos. The first one shows the seam damage, and the next is thermal at the damage, followed by other thermal readings of random colder spots further away from the damaged seam. These spots are like 1-2 sq. ft. [https://imgur.com/a/brmCh81](https://imgur.com/a/brmCh81) Do I start at the seam damage and see if I can figure out which way the water came from? Am I just seeing cold spots or do I need to cut inspection holes everywhere and see if the insulation is actually wet? Or do I get a fancy insulation moisture probe and push through the 5/8"" drywall to test the spots? Do I just patch it up and worry about the mold another day or put the for sale sign up now? FYI, the water damage company just wanted to repair around the seam area and didn't really scan for other cold areas even though I paid for an inspection. Any advice is appreciated!",https://www.reddit.com/r/HomeMaintenance/comments/1snid8p/roof_leak_repair_help_advice_needed/,1,5,https://www.reddit.com/r/HomeMaintenance/comments/1snid8p/roof_leak_repair_help_advice_needed/,mold,needs_review_medium_signal,,manual_review_pending,,medium_risk_call_pro,0.95,contained_water_damage:\bleak(?:s|ing|ed)?\b; mold_or_foundation_concern:\bmold\b,"{""medium_risk_call_pro"": 4.0}",no,,,,,MR0271,medium_risk_call_pro,3,Max,,
1htujhh,HomeImprovement,2025-01-05T01:48:47+00:00,Is this a gas line?,"I've always assumed it was but this house is semi new to us and never had a reason to look into it but recently started noticing a very faint gas smell going into the garage. I've found gas lines in the attic when doing insulation and air sealing so I can only assume it is. Checked the valve and it was half open and even with the plug on the end could smell it barely. Haven't noticed the smell since closing the valve but now I'm curious. https://imgur.com/a/Jxx3QKV Leads me to my second question. Would it be possible to attach a gas heater, if this is a gas line, to this to heat my garage only when I want to work out? Attached, not insulated, but the heat would take away the initial chill until I'm warmed up. Thanks!!","Is this a gas line? I've always assumed it was but this house is semi new to us and never had a reason to look into it but recently started noticing a very faint gas smell going into the garage. I've found gas lines in the attic when doing insulation and air sealing so I can only assume it is. Checked the valve and it was half open and even with the plug on the end could smell it barely. Haven't noticed the smell since closing the valve but now I'm curious. https://imgur.com/a/Jxx3QKV Leads me to my second question. Would it be possible to attach a gas heater, if this is a gas line, to this to heat my garage only when I want to work out? Attached, not insulated, but the heat would take away the initial chill until I'm warmed up. Thanks!!",https://www.reddit.com/r/HomeImprovement/comments/1htujhh/is_this_a_gas_line/,1,2,https://www.reddit.com/r/HomeImprovement/comments/1htujhh/is_this_a_gas_line/,gas smell,needs_review_urgent_signal,,manual_review_pending,,urgent_safety_risk,0.95,gas_or_carbon_monoxide:\bgas smell\b,"{""urgent_safety_risk"": 4.0}",no,,,,,MR0274,urgent_safety_risk,3,Max,,
1rb9e46,Plumbing,2026-02-22T02:04:28+00:00,Overflow sink stopper,"I lived overseas many years. We always had these stoppers in the kitchen that would stop up the sink while you filled it, but prevented the sink from overflowing if you walked away and forgot about it. I'm apparently not wise enough to Google this type of apparatus lol. Does anyone know what I'm talking about?! My boyfriend keeps overflowing our sink!! God love him. He works from home and tries to multitask and gets distracted with work. Does this type of stopper exist in America?! Thanks family! I'm tired of using all my good towels to clean up a flood. 🤣","Overflow sink stopper I lived overseas many years. We always had these stoppers in the kitchen that would stop up the sink while you filled it, but prevented the sink from overflowing if you walked away and forgot about it. I'm apparently not wise enough to Google this type of apparatus lol. Does anyone know what I'm talking about?! My boyfriend keeps overflowing our sink!! God love him. He works from home and tries to multitask and gets distracted with work. Does this type of stopper exist in America?! Thanks family! I'm tired of using all my good towels to clean up a flood. 🤣",https://www.reddit.com/r/Plumbing/comments/1rb9e46/overflow_sink_stopper/,1,0,https://www.reddit.com/r/Plumbing/comments/1rb9e46/overflow_sink_stopper/,flooding,needs_review_urgent_signal,,manual_review_pending,,,0.00,no_labeling_function_matched,{},yes,,,,,MR0275,needs_human_review,3,Max,,
1gif8ec,Plumbing,2024-11-03T04:38:52+00:00,Valley shower handle,"I made a post a few days ago asking about this, I ultimately decided to go with the Danco trim kit. Everything fit, except for the faceplate. I reused the old one, just cleaned it and polished it. I was able to use the new rubber gasket that came with the kit. The old bonnet nut gave me some trouble, but eventually it came loose. Part of me wanted to go ahead and replace the old cartridge but it surprisingly works fine. The handle itself isn't wanting to stay on. I bought a universal one, hoping that will fit better.","Valley shower handle I made a post a few days ago asking about this, I ultimately decided to go with the Danco trim kit. Everything fit, except for the faceplate. I reused the old one, just cleaned it and polished it. I was able to use the new rubber gasket that came with the kit. The old bonnet nut gave me some trouble, but eventually it came loose. Part of me wanted to go ahead and replace the old cartridge but it surprisingly works fine. The handle itself isn't wanting to stay on. I bought a universal one, hoping that will fit better.",https://www.reddit.com/r/Plumbing/comments/1gif8ec/valley_shower_handle/,3,0,https://www.reddit.com/gallery/1gif8ec,loose trim,needs_review_low_signal,,manual_review_pending,,low_risk_diy,0.82,cosmetic_or_minor_finish:\btrim\b,"{""low_risk_diy"": 2.2}",no,,,,,MR0278,low_risk_diy,3,Max,,
1svjopx,Plumbing,2026-04-25T18:21:27+00:00,Oatey’s No Caulk Drain,"Need some guidance here. Trying to help my daughter fix a leak in her recently installed shower base. Unit was installed by her brother in law. I have installed 3 of these with no problem but I have some questions about her install. First, he used plumbers putty on the acrylic Delta shower base. Oatey says no plumbers putty, only silicone on those type of bases. Second, the two inch pipe doesn’t extend up into the Oatey drain. Isn’t the pipe supposed to extend up into the drain assembly so the rubber gasket can compress around it? It may be that this is a variation that I am no familiar with, which is why I am asking. Bottom line, leaking badly and I need to help diagnose.","Oatey’s No Caulk Drain Need some guidance here. Trying to help my daughter fix a leak in her recently installed shower base. Unit was installed by her brother in law. I have installed 3 of these with no problem but I have some questions about her install. First, he used plumbers putty on the acrylic Delta shower base. Oatey says no plumbers putty, only silicone on those type of bases. Second, the two inch pipe doesn’t extend up into the Oatey drain. Isn’t the pipe supposed to extend up into the drain assembly so the rubber gasket can compress around it? It may be that this is a variation that I am no familiar with, which is why I am asking. Bottom line, leaking badly and I need to help diagnose.",https://www.reddit.com/r/Plumbing/comments/1svjopx/oateys_no_caulk_drain/,2,6,https://i.redd.it/qp8r4zigpdxg1.jpeg,caulk,needs_review_medium_signal,,manual_review_pending,,medium_risk_call_pro,0.67,contained_water_damage:\bleak(?:s|ing|ed)?\b; cosmetic_or_minor_finish:\bcaulk(?:ing)?\b,"{""low_risk_diy"": 2.2, ""medium_risk_call_pro"": 2.0}",yes,,,,,MR0281,needs_human_review,3,Max,,
1t6clkw,HomeMaintenance,2026-05-07T14:43:05+00:00,Is this as bad as it looks?,I just moved into a new rental yesterday and looked behind the AC closet and found this disaster. Is this as bad as it looks? The water heater is also falling apart. I’m so stressed about the mold exposure and damage to the things I just moved here. The landlord says they’ll fix it but I’m worried about there being ongoing issues in this apartment since it looks pretty serious?? Should I see if they fix it properly or try to get out?,Is this as bad as it looks? I just moved into a new rental yesterday and looked behind the AC closet and found this disaster. Is this as bad as it looks? The water heater is also falling apart. I’m so stressed about the mold exposure and damage to the things I just moved here. The landlord says they’ll fix it but I’m worried about there being ongoing issues in this apartment since it looks pretty serious?? Should I see if they fix it properly or try to get out?,https://www.reddit.com/r/HomeMaintenance/comments/1t6clkw/is_this_as_bad_as_it_looks/,10,5,https://www.reddit.com/gallery/1t6clkw,mold,needs_review_medium_signal,,manual_review_pending,,medium_risk_call_pro,0.95,trade_system_issue:\bwater heater\b; mold_or_foundation_concern:\bmold\b,"{""medium_risk_call_pro"": 4.0}",no,,,,,MR0285,medium_risk_call_pro,3,Max,,
xqjwif,askanelectrician,2022-09-28T18:09:45+00:00,At a loss with half circuit failure..,"My new construction finished basement electric worked fine for several months. I was adding some trim and using my mitre saw indoors (which I’ve used several times before in the basement) when immediately after turning on the saw I lost power to the saw and to the outlet it was plugged into. This particular outlet is on a circuit that contains three outlets, lights in the bathroom, lights to a storage area, and a light at the top of the stairs to the basement. All of these previously worked fine prior to abrupt failure after using the saw. Obviously, my first check was to check the circuit breaker, but it was fine. There are no GFCI outlets in this circuit. The lights in the storage area, the other two outlets on the circuit continue to work. What doesn’t work are the bathroom lights, a third outlet on the circuit, and the light at the top of the stairs I’ve done the following without correcting the problem: 1. Used an outlet tester that on the affected outlet is reading as ground/hot reversed. 2. Other two outlets are reading as normal. 3. From what I’ve read in other forums often times a ground/hot reversal is truly an open neutral. 4. I’ve taken apart all of the outlets none of which have a loose neutral wire and all of which are tightly attached to screws and are not backstabbed. 5. I took apart the outlet switches that control the storage area light, three gang switch box in bathroom (including vanity light, can lights, and exhaust fan and did not find any loose wiring or open neutral). 6. I’ve noticed when I turn on the light switch to control the light at the top of the stairs it changes the outlet tester from hot/brown reverse to open neutral. I took apart the can light at the top of the steps and there is no loose wiring there either. 7. I checked the basement subpanel and the circuit breaker is functioning appropriately and I did not find any loose wires in the neutral bar Any suggestions would be greatly appreciated!","At a loss with half circuit failure.. My new construction finished basement electric worked fine for several months. I was adding some trim and using my mitre saw indoors (which I’ve used several times before in the basement) when immediately after turning on the saw I lost power to the saw and to the outlet it was plugged into. This particular outlet is on a circuit that contains three outlets, lights in the bathroom, lights to a storage area, and a light at the top of the stairs to the basement. All of these previously worked fine prior to abrupt failure after using the saw. Obviously, my first check was to check the circuit breaker, but it was fine. There are no GFCI outlets in this circuit. The lights in the storage area, the other two outlets on the circuit continue to work. What doesn’t work are the bathroom lights, a third outlet on the circuit, and the light at the top of the stairs I’ve done the following without correcting the problem: 1. Used an outlet tester that on the affected outlet is reading as ground/hot reversed. 2. Other two outlets are reading as normal. 3. From what I’ve read in other forums often times a ground/hot reversal is truly an open neutral. 4. I’ve taken apart all of the outlets none of which have a loose neutral wire and all of which are tightly attached to screws and are not backstabbed. 5. I took apart the outlet switches that control the storage area light, three gang switch box in bathroom (including vanity light, can lights, and exhaust fan and did not find any loose wiring or open neutral). 6. I’ve noticed when I turn on the light switch to control the light at the top of the stairs it changes the outlet tester from hot/brown reverse to open neutral. I took apart the can light at the top of the steps and there is no loose wiring there either. 7. I checked the basement subpanel and the circuit breaker is functioning appropriately and I did not find any loose wires in the neutral bar Any suggestions would be greatly appreciated!",https://www.reddit.com/r/askanelectrician/comments/xqjwif/at_a_loss_with_half_circuit_failure/,1,11,https://www.reddit.com/r/askanelectrician/comments/xqjwif/at_a_loss_with_half_circuit_failure/,loose trim,needs_review_medium_signal,,manual_review_pending,,medium_risk_call_pro,0.67,trade_system_issue:\bbreaker\b; cosmetic_or_minor_finish:\btrim\b,"{""low_risk_diy"": 2.2, ""medium_risk_call_pro"": 2.0}",yes,,,,,MR0296,needs_human_review,3,Max,,
