reddit_id,subreddit,created_utc,title,selftext,text,permalink,score,num_comments,url,source_query,review_hint,label,label_status,label_notes,auto_label,auto_label_confidence,auto_label_reason,auto_label_scores,needs_human_review,label_source,human_label,human_review_notes,audit_agrees,manual_review_id,review_bucket,assigned_reviewer_number,assigned_reviewer,human_confidence,reviewed_at
hw8dau,MechanicAdvice,2020-07-23T03:25:00+00:00,"Tire advice? Curious how this happened, wasn't a blowout. Also with 14k on the set of tires, do I replace 1, 2, or 4? Uniroyal TigerPaw T's",,"Tire advice? Curious how this happened, wasn't a blowout. Also with 14k on the set of tires, do I replace 1, 2, or 4? Uniroyal TigerPaw T's",https://www.reddit.com/r/MechanicAdvice/comments/hw8dau/tire_advice_curious_how_this_happened_wasnt_a/,2,6,https://www.reddit.com/gallery/hw8dau,tire blowout,needs_review_unclear,,manual_review_pending,,,0.00,no_labeling_function_matched,{},yes,,,,,MR0002,needs_human_review,3,Max,,
1si8xyp,Plumbing,2026-04-11T04:16:22+00:00,Recommend a good sump pump,"my sump pump just finally failed and I’m looking to get a new one. it’s primarily for my basement that floods once in a while- im looking at various pumps on Walmart website - prices range from $60-200.. anyone steer me in the right direction? I don’t need a fancy super-powered sump pump, just a basic one that I can plug in to dry up 3-4 inches of water here and there im looking at the superior pump now - it’s $60 and has largely good reviews - your thoughts on this one?","Recommend a good sump pump my sump pump just finally failed and I’m looking to get a new one. it’s primarily for my basement that floods once in a while- im looking at various pumps on Walmart website - prices range from $60-200.. anyone steer me in the right direction? I don’t need a fancy super-powered sump pump, just a basic one that I can plug in to dry up 3-4 inches of water here and there im looking at the superior pump now - it’s $60 and has largely good reviews - your thoughts on this one?",https://www.reddit.com/r/Plumbing/comments/1si8xyp/recommend_a_good_sump_pump/,1,5,https://www.reddit.com/r/Plumbing/comments/1si8xyp/recommend_a_good_sump_pump/,flooding,needs_review_unclear,,manual_review_pending,,,0.00,no_labeling_function_matched,{},yes,,,,,MR0003,needs_human_review,3,Max,,
1lvld8r,AskMechanics,2025-07-09T15:14:44+00:00,Wiper Motor?,"My wipers have been making this sound for a few months. Changing the blades didn't make a difference. Other than the sound, they function normally. Is the motor starting to go?","Wiper Motor? My wipers have been making this sound for a few months. Changing the blades didn't make a difference. Other than the sound, they function normally. Is the motor starting to go?",https://www.reddit.com/r/AskMechanics/comments/1lvld8r/wiper_motor/,1,1,https://v.redd.it/r9jy1uis7vbf1,wiper blades,needs_review_unclear,,manual_review_pending,,,0.00,no_labeling_function_matched,{},yes,,,,,MR0005,needs_human_review,3,Max,,
1sm73zh,Plumbing,2026-04-15T14:06:17+00:00,Plumber Doesn't Guarantee Caulking,"Hello. The cartridge on my shower failed and leaked behind the wall resulting in me hiring a plumber. In addition to the caulk around the trim plate for the cartridge, the guy who did the work also replaced the caulking just on that side where the shower wall meets the tub and replaced it even though it did not need replacing. He erroneously thought that it did which is why he scraped it away and recaulked. I discovered that I’m still getting a leak and it turns out that the caulk he scraped away and replaced was done very shittily and has already cracked and water is getting through. I also noticed that the caulk on the cartridge trim plate has cracked as well although you can’t see it unless you push on the wall panel behind it. Because there is pressure between the plate and the wall, I am unsure if water can even get through this crack, but you plumbers would know better than I so I’m asking your opinion on that as well. Obviously, I can scrape this shitty caulk job off and clean it really well and do it right, but I feel the plumber needs to do it because it’s their work. This is a reputable company, and the owner just told me via text that they do not guarantee their caulking. Is this normal in the Plumbing profession? Other than writing a bad review, is there any other recourse I should look into? Or should I just cut my losses and move on? To top it all off, he was scheduled to come out and look at it this morning between 9 and 10 so I took off of work to meet him here only to receive a text message that he would not be able to make it today and that they do not guarantee their caulking. He then tried to upsell me on a $10,000 bathtub and surround!","Plumber Doesn't Guarantee Caulking Hello. The cartridge on my shower failed and leaked behind the wall resulting in me hiring a plumber. In addition to the caulk around the trim plate for the cartridge, the guy who did the work also replaced the caulking just on that side where the shower wall meets the tub and replaced it even though it did not need replacing. He erroneously thought that it did which is why he scraped it away and recaulked. I discovered that I’m still getting a leak and it turns out that the caulk he scraped away and replaced was done very shittily and has already cracked and water is getting through. I also noticed that the caulk on the cartridge trim plate has cracked as well although you can’t see it unless you push on the wall panel behind it. Because there is pressure between the plate and the wall, I am unsure if water can even get through this crack, but you plumbers would know better than I so I’m asking your opinion on that as well. Obviously, I can scrape this shitty caulk job off and clean it really well and do it right, but I feel the plumber needs to do it because it’s their work. This is a reputable company, and the owner just told me via text that they do not guarantee their caulking. Is this normal in the Plumbing profession? Other than writing a bad review, is there any other recourse I should look into? Or should I just cut my losses and move on? To top it all off, he was scheduled to come out and look at it this morning between 9 and 10 so I took off of work to meet him here only to receive a text message that he would not be able to make it today and that they do not guarantee their caulking. He then tried to upsell me on a $10,000 bathtub and surround!",https://www.reddit.com/r/Plumbing/comments/1sm73zh/plumber_doesnt_guarantee_caulking/,0,9,https://www.reddit.com/r/Plumbing/comments/1sm73zh/plumber_doesnt_guarantee_caulking/,caulk,needs_review_medium_signal,,manual_review_pending,,medium_risk_call_pro,0.87,contained_water_damage:\bleak(?:s|ing|ed)?\b; trade_system_issue:\bplumbing\b; cosmetic_or_minor_finish:\btrim\b,"{""low_risk_diy"": 2.2, ""medium_risk_call_pro"": 4.0}",no,,,,,MR0007,medium_risk_call_pro,3,Max,,
1lblqe2,AskMechanics,2025-06-14T23:07:59+00:00,"I cracked my windshield while changing wiper blades, how bad it is ? Can i repair it some how ?","I was dumb, guys , smh","I cracked my windshield while changing wiper blades, how bad it is ? Can i repair it some how ? I was dumb, guys , smh",https://www.reddit.com/r/AskMechanics/comments/1lblqe2/i_cracked_my_windshield_while_changing_wiper/,154,97,https://www.reddit.com/gallery/1lblqe2,wiper blades,needs_review_unclear,,manual_review_pending,,low_risk_diy,0.82,vehicle_low_risk_maintenance:\b(?:replace|replacing|change|changing|install|installing) (?:the )?wiper blades?\b,"{""low_risk_diy"": 2.2}",no,,,,,MR0008,low_risk_diy,3,Max,,
1sq1ytf,Plumbing,2026-04-19T19:06:04+00:00,Silicone or plumber's putty,"Bathroom seak had a leaky hot water lever/handle so I removed it in order to replace it. After removing it, I found a tiny chip out of the sink surface. The other two holes (spout and cold water are fine). To install a new one, would you just use a ring of putty around the base as usual, or does a chip like this warrant additional steps (eg, bead of silicone caulk on the chip first, or silicone only to create a better seal, etc, etc)? It's super small, and even at its deepest, not as thick as the penny next to it. Thanks very much for any help!","Silicone or plumber's putty Bathroom seak had a leaky hot water lever/handle so I removed it in order to replace it. After removing it, I found a tiny chip out of the sink surface. The other two holes (spout and cold water are fine). To install a new one, would you just use a ring of putty around the base as usual, or does a chip like this warrant additional steps (eg, bead of silicone caulk on the chip first, or silicone only to create a better seal, etc, etc)? It's super small, and even at its deepest, not as thick as the penny next to it. Thanks very much for any help!",https://www.reddit.com/r/Plumbing/comments/1sq1ytf/silicone_or_plumbers_putty/,0,10,https://www.reddit.com/gallery/1sq1ytf,caulk,needs_review_low_signal,,manual_review_pending,,low_risk_diy,0.82,cosmetic_or_minor_finish:\bcaulk(?:ing)?\b,"{""low_risk_diy"": 2.2}",no,,,,,MR0013,low_risk_diy,3,Max,,
uqaj8e,HomeImprovement,2022-05-15T17:08:07+00:00,"Is it true that you should ""Never Sand a Deck""","I'm buying a new home, and the deck needs resurfacing, there is some paint peeling off, in several places. That will be the first project I do. As I did some research online I see one person claiming you should never sand a deck. Stating that you will [remove the ""teeth""](https://www.elegantpainting.com/things-you-should-never-do-to-your-deck/) and the stain won't stick to the wood well. I find this counterintuitive as most people think sanding it first will help the stain stick. It's also very common that people sand a deck before they stain it, both pros and homeowners. Is this teeth thing true? Also, people claim it's too hard to sand the boards well because they are close together and have different heights. For this, I figure it may be hard work, but doable. You would need to hand sand several spots or use a smaller power sander. The other options are clean, power wash, paint strippers, etc. Which I fear may be difficult to get the old stain off, and you risk getting paint stripper on the house siding. I'm not sure if there are other options. This [guy makes a case](https://www.sand-stain.com/blog/5-reasons-you-should-never-sand-pressure-treated-wood) that you should never sand \*pressure-treated\* wood. (It won't look as nice, you'll be breathing in the chemicals when you sand, etc). Okay, I get that, and maybe my deck is built out of pressure-treated wood. I'll have to confirm that before I start the project. But if it's not pressure-treated wood, then is it okay to sand? Here's a [photo of the deck](https://imgur.com/a/prQaQVx), which hides the damage, unfortunately. I can get a better photo when I move in. (I guess I will need to call a wood expert to tell me if it's pressure-treated wood). Maybe I should try to determine why it peeled off in the first place. I was reading online that if a good quality stain is used, you shouldn't get peeling. &#x200B; Edit: Update after doing the project. Some stuff I learned as a DIYer 1. You really want to avoid sanding your deck if you don't need to. See if you can just go over it with a stain and see how it will look. 2. Try harder than I did to determine what product is already on there. Get samples to try and match the color. Ask the previous owners if you can. Is it solid or semi solid stain? These are very different not just in how they look, but in how they physically work. How they adhere to the wood, etc. 3. Some stains you can just go over again if you have the same or darker color, i.e. if you are jsut dealing with a faded color on your deck. So you can just use a cleaner and brightener product and then stain it). Its worth at least trying it in a few spots, before you commit to sanding your whole deck, which is an insanely long and hard project, and has some risk of vibration injuries. 4. You need to research everything you use on the deck well. Wood fillers, and stains. Make sure they will all look good together 5. If you know what product is on your deck, call the company for advice on how to recoat it. They will tell you whether or not its necessary to strip it off first. They will know best One major thing I learned which was really hard to learn online in my initial research online and talking to the guy at Lowes is that SOLID STAIN IS COMPLETELY DIFFERENT FROM OTHER STAINS. I.e. different from transparent and semi-solid stains (semi-transparent by some manufacturers, like Valspar). Solid stain is very similar to paint, except different. It's thick and goopy and will actually layer on top of wood. While other stains, stain the wood, literally changing the color of the wood. I believe it will sand off a bit easier than other types of stain, so that may be a way to tell if its already on your deck. They often use different formulas too. My solid stain is acrylic based, so you get a kind of plastically look to it. I believe there are oil-based ones as well (which may work a bit differently, I am not sure). Solid stain has some downsides. It will hide the grain of the wood almost entirely, so many don't like this look. Solid stain has a tendency to peel off over time, or if the prep work was done wrong, or if you used too much, etc. While other stains will fade instead.However, some like it because it gives a nice clear color, and hides all the imperfections. So All that wood filler and Bondo I put on the deck is virtually invisible. I suspect stains might look quite bad ontop of fillers, especially if they say they are not stainable like Bondo. (woops, don't use Bondo to repair damaged wood if you want to stain it, you will have a weird color in the spot, and you may even need to use primer to even make it adhere at all.). Ma I ended up using a Cabbot brand solid stain for this project, but I kind of regret it, it looks okay, but I think the semi solid stain would look nicer. and have matches what was already there better. I called Cabbot on the phone (good experience, easy to get a hold of a knowledgable person) . They said if it peels off and you want to repair it, just clean the affected areas and lightly sand 150 grit (just to rough up the surface) and apply another coat of the solid stain. They claim it should last 3-5 years, sometimes more. But you may need to patch area which were not prepped properly, or have other issues causing it to come off (like a broken gutter causing too much drip in one spot). I don't love it, I don't hate it, so I am keeping it as its not worth the hastle to sand it all off again and go for a semi solid stain. Hopefully this info would help someone some day.","Is it true that you should ""Never Sand a Deck"" I'm buying a new home, and the deck needs resurfacing, there is some paint peeling off, in several places. That will be the first project I do. As I did some research online I see one person claiming you should never sand a deck. Stating that you will [remove the ""teeth""](https://www.elegantpainting.com/things-you-should-never-do-to-your-deck/) and the stain won't stick to the wood well. I find this counterintuitive as most people think sanding it first will help the stain stick. It's also very common that people sand a deck before they stain it, both pros and homeowners. Is this teeth thing true? Also, people claim it's too hard to sand the boards well because they are close together and have different heights. For this, I figure it may be hard work, but doable. You would need to hand sand several spots or use a smaller power sander. The other options are clean, power wash, paint strippers, etc. Which I fear may be difficult to get the old stain off, and you risk getting paint stripper on the house siding. I'm not sure if there are other options. This [guy makes a case](https://www.sand-stain.com/blog/5-reasons-you-should-never-sand-pressure-treated-wood) that you should never sand \*pressure-treated\* wood. (It won't look as nice, you'll be breathing in the chemicals when you sand, etc). Okay, I get that, and maybe my deck is built out of pressure-treated wood. I'll have to confirm that before I start the project. But if it's not pressure-treated wood, then is it okay to sand? Here's a [photo of the deck](https://imgur.com/a/prQaQVx), which hides the damage, unfortunately. I can get a better photo when I move in. (I guess I will need to call a wood expert to tell me if it's pressure-treated wood). Maybe I should try to determine why it peeled off in the first place. I was reading online that if a good quality stain is used, you shouldn't get peeling. &#x200B; Edit: Update after doing the project. Some stuff I learned as a DIYer 1. You really want to avoid sanding your deck if you don't need to. See if you can just go over it with a stain and see how it will look. 2. Try harder than I did to determine what product is already on there. Get samples to try and match the color. Ask the previous owners if you can. Is it solid or semi solid stain? These are very different not just in how they look, but in how they physically work. How they adhere to the wood, etc. 3. Some stains you can just go over again if you have the same or darker color, i.e. if you are jsut dealing with a faded color on your deck. So you can just use a cleaner and brightener product and then stain it). Its worth at least trying it in a few spots, before you commit to sanding your whole deck, which is an insanely long and hard project, and has some risk of vibration injuries. 4. You need to research everything you use on the deck well. Wood fillers, and stains. Make sure they will all look good together 5. If you know what product is on your deck, call the company for advice on how to recoat it. They will tell you whether or not its necessary to strip it off first. They will know best One major thing I learned which was really hard to learn online in my initial research online and talking to the guy at Lowes is that SOLID STAIN IS COMPLETELY DIFFERENT FROM OTHER STAINS. I.e. different from transparent and semi-solid stains (semi-transparent by some manufacturers, like Valspar). Solid stain is very similar to paint, except different. It's thick and goopy and will actually layer on top of wood. While other stains, stain the wood, literally changing the color of the wood. I believe it will sand off a bit easier than other types of stain, so that may be a way to tell if its already on your deck. They often use different formulas too. My solid stain is acrylic based, so you get a kind of plastically look to it. I believe there are oil-based ones as well (which may work a bit differently, I am not sure). Solid stain has some downsides. It will hide the grain of the wood almost entirely, so many don't like this look. Solid stain has a tendency to peel off over time, or if the prep work was done wrong, or if you used too much, etc. While other stains will fade instead.However, some like it because it gives a nice clear color, and hides all the imperfections. So All that wood filler and Bondo I put on the deck is virtually invisible. I suspect stains might look quite bad ontop of fillers, especially if they say they are not stainable like Bondo. (woops, don't use Bondo to repair damaged wood if you want to stain it, you will have a weird color in the spot, and you may even need to use primer to even make it adhere at all.). Ma I ended up using a Cabbot brand solid stain for this project, but I kind of regret it, it looks okay, but I think the semi solid stain would look nicer. and have matches what was already there better. I called Cabbot on the phone (good experience, easy to get a hold of a knowledgable person) . They said if it peels off and you want to repair it, just clean the affected areas and lightly sand 150 grit (just to rough up the surface) and apply another coat of the solid stain. They claim it should last 3-5 years, sometimes more. But you may need to patch area which were not prepped properly, or have other issues causing it to come off (like a broken gutter causing too much drip in one spot). I don't love it, I don't hate it, so I am keeping it as its not worth the hastle to sand it all off again and go for a semi solid stain. Hopefully this info would help someone some day.",https://www.reddit.com/r/HomeImprovement/comments/uqaj8e/is_it_true_that_you_should_never_sand_a_deck/,52,45,https://www.reddit.com/r/HomeImprovement/comments/uqaj8e/is_it_true_that_you_should_never_sand_a_deck/,oil change,needs_review_low_signal,,manual_review_pending,,low_risk_diy,0.82,cosmetic_or_minor_finish:\bpaint(?:ing|ed)?\b,"{""low_risk_diy"": 2.2}",no,,,,,MR0014,low_risk_diy,3,Max,,
1si90jp,Plumbing,2026-04-11T04:20:05+00:00,Confused on how this sump pump operates,"Now that the snow is finally coming to an end and everything is thawing i decided to check out my sump pump. i’m a new homeowner and im a little confused on why my sump pump has a hose that runs back into the ground and it’s filled with water. i thought the black abs pipe in the back was my discharge but when i jump the float switch, water is pumping back into where the corrugated hose js. Any help at all is appreciated! Update: Thanks for the replies! My sump pump indeed runs into the city sewage and apparently my neighbors all have theirs the same way. Previous owner apparently had flooding issues and this is what he did to prevent it.","Confused on how this sump pump operates Now that the snow is finally coming to an end and everything is thawing i decided to check out my sump pump. i’m a new homeowner and im a little confused on why my sump pump has a hose that runs back into the ground and it’s filled with water. i thought the black abs pipe in the back was my discharge but when i jump the float switch, water is pumping back into where the corrugated hose js. Any help at all is appreciated! Update: Thanks for the replies! My sump pump indeed runs into the city sewage and apparently my neighbors all have theirs the same way. Previous owner apparently had flooding issues and this is what he did to prevent it.",https://www.reddit.com/r/Plumbing/comments/1si90jp/confused_on_how_this_sump_pump_operates/,3,3,https://www.reddit.com/gallery/1si90jp,flooding,needs_review_urgent_signal,,manual_review_pending,,urgent_safety_risk,0.90,active_flooding_or_sewage:\bflooding\b,"{""urgent_safety_risk"": 3.0}",no,,,,,MR0027,urgent_safety_risk,3,Max,,
13ktfpn,HomeImprovement,2023-05-18T09:10:34+00:00,My dryer was giving off a very strong smell,"I believe it’s a gas dryer, my mom was using it and it started giving off a really weird burnt propane like smell. It was a strong scent, even when it wasn’t open. We shut it off and the smell has diminished almost completely. Now I’m scared of a carbon monoxide leak. I have detectors near the dryer but what if they don’t work?","My dryer was giving off a very strong smell I believe it’s a gas dryer, my mom was using it and it started giving off a really weird burnt propane like smell. It was a strong scent, even when it wasn’t open. We shut it off and the smell has diminished almost completely. Now I’m scared of a carbon monoxide leak. I have detectors near the dryer but what if they don’t work?",https://www.reddit.com/r/HomeImprovement/comments/13ktfpn/my_dryer_was_giving_off_a_very_strong_smell/,2,10,https://www.reddit.com/r/HomeImprovement/comments/13ktfpn/my_dryer_was_giving_off_a_very_strong_smell/,gas smell,needs_review_urgent_signal,,manual_review_pending,,urgent_safety_risk,0.92,gas_or_carbon_monoxide:\bcarbon monoxide\b; contained_water_damage:\bleak(?:s|ing|ed)?\b,"{""medium_risk_call_pro"": 2.0, ""urgent_safety_risk"": 4.0}",no,,,,,MR0028,urgent_safety_risk,3,Max,,
1ts8t89,AskMechanics,2026-05-30T19:18:46+00:00,E300 transmission slip 2017,"I have a e300 2017 about a year ago it started giving symptoms of transmission slip but I didn’t know it was that. I was driving with it for a year but I just got my transmission oil change at 107 k miles yesterday. I never did a oil change for the transmission luckily the mechanic at Benz told me that there was no metal in the oil and that it was only low and burnt after he change it the car drives way better and smother, the only problem is that the car doesn’t want to go past 60 like it does but it takes a long time. I remember hitting it and it would go to 80-100 mph easily what could it be he told me that there were no codes either so idk would it be my turbo charger ?","E300 transmission slip 2017 I have a e300 2017 about a year ago it started giving symptoms of transmission slip but I didn’t know it was that. I was driving with it for a year but I just got my transmission oil change at 107 k miles yesterday. I never did a oil change for the transmission luckily the mechanic at Benz told me that there was no metal in the oil and that it was only low and burnt after he change it the car drives way better and smother, the only problem is that the car doesn’t want to go past 60 like it does but it takes a long time. I remember hitting it and it would go to 80-100 mph easily what could it be he told me that there were no codes either so idk would it be my turbo charger ?",https://www.reddit.com/r/AskMechanics/comments/1ts8t89/e300_transmission_slip_2017/,2,1,https://www.reddit.com/r/AskMechanics/comments/1ts8t89/e300_transmission_slip_2017/,transmission slipping,needs_review_unclear,,manual_review_pending,,medium_risk_call_pro,0.67,vehicle_mechanical_system_issue:\btransmission\b; vehicle_low_risk_maintenance:\boil change\b,"{""low_risk_diy"": 2.2, ""medium_risk_call_pro"": 2.0}",yes,,,,,MR0036,needs_human_review,3,Max,,
1twc4w0,Plumbing,2026-06-04T03:42:40+00:00,Ideas?,Customer in mobile home installed a toilet with a rubber seal instead of wax. Flange was broke so they used a one piece repair kit that sits on top of flange and bolted into floor. Toilet now sits uneven with about a 1/8 inch of movement left to right. No visible leaks from the sides or back after multiple flushes. Would shims and front caulking be a good option? Or trying to redo a new flange and sitting more flush?,Ideas? Customer in mobile home installed a toilet with a rubber seal instead of wax. Flange was broke so they used a one piece repair kit that sits on top of flange and bolted into floor. Toilet now sits uneven with about a 1/8 inch of movement left to right. No visible leaks from the sides or back after multiple flushes. Would shims and front caulking be a good option? Or trying to redo a new flange and sitting more flush?,https://www.reddit.com/r/Plumbing/comments/1twc4w0/ideas/,2,9,https://i.redd.it/i7frinw4t65h1.jpeg,caulk,needs_review_medium_signal,,manual_review_pending,,medium_risk_call_pro,0.67,contained_water_damage:\bleak(?:s|ing|ed)?\b; cosmetic_or_minor_finish:\bcaulk(?:ing)?\b,"{""low_risk_diy"": 2.2, ""medium_risk_call_pro"": 2.0}",yes,,,,,MR0037,needs_human_review,3,Max,,
13ds359,askanelectrician,2023-05-10T14:19:13+00:00,My light bulbs keep burning out. My electricians are baffled. Help! (long),"Hi all, I'm going to be overly detailed because I'm desperate and I don't know what facts might be relevant. Five years ago I moved into an apartment in a brand-new building. There is an ongoing lawsuit against the builders due to a large number of issues, especially with sealant between floor tiles and water damage and other things. As far as I know nobody else in the building is having electrical issues. As far as I know. At the time we moved in, we had built-in LEDs throughout the house - those annoying ones connected directly to the mains. Even if I knew how to replace them safely, which I don't, in this country I'm *legally* not allowed to without calling a licensed electrician. But they're supposed to last for 10 years, which theoretically offsets the inconvenience. The only parts of the house that didn't have them were the dining room and the main corridor, which had standard E27 bulbs. A year and a half ago, the first built-in LED burned out - seven years before it was supposed to. I realized that even if they last ten years, calling an electrician to replace them one by one (or living in partial darkness until enough of them burn out to make it worth it) would be really annoying and expensive. So I decided that instead of paying the per-visit surcharge over and over again, I'd replace them all in one go. I bought a bunch of E27 light fixtures from Ikea, and invited an electrician to come and replace them. I also realized I would need bulbs. I don't buy anything made in China (my wife does; she had been buying Chinese E27 LEDs for the dining room and corridor throughout the previous 3 years), so I searched and searched until I found E27 LEDs made elsewhere. It's not easy to find those in this country; it took me weeks. The only ones I could find were Ukraine-made bulbs that had dimmers built into them. I double-checked: putting a dimmer bulb into a non-dimmer base is supposedly fine, as long as you don't do the opposite. So I bought a box of 10. Five days before the electrician came, one of the E27s in the corridor burned out. A chance to try out my new Ukrainian light bulbs, before we replace the other light fixtures! I replaced the bulb with much fanfare. The next morning, I discovered it had burned out overnight. Is it possible I just a bad light bulb? I replaced it with another. The next morning I woke up to discover it had not only burned out but also flipped the fuse for the entire house. Cue my wife mocking me for my boycott of China. I took the Ukrainian bulbs back to the store; they said they hadn't gotten any other complains, and maybe I just got a bad box or something. They replaced the box for free. The next day the electrician came and replaced all the light fixtures; I put the Ukrainian E27 LEDs throughout the house. By the end of the week, seven bulbs had burned out. One bulb, when it burned out, gave a distressing sizzling noise and popped the fuse for the entire house again; when removing it, I noticed that it had black burn marks on the edges. I removed all of the Ukrainian bulbs and my wife bought and installed Chinese E27 LEDs with no dimmer. But they're still burning out at a ridiculous rate. The bulb over the sink in the kitchen has burned out three times in the last six months alone; we've replaced both bulbs in the master bedroom twice. Every bulb I install in the girls' room burns out ""halfway"" in some strange fashion - a week after installing, it suddenly starts giving off half as much light as it did before. My wife is no longer mocking me for the Ukrainian bulbs, because it's clear we have some sort of more basic problem throughout the house, which remained mostly unnoticed when we only had 5 E27s but is painfully evident now that we have 19. My wife has noted that she thinks that all along she'd been replacing bulbs in the dining room more regularity than she should have. I've had three electricians look at it; the most recent one has also tried asking about it in various local WhatsApp groups. None of them have any idea what's going on. The voltage is a steady 230V whenever he checks it, though if the burnouts are caused by intermittent fluctuations it might just be happening when he's not there. We've checked that the wattages of the bulbs don't exceed those of the housing; one bulb did, which we replaced just in case, but the rest are okay. One electrician found that a previous electrician had unsafely routed all of the house's lighting circuits through a single 24-hour timer when he installed the timer in the circuit board for us three years earlier; he undid this, hoping it was the cause, but the burnouts continue. The most mystifying part is that it's just the light bulbs. Nothing else in the house - laptops, large and small appliances, phone charges, aquarium pump - has died mysteriously. To a certain extent I'm regretting getting rid of the built-in LEDs, although I also suspect that whatever problem we have on that circuit is also the reason the first built-in burned out after only 3 years. Maybe the others would have burned out ridiculously early too, if we had kept them. But regardless of regrets, we're spending literally thirty dollars a month on light bulbs, and we can't afford to. Help!","My light bulbs keep burning out. My electricians are baffled. Help! (long) Hi all, I'm going to be overly detailed because I'm desperate and I don't know what facts might be relevant. Five years ago I moved into an apartment in a brand-new building. There is an ongoing lawsuit against the builders due to a large number of issues, especially with sealant between floor tiles and water damage and other things. As far as I know nobody else in the building is having electrical issues. As far as I know. At the time we moved in, we had built-in LEDs throughout the house - those annoying ones connected directly to the mains. Even if I knew how to replace them safely, which I don't, in this country I'm *legally* not allowed to without calling a licensed electrician. But they're supposed to last for 10 years, which theoretically offsets the inconvenience. The only parts of the house that didn't have them were the dining room and the main corridor, which had standard E27 bulbs. A year and a half ago, the first built-in LED burned out - seven years before it was supposed to. I realized that even if they last ten years, calling an electrician to replace them one by one (or living in partial darkness until enough of them burn out to make it worth it) would be really annoying and expensive. So I decided that instead of paying the per-visit surcharge over and over again, I'd replace them all in one go. I bought a bunch of E27 light fixtures from Ikea, and invited an electrician to come and replace them. I also realized I would need bulbs. I don't buy anything made in China (my wife does; she had been buying Chinese E27 LEDs for the dining room and corridor throughout the previous 3 years), so I searched and searched until I found E27 LEDs made elsewhere. It's not easy to find those in this country; it took me weeks. The only ones I could find were Ukraine-made bulbs that had dimmers built into them. I double-checked: putting a dimmer bulb into a non-dimmer base is supposedly fine, as long as you don't do the opposite. So I bought a box of 10. Five days before the electrician came, one of the E27s in the corridor burned out. A chance to try out my new Ukrainian light bulbs, before we replace the other light fixtures! I replaced the bulb with much fanfare. The next morning, I discovered it had burned out overnight. Is it possible I just a bad light bulb? I replaced it with another. The next morning I woke up to discover it had not only burned out but also flipped the fuse for the entire house. Cue my wife mocking me for my boycott of China. I took the Ukrainian bulbs back to the store; they said they hadn't gotten any other complains, and maybe I just got a bad box or something. They replaced the box for free. The next day the electrician came and replaced all the light fixtures; I put the Ukrainian E27 LEDs throughout the house. By the end of the week, seven bulbs had burned out. One bulb, when it burned out, gave a distressing sizzling noise and popped the fuse for the entire house again; when removing it, I noticed that it had black burn marks on the edges. I removed all of the Ukrainian bulbs and my wife bought and installed Chinese E27 LEDs with no dimmer. But they're still burning out at a ridiculous rate. The bulb over the sink in the kitchen has burned out three times in the last six months alone; we've replaced both bulbs in the master bedroom twice. Every bulb I install in the girls' room burns out ""halfway"" in some strange fashion - a week after installing, it suddenly starts giving off half as much light as it did before. My wife is no longer mocking me for the Ukrainian bulbs, because it's clear we have some sort of more basic problem throughout the house, which remained mostly unnoticed when we only had 5 E27s but is painfully evident now that we have 19. My wife has noted that she thinks that all along she'd been replacing bulbs in the dining room more regularity than she should have. I've had three electricians look at it; the most recent one has also tried asking about it in various local WhatsApp groups. None of them have any idea what's going on. The voltage is a steady 230V whenever he checks it, though if the burnouts are caused by intermittent fluctuations it might just be happening when he's not there. We've checked that the wattages of the bulbs don't exceed those of the housing; one bulb did, which we replaced just in case, but the rest are okay. One electrician found that a previous electrician had unsafely routed all of the house's lighting circuits through a single 24-hour timer when he installed the timer in the circuit board for us three years earlier; he undid this, hoping it was the cause, but the burnouts continue. The most mystifying part is that it's just the light bulbs. Nothing else in the house - laptops, large and small appliances, phone charges, aquarium pump - has died mysteriously. To a certain extent I'm regretting getting rid of the built-in LEDs, although I also suspect that whatever problem we have on that circuit is also the reason the first built-in burned out after only 3 years. Maybe the others would have burned out ridiculously early too, if we had kept them. But regardless of regrets, we're spending literally thirty dollars a month on light bulbs, and we can't afford to. Help!",https://www.reddit.com/r/askanelectrician/comments/13ds359/my_light_bulbs_keep_burning_out_my_electricians/,1,4,https://www.reddit.com/r/askanelectrician/comments/13ds359/my_light_bulbs_keep_burning_out_my_electricians/,electrical issue,needs_review_medium_signal,,manual_review_pending,,medium_risk_call_pro,0.80,contained_water_damage:\bwater damage(?:d)?\b,"{""medium_risk_call_pro"": 2.0}",no,,,,,MR0041,medium_risk_call_pro,3,Max,,
1awnlb3,DIY,2024-02-21T21:15:02+00:00,Hung a Ceiling Fan and the Box Promptly Fell From the Ceiling. Was Never Screwed Into the 2x4. How Do You Recommend I Fix This?,"I swear that if it's not one thing, it's another with this place. Had what was supposed to be an acceptable ceiling fan mount holding a chandelier. Removed it to install the ceiling fan. Promptly came loose from the ceiling, and appears that it was simply just resting on top of the drywall. Wasn't screwed into the sides of the 2x4. Without going balls and needing to replace drywall around this, is there a way to support it back up in there where it'll be safe enough to hold a ceiling fan? I cannot access from above, so going from underneath is the only option. I have a long extension I could use to get a few screws in there, and then a large round decorative trim piece to cover the cracks. It's a shit way to do it IMO, but at least it would be nice enough for a temp fix until we have someone do more work in the house, which isn't too far off. https://preview.redd.it/bzv73x0y70kc1.jpg?width=1073&format=pjpg&auto=webp&s=f14826ee3857e8d9a30ed17d74700538c50d35c6","Hung a Ceiling Fan and the Box Promptly Fell From the Ceiling. Was Never Screwed Into the 2x4. How Do You Recommend I Fix This? I swear that if it's not one thing, it's another with this place. Had what was supposed to be an acceptable ceiling fan mount holding a chandelier. Removed it to install the ceiling fan. Promptly came loose from the ceiling, and appears that it was simply just resting on top of the drywall. Wasn't screwed into the sides of the 2x4. Without going balls and needing to replace drywall around this, is there a way to support it back up in there where it'll be safe enough to hold a ceiling fan? I cannot access from above, so going from underneath is the only option. I have a long extension I could use to get a few screws in there, and then a large round decorative trim piece to cover the cracks. It's a shit way to do it IMO, but at least it would be nice enough for a temp fix until we have someone do more work in the house, which isn't too far off. https://preview.redd.it/bzv73x0y70kc1.jpg?width=1073&format=pjpg&auto=webp&s=f14826ee3857e8d9a30ed17d74700538c50d35c6",https://www.reddit.com/r/DIY/comments/1awnlb3/hung_a_ceiling_fan_and_the_box_promptly_fell_from/,0,8,https://www.reddit.com/r/DIY/comments/1awnlb3/hung_a_ceiling_fan_and_the_box_promptly_fell_from/,loose trim,needs_review_low_signal,,manual_review_pending,,low_risk_diy,0.82,cosmetic_or_minor_finish:\btrim\b,"{""low_risk_diy"": 2.2}",no,,,,,MR0043,low_risk_diy,3,Max,,
1tvp4ji,HomeImprovement,2026-06-03T13:18:37+00:00,Home Repair Questions,"Not sure if this is the right place to start but I'm between a rock and a hard place currently. Over a year ago I found out my home that we have been living it had extensive water damage. The realtor was the first person we contacted, they told us we were essentially screwed due to the wording of the agreement. My next step was to start working on repairs myself. I have been slowly chipping away at this house. What I thought was the worst of it came first. Just replace the shower and bathroom floor, because at the time I thought it was just the shower leaking. The shower was terribly installed and was seeping water into the floor causing the floor to be soft. Turns out that was not everything that was going on. The house also was taking on ground water which caused all the insulation in the subfloor to turn into a soupy mess and the mold became rampant. We installed a perimeter drain to divert water away from the house. We have replaced 3 external walls, all the windows and doors were improperly installed so they had rot all around them. The dining room was built on a concrete pad so we got that cleaned up and rebuilt. The rest of the floors were sitting on rotted floor joists. The only solution we have been able to come up with is to support the walls somehow and pour concrete to essential turn the house into being on a slab. Work has been slow so only 40 hours a week has basically made it impossible for me to save the 5 grand I need to finish the floors and be able to get a bathroom in the place and move my family back in. My wife is due with number 2 in August, and what turned into a week long project has now spanned over a year. We tried relentlessly to get in contact with a lawyer to see if we have any legal recourse and the only lawyer that returned our call sounding interested told us that they cannot represent us because it would be a conflict of interest, so I'm sure they represent the people we bought this house from. The credit union I went to said that we would have to have the home appraised for a HELOC and this place would be appraised at nothing at this point. We tried for the Title 1 home improvement loan and they denied us, we got behind on a few house payments while working on the place, that hurt the credit, which we are currently making double payments on the house each month to get back on track, bank said double payments, no option for forbearance or pushing to the end of the mortgage. We are just outside of the USDA rural area. The challenge we are facing is we make too much to qualify for most aid. But not enough for forward progress on the house. I need any tips, any help, I'm close to being done and just going the bankruptcy or foreclosure route but I figured I'd turn to social media for advice before I go down that road. TLDR: House has bad water damage. I cannot afford to continue fixing.","Home Repair Questions Not sure if this is the right place to start but I'm between a rock and a hard place currently. Over a year ago I found out my home that we have been living it had extensive water damage. The realtor was the first person we contacted, they told us we were essentially screwed due to the wording of the agreement. My next step was to start working on repairs myself. I have been slowly chipping away at this house. What I thought was the worst of it came first. Just replace the shower and bathroom floor, because at the time I thought it was just the shower leaking. The shower was terribly installed and was seeping water into the floor causing the floor to be soft. Turns out that was not everything that was going on. The house also was taking on ground water which caused all the insulation in the subfloor to turn into a soupy mess and the mold became rampant. We installed a perimeter drain to divert water away from the house. We have replaced 3 external walls, all the windows and doors were improperly installed so they had rot all around them. The dining room was built on a concrete pad so we got that cleaned up and rebuilt. The rest of the floors were sitting on rotted floor joists. The only solution we have been able to come up with is to support the walls somehow and pour concrete to essential turn the house into being on a slab. Work has been slow so only 40 hours a week has basically made it impossible for me to save the 5 grand I need to finish the floors and be able to get a bathroom in the place and move my family back in. My wife is due with number 2 in August, and what turned into a week long project has now spanned over a year. We tried relentlessly to get in contact with a lawyer to see if we have any legal recourse and the only lawyer that returned our call sounding interested told us that they cannot represent us because it would be a conflict of interest, so I'm sure they represent the people we bought this house from. The credit union I went to said that we would have to have the home appraised for a HELOC and this place would be appraised at nothing at this point. We tried for the Title 1 home improvement loan and they denied us, we got behind on a few house payments while working on the place, that hurt the credit, which we are currently making double payments on the house each month to get back on track, bank said double payments, no option for forbearance or pushing to the end of the mortgage. We are just outside of the USDA rural area. The challenge we are facing is we make too much to qualify for most aid. But not enough for forward progress on the house. I need any tips, any help, I'm close to being done and just going the bankruptcy or foreclosure route but I figured I'd turn to social media for advice before I go down that road. TLDR: House has bad water damage. I cannot afford to continue fixing.",https://www.reddit.com/r/HomeImprovement/comments/1tvp4ji/home_repair_questions/,1,4,https://www.reddit.com/r/HomeImprovement/comments/1tvp4ji/home_repair_questions/,leak,needs_review_medium_signal,,manual_review_pending,,medium_risk_call_pro,0.95,contained_water_damage:\bleak(?:s|ing|ed)?\b; mold_or_foundation_concern:\bmold\b,"{""medium_risk_call_pro"": 4.0}",no,,,,,MR0049,medium_risk_call_pro,3,Max,,
zngns8,HomeImprovement,2022-12-16T15:01:47+00:00,Electricity Cost?,"Hey there everyone, I just assumed control over taking care of the bills at a house in VA. Would the proper way to find out why the electricity bill is so high via a energy audit or another way? The reason I ask is because I paid the electric bill for this month and the total was $569.... Mind you, this is apparently ""cheaper"" than the average monthly rate of $650-750... Which sounds extremely high for a house this size. Total Square Footage: 1776 Stories: 3 Floors (Technically, a library is on the 3rd floor but only 2 livable floors). Ceiling Type: cathedral vaulting Heat/AC: Heatpump, no oil. I live alone, and am trying to figure out why exactly the monthly cost is $500+.. New home-owner, what could the issue be? For context, below is my monthly Usage data. This month I'm sitting at 3823 kWh, last month was 3151... summer months were 6000+.. This is my first time doing any of this so I really didn't know the cost of owning this house. It says the following on my bill. Billable Usage: Schedule 1 - 11/08-12/09 Total kWh - 3823 Measured Usage 11/08-12/09 Current reading: 33895 Previous Reading: 30072 Total kWh: 3823 Breakdown of cost basis: Residential (Schedule 1) 11-08/12-09 Distribution services: 79.94 Electricity Supply Svc (ESS) - Generation: 180.20/Transmission: 49.35 - Fuel: 135.25 Average Rate in my area for my service provider(Dominion Power) - 11.66c per kWh.. For general info, I live here alone. Just had the AC/heat pump replaced entirely, haven't gotten the water heater changed yet.. but this sounds insane to me for a house of this size. For reference on the vaulted ceilings and window types: https://imgur.com/a/dgcQSMq","Electricity Cost? Hey there everyone, I just assumed control over taking care of the bills at a house in VA. Would the proper way to find out why the electricity bill is so high via a energy audit or another way? The reason I ask is because I paid the electric bill for this month and the total was $569.... Mind you, this is apparently ""cheaper"" than the average monthly rate of $650-750... Which sounds extremely high for a house this size. Total Square Footage: 1776 Stories: 3 Floors (Technically, a library is on the 3rd floor but only 2 livable floors). Ceiling Type: cathedral vaulting Heat/AC: Heatpump, no oil. I live alone, and am trying to figure out why exactly the monthly cost is $500+.. New home-owner, what could the issue be? For context, below is my monthly Usage data. This month I'm sitting at 3823 kWh, last month was 3151... summer months were 6000+.. This is my first time doing any of this so I really didn't know the cost of owning this house. It says the following on my bill. Billable Usage: Schedule 1 - 11/08-12/09 Total kWh - 3823 Measured Usage 11/08-12/09 Current reading: 33895 Previous Reading: 30072 Total kWh: 3823 Breakdown of cost basis: Residential (Schedule 1) 11-08/12-09 Distribution services: 79.94 Electricity Supply Svc (ESS) - Generation: 180.20/Transmission: 49.35 - Fuel: 135.25 Average Rate in my area for my service provider(Dominion Power) - 11.66c per kWh.. For general info, I live here alone. Just had the AC/heat pump replaced entirely, haven't gotten the water heater changed yet.. but this sounds insane to me for a house of this size. For reference on the vaulted ceilings and window types: https://imgur.com/a/dgcQSMq",https://www.reddit.com/r/HomeImprovement/comments/zngns8/electricity_cost/,5,70,https://www.reddit.com/r/HomeImprovement/comments/zngns8/electricity_cost/,oil change,needs_review_medium_signal,,manual_review_pending,,medium_risk_call_pro,0.95,trade_system_issue:\bwater heater\b; vehicle_mechanical_system_issue:\btransmission\b,"{""medium_risk_call_pro"": 4.0}",no,,,,,MR0052,medium_risk_call_pro,3,Max,,
10eh3gh,askanelectrician,2023-01-17T16:55:38+00:00,Wall Outlet Damage Concern,"This question concerns an outlet in a kitchen that is not GFCI. The plug of an appliance may have accidentally been plugged in while the prongs were ""damp"" from unseen moisture that was picked up from the kitchen counter just prior. At the worst, there was something like one tiny drop of water on one prong, and micro-drops of water on the other, like a film. There was potentially one tiny blue spark at the point of contact at the moment of being plugged in, but there was no smoke, fire, or sparking deep within the outlet. The outlet is probably older than 20 years. To the untrained layman's eye, the outlet and the appliance currently appear to be working as normal. With the action of unplugging and re-plugging and running the appliance, there are no unusual signs or symptoms. I'm just concerned about what may happen in the future, like if I should be concerned about a fire. My own amateur attempt to answer my own question is that I don't think it was enough water to ""complete the circuit"" between the two prongs, or even opposite sides of the inside of the same outlet. So perhaps nothing is damaged to the point of a fire. Please let me know what I should think and what I should do moving forward to ensure my and my house's safety. (I already know to fully ensure a plug is dry before using. This was a hasty mistake.) Thank you.","Wall Outlet Damage Concern This question concerns an outlet in a kitchen that is not GFCI. The plug of an appliance may have accidentally been plugged in while the prongs were ""damp"" from unseen moisture that was picked up from the kitchen counter just prior. At the worst, there was something like one tiny drop of water on one prong, and micro-drops of water on the other, like a film. There was potentially one tiny blue spark at the point of contact at the moment of being plugged in, but there was no smoke, fire, or sparking deep within the outlet. The outlet is probably older than 20 years. To the untrained layman's eye, the outlet and the appliance currently appear to be working as normal. With the action of unplugging and re-plugging and running the appliance, there are no unusual signs or symptoms. I'm just concerned about what may happen in the future, like if I should be concerned about a fire. My own amateur attempt to answer my own question is that I don't think it was enough water to ""complete the circuit"" between the two prongs, or even opposite sides of the inside of the same outlet. So perhaps nothing is damaged to the point of a fire. Please let me know what I should think and what I should do moving forward to ensure my and my house's safety. (I already know to fully ensure a plug is dry before using. This was a hasty mistake.) Thank you.",https://www.reddit.com/r/askanelectrician/comments/10eh3gh/wall_outlet_damage_concern/,2,1,https://www.reddit.com/r/askanelectrician/comments/10eh3gh/wall_outlet_damage_concern/,sparking outlet,needs_review_urgent_signal,,manual_review_pending,,urgent_safety_risk,0.82,fire_smoke_or_sparks:\bspark(?:s|ing|ed)?\b(?!\s+plugs?\b); trade_system_issue:\boutlets?\b,"{""medium_risk_call_pro"": 2.0, ""urgent_safety_risk"": 3.5}",no,,,,,MR0059,urgent_safety_risk,3,Max,,
dc37v0,MechanicAdvice,2019-10-02T01:19:07+00:00,"New/Used Tires on an AWD and wheels 2"" smaller than stock","Car: 1996 Subaru Legacy Outback 4 Cyl Manual Wagon Mileage: 275,000 miles but with a 110,000 mile transmission Driving habits: Less than 100 miles a week on average, primarily city and rural driving, very-little highway miles. So I purchased this car on FB marketplace for my wife for $800. Previous owner had started turning it into a street-car (upgraded air intake, replaced all hoses and belts) and installed a low-profile wheel set with 25"" outer diameter tires on the **back(235/45)**, and 23"" outer diameter tires on the **front(225/40)** (they're totally road-rashed and not worth anything.) It runs great, but because it has the tiny tires, it feels like its gonna fall apart with at every tiny bumps in the road, and since we frequently drive on rough farm-roads...I set out on the task of replacing the wheel set and went to my local junkyard and found what I believe was a 1997 Outback and pulled 4 wheels off with half decent **205/70s** to replace the lo-pros. However, one of the tires had a blowout hole in the sidewall and one had pretty bad dry rot, so I took the wheels down to my trusted tire shop to get a pair of new tires for it. But then of course ""you're gonna have to replace all 4"".. which I expected being that it is an AWD and these guys are professionals.... but because its probably on its last decade of life anyway, so I was leaning towards just making sure the fronts match each other and the backs match each other and taking the chance. But then the kicker, he tells me I'll need different wheels because what came stock were 2"" bigger. I can't find confirmation on my own of what wheel size I actually need. I've been going to these guys for 10 years now and generally trust them without question... but I just don't have the money to buy 4 more wheels and 4 new tires. And thinking about the leverage physics of the smaller wheel, I would figure that even if mine are two inches too big, it would actually be easier on the trans... just worse on fuel efficiency. Given that some asshole has already been running this car for an unknown amount of miles with miss-matched wheels.... My plan is to go to a grungier used-tire shop and just scoop up a pair of tires the same size as my two good ones and in similar shape as each other. But i wanted to at least get a second opinion since I'm going against professional recommendation. ...Should I instead go to a junkyard and find the 17"" wheels they're telling me to find and then buy 4 new tires? Or will it probably be just fine getting used ones given the context and condition of the car? Sorry about the wall of text, I'm just massively frustrated and super broke.","New/Used Tires on an AWD and wheels 2"" smaller than stock Car: 1996 Subaru Legacy Outback 4 Cyl Manual Wagon Mileage: 275,000 miles but with a 110,000 mile transmission Driving habits: Less than 100 miles a week on average, primarily city and rural driving, very-little highway miles. So I purchased this car on FB marketplace for my wife for $800. Previous owner had started turning it into a street-car (upgraded air intake, replaced all hoses and belts) and installed a low-profile wheel set with 25"" outer diameter tires on the **back(235/45)**, and 23"" outer diameter tires on the **front(225/40)** (they're totally road-rashed and not worth anything.) It runs great, but because it has the tiny tires, it feels like its gonna fall apart with at every tiny bumps in the road, and since we frequently drive on rough farm-roads...I set out on the task of replacing the wheel set and went to my local junkyard and found what I believe was a 1997 Outback and pulled 4 wheels off with half decent **205/70s** to replace the lo-pros. However, one of the tires had a blowout hole in the sidewall and one had pretty bad dry rot, so I took the wheels down to my trusted tire shop to get a pair of new tires for it. But then of course ""you're gonna have to replace all 4"".. which I expected being that it is an AWD and these guys are professionals.... but because its probably on its last decade of life anyway, so I was leaning towards just making sure the fronts match each other and the backs match each other and taking the chance. But then the kicker, he tells me I'll need different wheels because what came stock were 2"" bigger. I can't find confirmation on my own of what wheel size I actually need. I've been going to these guys for 10 years now and generally trust them without question... but I just don't have the money to buy 4 more wheels and 4 new tires. And thinking about the leverage physics of the smaller wheel, I would figure that even if mine are two inches too big, it would actually be easier on the trans... just worse on fuel efficiency. Given that some asshole has already been running this car for an unknown amount of miles with miss-matched wheels.... My plan is to go to a grungier used-tire shop and just scoop up a pair of tires the same size as my two good ones and in similar shape as each other. But i wanted to at least get a second opinion since I'm going against professional recommendation. ...Should I instead go to a junkyard and find the 17"" wheels they're telling me to find and then buy 4 new tires? Or will it probably be just fine getting used ones given the context and condition of the car? Sorry about the wall of text, I'm just massively frustrated and super broke.",https://www.reddit.com/r/MechanicAdvice/comments/dc37v0/newused_tires_on_an_awd_and_wheels_2_smaller_than/,1,3,https://www.reddit.com/r/MechanicAdvice/comments/dc37v0/newused_tires_on_an_awd_and_wheels_2_smaller_than/,tire blowout,needs_review_unclear,,manual_review_pending,,medium_risk_call_pro,0.80,vehicle_mechanical_system_issue:\btransmission\b,"{""medium_risk_call_pro"": 2.0}",no,,,,,MR0063,medium_risk_call_pro,3,Max,,
1rwd717,AskMechanics,2026-03-17T17:29:44+00:00,2006 Toyota Solara SLE v6 automatic transmissions having problems!,"Randomly my 2006 solara SLE automatic v6 convertible(with 146,000 miles second owner)it starts overrevving completely coming out of gear and at times Id be able to rev it up and it’d eventually slam roughly back into gear or if I’d put it in park and turn it off it’d go into drive for a few minutes if not less and then would rev and slip out of gear and if I used the manual sport mode it’d go into gears 1-3 and drive for a couple of miles to get me off the road and then I tried driving yesterday and it revved like hell slammed into drive and I had to immediately use gear 1 or 3 and after two stop signs and it coming out of gear at each one it completely stopped working in any gear or in drive only reverse worked fine and has been fine the entirety of this issue. I had AAA tow truck come this morning and to get put on the truck he used drive and to park it at the shops he used the reverse. The mechanic says theres catalytic converter and transmission codes but I’m just not really sure I can trust them as they previously charged me $2,500 a month ago for a check engine light fix which ended up being a bad gas cap, new brake pads lower tie rods wipers and radiator cap and the day I left there was a disconnected line to the air filter and the fluids and oil hadn’t been changed and the check engine light came back on two days after that and my obd2 said evap code and the likely cause and problem was a fuel cap replacement was needed. So I’m not sure if I can trust them to tell me exactly what the problem is and not try to get over on me and my wife as this is out family’s only vehicle and we are struggling financially and I don’t think they would have any problems with telling me it’s something it’s not just to make the price go up. So any help would be appreciated I just need to figure out the root cause and then I’d be able to get the parts and either the work could be done by myself or if it’s beyond my skill level I could go to a mechanic who is reasonably priced and not trying to jerk me off","2006 Toyota Solara SLE v6 automatic transmissions having problems! Randomly my 2006 solara SLE automatic v6 convertible(with 146,000 miles second owner)it starts overrevving completely coming out of gear and at times Id be able to rev it up and it’d eventually slam roughly back into gear or if I’d put it in park and turn it off it’d go into drive for a few minutes if not less and then would rev and slip out of gear and if I used the manual sport mode it’d go into gears 1-3 and drive for a couple of miles to get me off the road and then I tried driving yesterday and it revved like hell slammed into drive and I had to immediately use gear 1 or 3 and after two stop signs and it coming out of gear at each one it completely stopped working in any gear or in drive only reverse worked fine and has been fine the entirety of this issue. I had AAA tow truck come this morning and to get put on the truck he used drive and to park it at the shops he used the reverse. The mechanic says theres catalytic converter and transmission codes but I’m just not really sure I can trust them as they previously charged me $2,500 a month ago for a check engine light fix which ended up being a bad gas cap, new brake pads lower tie rods wipers and radiator cap and the day I left there was a disconnected line to the air filter and the fluids and oil hadn’t been changed and the check engine light came back on two days after that and my obd2 said evap code and the likely cause and problem was a fuel cap replacement was needed. So I’m not sure if I can trust them to tell me exactly what the problem is and not try to get over on me and my wife as this is out family’s only vehicle and we are struggling financially and I don’t think they would have any problems with telling me it’s something it’s not just to make the price go up. So any help would be appreciated I just need to figure out the root cause and then I’d be able to get the parts and either the work could be done by myself or if it’s beyond my skill level I could go to a mechanic who is reasonably priced and not trying to jerk me off",https://www.reddit.com/r/AskMechanics/comments/1rwd717/2006_toyota_solara_sle_v6_automatic_transmissions/,1,2,https://v.redd.it/u4s30h7m4npg1,transmission slipping,needs_review_unclear,,manual_review_pending,,medium_risk_call_pro,0.80,vehicle_mechanical_system_issue:\bbrake pads?\b,"{""medium_risk_call_pro"": 2.0}",no,,,,,MR0067,medium_risk_call_pro,3,Max,,
1tgsitc,HomeMaintenance,2026-05-18T16:52:10+00:00,Shower Drain is developing lots of embedded mold around drain seal. Whats needed to prevent a leak from developing?,"My Shower drain appears to be developing mold around the seal. house is about 12 years old Can i cut away / clean the mold and re apply an external bead of silicone? or do i need to replace the drain seal? I do not have access to the underside of my shower, so not sure how easily it would be to replace the shower drain seal thanks","Shower Drain is developing lots of embedded mold around drain seal. Whats needed to prevent a leak from developing? My Shower drain appears to be developing mold around the seal. house is about 12 years old Can i cut away / clean the mold and re apply an external bead of silicone? or do i need to replace the drain seal? I do not have access to the underside of my shower, so not sure how easily it would be to replace the shower drain seal thanks",https://www.reddit.com/r/HomeMaintenance/comments/1tgsitc/shower_drain_is_developing_lots_of_embedded_mold/,3,4,https://www.reddit.com/gallery/1tgsitc,mold,needs_review_medium_signal,,manual_review_pending,,medium_risk_call_pro,0.95,contained_water_damage:\bleak(?:s|ing|ed)?\b; mold_or_foundation_concern:\bmold\b,"{""medium_risk_call_pro"": 4.0}",no,,,,,MR0068,medium_risk_call_pro,3,Max,,
1qnq82u,DIY,2026-01-26T19:30:45+00:00,Can I fix this garden window myself?,"I have this garden window over the sink in my kitchen. I don’t know how or when this happened, but the top piece of the frame seems to have pulled away from its original position *into* the window/toward the exterior. When it’s windy outside, I can now feel a full on breeze coming into the house through there. The piece isn’t really floating around loose, when I poke it it almost feels like it’s like…taped to something in there? What could be happening here and how would I address it? I’m at least minimally handy, I’ve replaced doors and trim in my house before, and this seemed like it could be similar. I’ve never messed with windows though, is this something I should call a pro for?","Can I fix this garden window myself? I have this garden window over the sink in my kitchen. I don’t know how or when this happened, but the top piece of the frame seems to have pulled away from its original position *into* the window/toward the exterior. When it’s windy outside, I can now feel a full on breeze coming into the house through there. The piece isn’t really floating around loose, when I poke it it almost feels like it’s like…taped to something in there? What could be happening here and how would I address it? I’m at least minimally handy, I’ve replaced doors and trim in my house before, and this seemed like it could be similar. I’ve never messed with windows though, is this something I should call a pro for?",https://www.reddit.com/r/DIY/comments/1qnq82u/can_i_fix_this_garden_window_myself/,1,0,https://www.reddit.com/gallery/1qnq82u,loose trim,needs_review_low_signal,,manual_review_pending,,low_risk_diy,0.82,cosmetic_or_minor_finish:\btrim\b,"{""low_risk_diy"": 2.2}",no,,,,,MR0073,low_risk_diy,3,Max,,
10tvhy6,Plumbing,2023-02-05T00:05:09+00:00,Leave well enough alone? Fernco woes on cast iron hub,"Hello, Yesterday I noticed that there was a missing 2 inch wide by 18 inch long section of the cast iron drain line. The failing pipe serves the downstairs sinks and laundry so it's relatively clean (not human waste), it's located in a pretty big crawl space under the house (30"" tall maybe?), and it's right at the crawl space entrance so not a lot of siding around. I decided to give it a go, hoping for a snip-snip rubber clamp job, without having to deal with any lead joints. Well, the pipe didn't agree, and it fell apart at the drain pipe to hub connection due to decay. So I youtubed it, drilled out as much of the lead as I could get, and propane torched the rest. Got the hub cleaned out like new (no decay on that, at least), and then started working on installing the Fernco 4"" PVC compression coupling. Holy cow...I know the thing needs to seal, but they design that thing like it's transporting high pressure rocket fuel! I went back to youtube and tried all the tricks--lots of dish soap lube, chamfering the plastic pipe edge, cutting a small groove into the plastic pipe edge. The best I could do was getting the pipe 1 to 1.5"" past the Fernco/cast iron hub lip. It comes up about 1"" short of bottoming out in the hub, but I was exhausted, and we need a drain, so I closed things up. I half-heartedly tugged on the Fernco/plastic pipe to see how hard it would be to remove and start over, and I couldn't budge it. There are no leaks so far. Two questions: 1. Should I just leave well enough alone, as long as it's not leaking? I do worry about the ""lip"" inside the cast iron hub where the plastic pipe came up short. I thought it might lead to corrosion since there would be a pool there all the time. I was thinking that could take decades, though, and I want to have all the cast iron taken out and replaced with plastic in the next 10 years. 2. Did I make it harder to get my plastic pipe in by using Sch 40 ABS instead of PVC? Is that why it was so hard? Thanks!","Leave well enough alone? Fernco woes on cast iron hub Hello, Yesterday I noticed that there was a missing 2 inch wide by 18 inch long section of the cast iron drain line. The failing pipe serves the downstairs sinks and laundry so it's relatively clean (not human waste), it's located in a pretty big crawl space under the house (30"" tall maybe?), and it's right at the crawl space entrance so not a lot of siding around. I decided to give it a go, hoping for a snip-snip rubber clamp job, without having to deal with any lead joints. Well, the pipe didn't agree, and it fell apart at the drain pipe to hub connection due to decay. So I youtubed it, drilled out as much of the lead as I could get, and propane torched the rest. Got the hub cleaned out like new (no decay on that, at least), and then started working on installing the Fernco 4"" PVC compression coupling. Holy cow...I know the thing needs to seal, but they design that thing like it's transporting high pressure rocket fuel! I went back to youtube and tried all the tricks--lots of dish soap lube, chamfering the plastic pipe edge, cutting a small groove into the plastic pipe edge. The best I could do was getting the pipe 1 to 1.5"" past the Fernco/cast iron hub lip. It comes up about 1"" short of bottoming out in the hub, but I was exhausted, and we need a drain, so I closed things up. I half-heartedly tugged on the Fernco/plastic pipe to see how hard it would be to remove and start over, and I couldn't budge it. There are no leaks so far. Two questions: 1. Should I just leave well enough alone, as long as it's not leaking? I do worry about the ""lip"" inside the cast iron hub where the plastic pipe came up short. I thought it might lead to corrosion since there would be a pool there all the time. I was thinking that could take decades, though, and I want to have all the cast iron taken out and replaced with plastic in the next 10 years. 2. Did I make it harder to get my plastic pipe in by using Sch 40 ABS instead of PVC? Is that why it was so hard? Thanks!",https://www.reddit.com/r/Plumbing/comments/10tvhy6/leave_well_enough_alone_fernco_woes_on_cast_iron/,1,1,https://www.reddit.com/r/Plumbing/comments/10tvhy6/leave_well_enough_alone_fernco_woes_on_cast_iron/,fuel leak,needs_review_medium_signal,,manual_review_pending,,medium_risk_call_pro,0.80,contained_water_damage:\bleak(?:s|ing|ed)?\b,"{""medium_risk_call_pro"": 2.0}",no,,,,,MR0079,medium_risk_call_pro,3,Max,,
13hgxiz,askanelectrician,2023-05-14T16:41:32+00:00,Recall concern,"So the company whose electrical box is in our house had a recall. ( I am purposefully trying to be vague). They sent an electrician out to our house. He gave us no report, simply said it’s fine and put a green sticker on it. Five months later, we had partial power and another electrician did a diagnostic and found that we had a burnt neutral in panel and the lug that bonds neutral bar to the ground bar. He also found we had 6 AFCI combination breakers that are bad now they are tripping and won’t reset.They installed 6 AFCI combination breakers which cost us over 2,000. Then our fans went out in the bathroom ( another separate issue). However I called the company with the recall and asked for a report for when we got the green sticker, detailing what was okay. They can’t produce it ( or are taking their sweet time). I don’t think this is normal. The house was purchased new in 2020. I feel an inspection in 2022 would have caught the issue which is why I want to see what he saw or didn’t see myself. Anyone have any ideas?","Recall concern So the company whose electrical box is in our house had a recall. ( I am purposefully trying to be vague). They sent an electrician out to our house. He gave us no report, simply said it’s fine and put a green sticker on it. Five months later, we had partial power and another electrician did a diagnostic and found that we had a burnt neutral in panel and the lug that bonds neutral bar to the ground bar. He also found we had 6 AFCI combination breakers that are bad now they are tripping and won’t reset.They installed 6 AFCI combination breakers which cost us over 2,000. Then our fans went out in the bathroom ( another separate issue). However I called the company with the recall and asked for a report for when we got the green sticker, detailing what was okay. They can’t produce it ( or are taking their sweet time). I don’t think this is normal. The house was purchased new in 2020. I feel an inspection in 2022 would have caught the issue which is why I want to see what he saw or didn’t see myself. Anyone have any ideas?",https://www.reddit.com/r/askanelectrician/comments/13hgxiz/recall_concern/,0,1,https://www.reddit.com/r/askanelectrician/comments/13hgxiz/recall_concern/,electrical issue,needs_review_unclear,,manual_review_pending,,low_risk_diy,0.82,vehicle_low_risk_maintenance:\bdetailing\b,"{""low_risk_diy"": 2.2}",no,,,,,MR0081,low_risk_diy,3,Max,,
1tloga9,MechanicAdvice,2026-05-23T18:37:54+00:00,19yr old needing advice,"I need some advice because I honestly don’t know much about cars, and this situation has gotten worse than I expected. Recently I made a Facebook post asking about mechanic quotes. Shops around me were quoting about $800–$900 to replace brake pads, rotors, and a caliper. A lot of people told me that price was a scam and suggested I use a mobile mechanic instead. I found one through Facebook who seemed legit — real account, clients commenting, etc. He quoted me $150 labor if I bought the parts myself. Day 1: He came to do the job, but while removing one of the pieces, it snapped while being taken out by hand (according to him). He didn’t have the right equipment to deal with it at the time, so he said he’d come back another day. The issue was that the wheel/rim wouldn’t come off while the broken piece was still stuck inside, which is why he started drilling it out in the first place. Day 2: He came back and spent hours drilling out the broken piece. In total he’s probably spent around 6 hours on the car so far. He still couldn’t fix it, and now he’s saying the rim is damaged beyond saving and I’ll need a new one too. The rim was completely fine before this. Today was supposed to be Day 3, but instead I got a call asking for more money. I was already planning to pay him extra because I understand the job became more difficult than expected, but what’s making me uncomfortable is: \- He keeps asking for additional money \- The rim is now apparently ruined after being drilled \- The car still isn’t fixed Now he’s asking for: \- $300 total if he continues the work OR \- $50 if I decide to take the car somewhere else I’m trying to be fair because I understand unexpected problems can happen, but I also feel weird paying more when the situation got worse and additional damage may have been caused during the repair attempt. Am I being unreasonable here? Should I pay him? And if so, how much would actually be fair in this situation? I’ll attach before/after photos in the comments.","19yr old needing advice I need some advice because I honestly don’t know much about cars, and this situation has gotten worse than I expected. Recently I made a Facebook post asking about mechanic quotes. Shops around me were quoting about $800–$900 to replace brake pads, rotors, and a caliper. A lot of people told me that price was a scam and suggested I use a mobile mechanic instead. I found one through Facebook who seemed legit — real account, clients commenting, etc. He quoted me $150 labor if I bought the parts myself. Day 1: He came to do the job, but while removing one of the pieces, it snapped while being taken out by hand (according to him). He didn’t have the right equipment to deal with it at the time, so he said he’d come back another day. The issue was that the wheel/rim wouldn’t come off while the broken piece was still stuck inside, which is why he started drilling it out in the first place. Day 2: He came back and spent hours drilling out the broken piece. In total he’s probably spent around 6 hours on the car so far. He still couldn’t fix it, and now he’s saying the rim is damaged beyond saving and I’ll need a new one too. The rim was completely fine before this. Today was supposed to be Day 3, but instead I got a call asking for more money. I was already planning to pay him extra because I understand the job became more difficult than expected, but what’s making me uncomfortable is: \- He keeps asking for additional money \- The rim is now apparently ruined after being drilled \- The car still isn’t fixed Now he’s asking for: \- $300 total if he continues the work OR \- $50 if I decide to take the car somewhere else I’m trying to be fair because I understand unexpected problems can happen, but I also feel weird paying more when the situation got worse and additional damage may have been caused during the repair attempt. Am I being unreasonable here? Should I pay him? And if so, how much would actually be fair in this situation? I’ll attach before/after photos in the comments.",https://www.reddit.com/r/MechanicAdvice/comments/1tloga9/19yr_old_needing_advice/,1,21,https://i.redd.it/huvz600xlx2h1.jpeg,brake pads,needs_review_unclear,,manual_review_pending,,medium_risk_call_pro,0.80,vehicle_mechanical_system_issue:\bbrake pads?\b,"{""medium_risk_call_pro"": 2.0}",no,,,,,MR0083,medium_risk_call_pro,3,Max,,
1afv3mg,DIY,2024-01-31T22:44:02+00:00,Please help me with my Basement Reno!!!,"Completed 98% of the demo there is just one piece of drywall and door frame (See in 3rd picture) to remove. Background of situation. Basement was Diy from previous owner. They didn’t run any hvac ducts in the basement, but we live in the north and the basement gets too cold to be down here. The main reason for the tear down was to run heat. The layout wasn’t the best either, the gas meter forced them to frame around it making this 90 degree pop out that wasn’t flattering. Demo - during the demo we noticed all of the insulation was moldy and the struts had some water damage. Lived in the house for 3yrs and have never had a water issue in the basement. So I don’t know if it’s just the concert sweating or if it’s water infiltration. The yard is not the best for water diversion. The back yard’s grade to back pitch towards the home and the front is flat. I do have a gutter system directing the water away from the home but due to the back yard we do get a small puddle near our side entrance (this is the wall behind the stairs). Asbestos was found after ripping the carpet up. We don’t have the money for abatement. I’d like to just cover it. The plan. In the last picture I made a layout. I’d like to know where to start. I assume the floor should go first. Due to the walls sweating/leaking I looked up subflooring products I’m stuck between Drycore vs Durofoam. Ps will be using a floating floor. I’ve never had a issues with water on the floor but the walls scare me. First question what subflooring to use? Question 2 is about framing. The gas meter will be moved outside. And I’ll run a new copper line to the furnace and make a tree branch. But for the electrical and plumbing see in pic 5,6, 11-13. What do I do? Remove and then frame? MN fuel gas code allows for 40% notching on non load bearing struts but how do I get the strut behind the pipe. Also the duct work is low and so are water lines what to do to hide them. I’d like to do a full or half bath in the top left corner, issue is the rough in for the plumbing. I’ve seen toilets with a upflush pumps, any comments on these? Once we get the floor done I’ll return with the updates Thank you for reading this far and for your help.","Please help me with my Basement Reno!!! Completed 98% of the demo there is just one piece of drywall and door frame (See in 3rd picture) to remove. Background of situation. Basement was Diy from previous owner. They didn’t run any hvac ducts in the basement, but we live in the north and the basement gets too cold to be down here. The main reason for the tear down was to run heat. The layout wasn’t the best either, the gas meter forced them to frame around it making this 90 degree pop out that wasn’t flattering. Demo - during the demo we noticed all of the insulation was moldy and the struts had some water damage. Lived in the house for 3yrs and have never had a water issue in the basement. So I don’t know if it’s just the concert sweating or if it’s water infiltration. The yard is not the best for water diversion. The back yard’s grade to back pitch towards the home and the front is flat. I do have a gutter system directing the water away from the home but due to the back yard we do get a small puddle near our side entrance (this is the wall behind the stairs). Asbestos was found after ripping the carpet up. We don’t have the money for abatement. I’d like to just cover it. The plan. In the last picture I made a layout. I’d like to know where to start. I assume the floor should go first. Due to the walls sweating/leaking I looked up subflooring products I’m stuck between Drycore vs Durofoam. Ps will be using a floating floor. I’ve never had a issues with water on the floor but the walls scare me. First question what subflooring to use? Question 2 is about framing. The gas meter will be moved outside. And I’ll run a new copper line to the furnace and make a tree branch. But for the electrical and plumbing see in pic 5,6, 11-13. What do I do? Remove and then frame? MN fuel gas code allows for 40% notching on non load bearing struts but how do I get the strut behind the pipe. Also the duct work is low and so are water lines what to do to hide them. I’d like to do a full or half bath in the top left corner, issue is the rough in for the plumbing. I’ve seen toilets with a upflush pumps, any comments on these? Once we get the floor done I’ll return with the updates Thank you for reading this far and for your help.",https://www.reddit.com/r/DIY/comments/1afv3mg/please_help_me_with_my_basement_reno/,1,13,https://www.reddit.com/gallery/1afv3mg,fuel leak,needs_review_urgent_signal,,manual_review_pending,,urgent_safety_risk,0.77,structural_danger:\bload[- ]bearing\b; contained_water_damage:\bleak(?:s|ing|ed)?\b; trade_system_issue:\bfurnace\b; vehicle_mechanical_system_issue:\bstruts?\b,"{""medium_risk_call_pro"": 6.0, ""urgent_safety_risk"": 3.0}",yes,,,,,MR0086,needs_human_review,3,Max,,
1tl3itz,MechanicAdvice,2026-05-23T02:23:49+00:00,Dead car,"Just died on the side of the road today in our 1998 RAV4 we just bought. Last night the battery light started flickering on and off. Looked it up and it seemed to be a bad altonator so we took it to the shop. The previous owner said he replaced the fuel pump, battery, and altonator recently, but we're not sure he's very trustworthy anymore. On the way to the shop we got caught in traffic and I could tell the car was starting to die. It started bucking and the RPM dial started flicking from 0 to 1 really fast. We tried turning off as much of the accessories as we could. The power windows got really slow and the dash light dimmed so much we could barely see then anymore. We were able to get a little ways further, maybe a mile, and then it died at a red light. We pushed it to a safe place and got someone to help us jump it 4 times in a row, but it kept dying on us. Same thing as before, it would run fine for a second then it would idle, it would buck, RPM gauge would pop from 0-1 quick reapetdly, then it would sputter and die. The guy who helped us jump it found that our black battery terminal was completely loose. When I called my dad he said that could give the same symptoms as a bad altonator. So we tightened it and tried to jump it three more times, but now it died an even more dramatic death than before. As soon as you pull off the jumper cables it starts to splutter and die. My dad thinks we should put a battery charger on it and let it sit. The guy who helped us jump it said he thought the altonator wasnt grounded properly. Two mechanic friends I called said they had the same issue in their car and it was the fuel pump going bad. Until yesterday night we hadn't noticed anything wrong, other than a leaking brake hose on the front passenger side wheel and some quirks with aftermarket radio and ignition chime in the cabin, nothing seemed wrong. The altonator isn't squeaky or squealing, we haven't noticed a crazy drop in power, nothing. I did a voltage drop test earlier today, but seeing as im new to the diy mechanic stuff, I got confusing results and I'm not sure I was doing it right. The battery was sitting at about 12.4 volts not running, and went down to 11.6 when idling, I had assumed it was because of a bad altonator, but my dad told me it was probably because the altonator didnt have a good circuit with the battery so it couldn't recharge it properly, but then we attached it right and tried to jump it and it still won't work? This problem is starting to hurt my head, and is a bit to much for me to unravel. Any suggestions?","Dead car Just died on the side of the road today in our 1998 RAV4 we just bought. Last night the battery light started flickering on and off. Looked it up and it seemed to be a bad altonator so we took it to the shop. The previous owner said he replaced the fuel pump, battery, and altonator recently, but we're not sure he's very trustworthy anymore. On the way to the shop we got caught in traffic and I could tell the car was starting to die. It started bucking and the RPM dial started flicking from 0 to 1 really fast. We tried turning off as much of the accessories as we could. The power windows got really slow and the dash light dimmed so much we could barely see then anymore. We were able to get a little ways further, maybe a mile, and then it died at a red light. We pushed it to a safe place and got someone to help us jump it 4 times in a row, but it kept dying on us. Same thing as before, it would run fine for a second then it would idle, it would buck, RPM gauge would pop from 0-1 quick reapetdly, then it would sputter and die. The guy who helped us jump it found that our black battery terminal was completely loose. When I called my dad he said that could give the same symptoms as a bad altonator. So we tightened it and tried to jump it three more times, but now it died an even more dramatic death than before. As soon as you pull off the jumper cables it starts to splutter and die. My dad thinks we should put a battery charger on it and let it sit. The guy who helped us jump it said he thought the altonator wasnt grounded properly. Two mechanic friends I called said they had the same issue in their car and it was the fuel pump going bad. Until yesterday night we hadn't noticed anything wrong, other than a leaking brake hose on the front passenger side wheel and some quirks with aftermarket radio and ignition chime in the cabin, nothing seemed wrong. The altonator isn't squeaky or squealing, we haven't noticed a crazy drop in power, nothing. I did a voltage drop test earlier today, but seeing as im new to the diy mechanic stuff, I got confusing results and I'm not sure I was doing it right. The battery was sitting at about 12.4 volts not running, and went down to 11.6 when idling, I had assumed it was because of a bad altonator, but my dad told me it was probably because the altonator didnt have a good circuit with the battery so it couldn't recharge it properly, but then we attached it right and tried to jump it and it still won't work? This problem is starting to hurt my head, and is a bit to much for me to unravel. Any suggestions?",https://www.reddit.com/r/MechanicAdvice/comments/1tl3itz/dead_car/,1,5,https://www.reddit.com/r/MechanicAdvice/comments/1tl3itz/dead_car/,wheel loose,needs_review_medium_signal,,manual_review_pending,,medium_risk_call_pro,0.80,contained_water_damage:\bleak(?:s|ing|ed)?\b,"{""medium_risk_call_pro"": 2.0}",no,,,,,MR0087,medium_risk_call_pro,3,Max,,
1t2afzy,HomeMaintenance,2026-05-03T03:37:38+00:00,"Soft ""Mushy"" Wooden Siding- How to Mitigate Damage?","Due to a roof drainage problem that I've identify and am fixing, an area of 2' by 4' of siding (about four pieces) are extremely soft an 'mushy' from water damage. A mushroom was growing out of the bottom of one. Is this something I can fix on my own as a novice, or does it require more extensive expertise to assess damage behind the wooden siding? My plan was essentially to remove the damaged siding, spray bleach to kill the mold and allow it to dry, then paint/apply new siding. This is a reasonable plan? And are there significant risks delaying treatment? (building up the old bank account)","Soft ""Mushy"" Wooden Siding- How to Mitigate Damage? Due to a roof drainage problem that I've identify and am fixing, an area of 2' by 4' of siding (about four pieces) are extremely soft an 'mushy' from water damage. A mushroom was growing out of the bottom of one. Is this something I can fix on my own as a novice, or does it require more extensive expertise to assess damage behind the wooden siding? My plan was essentially to remove the damaged siding, spray bleach to kill the mold and allow it to dry, then paint/apply new siding. This is a reasonable plan? And are there significant risks delaying treatment? (building up the old bank account)",https://www.reddit.com/r/HomeMaintenance/comments/1t2afzy/soft_mushy_wooden_siding_how_to_mitigate_damage/,2,5,https://www.reddit.com/r/HomeMaintenance/comments/1t2afzy/soft_mushy_wooden_siding_how_to_mitigate_damage/,mold,needs_review_medium_signal,,manual_review_pending,,medium_risk_call_pro,0.87,contained_water_damage:\bwater damage(?:d)?\b; mold_or_foundation_concern:\bmold\b; cosmetic_or_minor_finish:\bpaint(?:ing|ed)?\b,"{""low_risk_diy"": 2.2, ""medium_risk_call_pro"": 4.0}",no,,,,,MR0099,medium_risk_call_pro,3,Max,,
13a8jt8,askanelectrician,2023-05-07T01:24:13+00:00,Arc / bad-connection or something else?,"&#x200B; https://preview.redd.it/mtn87hql9bya1.jpg?width=1438&format=pjpg&auto=webp&s=bce035c79e5d6757a217356b5fe2c9280b54d56c I'm curious what would cause the melting of a wire nut and 12 gauge wire sheathing . This is a line-voltage thermostat (220v) for electric baseboard heating. It's feeding 2 small baseboards - total wattage around 2750. Thermostat rated for 5280 watts, 22 amps - so I don't think it's and overload issue. Is this most like caused by a bad connection in the wire nut or could it be something else? Also, only the wires & wire nuts connected to red wires seem to be affected.","Arc / bad-connection or something else? &#x200B; https://preview.redd.it/mtn87hql9bya1.jpg?width=1438&format=pjpg&auto=webp&s=bce035c79e5d6757a217356b5fe2c9280b54d56c I'm curious what would cause the melting of a wire nut and 12 gauge wire sheathing . This is a line-voltage thermostat (220v) for electric baseboard heating. It's feeding 2 small baseboards - total wattage around 2750. Thermostat rated for 5280 watts, 22 amps - so I don't think it's and overload issue. Is this most like caused by a bad connection in the wire nut or could it be something else? Also, only the wires & wire nuts connected to red wires seem to be affected.",https://www.reddit.com/r/askanelectrician/comments/13a8jt8/arc_badconnection_or_something_else/,1,1,https://www.reddit.com/r/askanelectrician/comments/13a8jt8/arc_badconnection_or_something_else/,electrical issue,needs_review_unclear,,manual_review_pending,,urgent_safety_risk,0.82,fire_smoke_or_sparks:\barc(?:ing|ed)?\b; cosmetic_or_minor_finish:\bbaseboard\b,"{""low_risk_diy"": 2.2, ""urgent_safety_risk"": 3.5}",no,,,,,MR0100,urgent_safety_risk,3,Max,,
z5n8eu,askanelectrician,2022-11-27T00:58:53+00:00,Light Switch Drama,"Hi all. Need some guidance. Earlier today I changed out two existing older canned lights to some canless LEDs. They worked but were a little too bright so decided to install a dimmer switch. I took the plate off of the existing switch and realized my helper hadn't turned off the right breaker. When I touched my tester to the switch wires there was a brief spark from one of the screws but then we turned off the breaker and removed it. I then wired the dimmer switch up but after turning the breaker back on the lights didn't work. I assumed I'd wired it wrong so I unwired it. Before I tried wiring it differently I turned the breaker back on to confirm which was indeed the common wire. None of the wires were showing to have power with the breaker on. There were three wires going into the original switch: one black; one white; and one that is black and white. Also should mention there are two swiches that control these lights. What could've possibly happened that has caused any of these wires to not have power now? The switch definitelty worked before taking off the face plate and that initial spark. Everything else on this breaker seems to work. I've tested outlets, other switches. I read elsewhere it might be a tripped GFCI outlet but there are none that I'm aware of on this line that I can find. Is it possible that something happened to the wires? Unsure at this point what else to look at. Any guidance here would be appreciated.","Light Switch Drama Hi all. Need some guidance. Earlier today I changed out two existing older canned lights to some canless LEDs. They worked but were a little too bright so decided to install a dimmer switch. I took the plate off of the existing switch and realized my helper hadn't turned off the right breaker. When I touched my tester to the switch wires there was a brief spark from one of the screws but then we turned off the breaker and removed it. I then wired the dimmer switch up but after turning the breaker back on the lights didn't work. I assumed I'd wired it wrong so I unwired it. Before I tried wiring it differently I turned the breaker back on to confirm which was indeed the common wire. None of the wires were showing to have power with the breaker on. There were three wires going into the original switch: one black; one white; and one that is black and white. Also should mention there are two swiches that control these lights. What could've possibly happened that has caused any of these wires to not have power now? The switch definitelty worked before taking off the face plate and that initial spark. Everything else on this breaker seems to work. I've tested outlets, other switches. I read elsewhere it might be a tripped GFCI outlet but there are none that I'm aware of on this line that I can find. Is it possible that something happened to the wires? Unsure at this point what else to look at. Any guidance here would be appreciated.",https://www.reddit.com/r/askanelectrician/comments/z5n8eu/light_switch_drama/,0,15,https://www.reddit.com/r/askanelectrician/comments/z5n8eu/light_switch_drama/,sparking outlet,needs_review_urgent_signal,,manual_review_pending,,urgent_safety_risk,0.82,fire_smoke_or_sparks:\bspark(?:s|ing|ed)?\b(?!\s+plugs?\b); trade_system_issue:\bbreaker\b,"{""medium_risk_call_pro"": 2.0, ""urgent_safety_risk"": 3.5}",no,,,,,MR0105,urgent_safety_risk,3,Max,,
9w8xvf,DIY,2018-11-12T00:09:23+00:00,How do I resurface these concrete steps?,"[https://imgur.com/a/R2jC1x7](https://imgur.com/a/R2jC1x7) My front porch is made of concrete and has several layers of old paint covering it. I've scraped off all of the loose paint with a putty knife. Additionally I filled a crack above the bottom two steps with a concrete patch, but due to sagging or a bad job by me or both, a new hairline crack has formed. What is the best way to get a smooth surface so I can repaint? After some research I think my current plan is to 1) apply a paint stripper and get off as much remaining paint as possible, 2) etch surface with some sort of acid, 3) paint. I'm worried that new paint will settle into any remaining cratered areas so I'll need to fill them first. Should I, and how? Lastly how should I smooth the rough concrete patch I had applied? (yes, the railings are in awful shape and I'm going to replace them) Some products I've considered: [https://youtu.be/dJKgfxOXHmY](https://youtu.be/dJKgfxOXHmY) [https://youtu.be/v0uTtLXXmwA](https://youtu.be/v0uTtLXXmwA) [https://youtu.be/WQaq4BbWz6A](https://youtu.be/WQaq4BbWz6A) (grinder wheel)","How do I resurface these concrete steps? [https://imgur.com/a/R2jC1x7](https://imgur.com/a/R2jC1x7) My front porch is made of concrete and has several layers of old paint covering it. I've scraped off all of the loose paint with a putty knife. Additionally I filled a crack above the bottom two steps with a concrete patch, but due to sagging or a bad job by me or both, a new hairline crack has formed. What is the best way to get a smooth surface so I can repaint? After some research I think my current plan is to 1) apply a paint stripper and get off as much remaining paint as possible, 2) etch surface with some sort of acid, 3) paint. I'm worried that new paint will settle into any remaining cratered areas so I'll need to fill them first. Should I, and how? Lastly how should I smooth the rough concrete patch I had applied? (yes, the railings are in awful shape and I'm going to replace them) Some products I've considered: [https://youtu.be/dJKgfxOXHmY](https://youtu.be/dJKgfxOXHmY) [https://youtu.be/v0uTtLXXmwA](https://youtu.be/v0uTtLXXmwA) [https://youtu.be/WQaq4BbWz6A](https://youtu.be/WQaq4BbWz6A) (grinder wheel)",https://www.reddit.com/r/DIY/comments/9w8xvf/how_do_i_resurface_these_concrete_steps/,10,10,https://www.reddit.com/r/DIY/comments/9w8xvf/how_do_i_resurface_these_concrete_steps/,wheel loose,needs_review_low_signal,,manual_review_pending,,low_risk_diy,0.82,cosmetic_or_minor_finish:\bpaint(?:ing|ed)?\b,"{""low_risk_diy"": 2.2}",no,,,,,MR0111,low_risk_diy,3,Max,,
181p9jl,HomeImprovement,2023-11-23T01:15:14+00:00,water heater ignite won't spark. should I release the gas pressure so no blockage in the gas tube somewhere?,"it's Piezo Electric Ignitor the water heater is 20 years old, the pilot is out once in a while. and I will just re-ignite and it will stay on for a few months. today I notice it's out, maybe for 1 day. it won't ignite on no matter how I tried it. and I can't see spark at all. if my left hand touch a metal, and right hand hold the igniter and strike, I can feel the electronic pulse. However I can't see the spark from the window (I turn off all the light in the room) I read following from fellow redditor saying some pressure blockage. is this the right step 1. turn the knob to pilot position 2. hold down the red button down and hold it, so the gas pressure hopefully fix the air blciage I have hold it for 5 minutes so far. 3. turn the knob to off position 4. wait for 10 min. 5. try ignite it. if doesn't work, repeat step 1 and 5? here is from fellow redditor: If the pilot has been out for a while, air can get sucked back into pilot line and cause a pressure blockage. Pressing and holding down the valve for a long time…. Sometimes minutes is the only way to get the gas pressure to build up enough to force out the air blockage. Real pain. Press / hold / press multiple times to try to get the gas to release. Can take up to 5-10 minutes sometimes. After a few minutes if you smell gas then it’s working. Often I’ve had to relight with a flame rather than the electric spark because the gas flow is so minimal, once lit the flame will draw more gas from the line and normalize the pressure again.","water heater ignite won't spark. should I release the gas pressure so no blockage in the gas tube somewhere? it's Piezo Electric Ignitor the water heater is 20 years old, the pilot is out once in a while. and I will just re-ignite and it will stay on for a few months. today I notice it's out, maybe for 1 day. it won't ignite on no matter how I tried it. and I can't see spark at all. if my left hand touch a metal, and right hand hold the igniter and strike, I can feel the electronic pulse. However I can't see the spark from the window (I turn off all the light in the room) I read following from fellow redditor saying some pressure blockage. is this the right step 1. turn the knob to pilot position 2. hold down the red button down and hold it, so the gas pressure hopefully fix the air blciage I have hold it for 5 minutes so far. 3. turn the knob to off position 4. wait for 10 min. 5. try ignite it. if doesn't work, repeat step 1 and 5? here is from fellow redditor: If the pilot has been out for a while, air can get sucked back into pilot line and cause a pressure blockage. Pressing and holding down the valve for a long time…. Sometimes minutes is the only way to get the gas pressure to build up enough to force out the air blockage. Real pain. Press / hold / press multiple times to try to get the gas to release. Can take up to 5-10 minutes sometimes. After a few minutes if you smell gas then it’s working. Often I’ve had to relight with a flame rather than the electric spark because the gas flow is so minimal, once lit the flame will draw more gas from the line and normalize the pressure again.",https://www.reddit.com/r/HomeImprovement/comments/181p9jl/water_heater_ignite_wont_spark_should_i_release/,1,4,https://www.reddit.com/r/HomeImprovement/comments/181p9jl/water_heater_ignite_wont_spark_should_i_release/,gas smell,needs_review_urgent_signal,,manual_review_pending,,urgent_safety_risk,0.92,gas_or_carbon_monoxide:\bsmell(?:s|ing)? (?:like )?gas\b; fire_smoke_or_sparks:\bspark(?:s|ing|ed)?\b(?!\s+plugs?\b); trade_system_issue:\bwater heater\b,"{""medium_risk_call_pro"": 2.0, ""urgent_safety_risk"": 7.5}",no,,,,,MR0113,urgent_safety_risk,3,Max,,
12dnosh,askanelectrician,2023-04-06T15:25:51+00:00,2 quick questions if you would please help,"My over the stove vent fell from above my stove. Sparks flew and it knocked the 2 other kitchen ceiling lights out with it. The breaker box switch will automatically revert to off position when tried that so I've been using a lamp to see in there since all the other outlets seem to be working fine. 1) I know it's hard to diagnose over Reddit, but does sound like a big/expensive project for an electrician? My wife is pregnant and we ate trying to also save for those expenses we will soon face. 2) we talked about buying one of those vent/microwave combos but I've noticed those need a wall outlet for power. Is that something that can be wired into the existing electrical system that the fan was already a part of (once replaced if needed?) I appreciate you guys and this subreddit.yall have helped me out a few times. Thank you!","2 quick questions if you would please help My over the stove vent fell from above my stove. Sparks flew and it knocked the 2 other kitchen ceiling lights out with it. The breaker box switch will automatically revert to off position when tried that so I've been using a lamp to see in there since all the other outlets seem to be working fine. 1) I know it's hard to diagnose over Reddit, but does sound like a big/expensive project for an electrician? My wife is pregnant and we ate trying to also save for those expenses we will soon face. 2) we talked about buying one of those vent/microwave combos but I've noticed those need a wall outlet for power. Is that something that can be wired into the existing electrical system that the fan was already a part of (once replaced if needed?) I appreciate you guys and this subreddit.yall have helped me out a few times. Thank you!",https://www.reddit.com/r/askanelectrician/comments/12dnosh/2_quick_questions_if_you_would_please_help/,4,8,https://www.reddit.com/gallery/12dnosh,sparking outlet,needs_review_urgent_signal,,manual_review_pending,,urgent_safety_risk,0.82,fire_smoke_or_sparks:\bspark(?:s|ing|ed)?\b(?!\s+plugs?\b); trade_system_issue:\bbreaker\b,"{""medium_risk_call_pro"": 2.0, ""urgent_safety_risk"": 3.5}",no,,,,,MR0122,urgent_safety_risk,3,Max,,
1tsn8m0,HomeMaintenance,2026-05-31T06:19:04+00:00,"I’ve been through the wringer with insurance claims (TX). Happy to look at your denial letter or lowball offer no charge, just helping.","Howdy 👋 I’ve helped a few friends and family navigate home insurance claims in Texas, and honestly, it’s wild how often people get lowballed or denied for reasons that don’t actually hold up. I’m not a public adjuster and I’m not selling anything. I just know the system pretty well at this point especially for: · Hail / wind damage (super common in TX) · Water leaks (sudden & accidental vs. “long-term” denials) · Denied claims that should’ve been covered · Super low ACV offers that don’t make sense If you’re in Texas and you have: · A denial letter · A scope or estimate you don’t trust · Or just an adjuster who’s giving you the runaround Drop the basics in the comments or DM me. I’ll take a look and tell you if it smells right — or if you should fight it. Again, not charging anything. Just hate seeing people get pushed around by carriers. 📍 Based in TX, so I get the local deductibles (2% wind/hail, etc.)","I’ve been through the wringer with insurance claims (TX). Happy to look at your denial letter or lowball offer no charge, just helping. Howdy 👋 I’ve helped a few friends and family navigate home insurance claims in Texas, and honestly, it’s wild how often people get lowballed or denied for reasons that don’t actually hold up. I’m not a public adjuster and I’m not selling anything. I just know the system pretty well at this point especially for: · Hail / wind damage (super common in TX) · Water leaks (sudden & accidental vs. “long-term” denials) · Denied claims that should’ve been covered · Super low ACV offers that don’t make sense If you’re in Texas and you have: · A denial letter · A scope or estimate you don’t trust · Or just an adjuster who’s giving you the runaround Drop the basics in the comments or DM me. I’ll take a look and tell you if it smells right — or if you should fight it. Again, not charging anything. Just hate seeing people get pushed around by carriers. 📍 Based in TX, so I get the local deductibles (2% wind/hail, etc.)",https://www.reddit.com/r/HomeMaintenance/comments/1tsn8m0/ive_been_through_the_wringer_with_insurance/,0,4,https://www.reddit.com/r/HomeMaintenance/comments/1tsn8m0/ive_been_through_the_wringer_with_insurance/,water leak,needs_review_medium_signal,,manual_review_pending,,medium_risk_call_pro,0.80,contained_water_damage:\bleak(?:s|ing|ed)?\b,"{""medium_risk_call_pro"": 2.0}",no,,,,,MR0127,medium_risk_call_pro,3,Max,,
vq48h2,askanelectrician,2022-07-02T23:39:18+00:00,Electricity problems,My girlfriend was switching out the cords from the back of our stove and putting it on the dryer when she connected it to the dryer she plugged it into an outlet and the dryer didn't work so she then forgot to unplug it again and tried to disconnect the cord from the back of the dryer while it was still plugged in and she dropped the cord and it hit the ground and sparked and blew the circuit breaker and ever since then our electricricity is not on full power and our appliances keep powering down and lights keep flickering on and off and if I plug something into an outlet in one room it will switch something on in a totally different room how do I fix it wat happened when she blew the circuit breaker can anyone tell me,Electricity problems My girlfriend was switching out the cords from the back of our stove and putting it on the dryer when she connected it to the dryer she plugged it into an outlet and the dryer didn't work so she then forgot to unplug it again and tried to disconnect the cord from the back of the dryer while it was still plugged in and she dropped the cord and it hit the ground and sparked and blew the circuit breaker and ever since then our electricricity is not on full power and our appliances keep powering down and lights keep flickering on and off and if I plug something into an outlet in one room it will switch something on in a totally different room how do I fix it wat happened when she blew the circuit breaker can anyone tell me,https://www.reddit.com/r/askanelectrician/comments/vq48h2/electricity_problems/,0,4,https://www.reddit.com/r/askanelectrician/comments/vq48h2/electricity_problems/,sparking outlet,needs_review_medium_signal,,manual_review_pending,,urgent_safety_risk,0.82,fire_smoke_or_sparks:\bspark(?:s|ing|ed)?\b(?!\s+plugs?\b); trade_system_issue:\bbreaker\b,"{""medium_risk_call_pro"": 2.0, ""urgent_safety_risk"": 3.5}",no,,,,,MR0130,urgent_safety_risk,3,Max,,
1ojh7c5,AskMechanics,2025-10-29T21:28:53+00:00,Wobbly wiper blade arms on 2021 MK4 Ford Focus Wagon,"I'm having quite a hard time diagnosing the problem I have with my front wipers. Dealer took their time diagnosing but still couldn't find the problem. The wobblyness only happens sometimes, and can be fixed temporarily by spraying washer fluid. I don't think there's a problem with residue or film on my windscreen, since I even cleaned my windscreen with IPA just to be extra sure. To eliminate the actual wiper blades I replaced them (2 times) with good quality ones from big German parts manufacturer, problem unfortunately persists. It doesn't matter if it's raining hard or not at all, sometimes it works fine, sometimes it doesn't. Any ideas? Ford Focus MK4 2021 100k kms 1.0T Ecoboost MHEV","Wobbly wiper blade arms on 2021 MK4 Ford Focus Wagon I'm having quite a hard time diagnosing the problem I have with my front wipers. Dealer took their time diagnosing but still couldn't find the problem. The wobblyness only happens sometimes, and can be fixed temporarily by spraying washer fluid. I don't think there's a problem with residue or film on my windscreen, since I even cleaned my windscreen with IPA just to be extra sure. To eliminate the actual wiper blades I replaced them (2 times) with good quality ones from big German parts manufacturer, problem unfortunately persists. It doesn't matter if it's raining hard or not at all, sometimes it works fine, sometimes it doesn't. Any ideas? Ford Focus MK4 2021 100k kms 1.0T Ecoboost MHEV",https://www.reddit.com/r/AskMechanics/comments/1ojh7c5/wobbly_wiper_blade_arms_on_2021_mk4_ford_focus/,2,1,https://v.redd.it/o8kc0cy5a4yf1,wiper blades,needs_review_unclear,,manual_review_pending,,,0.00,no_labeling_function_matched,{},yes,,,,,MR0131,needs_human_review,3,Max,,
1l6ttbm,homeowners,2025-06-09T02:37:06+00:00,Stainless liner for chimney worth it?,"Bought a house with chimney sold as-is, got 3 quotes on it, lowest $3.2k, highest $5.5k, middle $3.8k. The highest quote is the only one that includes a stainless liner, which is priced out at $1.8k. This person did more inspecting than others, including looking at the chimney from the basement (where the boiler connects), showed me the acid build-up. Said that if we were to replace the boiler at some point that we'd need to do the stainless liner then, so the liner would be future-proofing a bit. Boiler is 12 years old with no issues at the moment, so not sure when this would come into play, but we do plan to be here at least 10 years, so replacing it in that time would certainly be possible. $5.5k quote also includes the most rebuilding, $3.2k only calls for 2-3 courses to be rebuilt but $5.5k calls for 9 courses ($3.8k calls for 6-7 courses). I could ask the $5.5k quote about taking the liner out, if it isn't worth it. My SO believes we should go for the high quote with the liner included, believes the most comprehensive will be worth it in the long-run. I like that the high quote has the most rebuilding, but wonder if we should ask for a new quote without the liner, if it isn't necessary. Any thoughts? Is the stainless liner worth it? And if it is, why was it only on 1 of 3 quotes? Very hard to tell if we're being steered in the right direction or just being upsold.","Stainless liner for chimney worth it? Bought a house with chimney sold as-is, got 3 quotes on it, lowest $3.2k, highest $5.5k, middle $3.8k. The highest quote is the only one that includes a stainless liner, which is priced out at $1.8k. This person did more inspecting than others, including looking at the chimney from the basement (where the boiler connects), showed me the acid build-up. Said that if we were to replace the boiler at some point that we'd need to do the stainless liner then, so the liner would be future-proofing a bit. Boiler is 12 years old with no issues at the moment, so not sure when this would come into play, but we do plan to be here at least 10 years, so replacing it in that time would certainly be possible. $5.5k quote also includes the most rebuilding, $3.2k only calls for 2-3 courses to be rebuilt but $5.5k calls for 9 courses ($3.8k calls for 6-7 courses). I could ask the $5.5k quote about taking the liner out, if it isn't worth it. My SO believes we should go for the high quote with the liner included, believes the most comprehensive will be worth it in the long-run. I like that the high quote has the most rebuilding, but wonder if we should ask for a new quote without the liner, if it isn't necessary. Any thoughts? Is the stainless liner worth it? And if it is, why was it only on 1 of 3 quotes? Very hard to tell if we're being steered in the right direction or just being upsold.",https://www.reddit.com/r/homeowners/comments/1l6ttbm/stainless_liner_for_chimney_worth_it/,3,1,https://www.reddit.com/r/homeowners/comments/1l6ttbm/stainless_liner_for_chimney_worth_it/,steering issue,needs_review_unclear,,manual_review_pending,,,0.00,no_labeling_function_matched,{},yes,,,,,MR0133,needs_human_review,3,Max,,
1tbhjqf,MechanicAdvice,2026-05-12T22:54:02+00:00,Intermittent stall/no-start issue - 2018 Toyota Highlander SE V6 (2GR-FKS),"2018 Toyota Highlander SE V6 (2GR-FKS) Trying to diagnose an intermittent stall/no-start issue that appears heat related. Symptoms: * Vehicle runs perfectly normally initially * After \~45-60 minutes of driving, idle starts becoming unstable * RPM fluctuates/hunts (typically \~500–900 RPM depending on load) * AC load changes the idle range but does not eliminate the fluctuation * Engine becomes rough/unsteady overall (not a rhythmic single-cylinder misfire) * Increasing loss of power, throttle input does not help when the issue starts * Eventually the engine stalls * After stalling, it cranks for \~5 seconds and stops, but does not start for \~20-60 minutes * If allowed to sit/cool down, it will eventually start again and run perfectly normally Additional symptoms/messages: * “Braking Power Low” warning * “Check AWD System” warning Codes currently present: * P0100 – MAF circuit malfunction * P0102 – MAF low input * P0110 – IAT circuit malfunction * P0113 – IAT high input * C1241 – power supply circuit * C1280 Important detail: On this vehicle the IAT sensor is integrated into the MAF sensor. Things already replaced: * Battery * MAF sensor (new OEM Denso unit) Things already checked: * MAF unplug/power off/replug/power on did temporarily restore operation earlier in the failure progression, but that started to become less effective and it no longer does anything * Battery terminal corrosion was found earlier and cleaned * Inspected MAF wiring harness visually all the way back to ECU * No obvious mouse damage found anywhere important, despite evidence of mice chewing foam engine cover * Harness insulation/tape appears intact * Wiggle test on MAF harness/connector while running caused no change * No formal vacuum leak testing performed yet * Initial visual inspection did not reveal any obvious disconnected hoses or damaged intake tubing * Intermittent heat-related nature of the problem seems less consistent with a simple static vacuum leak * Symptoms are highly intermittent and heat-related rather than constant, which seems inconsistent with a simple static vacuum leak * Problem seems very temperature/heat-soak dependent Observations: * Issue does NOT appear immediately after startup * Vehicle can run completely perfectly for long periods before symptoms appear * Once cooled down, vehicle may again run perfectly normally for \~45min-1hr Current theories being considered: * Heat-sensitive intermittent open/connection issue in MAF/IAT circuit * MAF connector terminal tension problem * Sensor ground/reference voltage issue * ECU internal thermal fault * Hidden harness damage not externally visible Looking for advice from anyone who has seen similar Toyota heat-related MAF/IAT failures.","Intermittent stall/no-start issue - 2018 Toyota Highlander SE V6 (2GR-FKS) 2018 Toyota Highlander SE V6 (2GR-FKS) Trying to diagnose an intermittent stall/no-start issue that appears heat related. Symptoms: * Vehicle runs perfectly normally initially * After \~45-60 minutes of driving, idle starts becoming unstable * RPM fluctuates/hunts (typically \~500–900 RPM depending on load) * AC load changes the idle range but does not eliminate the fluctuation * Engine becomes rough/unsteady overall (not a rhythmic single-cylinder misfire) * Increasing loss of power, throttle input does not help when the issue starts * Eventually the engine stalls * After stalling, it cranks for \~5 seconds and stops, but does not start for \~20-60 minutes * If allowed to sit/cool down, it will eventually start again and run perfectly normally Additional symptoms/messages: * “Braking Power Low” warning * “Check AWD System” warning Codes currently present: * P0100 – MAF circuit malfunction * P0102 – MAF low input * P0110 – IAT circuit malfunction * P0113 – IAT high input * C1241 – power supply circuit * C1280 Important detail: On this vehicle the IAT sensor is integrated into the MAF sensor. Things already replaced: * Battery * MAF sensor (new OEM Denso unit) Things already checked: * MAF unplug/power off/replug/power on did temporarily restore operation earlier in the failure progression, but that started to become less effective and it no longer does anything * Battery terminal corrosion was found earlier and cleaned * Inspected MAF wiring harness visually all the way back to ECU * No obvious mouse damage found anywhere important, despite evidence of mice chewing foam engine cover * Harness insulation/tape appears intact * Wiggle test on MAF harness/connector while running caused no change * No formal vacuum leak testing performed yet * Initial visual inspection did not reveal any obvious disconnected hoses or damaged intake tubing * Intermittent heat-related nature of the problem seems less consistent with a simple static vacuum leak * Symptoms are highly intermittent and heat-related rather than constant, which seems inconsistent with a simple static vacuum leak * Problem seems very temperature/heat-soak dependent Observations: * Issue does NOT appear immediately after startup * Vehicle can run completely perfectly for long periods before symptoms appear * Once cooled down, vehicle may again run perfectly normally for \~45min-1hr Current theories being considered: * Heat-sensitive intermittent open/connection issue in MAF/IAT circuit * MAF connector terminal tension problem * Sensor ground/reference voltage issue * ECU internal thermal fault * Hidden harness damage not externally visible Looking for advice from anyone who has seen similar Toyota heat-related MAF/IAT failures.",https://www.reddit.com/r/MechanicAdvice/comments/1tbhjqf/intermittent_stallnostart_issue_2018_toyota/,1,4,https://www.reddit.com/r/MechanicAdvice/comments/1tbhjqf/intermittent_stallnostart_issue_2018_toyota/,brake failure,needs_review_medium_signal,,manual_review_pending,,medium_risk_call_pro,0.95,contained_water_damage:\bleak(?:s|ing|ed)?\b; trade_system_issue:\bwiring\b; vehicle_mechanical_system_issue:\bmisfire\b,"{""medium_risk_call_pro"": 6.0}",no,,,,,MR0135,medium_risk_call_pro,3,Max,,
1tok9ou,MechanicAdvice,2026-05-26T21:06:24+00:00,New brakes bed in issue,"Installed new drilled and slotted rotors with carbon fiber ceramic pads- Did bed in procedure of 5x stops from 60kmh to 15kmh, followed by 5x stops from 50kmh to 10kmh then immediately had to come to a stop as I had some nasty sounds (I assume e brake shoes skipped a tooth and started contacting inside of rotor while driving which sorted itself out) Car was in neutral with no e brake, rolled in reverse down a slight incline until car leveled out. Got out and checked under car, attempted to limp home but it sorted itself out so I continued normal driving for 30 mins Do you guys think brakes are fine or should I complete another bed in procedure?","New brakes bed in issue Installed new drilled and slotted rotors with carbon fiber ceramic pads- Did bed in procedure of 5x stops from 60kmh to 15kmh, followed by 5x stops from 50kmh to 10kmh then immediately had to come to a stop as I had some nasty sounds (I assume e brake shoes skipped a tooth and started contacting inside of rotor while driving which sorted itself out) Car was in neutral with no e brake, rolled in reverse down a slight incline until car leveled out. Got out and checked under car, attempted to limp home but it sorted itself out so I continued normal driving for 30 mins Do you guys think brakes are fine or should I complete another bed in procedure?",https://www.reddit.com/r/MechanicAdvice/comments/1tok9ou/new_brakes_bed_in_issue/,1,2,https://www.reddit.com/r/MechanicAdvice/comments/1tok9ou/new_brakes_bed_in_issue/,brake pads,needs_review_unclear,,manual_review_pending,,,0.00,no_labeling_function_matched,{},yes,,,,,MR0140,needs_human_review,3,Max,,
1c9p8j5,DIY,2024-04-21T18:41:24+00:00,steel wool around outlet--fire hazard?,"We were stuffing steel wool in cracks because of a mouse problem. We have an outlet we don't use behind a bookcase, and the outlet doesn't have ac over. While stuffing steel wool around that area we accidentally contacted something inside the box, basically exploding a piece of steel wool (bang, sparks, etc.) The piece of steel wool inside the box has been removed, and we don't smell anything burning now, but there's still some steel wool stuffed under the outlet box and now we're a bit skittish about it.. Is it ok to leave like this, or do we need to pull all the steel wool out and find some other way to keep out mice? https://preview.redd.it/pyt15ec7ovvc1.jpg?width=4032&format=pjpg&auto=webp&s=1b45288947969d69570cca149cc19fea2d80c88e","steel wool around outlet--fire hazard? We were stuffing steel wool in cracks because of a mouse problem. We have an outlet we don't use behind a bookcase, and the outlet doesn't have ac over. While stuffing steel wool around that area we accidentally contacted something inside the box, basically exploding a piece of steel wool (bang, sparks, etc.) The piece of steel wool inside the box has been removed, and we don't smell anything burning now, but there's still some steel wool stuffed under the outlet box and now we're a bit skittish about it.. Is it ok to leave like this, or do we need to pull all the steel wool out and find some other way to keep out mice? https://preview.redd.it/pyt15ec7ovvc1.jpg?width=4032&format=pjpg&auto=webp&s=1b45288947969d69570cca149cc19fea2d80c88e",https://www.reddit.com/r/DIY/comments/1c9p8j5/steel_wool_around_outletfire_hazard/,0,6,https://www.reddit.com/r/DIY/comments/1c9p8j5/steel_wool_around_outletfire_hazard/,sparking outlet,needs_review_urgent_signal,,manual_review_pending,,urgent_safety_risk,0.82,fire_smoke_or_sparks:\bspark(?:s|ing|ed)?\b(?!\s+plugs?\b); trade_system_issue:\boutlets?\b,"{""medium_risk_call_pro"": 2.0, ""urgent_safety_risk"": 3.5}",no,,,,,MR0149,urgent_safety_risk,3,Max,,
13fw01f,askanelectrician,2023-05-12T20:24:16+00:00,Connecting attic fan,"House had attic fan that was controlled by switch in a closet when purchased 35 yrs ago. A few years ago, not sure how many, noticed fan wasn't working. Redid roof 2 years ago, told roofers to take out fan. I capped wires in attic. Roofer friend told me, put fan back in, saves your attic. So had a new fan put in last fall. Hooked up today, turned on switch (had temp set to 50 on thermostat) and nothing. Pic Here is how it is wired. So I thought, maybe bad switch. I look at switch, and neutral not connected! Not sure who did that. Now wondering if old fan worked and it was just switch not connected? Also, pretty sure there was no thermostat in the attic originally, it was just on the switch. Switch always turned it on, however, I only did the switch in the summer when it should turn on. Had an addition put in 17 years ago, maybe electrician then did this, but don't know if fan hasn't worked for 17 years. I don't have my line tester or multimeter here, currently on my boat. But without V tester here, no idea if any power is at the switch or attic. Roofer installed fan w box on wrong side for wiring, I was going to add some romex from current box, just white to white, etc. run on roof between joist for 18"" and to this new controller. PITA to get into attic, PITA to work on it. Should I just connect the neutral to the switch and reconnect in attic with the likely probability this is the issue, or wait 2 weeks till I get V tester back. Hate to buy another one. Not an electrician, but an electrical engineer. Not going to claim I know what electricians know, but comfortable w electricity and wiring in principle. Probably have installed 100 switches/electric boxes/lights in my life. I know you guys do this in a week. Here is pic of what I tested. This is old thermostat , assuming old fan had none originally and this was added to connect to old fan. New fan has thermostat connected to it. See nxt pic [Fan used to be wired to this, this is my test.](https://preview.redd.it/b6h9px31kgza1.png?width=600&format=png&auto=webp&s=8fa36b5d848b012e38d405e36686710356241b0e) Since new thermostat is on next joist and not long enough to really reach (you see this stretched over across), I was just going to add knockout clamp to old thermostat box (I have clipped the thermostat wires), put romex in, wire into this thermostat as a my box with just the white to white, black to black, run the romex over to next joist on the roof into an new box, and tie the new fan's thermostat wires into that. &#x200B; https://preview.redd.it/5asurs10lgza1.png?width=450&format=png&auto=webp&s=11628894645eb837a34a3aba6ea94ecbea6ee687 Switch. I had thought if you are switching a neutral with power, the white wire should be taped black or black line on it? &#x200B; [What I see in the wall for the switch.](https://preview.redd.it/n9iyp57clgza1.png?width=450&format=png&auto=webp&s=43d138ad68b54ee3d97a1572996218a3efadbb84)","Connecting attic fan House had attic fan that was controlled by switch in a closet when purchased 35 yrs ago. A few years ago, not sure how many, noticed fan wasn't working. Redid roof 2 years ago, told roofers to take out fan. I capped wires in attic. Roofer friend told me, put fan back in, saves your attic. So had a new fan put in last fall. Hooked up today, turned on switch (had temp set to 50 on thermostat) and nothing. Pic Here is how it is wired. So I thought, maybe bad switch. I look at switch, and neutral not connected! Not sure who did that. Now wondering if old fan worked and it was just switch not connected? Also, pretty sure there was no thermostat in the attic originally, it was just on the switch. Switch always turned it on, however, I only did the switch in the summer when it should turn on. Had an addition put in 17 years ago, maybe electrician then did this, but don't know if fan hasn't worked for 17 years. I don't have my line tester or multimeter here, currently on my boat. But without V tester here, no idea if any power is at the switch or attic. Roofer installed fan w box on wrong side for wiring, I was going to add some romex from current box, just white to white, etc. run on roof between joist for 18"" and to this new controller. PITA to get into attic, PITA to work on it. Should I just connect the neutral to the switch and reconnect in attic with the likely probability this is the issue, or wait 2 weeks till I get V tester back. Hate to buy another one. Not an electrician, but an electrical engineer. Not going to claim I know what electricians know, but comfortable w electricity and wiring in principle. Probably have installed 100 switches/electric boxes/lights in my life. I know you guys do this in a week. Here is pic of what I tested. This is old thermostat , assuming old fan had none originally and this was added to connect to old fan. New fan has thermostat connected to it. See nxt pic [Fan used to be wired to this, this is my test.](https://preview.redd.it/b6h9px31kgza1.png?width=600&format=png&auto=webp&s=8fa36b5d848b012e38d405e36686710356241b0e) Since new thermostat is on next joist and not long enough to really reach (you see this stretched over across), I was just going to add knockout clamp to old thermostat box (I have clipped the thermostat wires), put romex in, wire into this thermostat as a my box with just the white to white, black to black, run the romex over to next joist on the roof into an new box, and tie the new fan's thermostat wires into that. &#x200B; https://preview.redd.it/5asurs10lgza1.png?width=450&format=png&auto=webp&s=11628894645eb837a34a3aba6ea94ecbea6ee687 Switch. I had thought if you are switching a neutral with power, the white wire should be taped black or black line on it? &#x200B; [What I see in the wall for the switch.](https://preview.redd.it/n9iyp57clgza1.png?width=450&format=png&auto=webp&s=43d138ad68b54ee3d97a1572996218a3efadbb84)",https://www.reddit.com/r/askanelectrician/comments/13fw01f/connecting_attic_fan/,1,4,https://www.reddit.com/r/askanelectrician/comments/13fw01f/connecting_attic_fan/,electrical issue,needs_review_medium_signal,,manual_review_pending,,medium_risk_call_pro,0.80,trade_system_issue:\bwiring\b,"{""medium_risk_call_pro"": 2.0}",no,,,,,MR0150,medium_risk_call_pro,3,Max,,
1trr3du,HomeMaintenance,2026-05-30T05:39:49+00:00,bathroom and shower ceiling damage?,"First/second/last photos are of bathroom ceiling and the third photo is one photo of a portion of shower ceiling. Are all of these photos signs of water damage? Or paint bubbles? Or even mold? Just the roof over this bathroom (as in there is no bedroom or bathrooom above this ceiling). Any tips to fix and prevent future damage of the ceiling? I read in some posts about repainting with mold resistant paint but if so, should I be sanding or bleaching the drywall first? All advice is greatly appreciated.","bathroom and shower ceiling damage? First/second/last photos are of bathroom ceiling and the third photo is one photo of a portion of shower ceiling. Are all of these photos signs of water damage? Or paint bubbles? Or even mold? Just the roof over this bathroom (as in there is no bedroom or bathrooom above this ceiling). Any tips to fix and prevent future damage of the ceiling? I read in some posts about repainting with mold resistant paint but if so, should I be sanding or bleaching the drywall first? All advice is greatly appreciated.",https://www.reddit.com/r/HomeMaintenance/comments/1trr3du/bathroom_and_shower_ceiling_damage/,3,4,https://www.reddit.com/gallery/1trr3du,mold,needs_review_medium_signal,,manual_review_pending,,medium_risk_call_pro,0.87,contained_water_damage:\bwater damage(?:d)?\b; mold_or_foundation_concern:\bmold\b; cosmetic_or_minor_finish:\bpaint(?:ing|ed)?\b,"{""low_risk_diy"": 2.2, ""medium_risk_call_pro"": 4.0}",no,,,,,MR0156,medium_risk_call_pro,3,Max,,
1pl074m,HomeMaintenance,2025-12-12T19:03:34+00:00,Structural engineer needed?,"Structural engineer needed? We bought this (late 90's build) house recently and are concerned about the horizontal crack in the pictures. We're unable to tell if the crack continues under the siding, but some drywall nails have popped inside, and some trim is loose-on the same side of the house-since Winter started and we've seen -20 Celsius (-4 F) temperatures. A foundation repair expert (not structural engineer) said it is fine, prior to the nails popping. Is it advisable to get a structural engineer in for $600-1000+ for peace of mind? We're a bit tight for cash after the home purchase, so any guidance would be appreciated.","Structural engineer needed? Structural engineer needed? We bought this (late 90's build) house recently and are concerned about the horizontal crack in the pictures. We're unable to tell if the crack continues under the siding, but some drywall nails have popped inside, and some trim is loose-on the same side of the house-since Winter started and we've seen -20 Celsius (-4 F) temperatures. A foundation repair expert (not structural engineer) said it is fine, prior to the nails popping. Is it advisable to get a structural engineer in for $600-1000+ for peace of mind? We're a bit tight for cash after the home purchase, so any guidance would be appreciated.",https://www.reddit.com/r/HomeMaintenance/comments/1pl074m/structural_engineer_needed/,0,15,https://www.reddit.com/gallery/1pl074m,loose trim,needs_review_urgent_signal,,manual_review_pending,,low_risk_diy,0.82,cosmetic_or_minor_finish:\btrim\b,"{""low_risk_diy"": 2.2}",no,,,,,MR0159,low_risk_diy,3,Max,,
1tttyko,AskMechanics,2026-06-01T14:28:55+00:00,1969 El Camino Engine Swap,"Overview: I want to modernize a 69 El Camino, I'm not experienced enough to mess around doing an engine swap, so I'll pay someone/ some shop to do it. But it's not a typical swap, I want a hybrid. Question: I'm assuming I'll need to buy a doner vehicle for the engine, battery and such. Which would you recommend? It'll be a daily city driver. Additional info: I have no issues working on the interior and exterior, the dash and whatnot. I've thought of this project for a decade now and I think I'm ready to start laying it all out. Adding modern safety features, modernized dash (I love my small media screen for music and gps.) digital speedometer, added steering wheel controls, cruise control and so on. Basically a modern car in a classic body.","1969 El Camino Engine Swap Overview: I want to modernize a 69 El Camino, I'm not experienced enough to mess around doing an engine swap, so I'll pay someone/ some shop to do it. But it's not a typical swap, I want a hybrid. Question: I'm assuming I'll need to buy a doner vehicle for the engine, battery and such. Which would you recommend? It'll be a daily city driver. Additional info: I have no issues working on the interior and exterior, the dash and whatnot. I've thought of this project for a decade now and I think I'm ready to start laying it all out. Adding modern safety features, modernized dash (I love my small media screen for music and gps.) digital speedometer, added steering wheel controls, cruise control and so on. Basically a modern car in a classic body.",https://www.reddit.com/r/AskMechanics/comments/1tttyko/1969_el_camino_engine_swap/,0,5,https://www.reddit.com/r/AskMechanics/comments/1tttyko/1969_el_camino_engine_swap/,steering issue,needs_review_unclear,,manual_review_pending,,,0.00,no_labeling_function_matched,{},yes,,,,,MR0161,needs_human_review,3,Max,,
1tchaul,HomeImprovement,2026-05-13T23:56:32+00:00,Help Diagnose Tub/Shower Leak,"https://imgur.com/a/ Hi everyone, as you can see my tub/shower is leaking into the basement below. A couple of months ago I took down the drop ceiling panels and noticed old water stains on the subfloor. It was completely dry when I poked at it and inspected. This is a 50s home so I thought this was probably an old leak that was previously patched or fixed and didn’t worry about it considering I haven’t had any issues since moving in 1 year ago. 1. I took the wall panel off behind the shower wall and it was all dry. The plumbing directly below the tub is not wet at all and there is no drip from the plumbing. 2. The drip occurs when tub faucet is running and when shower head is being used. 3. The drip appears to be coming from whatever is in the last two photos. It drips directly down from a couple of slits pictured. What is this??? Is it a patch job on the old leak or is this deteriorating material such as the wall around the tub/shower? The photos were taken from the basement looking up into the tub and flooring above. The leak continues a couple of beams over, so I’m worried about the floor underneath rotting and how much more is leaking that I can’t see. What am I looking at in the last two photos and what could be the issue?","Help Diagnose Tub/Shower Leak https://imgur.com/a/ Hi everyone, as you can see my tub/shower is leaking into the basement below. A couple of months ago I took down the drop ceiling panels and noticed old water stains on the subfloor. It was completely dry when I poked at it and inspected. This is a 50s home so I thought this was probably an old leak that was previously patched or fixed and didn’t worry about it considering I haven’t had any issues since moving in 1 year ago. 1. I took the wall panel off behind the shower wall and it was all dry. The plumbing directly below the tub is not wet at all and there is no drip from the plumbing. 2. The drip occurs when tub faucet is running and when shower head is being used. 3. The drip appears to be coming from whatever is in the last two photos. It drips directly down from a couple of slits pictured. What is this??? Is it a patch job on the old leak or is this deteriorating material such as the wall around the tub/shower? The photos were taken from the basement looking up into the tub and flooring above. The leak continues a couple of beams over, so I’m worried about the floor underneath rotting and how much more is leaking that I can’t see. What am I looking at in the last two photos and what could be the issue?",https://www.reddit.com/r/HomeImprovement/comments/1tchaul/help_diagnose_tubshower_leak/,1,3,https://www.reddit.com/r/HomeImprovement/comments/1tchaul/help_diagnose_tubshower_leak/,leak,needs_review_medium_signal,,manual_review_pending,,medium_risk_call_pro,0.95,contained_water_damage:\bleak(?:s|ing|ed)?\b; trade_system_issue:\bplumbing\b,"{""medium_risk_call_pro"": 4.0}",no,,,,,MR0164,medium_risk_call_pro,3,Max,,
1rd12mj,Plumbing,2026-02-24T01:38:29+00:00,How to get to cartridge,"Trying to open this up and get to the cartridge. I’m not seeing a set screw anywhere. Taking off the two screws didn’t make the plate easier to remove. Hoping I don’t have to trim off the caulk and there’s something small I’m not seeing. I’m wondering if I just need to snap off the handle, it has a little give. But worried to try that if it’s not actually how it’s supposed to move Grohe 19690000","How to get to cartridge Trying to open this up and get to the cartridge. I’m not seeing a set screw anywhere. Taking off the two screws didn’t make the plate easier to remove. Hoping I don’t have to trim off the caulk and there’s something small I’m not seeing. I’m wondering if I just need to snap off the handle, it has a little give. But worried to try that if it’s not actually how it’s supposed to move Grohe 19690000",https://www.reddit.com/r/Plumbing/comments/1rd12mj/how_to_get_to_cartridge/,1,1,https://www.reddit.com/gallery/1rd12mj,caulk,needs_review_low_signal,,manual_review_pending,,low_risk_diy,0.82,cosmetic_or_minor_finish:\btrim\b,"{""low_risk_diy"": 2.2}",no,,,,,MR0172,low_risk_diy,3,Max,,
tyetxw,hvacadvice,2022-04-07T14:54:48+00:00,Furnace keeps turning off and back on different error codes.,"Model: PG95SAS42060B Manufacture date: Oct 2013 Photos and videos in Imgur link at bottom. Hello, I am having issues with my furnace and after looking at a tonne of YouTube videos and forums I’m not sure what to try next. What I couldn’t see to figure out from the videos I saw are whether the issues they were pointing out prevented the furnace from starting up at all or if (like mine) the furnace starts up but turns off after a few minutes. My furnace never has an issue starting, it just has issues staying on. Sometimes it will turn off with no error code (thermostat is still calling for heat), sometimes it turns off with code 3-1 and sometimes it turns off with code 3-3. I have noticed that when it turns off after about 5 minutes, it is code 3-1 then it will turn itself back on after about a minute, and sometimes this cycle will keep going. If it does end up staying on for longer than 5 minutes it will eventually turn off but with code 3-3 instead. Things I have tried: 1. Got a reading on the flame sensor (3.0 micro amps) 2. Looked to see if flame rollback sensors were tripping 3. Pulled the grey elbow off the drain hose (in one of the photos)… there was a bit of dirty water in there… no other water came out initially… but when I came back to it awhile later… there was about a cup of water that came out. 4. Shop vacced the drainage hose from outside the furnace (i got some water but that may have been from the drain itself. 5. Shop vacced the exhaust pipe from outside I was thinking of maybe jumping the wires that go into the limit switch to see if it runs without stopping. Thanks for any suggestions. [furnace photos and videos](https://imgur.com/a/EOdRaUs) No manual but I looked up error codes for Payne furnaces and this is what I was going by. CODE: 31. RESULT: Proper vent sizing -- Defective inducer motor - Low inducer voltage (115VAC) - Defective pressure switch - Inadequate combustion air supply - Restricted vent - Disconnected or obstructed pressure tubing - Low inlet gas pressure (if LGPS used) If it opens during blower ondelay period, blower will come on for the selected blower off-delay. CODE: 33. RESULT: LIMIT CIRCUIT FAULT - Indicates a limit, or flame rollout is open. Blower will run for 4 minutes or until open switch remakes whichever is longer. If open longer than 3 minutes, code changes to lockout #13. If open less than 3 minutes status code #33 continues to flash until blower shuts of Flame rollout switch requires manual reset. Check for: - Restricted vent - Proper vent sizing - Loose blower wheel - Excessive wind - Dirty filter or restricted duct system. - Defective blower motor or capacitor. - Defective switch or connections. - Inadequate combustion air supply (Flame Roll-out Switch open).","Furnace keeps turning off and back on different error codes. Model: PG95SAS42060B Manufacture date: Oct 2013 Photos and videos in Imgur link at bottom. Hello, I am having issues with my furnace and after looking at a tonne of YouTube videos and forums I’m not sure what to try next. What I couldn’t see to figure out from the videos I saw are whether the issues they were pointing out prevented the furnace from starting up at all or if (like mine) the furnace starts up but turns off after a few minutes. My furnace never has an issue starting, it just has issues staying on. Sometimes it will turn off with no error code (thermostat is still calling for heat), sometimes it turns off with code 3-1 and sometimes it turns off with code 3-3. I have noticed that when it turns off after about 5 minutes, it is code 3-1 then it will turn itself back on after about a minute, and sometimes this cycle will keep going. If it does end up staying on for longer than 5 minutes it will eventually turn off but with code 3-3 instead. Things I have tried: 1. Got a reading on the flame sensor (3.0 micro amps) 2. Looked to see if flame rollback sensors were tripping 3. Pulled the grey elbow off the drain hose (in one of the photos)… there was a bit of dirty water in there… no other water came out initially… but when I came back to it awhile later… there was about a cup of water that came out. 4. Shop vacced the drainage hose from outside the furnace (i got some water but that may have been from the drain itself. 5. Shop vacced the exhaust pipe from outside I was thinking of maybe jumping the wires that go into the limit switch to see if it runs without stopping. Thanks for any suggestions. [furnace photos and videos](https://imgur.com/a/EOdRaUs) No manual but I looked up error codes for Payne furnaces and this is what I was going by. CODE: 31. RESULT: Proper vent sizing -- Defective inducer motor - Low inducer voltage (115VAC) - Defective pressure switch - Inadequate combustion air supply - Restricted vent - Disconnected or obstructed pressure tubing - Low inlet gas pressure (if LGPS used) If it opens during blower ondelay period, blower will come on for the selected blower off-delay. CODE: 33. RESULT: LIMIT CIRCUIT FAULT - Indicates a limit, or flame rollout is open. Blower will run for 4 minutes or until open switch remakes whichever is longer. If open longer than 3 minutes, code changes to lockout #13. If open less than 3 minutes status code #33 continues to flash until blower shuts of Flame rollout switch requires manual reset. Check for: - Restricted vent - Proper vent sizing - Loose blower wheel - Excessive wind - Dirty filter or restricted duct system. - Defective blower motor or capacitor. - Defective switch or connections. - Inadequate combustion air supply (Flame Roll-out Switch open).",https://www.reddit.com/r/hvacadvice/comments/tyetxw/furnace_keeps_turning_off_and_back_on_different/,1,15,https://www.reddit.com/r/hvacadvice/comments/tyetxw/furnace_keeps_turning_off_and_back_on_different/,wheel loose,needs_review_medium_signal,,manual_review_pending,,medium_risk_call_pro,0.80,trade_system_issue:\bfurnace\b,"{""medium_risk_call_pro"": 2.0}",no,,,,,MR0174,medium_risk_call_pro,3,Max,,
1tfuf0b,Plumbing,2026-05-17T16:32:46+00:00,Dishwasher help,"Any time I run my dishwasher, my second sink backwashes like this. I has a disposal on it, but it’s broken and doesn’t work. Could this have something to do with why it fills up? The other side of my sink doesn’t flood back up","Dishwasher help Any time I run my dishwasher, my second sink backwashes like this. I has a disposal on it, but it’s broken and doesn’t work. Could this have something to do with why it fills up? The other side of my sink doesn’t flood back up",https://www.reddit.com/r/Plumbing/comments/1tfuf0b/dishwasher_help/,1,3,https://i.redd.it/3he8onz36q1h1.jpeg,flooding,needs_review_urgent_signal,,manual_review_pending,,,0.00,no_labeling_function_matched,{},yes,,,,,MR0175,needs_human_review,3,Max,,
1tplwrv,AskMechanics,2026-05-27T23:12:15+00:00,How to keep slipping transmission alive until I can afford to replace it,"I drive a 2003 ford ranger automatic. Transmission recently started slipping. Basically RPM is revving higher than normal when accelerating and just feels like the truck is working too hard to get up to speed. I'm planning on dropping the pan tonight to assess the damage, but I assume I am going to find some metal buildup based on the symptoms :( in which case I know I'll need a rebuild. Unfortunately I cannot afford that right now and while I know a bit about cars I am not knowledgeable enough to pull off a major repair like that. My priority is being able to get to work for the next couple months and then at the end of the summer hopefully I'll have enough saved to pay to fix everything, but until then I'm wondering if it is possible to just baby the truck and keep it alive until then. Is this possible, and does anyone have any tips on how to keep it going until I can fix it properly? Appreciate any advice.","How to keep slipping transmission alive until I can afford to replace it I drive a 2003 ford ranger automatic. Transmission recently started slipping. Basically RPM is revving higher than normal when accelerating and just feels like the truck is working too hard to get up to speed. I'm planning on dropping the pan tonight to assess the damage, but I assume I am going to find some metal buildup based on the symptoms :( in which case I know I'll need a rebuild. Unfortunately I cannot afford that right now and while I know a bit about cars I am not knowledgeable enough to pull off a major repair like that. My priority is being able to get to work for the next couple months and then at the end of the summer hopefully I'll have enough saved to pay to fix everything, but until then I'm wondering if it is possible to just baby the truck and keep it alive until then. Is this possible, and does anyone have any tips on how to keep it going until I can fix it properly? Appreciate any advice.",https://www.reddit.com/r/AskMechanics/comments/1tplwrv/how_to_keep_slipping_transmission_alive_until_i/,3,22,https://www.reddit.com/r/AskMechanics/comments/1tplwrv/how_to_keep_slipping_transmission_alive_until_i/,transmission slipping,needs_review_unclear,,manual_review_pending,,medium_risk_call_pro,0.80,vehicle_mechanical_system_issue:\btransmission\b,"{""medium_risk_call_pro"": 2.0}",no,,,,,MR0178,medium_risk_call_pro,3,Max,,
1tvdt4t,HomeImprovement,2026-06-03T03:47:33+00:00,Do I need and extra CO detector for my studio or am I overthinking this?,"I'm in the US for a six-month work assignment and my office is downtown, so most apartments around here are either crazy expensive or pretty old. I ended up renting a tiny studio where the kitchen is basically right next to my bed. The place is actually pretty clean and not terrible for the price, but a lot of the stuff in the apartment definitely shows its age. Pipes, vents, all that. The airflow isn't great either, especially since it's such a small space. There's already a smoke detector here but it looks like it's been hanging on for dear life since 2012 lol. I keep thinking about gas or CO leaks lately. I know I'm just overthinking it. I've been considering getting my own CO detector just for peace of mind. A smoke+CO combo unit would probably make the most sense, assuming I'm allowed to swap out the old one. Only thing is I don't really wanna pay much extra just for the combo feature. Any recommendations for something simple and reliable?","Do I need and extra CO detector for my studio or am I overthinking this? I'm in the US for a six-month work assignment and my office is downtown, so most apartments around here are either crazy expensive or pretty old. I ended up renting a tiny studio where the kitchen is basically right next to my bed. The place is actually pretty clean and not terrible for the price, but a lot of the stuff in the apartment definitely shows its age. Pipes, vents, all that. The airflow isn't great either, especially since it's such a small space. There's already a smoke detector here but it looks like it's been hanging on for dear life since 2012 lol. I keep thinking about gas or CO leaks lately. I know I'm just overthinking it. I've been considering getting my own CO detector just for peace of mind. A smoke+CO combo unit would probably make the most sense, assuming I'm allowed to swap out the old one. Only thing is I don't really wanna pay much extra just for the combo feature. Any recommendations for something simple and reliable?",https://www.reddit.com/r/HomeImprovement/comments/1tvdt4t/do_i_need_and_extra_co_detector_for_my_studio_or/,3,7,https://www.reddit.com/r/HomeImprovement/comments/1tvdt4t/do_i_need_and_extra_co_detector_for_my_studio_or/,leak,needs_review_urgent_signal,,manual_review_pending,,urgent_safety_risk,0.92,gas_or_carbon_monoxide:\bco detector\b; fire_smoke_or_sparks:\bsmoke\b; contained_water_damage:\bleak(?:s|ing|ed)?\b,"{""medium_risk_call_pro"": 2.0, ""urgent_safety_risk"": 7.5}",no,,,,,MR0180,urgent_safety_risk,3,Max,,
1bbvjke,HomeImprovement,2024-03-11T05:14:23+00:00,Cost to install all new rigid pipe gas line in house.,"In greater Bay Area, CA. Smelled gas Friday, plumber found multiple leaks throughout crawl space. Existing pipe is very old. Quoted $6500 for the following: “We propose to repipe the whole gas system. includes gas water heater, furnace, gas stove, outside gas stove and fire place. we will open up walls to allow access to the risers. Rigid pipe and fittings will be used approximately 130-150ft of pipe. Does not include drywall repairs. Parts, labor and permit are included.” They’ve obviously got me cornered; got no gas. They’re coming tomorrow to do the work. Just want to know I’m not getting totally ripped off. If I am then I’ll deal with no gas a few more days and get someone else out here. Thanks","Cost to install all new rigid pipe gas line in house. In greater Bay Area, CA. Smelled gas Friday, plumber found multiple leaks throughout crawl space. Existing pipe is very old. Quoted $6500 for the following: “We propose to repipe the whole gas system. includes gas water heater, furnace, gas stove, outside gas stove and fire place. we will open up walls to allow access to the risers. Rigid pipe and fittings will be used approximately 130-150ft of pipe. Does not include drywall repairs. Parts, labor and permit are included.” They’ve obviously got me cornered; got no gas. They’re coming tomorrow to do the work. Just want to know I’m not getting totally ripped off. If I am then I’ll deal with no gas a few more days and get someone else out here. Thanks",https://www.reddit.com/r/HomeImprovement/comments/1bbvjke/cost_to_install_all_new_rigid_pipe_gas_line_in/,1,3,https://www.reddit.com/r/HomeImprovement/comments/1bbvjke/cost_to_install_all_new_rigid_pipe_gas_line_in/,gas smell,needs_review_medium_signal,,manual_review_pending,,medium_risk_call_pro,0.95,contained_water_damage:\bleak(?:s|ing|ed)?\b; trade_system_issue:\bwater heater\b,"{""medium_risk_call_pro"": 4.0}",no,,,,,MR0182,medium_risk_call_pro,3,Max,,
1tfcrs2,AskMechanics,2026-05-17T02:30:27+00:00,"""Transmission Malfunction""","Hey ladies and gents, I'm hoping that I can get some professional advice and maybe some insight into approx. repair costs. UK car. It is a 2014 Ford Fiesta Zetec. The engine number is EJ68820, capacity 1596 cc, power level 77 KW/103.5 BHP. My Fiesta is an automatic transmission and the mileage is approximately 50,095 miles (80,620 km). Petrol. His name is Henry. When I turn on the engine a warning message pops up saying something along the lines of ""transmission malfunction, service now"". When I drive the car the gears slip out of place. For instance, if I am going 40 mph (64 km/h) on a long road, it will slip back to first gear if I take my footsy off the accelerator for a bit - the RPM monitor (tachometer) falls down from 3000 or 4000 RPM to 1000 RPM and I have to constantly tap the accelerator pedal or put my foot right to the floor to put it back into gear. I don't like doing the latter though, because it makes a really loud revving noise that pushes the RPM close to the red zone (6000 RPM). Also, if I'm doing 60 or 70 mph (96/112 km/h) shouldn't the RPM be under 4000/4500 RPM? I've been told that this transmission repair will cost me between £800-£900 ($1065-$1198/ €916- €1031). It would just be really helpful to get some impartial information on this. Please comment or message me if you need any more details on the car - I have everything. Thank you!","""Transmission Malfunction"" Hey ladies and gents, I'm hoping that I can get some professional advice and maybe some insight into approx. repair costs. UK car. It is a 2014 Ford Fiesta Zetec. The engine number is EJ68820, capacity 1596 cc, power level 77 KW/103.5 BHP. My Fiesta is an automatic transmission and the mileage is approximately 50,095 miles (80,620 km). Petrol. His name is Henry. When I turn on the engine a warning message pops up saying something along the lines of ""transmission malfunction, service now"". When I drive the car the gears slip out of place. For instance, if I am going 40 mph (64 km/h) on a long road, it will slip back to first gear if I take my footsy off the accelerator for a bit - the RPM monitor (tachometer) falls down from 3000 or 4000 RPM to 1000 RPM and I have to constantly tap the accelerator pedal or put my foot right to the floor to put it back into gear. I don't like doing the latter though, because it makes a really loud revving noise that pushes the RPM close to the red zone (6000 RPM). Also, if I'm doing 60 or 70 mph (96/112 km/h) shouldn't the RPM be under 4000/4500 RPM? I've been told that this transmission repair will cost me between £800-£900 ($1065-$1198/ €916- €1031). It would just be really helpful to get some impartial information on this. Please comment or message me if you need any more details on the car - I have everything. Thank you!",https://www.reddit.com/r/AskMechanics/comments/1tfcrs2/transmission_malfunction/,1,1,https://www.reddit.com/r/AskMechanics/comments/1tfcrs2/transmission_malfunction/,transmission slipping,needs_review_unclear,,manual_review_pending,,medium_risk_call_pro,0.80,vehicle_mechanical_system_issue:\btransmission\b,"{""medium_risk_call_pro"": 2.0}",no,,,,,MR0186,medium_risk_call_pro,3,Max,,
8vnph9,MechanicAdvice,2018-07-03T00:23:09+00:00,Chevy Aveo 2005 Left Fender Wiring After Tire Blowout,"[Included above is a photo of the wiring i'm trying to fix underneath my drivers side fender. I had a tire blow out and was riding on rim which caused sparks, shrapnel, and it ripped out some wires. Now for the most part its all color coded, however I don't know if I have every wire here due to my tire blowing out. I counted 37 wires going across from left to right.](https://preview.redd.it/o0vfzjobkm711.jpg?width=684&format=pjpg&auto=webp&s=2468e7614a5630f66972ed80a97afb9f6bdb338d) [now there does seem to be a few duplicate wires in the color coding, i assume for speakers and headlights and such.. I count two brown with a white line, two green with a white line, and three brown that aren't connected to the other side yet because I was running out of spare wire. However I don't think the three brown have anything to do with the engine cranking.](https://preview.redd.it/27ymys9tkm711.jpg?width=684&format=pjpg&auto=webp&s=908e78458ab032cf8d0ac87c19142c2f7bb28051) [Now here on the left side I have a spare black wire, I don't know what this connects to- can't seem to find another black wire that is cut anywhere on the other side.](https://preview.redd.it/vupp4928lm711.jpg?width=684&format=pjpg&auto=webp&s=108c63e2a5002885b98453b49998d4b35a132937) [And lastly, here's the wiring to the fender blinker which was broken itself and wasn't in use when I was using the car recently. However one of the repeating wires is connected to this and I need to know if this wire needs to connect to the other corresponding color coded wire instead. Perhaps this green wire with a white line is supposed to match up with the other matching one instead? I also have a teal wire with a black line on it that has two different ends \(coming from the fender light split off wiring\) but only one teal with a black line coming from the hole on the right](https://preview.redd.it/57nwe6dblm711.jpg?width=666&format=pjpg&auto=webp&s=f11bd7fb1ab2ed0b8078a0005cf30b1d54967252) If anyone can help me with these, by taking photos, explaining the color coding, etc etc, itd be a great help. I'm not the best with wiring diagrams, and tbh i'm only 20 so im quite young but I've been trying to fix this poc for like 3 days now. Also, I'm not sure if this matters but the red wire I was using to replace the missing strands between already existing wires is a thicker gauge then all the others.. Not sure if that ties into anything but I think I still made full contact with every wire thats been connected so I hoped that wouldn't be a problem. Fill me in if is lol. Again, I counted 37 wires that go across from the first picture from left to right. That's including the three disconnected brown wires on both ends and even the black wire on the left which confuses me because it's 37 on both sides still, even though I can't find another black wire on the right? so maybe I miscounted but I counted twice so.. Any help at all would be very much appreciated! Also real quick edit I wanna say that when I connect the battery again the lights on the inside dash do turn on and seem to work correctly, the car will not turn over however nor will any of the windows open/close and I'm stuck with the sun roof open too. When I pull my ebrake the brake light does turn on so that works and.. um idk what else to include. just pls help lol","Chevy Aveo 2005 Left Fender Wiring After Tire Blowout [Included above is a photo of the wiring i'm trying to fix underneath my drivers side fender. I had a tire blow out and was riding on rim which caused sparks, shrapnel, and it ripped out some wires. Now for the most part its all color coded, however I don't know if I have every wire here due to my tire blowing out. I counted 37 wires going across from left to right.](https://preview.redd.it/o0vfzjobkm711.jpg?width=684&format=pjpg&auto=webp&s=2468e7614a5630f66972ed80a97afb9f6bdb338d) [now there does seem to be a few duplicate wires in the color coding, i assume for speakers and headlights and such.. I count two brown with a white line, two green with a white line, and three brown that aren't connected to the other side yet because I was running out of spare wire. However I don't think the three brown have anything to do with the engine cranking.](https://preview.redd.it/27ymys9tkm711.jpg?width=684&format=pjpg&auto=webp&s=908e78458ab032cf8d0ac87c19142c2f7bb28051) [Now here on the left side I have a spare black wire, I don't know what this connects to- can't seem to find another black wire that is cut anywhere on the other side.](https://preview.redd.it/vupp4928lm711.jpg?width=684&format=pjpg&auto=webp&s=108c63e2a5002885b98453b49998d4b35a132937) [And lastly, here's the wiring to the fender blinker which was broken itself and wasn't in use when I was using the car recently. However one of the repeating wires is connected to this and I need to know if this wire needs to connect to the other corresponding color coded wire instead. Perhaps this green wire with a white line is supposed to match up with the other matching one instead? I also have a teal wire with a black line on it that has two different ends \(coming from the fender light split off wiring\) but only one teal with a black line coming from the hole on the right](https://preview.redd.it/57nwe6dblm711.jpg?width=666&format=pjpg&auto=webp&s=f11bd7fb1ab2ed0b8078a0005cf30b1d54967252) If anyone can help me with these, by taking photos, explaining the color coding, etc etc, itd be a great help. I'm not the best with wiring diagrams, and tbh i'm only 20 so im quite young but I've been trying to fix this poc for like 3 days now. Also, I'm not sure if this matters but the red wire I was using to replace the missing strands between already existing wires is a thicker gauge then all the others.. Not sure if that ties into anything but I think I still made full contact with every wire thats been connected so I hoped that wouldn't be a problem. Fill me in if is lol. Again, I counted 37 wires that go across from the first picture from left to right. That's including the three disconnected brown wires on both ends and even the black wire on the left which confuses me because it's 37 on both sides still, even though I can't find another black wire on the right? so maybe I miscounted but I counted twice so.. Any help at all would be very much appreciated! Also real quick edit I wanna say that when I connect the battery again the lights on the inside dash do turn on and seem to work correctly, the car will not turn over however nor will any of the windows open/close and I'm stuck with the sun roof open too. When I pull my ebrake the brake light does turn on so that works and.. um idk what else to include. just pls help lol",https://www.reddit.com/r/MechanicAdvice/comments/8vnph9/chevy_aveo_2005_left_fender_wiring_after_tire/,2,5,https://www.reddit.com/r/MechanicAdvice/comments/8vnph9/chevy_aveo_2005_left_fender_wiring_after_tire/,tire blowout,needs_review_urgent_signal,,manual_review_pending,,urgent_safety_risk,0.92,fire_smoke_or_sparks:\bspark(?:s|ing|ed)?\b(?!\s+plugs?\b); vehicle_brake_wheel_or_steering_danger:\btire blowout\b; trade_system_issue:\bwiring\b,"{""medium_risk_call_pro"": 2.0, ""urgent_safety_risk"": 7.0}",no,,,,,MR0190,urgent_safety_risk,3,Max,,
1twsjrk,MechanicAdvice,2026-06-04T16:22:22+00:00,F32 435d S2NH (M Sport) brakes - rotational squeal that stops with light brake pressure,"Car is a 2018 BMW 435d xDrive F32 LCI with S2NH M Sport brakes, so 370mm front discs. I’ve got a high-pitched rotational squeal/chirp that seems to change with wheel speed. For example, at around 19mph it’s slower, then at 25mph the frequency speeds up with the wheel/rotor speed. It usually shows up after 15–30 minutes of driving in dry weather. It was harder/impossible to replicate when it was raining. The strange part is that the noise goes away instantly with the slightest brake pressure, even if I’m still accelerating at the same time. What’s been done/checked so far: * Full brake strip/rework/clean/grease was done first, no new discs at that point * New front pads fitted afterwards in case the old pads were cheap/noisy * A rogue stone was found at one point on the same wheel, removed, but the original noise is still there * BMW specialist visually checked it but couldn’t replicate it because it was raining at the time * Handbrake cable/bracket issue was found and fixed, but that did not fix the noise * Front discs appear to be NAPA 370mm aftermarket discs from a previous owner’s invoice dated November 2025 * Noise seems rotational and linked to wheel/brake disc speed * Light brake pressure stops it immediately I’m trying to work out whether this points more towards disc/pad resonance, front disc runout, hub runout, caliper/pad not releasing properly when warm, dust shield contact, or something else (if it isn't obvious I don't know what I'm talking about I'm just guessing at this point). What would you check next before I throw genuine BMW/Brembo front discs & pads at it? [](https://www.reddit.com/submit/?source_id=t3_1twsh8u&composer_entry=crosspost_prompt)","F32 435d S2NH (M Sport) brakes - rotational squeal that stops with light brake pressure Car is a 2018 BMW 435d xDrive F32 LCI with S2NH M Sport brakes, so 370mm front discs. I’ve got a high-pitched rotational squeal/chirp that seems to change with wheel speed. For example, at around 19mph it’s slower, then at 25mph the frequency speeds up with the wheel/rotor speed. It usually shows up after 15–30 minutes of driving in dry weather. It was harder/impossible to replicate when it was raining. The strange part is that the noise goes away instantly with the slightest brake pressure, even if I’m still accelerating at the same time. What’s been done/checked so far: * Full brake strip/rework/clean/grease was done first, no new discs at that point * New front pads fitted afterwards in case the old pads were cheap/noisy * A rogue stone was found at one point on the same wheel, removed, but the original noise is still there * BMW specialist visually checked it but couldn’t replicate it because it was raining at the time * Handbrake cable/bracket issue was found and fixed, but that did not fix the noise * Front discs appear to be NAPA 370mm aftermarket discs from a previous owner’s invoice dated November 2025 * Noise seems rotational and linked to wheel/brake disc speed * Light brake pressure stops it immediately I’m trying to work out whether this points more towards disc/pad resonance, front disc runout, hub runout, caliper/pad not releasing properly when warm, dust shield contact, or something else (if it isn't obvious I don't know what I'm talking about I'm just guessing at this point). What would you check next before I throw genuine BMW/Brembo front discs & pads at it? [](https://www.reddit.com/submit/?source_id=t3_1twsh8u&composer_entry=crosspost_prompt)",https://www.reddit.com/r/MechanicAdvice/comments/1twsjrk/f32_435d_s2nh_m_sport_brakes_rotational_squeal/,1,6,https://v.redd.it/fr3uzxojka5h1,brake pads,needs_review_unclear,,manual_review_pending,,medium_risk_call_pro,0.80,vehicle_mechanical_system_issue:\bcalipers?\b,"{""medium_risk_call_pro"": 2.0}",no,,,,,MR0193,medium_risk_call_pro,3,Max,,
1s07lqg,AskMechanics,2026-03-22T00:36:13+00:00,"Car dies when I turn on the heat, or even just the fans.","I noticed this a few weeks ago. Turn the car on, turn on the heat set it and drive and then it died. So then for the next few weeks I just drove with everything turned off and it was fine. Smoothest ride ever actually. Wasn't even a little rough when idle at red lights like it usually is. And then today I tried to turn on the fans, no heat, no AC, just the fans, then the car died as soon as I put it in drive. Like somehow the fans is putting on the extra stress on the motor. What does that mean? What do I do? I'm a total noob. 2009 Kia borrego. I think it's the 3.8L V6: 276 hp engine Voltmeter says the battery is good. I don't know how to use the check the alternator though. This car was in the shop recently for other problems, they did a full diagnosis and didn't say anything about the battery or the alternator. This problem with a dying didn't start until after I got it back from the shop. As far as known problems, just wiper blades, need to replace the tie rods, transmission oil cooler lines minor leak from rust, minor leak in the exhaust flex pipes, minor leak in intake boot, and that's about it. None of these would cause this problem would they? Edit: I went to AutoZone for a free scan and they said there was no codes.","Car dies when I turn on the heat, or even just the fans. I noticed this a few weeks ago. Turn the car on, turn on the heat set it and drive and then it died. So then for the next few weeks I just drove with everything turned off and it was fine. Smoothest ride ever actually. Wasn't even a little rough when idle at red lights like it usually is. And then today I tried to turn on the fans, no heat, no AC, just the fans, then the car died as soon as I put it in drive. Like somehow the fans is putting on the extra stress on the motor. What does that mean? What do I do? I'm a total noob. 2009 Kia borrego. I think it's the 3.8L V6: 276 hp engine Voltmeter says the battery is good. I don't know how to use the check the alternator though. This car was in the shop recently for other problems, they did a full diagnosis and didn't say anything about the battery or the alternator. This problem with a dying didn't start until after I got it back from the shop. As far as known problems, just wiper blades, need to replace the tie rods, transmission oil cooler lines minor leak from rust, minor leak in the exhaust flex pipes, minor leak in intake boot, and that's about it. None of these would cause this problem would they? Edit: I went to AutoZone for a free scan and they said there was no codes.",https://www.reddit.com/r/AskMechanics/comments/1s07lqg/car_dies_when_i_turn_on_the_heat_or_even_just_the/,1,2,https://www.reddit.com/r/AskMechanics/comments/1s07lqg/car_dies_when_i_turn_on_the_heat_or_even_just_the/,wiper blades,needs_review_medium_signal,,manual_review_pending,,medium_risk_call_pro,0.95,contained_water_damage:\bleak(?:s|ing|ed)?\b; vehicle_mechanical_system_issue:\btie rods?\b,"{""medium_risk_call_pro"": 4.0}",no,,,,,MR0194,medium_risk_call_pro,3,Max,,
1sbsy5a,Plumbing,2026-04-03T23:13:12+00:00,Sump Pump Proactive Replacement?,"We moved into our place around 8 years ago and it crossed our mind that our sump pump runs pretty often even after addressing a bunch of drainage issues (we have a high water table). I checked out down by the sump pit and it looks like the homeowner has a receipt for a Rigid sump pump from 2014 and a receipt for a zoeller pump alternator from 2017. Then for the first time realized there are actually two pumps there. I tested both via raising the floats and they both function. However, I dread not having a functioning sump pump and having a basement flood! Should I wait for one of two to fail then replace both or should I at all consider proactively replacing? Thanks!","Sump Pump Proactive Replacement? We moved into our place around 8 years ago and it crossed our mind that our sump pump runs pretty often even after addressing a bunch of drainage issues (we have a high water table). I checked out down by the sump pit and it looks like the homeowner has a receipt for a Rigid sump pump from 2014 and a receipt for a zoeller pump alternator from 2017. Then for the first time realized there are actually two pumps there. I tested both via raising the floats and they both function. However, I dread not having a functioning sump pump and having a basement flood! Should I wait for one of two to fail then replace both or should I at all consider proactively replacing? Thanks!",https://www.reddit.com/r/Plumbing/comments/1sbsy5a/sump_pump_proactive_replacement/,3,5,https://www.reddit.com/gallery/1sbsy5a,flooding,needs_review_urgent_signal,,manual_review_pending,,urgent_safety_risk,0.77,active_flooding_or_sewage:\bbasement flood(?:ing|ed)?\b; vehicle_mechanical_system_issue:\balternator\b,"{""medium_risk_call_pro"": 2.0, ""urgent_safety_risk"": 3.0}",no,,,,,MR0195,urgent_safety_risk,3,Max,,
1stowae,HomeMaintenance,2026-04-23T17:10:09+00:00,Starting a massive home renovation with a limited budget.,I recently inherited a home that hasn’t changed since the 90s. I really don’t know what I’m doing. I’d hate to think that everything needs to be tore up and redone since that will be costly. I have a few questions I’m hoping people can help me with. 1. The house currently has laminated counter tops and a decent size island that’s also laminated. The sides are already pealing off. Can I peel the old lamination up and put new Formica on it or do I need to replace all the counter tops and island. I’ve seen mixed reviews on both. 2. All the bathrooms have wall paper that are starting to peel and I’ve heard either replace the dry wall or paint over it. Though it’s peeling in multiple places and has holes in it from scrapes. Do I try to peel the wall paper or replace the dry wall? 3. It has true hardwood floors and I’d like to keep them can I just sand them down and refinish them on my own or is this something that I should hire someone on? The reason I want to sand them is because the previous owner didn’t do proper maintenance on the floor and it’s got some decent wear and scratches in heavy traffic areas.,Starting a massive home renovation with a limited budget. I recently inherited a home that hasn’t changed since the 90s. I really don’t know what I’m doing. I’d hate to think that everything needs to be tore up and redone since that will be costly. I have a few questions I’m hoping people can help me with. 1. The house currently has laminated counter tops and a decent size island that’s also laminated. The sides are already pealing off. Can I peel the old lamination up and put new Formica on it or do I need to replace all the counter tops and island. I’ve seen mixed reviews on both. 2. All the bathrooms have wall paper that are starting to peel and I’ve heard either replace the dry wall or paint over it. Though it’s peeling in multiple places and has holes in it from scrapes. Do I try to peel the wall paper or replace the dry wall? 3. It has true hardwood floors and I’d like to keep them can I just sand them down and refinish them on my own or is this something that I should hire someone on? The reason I want to sand them is because the previous owner didn’t do proper maintenance on the floor and it’s got some decent wear and scratches in heavy traffic areas.,https://www.reddit.com/r/HomeMaintenance/comments/1stowae/starting_a_massive_home_renovation_with_a_limited/,1,4,https://www.reddit.com/r/HomeMaintenance/comments/1stowae/starting_a_massive_home_renovation_with_a_limited/,paint peeling,needs_review_low_signal,,manual_review_pending,,low_risk_diy,0.82,cosmetic_or_minor_finish:\bpaint(?:ing|ed)?\b,"{""low_risk_diy"": 2.2}",no,,,,,MR0197,low_risk_diy,3,Max,,
1o404q1,hvacadvice,2025-10-11T16:34:08+00:00,New Boiler in upstate NY,"So I have an old (43 year old) cast iron boiler. Pretty sure it’s in need of replacement. expansion tank is shot, it leaks from various places, vibrates my whole damn house when it’s running. Anyways… I was curious what the pros and cons of replacing with another cast iron is vs a new condensate HE style? I’d rather pay a bit more up front for fuel than crazy repairs on advanced electronic components and things I can’t just do myself. I was quoted $12k from a local big name company, but I feel like swapping in a simpler cast iron system with a new expansion tank shouldn’t be that expensive. Would you guys recommend biting the bullet on a HE unit or stick with a newer cast iron?","New Boiler in upstate NY So I have an old (43 year old) cast iron boiler. Pretty sure it’s in need of replacement. expansion tank is shot, it leaks from various places, vibrates my whole damn house when it’s running. Anyways… I was curious what the pros and cons of replacing with another cast iron is vs a new condensate HE style? I’d rather pay a bit more up front for fuel than crazy repairs on advanced electronic components and things I can’t just do myself. I was quoted $12k from a local big name company, but I feel like swapping in a simpler cast iron system with a new expansion tank shouldn’t be that expensive. Would you guys recommend biting the bullet on a HE unit or stick with a newer cast iron?",https://www.reddit.com/r/hvacadvice/comments/1o404q1/new_boiler_in_upstate_ny/,1,1,https://www.reddit.com/r/hvacadvice/comments/1o404q1/new_boiler_in_upstate_ny/,fuel leak,needs_review_medium_signal,,manual_review_pending,,medium_risk_call_pro,0.80,contained_water_damage:\bleak(?:s|ing|ed)?\b,"{""medium_risk_call_pro"": 2.0}",no,,,,,MR0201,medium_risk_call_pro,3,Max,,
15rjc84,HomeImprovement,2023-08-15T05:29:36+00:00,Insulated Garage Ceiling,"I live in Northern California with low humidity, but generally a little hot as I'm more inland. I'm looking to finish my garage and insulate it. I am in the process of insulating the walls and had some questions on the ceiling. They are vaulted and I believe have some soffit vents on the roof, from what I can see light peaking through areas, see pictures. I didn't see any vents on the outside edges of the garage. If the ceiling are indeed vented, I should still add baffles and R30 on the ceiling? My purpose for insulation is due to me working in my garage occasionally, doing oil changes and such, and in the process of converting half of it to a garage gym. I have a portable ac unit venting out. Pictures here: https://imgur.com/a/3leQAqh","Insulated Garage Ceiling I live in Northern California with low humidity, but generally a little hot as I'm more inland. I'm looking to finish my garage and insulate it. I am in the process of insulating the walls and had some questions on the ceiling. They are vaulted and I believe have some soffit vents on the roof, from what I can see light peaking through areas, see pictures. I didn't see any vents on the outside edges of the garage. If the ceiling are indeed vented, I should still add baffles and R30 on the ceiling? My purpose for insulation is due to me working in my garage occasionally, doing oil changes and such, and in the process of converting half of it to a garage gym. I have a portable ac unit venting out. Pictures here: https://imgur.com/a/3leQAqh",https://www.reddit.com/r/HomeImprovement/comments/15rjc84/insulated_garage_ceiling/,3,0,https://www.reddit.com/r/HomeImprovement/comments/15rjc84/insulated_garage_ceiling/,oil change,needs_review_medium_signal,,manual_review_pending,,medium_risk_call_pro,0.80,trade_system_issue:\bac unit\b,"{""medium_risk_call_pro"": 2.0}",no,,,,,MR0206,medium_risk_call_pro,3,Max,,
1q8hh3f,HomeMaintenance,2026-01-09T19:17:29+00:00,Wha need to be solved here?,"We are trying to sell our house and needed to have the ceiling on the screened patio redone because all the paint was peeling (thanks Florida). So we had a handy guy come and do it. And it looks like this now. Those lines were definitely the new mud on the seams because there was no water damage before and I saw it before he put the texture down and the roof is new. Was there a step that got missed? what needs to be done to solve it? can it be painted? He’s suppose to come back later for another thing and I kind of want to know what I’m dealing with. (Yeah he got texture all over the walls too, so I need to scrub it).","Wha need to be solved here? We are trying to sell our house and needed to have the ceiling on the screened patio redone because all the paint was peeling (thanks Florida). So we had a handy guy come and do it. And it looks like this now. Those lines were definitely the new mud on the seams because there was no water damage before and I saw it before he put the texture down and the roof is new. Was there a step that got missed? what needs to be done to solve it? can it be painted? He’s suppose to come back later for another thing and I kind of want to know what I’m dealing with. (Yeah he got texture all over the walls too, so I need to scrub it).",https://www.reddit.com/r/HomeMaintenance/comments/1q8hh3f/wha_need_to_be_solved_here/,3,10,https://i.redd.it/7q4rubytidcg1.jpeg,paint peeling,needs_review_medium_signal,,manual_review_pending,,medium_risk_call_pro,0.67,contained_water_damage:\bwater damage(?:d)?\b; cosmetic_or_minor_finish:\bpaint(?:ing|ed)?\b,"{""low_risk_diy"": 2.2, ""medium_risk_call_pro"": 2.0}",yes,,,,,MR0210,needs_human_review,3,Max,,
1ttr4iz,HomeImprovement,2026-06-01T12:45:58+00:00,Fair price for foundation and gutter work?,"Our house is about 90 years old, and the foundation has some cracks and holes in it. We've been dealing with water leaking in and some mice and are trying to mitigate that. We talked with a handyman who would help seal the outside, but wouldn't be digging into the ground at all so I believe it would be more aesthetic than anything. We had another company clean and fix the gutters already (for $320) but they missed a couple spots and there's one area where the gutter is detaching from the roof. So this new person would correct those things, along with the foundation. Could anyone give me a general range of what's reasonable for this work? See quote below. We're in upstate NY. Edit: the perimeter of the house is about 110'. > Day #1: Gutter repairs \- repair gutters \- reroute gutters \- we will go all the way around the house and fix trim as well as we see it while we are up on the ladders \- overall goal is to bring water away from the house \- will be using aluminum grade gutters Day #2: Foundation repairs \- repair cracks and gaps in foundation using concrete patch \- will help will water penetration, pests and rodents, etc. \- overall goal is seal up the foundation as much as possible \- will use type N mortar, concrete caulk patch, etc.","Fair price for foundation and gutter work? Our house is about 90 years old, and the foundation has some cracks and holes in it. We've been dealing with water leaking in and some mice and are trying to mitigate that. We talked with a handyman who would help seal the outside, but wouldn't be digging into the ground at all so I believe it would be more aesthetic than anything. We had another company clean and fix the gutters already (for $320) but they missed a couple spots and there's one area where the gutter is detaching from the roof. So this new person would correct those things, along with the foundation. Could anyone give me a general range of what's reasonable for this work? See quote below. We're in upstate NY. Edit: the perimeter of the house is about 110'. > Day #1: Gutter repairs \- repair gutters \- reroute gutters \- we will go all the way around the house and fix trim as well as we see it while we are up on the ladders \- overall goal is to bring water away from the house \- will be using aluminum grade gutters Day #2: Foundation repairs \- repair cracks and gaps in foundation using concrete patch \- will help will water penetration, pests and rodents, etc. \- overall goal is seal up the foundation as much as possible \- will use type N mortar, concrete caulk patch, etc.",https://www.reddit.com/r/HomeImprovement/comments/1ttr4iz/fair_price_for_foundation_and_gutter_work/,2,5,https://www.reddit.com/r/HomeImprovement/comments/1ttr4iz/fair_price_for_foundation_and_gutter_work/,leak,needs_review_medium_signal,,manual_review_pending,,medium_risk_call_pro,0.67,contained_water_damage:\bleak(?:s|ing|ed)?\b; cosmetic_or_minor_finish:\btrim\b,"{""low_risk_diy"": 2.2, ""medium_risk_call_pro"": 2.0}",yes,,,,,MR0223,needs_human_review,3,Max,,
1mci5kv,DIY,2025-07-29T17:43:27+00:00,Need Advice on Floor/Door Trim Repair,"Hey all, Looking for some input on how best to tackle a repair on my floor/door trim (pic included if allowed). The bottom of the trim has some wear and tear and a new puppy. I was planning to: 1. Sand down the damaged area 2. Clean out any loose fibers 3. Fill with DAP Plastic Wood 4. Sand smooth and repaint to match I’ve used DAP Plastic Wood before for small gouges, but not for anything along the floor line like this. Wondering if this is still the best product for the job, or if there’s something more durable I should be using? Appreciate any and all tips—especially if anyone has done a similar repair that held up well over time. Thanks in advance!","Need Advice on Floor/Door Trim Repair Hey all, Looking for some input on how best to tackle a repair on my floor/door trim (pic included if allowed). The bottom of the trim has some wear and tear and a new puppy. I was planning to: 1. Sand down the damaged area 2. Clean out any loose fibers 3. Fill with DAP Plastic Wood 4. Sand smooth and repaint to match I’ve used DAP Plastic Wood before for small gouges, but not for anything along the floor line like this. Wondering if this is still the best product for the job, or if there’s something more durable I should be using? Appreciate any and all tips—especially if anyone has done a similar repair that held up well over time. Thanks in advance!",https://www.reddit.com/r/DIY/comments/1mci5kv/need_advice_on_floordoor_trim_repair/,1,1,https://www.reddit.com/r/DIY/comments/1mci5kv/need_advice_on_floordoor_trim_repair/,loose trim,needs_review_low_signal,,manual_review_pending,,low_risk_diy,0.82,cosmetic_or_minor_finish:\btrim\b,"{""low_risk_diy"": 2.2}",no,,,,,MR0226,low_risk_diy,3,Max,,
1ickx2h,HomeMaintenance,2025-01-29T03:44:11+00:00,Microwave Immediately Trips Breaker Once Plugged In,"I plugged in another appliance into the outlet, and that works fine. So I believe there is something wrong with the microwave itself. Once you plug in the microwave, sparks are emitted from the outlet and the breaker trips. Any ideas?","Microwave Immediately Trips Breaker Once Plugged In I plugged in another appliance into the outlet, and that works fine. So I believe there is something wrong with the microwave itself. Once you plug in the microwave, sparks are emitted from the outlet and the breaker trips. Any ideas?",https://www.reddit.com/r/HomeMaintenance/comments/1ickx2h/microwave_immediately_trips_breaker_once_plugged/,9,37,https://www.reddit.com/gallery/1ickx2h,sparking outlet,needs_review_urgent_signal,,manual_review_pending,,urgent_safety_risk,0.82,fire_smoke_or_sparks:\bspark(?:s|ing|ed)?\b(?!\s+plugs?\b); trade_system_issue:\bbreaker\b,"{""medium_risk_call_pro"": 2.0, ""urgent_safety_risk"": 3.5}",no,,,,,MR0230,urgent_safety_risk,3,Max,,
1erxezn,HomeImprovement,2024-08-14T09:42:15+00:00,Ozone Generator or Fogger?,"Had a smoky accident - long story short, I knocked a knob on for my electric stove with my bag, on my way to leave for a short work shift. I come back 4-5ish hours later to my apartment dense with smoke, and smelling like there'd been a fire.. Because the ONE TIME I left mail on the stove top versus counter... So upon my return, this accidental kindling was converted into a literal pile of ash. But thankfully, no proof of a fire. *whew*.. I opened windows and turned on the AC to high, and somehow, never had the fire alarm go off. All well that ends well. But... That smoke smell... So I'm researching what to do for the smell. Reading between odor foggers, and Ozone Generators. I can't decide On which is the best option - not just for result but for safety consideration too. Here's what I know: Both are toxic, but sounds like ozone is particularly worse. For both, you set it up and evacuate for a while, and also create air flow with windows, doors, etc. I'm reading you need PPE gear to function in Ozone space before it dissapates. Ozone is harsh on rubbers, fabrics, wires, and some paintings. You should probably have respiratory, ocular, and orifice protection in general for both. Ozone is great as a long term tool, and known to be effective most commonly, but both have their uses. What you should know/I'm considering: I live in a 350 Sq. ft studio apartment. I have neighbors, but know not if we share similar ventalation. My bed, clothes, couch, carpet, and entertainment set up - with TV and consoles and pourous furniture - is in a 10x10 space. It is both my living and bed room - I use a wooden loft bed to ""seperate"" these settings. My closet is seperated by a door that was closed at the time if the smoke. My kitchen exists basically by the ""bed/living room, as it IS the hallway that seperate this from my front door and bathroom. The bathroom shares the same door as the closet but was open while I was gone. My shoes are by the front door. EVERYTHING was exposed except my closet, and what came with me to work. Which means, nearly EVERYTHING smells of smoke. It is just me there. I own one small snake, but can have my boyfriend babysit him. Which option is best for removing/reducing the odor from my space? I can easily evacuate the space, but I also want to know how long for each? And/or long term effects of either - IOW, should I do the best work in a day and leave for a few more? Or can I do all this in a day, and then pull off the gas mask and eat my dinner and sleep in my bed? Should I be concerned for my couch, clothes, bed, and carpeting? Can I save myself from some concern of damage to materials, if knowing the smaller space means smaller working time, and I can air it out faster? What are other thoughts I'm not sharing, but should know or be considering? And which is the best option for my living space? Thanks!","Ozone Generator or Fogger? Had a smoky accident - long story short, I knocked a knob on for my electric stove with my bag, on my way to leave for a short work shift. I come back 4-5ish hours later to my apartment dense with smoke, and smelling like there'd been a fire.. Because the ONE TIME I left mail on the stove top versus counter... So upon my return, this accidental kindling was converted into a literal pile of ash. But thankfully, no proof of a fire. *whew*.. I opened windows and turned on the AC to high, and somehow, never had the fire alarm go off. All well that ends well. But... That smoke smell... So I'm researching what to do for the smell. Reading between odor foggers, and Ozone Generators. I can't decide On which is the best option - not just for result but for safety consideration too. Here's what I know: Both are toxic, but sounds like ozone is particularly worse. For both, you set it up and evacuate for a while, and also create air flow with windows, doors, etc. I'm reading you need PPE gear to function in Ozone space before it dissapates. Ozone is harsh on rubbers, fabrics, wires, and some paintings. You should probably have respiratory, ocular, and orifice protection in general for both. Ozone is great as a long term tool, and known to be effective most commonly, but both have their uses. What you should know/I'm considering: I live in a 350 Sq. ft studio apartment. I have neighbors, but know not if we share similar ventalation. My bed, clothes, couch, carpet, and entertainment set up - with TV and consoles and pourous furniture - is in a 10x10 space. It is both my living and bed room - I use a wooden loft bed to ""seperate"" these settings. My closet is seperated by a door that was closed at the time if the smoke. My kitchen exists basically by the ""bed/living room, as it IS the hallway that seperate this from my front door and bathroom. The bathroom shares the same door as the closet but was open while I was gone. My shoes are by the front door. EVERYTHING was exposed except my closet, and what came with me to work. Which means, nearly EVERYTHING smells of smoke. It is just me there. I own one small snake, but can have my boyfriend babysit him. Which option is best for removing/reducing the odor from my space? I can easily evacuate the space, but I also want to know how long for each? And/or long term effects of either - IOW, should I do the best work in a day and leave for a few more? Or can I do all this in a day, and then pull off the gas mask and eat my dinner and sleep in my bed? Should I be concerned for my couch, clothes, bed, and carpeting? Can I save myself from some concern of damage to materials, if knowing the smaller space means smaller working time, and I can air it out faster? What are other thoughts I'm not sharing, but should know or be considering? And which is the best option for my living space? Thanks!",https://www.reddit.com/r/HomeImprovement/comments/1erxezn/ozone_generator_or_fogger/,1,1,https://www.reddit.com/r/HomeImprovement/comments/1erxezn/ozone_generator_or_fogger/,gas smell,needs_review_urgent_signal,,manual_review_pending,,urgent_safety_risk,0.95,fire_smoke_or_sparks:\bsmoke\b,"{""urgent_safety_risk"": 3.5}",no,,,,,MR0232,urgent_safety_risk,3,Max,,
1twrvk6,Plumbing,2026-06-04T15:59:21+00:00,SOS: Shower leak and plumbers denying responsibility,"To the great people of r/Plumbing, I need your help. **TLDR:** there is a leak coming from our shower / bathroom and the independent contractor (who did the remodel in December 2024) and the plumbing company (who re-piped our entire house in October 2025) are pointing fingers at one another and neither are claiming ownership for whatever is wrong. Photo context: * Photos 1 & 2 are from October 2024, approx. 10 months after bathroom was remodeled and before the re-pipe. Note: the shower drain, pipes, vapor barrier appear dry. * Photos 3 & 4 are from the last week, and you can see there is clearly a leak happening from the shower drain area. Not pictured, but approx “a liter” of water sitting on top of the vapor barrier under these pipes. * Photo 5: The inside of the shower drain (note the circled area, appears to be a cut / crack in the interior of the pipe). This was pointed out to me by two other plumbers who came to give second opinions, and they suspect could be causing the leak. Where I'm at now is that the plumbers that re-piped are saying there's no way their work created the leak and that the reason it was bone dry for 10 months was that it's a ""slow leak"" from faulty craftsmanship. Apparently this is possible but 10 months seems like very long time for nothing to show until after they piped. Is it possible for a leak to be dormant for 10 months before showing any visible damage? Could this cut in the interior of the shower pipe could be the issue, and if so, could the plumbers who re-piped have created that damage when they were sawing off the PVC underneath it? What do you all think is going on here? FWIW, I had the re-pipe done initially because the bathroom backed up / flooded twice; the house is almost 100-years old and had cast iron pipes, and plumbers initially said the pipes weren't pitched correctly, both causing the back ups. I'm really frustrated and lost here, so any help would be greatly appreciated. The only thing there seems to be consensus on is that the floors need to come up and subfloor needs to be replaced / treated. TIA!!! https://preview.redd.it/95blsnqeoa5h1.jpg?width=1536&format=pjpg&auto=webp&s=6b1f2a50fa61f70b84899ee03d67fa6e404af1eb https://preview.redd.it/qt489nqeoa5h1.jpg?width=1536&format=pjpg&auto=webp&s=8af7123b3268217ededdef034ce65be124c31a6c https://preview.redd.it/736kgnqeoa5h1.jpg?width=1536&format=pjpg&auto=webp&s=06aa5b613537e8af9028e6eff64b081ba98a6999 https://preview.redd.it/45xqttqeoa5h1.jpg?width=2048&format=pjpg&auto=webp&s=c3ae85524ce712d7b7138439f7b1c276648c8c74 https://preview.redd.it/oc9hunqeoa5h1.jpg?width=1576&format=pjpg&auto=webp&s=ec938cbfb2061865a0f79814c5a54ace7b310f2e","SOS: Shower leak and plumbers denying responsibility To the great people of r/Plumbing, I need your help. **TLDR:** there is a leak coming from our shower / bathroom and the independent contractor (who did the remodel in December 2024) and the plumbing company (who re-piped our entire house in October 2025) are pointing fingers at one another and neither are claiming ownership for whatever is wrong. Photo context: * Photos 1 & 2 are from October 2024, approx. 10 months after bathroom was remodeled and before the re-pipe. Note: the shower drain, pipes, vapor barrier appear dry. * Photos 3 & 4 are from the last week, and you can see there is clearly a leak happening from the shower drain area. Not pictured, but approx “a liter” of water sitting on top of the vapor barrier under these pipes. * Photo 5: The inside of the shower drain (note the circled area, appears to be a cut / crack in the interior of the pipe). This was pointed out to me by two other plumbers who came to give second opinions, and they suspect could be causing the leak. Where I'm at now is that the plumbers that re-piped are saying there's no way their work created the leak and that the reason it was bone dry for 10 months was that it's a ""slow leak"" from faulty craftsmanship. Apparently this is possible but 10 months seems like very long time for nothing to show until after they piped. Is it possible for a leak to be dormant for 10 months before showing any visible damage? Could this cut in the interior of the shower pipe could be the issue, and if so, could the plumbers who re-piped have created that damage when they were sawing off the PVC underneath it? What do you all think is going on here? FWIW, I had the re-pipe done initially because the bathroom backed up / flooded twice; the house is almost 100-years old and had cast iron pipes, and plumbers initially said the pipes weren't pitched correctly, both causing the back ups. I'm really frustrated and lost here, so any help would be greatly appreciated. The only thing there seems to be consensus on is that the floors need to come up and subfloor needs to be replaced / treated. TIA!!! https://preview.redd.it/95blsnqeoa5h1.jpg?width=1536&format=pjpg&auto=webp&s=6b1f2a50fa61f70b84899ee03d67fa6e404af1eb https://preview.redd.it/qt489nqeoa5h1.jpg?width=1536&format=pjpg&auto=webp&s=8af7123b3268217ededdef034ce65be124c31a6c https://preview.redd.it/736kgnqeoa5h1.jpg?width=1536&format=pjpg&auto=webp&s=06aa5b613537e8af9028e6eff64b081ba98a6999 https://preview.redd.it/45xqttqeoa5h1.jpg?width=2048&format=pjpg&auto=webp&s=c3ae85524ce712d7b7138439f7b1c276648c8c74 https://preview.redd.it/oc9hunqeoa5h1.jpg?width=1576&format=pjpg&auto=webp&s=ec938cbfb2061865a0f79814c5a54ace7b310f2e",https://www.reddit.com/r/Plumbing/comments/1twrvk6/sos_shower_leak_and_plumbers_denying/,4,14,https://www.reddit.com/r/Plumbing/comments/1twrvk6/sos_shower_leak_and_plumbers_denying/,flooding,needs_review_urgent_signal,,manual_review_pending,,urgent_safety_risk,0.77,active_flooding_or_sewage:\bflooded\b; contained_water_damage:\bleak(?:s|ing|ed)?\b; trade_system_issue:\bplumbing\b,"{""medium_risk_call_pro"": 4.0, ""urgent_safety_risk"": 3.0}",yes,,,,,MR0233,needs_human_review,3,Max,,
1roz1g1,AskMechanics,2026-03-09T12:36:39+00:00,Transmission fluid change at 100k?,Hey I have seen a lot of contradicting info on whether or not to change transmission fluids. To start off I have a 6r80 transmission in a 13 mustang and it's just light daily driving. When I asked my local shop about the 100k maintenance they brought up changing the tranny fluid as part of it. I only have owned it since 80k so I'm not sure if it's been changed. It has no signs of slipping or shuttering. I have seen that changing it at 100k can cause issues and it may go out shortly after. Any thoughts on this?,Transmission fluid change at 100k? Hey I have seen a lot of contradicting info on whether or not to change transmission fluids. To start off I have a 6r80 transmission in a 13 mustang and it's just light daily driving. When I asked my local shop about the 100k maintenance they brought up changing the tranny fluid as part of it. I only have owned it since 80k so I'm not sure if it's been changed. It has no signs of slipping or shuttering. I have seen that changing it at 100k can cause issues and it may go out shortly after. Any thoughts on this?,https://www.reddit.com/r/AskMechanics/comments/1roz1g1/transmission_fluid_change_at_100k/,1,4,https://www.reddit.com/r/AskMechanics/comments/1roz1g1/transmission_fluid_change_at_100k/,transmission slipping,needs_review_unclear,,manual_review_pending,,medium_risk_call_pro,0.80,vehicle_mechanical_system_issue:\btransmission\b,"{""medium_risk_call_pro"": 2.0}",no,,,,,MR0240,medium_risk_call_pro,3,Max,,
1q0nu33,DIY,2025-12-31T21:25:33+00:00,Renovated Powder Bath (novice/beginner),"[Before](https://preview.redd.it/k1ufx1obwlag1.png?width=1024&format=png&auto=webp&s=803d16b68785eebc7ecf9b62bf631a32e916e323) [Before](https://preview.redd.it/espbk1obwlag1.jpg?width=3024&format=pjpg&auto=webp&s=ad62227bde8c9786dbaa4c0f537e511ff966bc82) [Skim Coating](https://preview.redd.it/u2mrsj1iwlag1.jpg?width=3024&format=pjpg&auto=webp&s=10f1c3a398836db13e0f0c5ba39ab78a5dac9df0) [Beadboard size testing](https://preview.redd.it/mf52z8eqwlag1.jpg?width=3024&format=pjpg&auto=webp&s=c44a113de9a2e04a23a689ab5d53eb8dd28d3a3a) [Cutting around pipes. Glued the missing square piece below after.](https://preview.redd.it/3orthrvswlag1.jpg?width=3024&format=pjpg&auto=webp&s=7907fd0a1f15f480a0bae59a7926a58e820179e1) [Primer and paint](https://preview.redd.it/8jpvdkqxwlag1.jpg?width=3024&format=pjpg&auto=webp&s=2b38d45c90da6f092b0c4b8f9cae8daf8fb15bbb) [Guide line for wallpaper](https://preview.redd.it/hw2v6y7zwlag1.jpg?width=3024&format=pjpg&auto=webp&s=de95e0ea384a959a34d4fca756ddea323363e754) [After](https://preview.redd.it/1xtsfrv3xlag1.jpg?width=3024&format=pjpg&auto=webp&s=ee7467f40eaf7be5e59cdf060304655b62913e9c) [After](https://preview.redd.it/ajla4mj5xlag1.jpg?width=3024&format=pjpg&auto=webp&s=fc045ea53a1da1d3345cdb7239cb91ec1160722c) [After \(notice the cut out leaf above door to cover seam\)](https://preview.redd.it/bti5mpf7xlag1.jpg?width=3024&format=pjpg&auto=webp&s=8600f64012d8ce0ef9b6bd95fa2dd2f36ae09486) Finally tackled our powder bathroom as an amateur tinkerer and did it all ourselves! I'll break down the steps and then link to the products I was able to source. I replaced the light scone, faucet, towel/tp holders, and toilet handle last year when I already knew the theme, so this big chunk of the work was mostly the walls. **1. Measured everything** 4-5x over and over again. The bathroom was fine as it was so changing every square inch was daunting. I usually cut corners but this time took the time and patience to try and do it correctly. Along the way I realized no wall or corner was square in this 20 year old house so it was going to take some fine tuning to make sure stuff fit. **2. Purchased the wallpaper and cut the bead board and chair railing** at Home Depot. The guy at the cutting station noted how banged up some of the corners were so he took 70% off the whole thing. Was only about $20 for the boards total — not bad! For the wallpaper, it was pretty pricey (like $700 ish) but I googled a coupon code and found one that took off 60% to make it a bit more reasonable. I needed 9 72"" sheets for this project. **3. Skim coated the walls.** This was the first part that really scared me. I really wanted to cut this corner by wallpapering over orange peel but everyone said the walls needed to be smooth and clean first, and this was the best way. Again Home Depot crew helped break down my situation and got me the pre-mixed mud. Also bought the trowel, bucket, some and cleaning sponges. Shit got REAL dusty so a mask is suggested. **4. Premiered the walls, bead board, and chair railing.** Explained to the guy in the paint department what I was doing and he suggested KILZ primer for the bead board, walls, and chair rail. It dried in about 20 min and was good to go. **5. Painted the bead board and chair railing**. Just used a roller and it only took one coat! **6. Installed the peel-and-stick wallpaper**. This was the part I was most scared of. Lots of choices of patterns, thicknesses, brands, and types of adhesion. Peel-and-stick seemed the easiest, but everyone online said it would be a paid. The wallpaper brand I bought suggested using a bottle of E-Z Hang and that made the whole thing bearable. It basically provided a slimy thin layer under the sticky wallpaper so I can slide it around. The version of wallpaper I bought needed to butt up against the edges so EZ Hang made it possible to get the seams really tight, but some of the wall is still just barely visible. One of my regrets. Most tutorials on YouTube suggested taking a piece in the corner, overlapping the corner by an inch, using a straight edge to mark the opposite long end, and then starting your first piece along that straight edge. When I finally hung everything on the wall and came back to that corner though, it was a little warped and that one inch was difficult to work with. If I were to redo it I would have left 2-3 inches overhang instead. Live and learn I guess. My room ended up connecting above the bathroom door, but I needed 2 pieces to connect in the middle. Luckily with my pattern and the fact it was peel-and-stick like a thick sticker, I cut out leaves from the pattern and placed them over the seams. Looks flawless and professional there in the spot I thought would look the worst. Little win for that one. **7. Installed the bead board panels.** This was fun because I had an excuse for a new tool — 2"" brad nailer. When I loosely put all the boards in place is when the not-square walls became an issue. I just used a rotary sander attached to a shop vac to trim down the corners and edges where needed until they all fit snuggly. Then I glued on a bunch of liquid nails and brad-nailed into all the studs, top and bottoms of the boards, and a couple in between the studs where some of the boards bowed. **THIS IS WHERE I HAD A BIG MESS UP**. I left the pocket door fully open, so when I nailed in the bead board along the wall of the pocket door, the brads went through the door and nailed it open. I felt like a major idiot. Luckily they only went in about 1/16th of an inch. To solve this, I took a long metal straight edge, slid it between the door and the wall and over the nails, and whacked it with a hammer to bend the nails down. They were sticking so far out of the back of the dry wall that they actually bent down far enough to let the door smoothly slide past. Could have been much worse. **Make sure you have shorter nails for those pocket door walls!** **8. Finally, I installed the chair railing.** The angles I cut weren't perfect 45º so again I used a sander until they fit snuggly. Then some wall spackle to fill in the gaps. Then light sand and painted when it was cleaned and dried. Ta-da! Looks a lot different and I'm proud to have taken on a little piece of my home. I think if I were to do anything else to polish this it would be adding painted quarter round on the top corners all the way around to cover where the wallpaper meets the ceiling, but for now I'm just going to enjoy the New Year. Here's the list of products: 1. [Wallpaper](https://ondecor.com/products/botanical-wallpaper-layered-banana-leaves-black-gold-c444?_pos=1&_sid=eefd3d27e&_ss=r) 2. [Beadboard](https://www.homedepot.com/p/EUCATILE-3-16-in-x-32-in-x-48-in-White-True-Bead-Wainscot-Panel-975-891/205669197) 3. [Chair railing](https://www.homedepot.com/p/Builders-Choice-256-9-16-in-x-1-17-27-in-Primed-MDF-Casing-Sold-by-Linear-Foot-F320158RL/206069364) 4. [Sconce](https://lights.com/products/carlisle-2-light-vanity-matte-black-brushed-brass?variant=41461276082241) 5. [Faucet](https://www.homedepot.com/p/KOHLER-Cursiva-4-in-Centerset-Double-Handle-Bathroom-Faucet-in-Vibrant-Brushed-Moderne-Brass-R30578-4D-2MB/315091336) 6. [Toilet holder (same style as towel holder)](https://www.homedepot.com/p/KOHLER-Cursiva-Wall-Mount-Single-Post-Toilet-Paper-Holder-in-Vibrant-Brushed-Modern-Brass-K-R26688-2MB/319144615?MERCH=REC-_-fbt_test-_-319144536-_-1-_-n/a-_-n/a-_-n/a-_-n/a-_-n/a) 7. [Paint (""Peppercorn"" by Behr)](https://www.homedepot.com/pep/BEHR-PREMIUM-PLUS-1-qt-PPU18-01-Cracked-Pepper-Satin-Enamel-Low-Odor-Interior-Paint-Primer-730004/310986223)","Renovated Powder Bath (novice/beginner) [Before](https://preview.redd.it/k1ufx1obwlag1.png?width=1024&format=png&auto=webp&s=803d16b68785eebc7ecf9b62bf631a32e916e323) [Before](https://preview.redd.it/espbk1obwlag1.jpg?width=3024&format=pjpg&auto=webp&s=ad62227bde8c9786dbaa4c0f537e511ff966bc82) [Skim Coating](https://preview.redd.it/u2mrsj1iwlag1.jpg?width=3024&format=pjpg&auto=webp&s=10f1c3a398836db13e0f0c5ba39ab78a5dac9df0) [Beadboard size testing](https://preview.redd.it/mf52z8eqwlag1.jpg?width=3024&format=pjpg&auto=webp&s=c44a113de9a2e04a23a689ab5d53eb8dd28d3a3a) [Cutting around pipes. Glued the missing square piece below after.](https://preview.redd.it/3orthrvswlag1.jpg?width=3024&format=pjpg&auto=webp&s=7907fd0a1f15f480a0bae59a7926a58e820179e1) [Primer and paint](https://preview.redd.it/8jpvdkqxwlag1.jpg?width=3024&format=pjpg&auto=webp&s=2b38d45c90da6f092b0c4b8f9cae8daf8fb15bbb) [Guide line for wallpaper](https://preview.redd.it/hw2v6y7zwlag1.jpg?width=3024&format=pjpg&auto=webp&s=de95e0ea384a959a34d4fca756ddea323363e754) [After](https://preview.redd.it/1xtsfrv3xlag1.jpg?width=3024&format=pjpg&auto=webp&s=ee7467f40eaf7be5e59cdf060304655b62913e9c) [After](https://preview.redd.it/ajla4mj5xlag1.jpg?width=3024&format=pjpg&auto=webp&s=fc045ea53a1da1d3345cdb7239cb91ec1160722c) [After \(notice the cut out leaf above door to cover seam\)](https://preview.redd.it/bti5mpf7xlag1.jpg?width=3024&format=pjpg&auto=webp&s=8600f64012d8ce0ef9b6bd95fa2dd2f36ae09486) Finally tackled our powder bathroom as an amateur tinkerer and did it all ourselves! I'll break down the steps and then link to the products I was able to source. I replaced the light scone, faucet, towel/tp holders, and toilet handle last year when I already knew the theme, so this big chunk of the work was mostly the walls. **1. Measured everything** 4-5x over and over again. The bathroom was fine as it was so changing every square inch was daunting. I usually cut corners but this time took the time and patience to try and do it correctly. Along the way I realized no wall or corner was square in this 20 year old house so it was going to take some fine tuning to make sure stuff fit. **2. Purchased the wallpaper and cut the bead board and chair railing** at Home Depot. The guy at the cutting station noted how banged up some of the corners were so he took 70% off the whole thing. Was only about $20 for the boards total — not bad! For the wallpaper, it was pretty pricey (like $700 ish) but I googled a coupon code and found one that took off 60% to make it a bit more reasonable. I needed 9 72"" sheets for this project. **3. Skim coated the walls.** This was the first part that really scared me. I really wanted to cut this corner by wallpapering over orange peel but everyone said the walls needed to be smooth and clean first, and this was the best way. Again Home Depot crew helped break down my situation and got me the pre-mixed mud. Also bought the trowel, bucket, some and cleaning sponges. Shit got REAL dusty so a mask is suggested. **4. Premiered the walls, bead board, and chair railing.** Explained to the guy in the paint department what I was doing and he suggested KILZ primer for the bead board, walls, and chair rail. It dried in about 20 min and was good to go. **5. Painted the bead board and chair railing**. Just used a roller and it only took one coat! **6. Installed the peel-and-stick wallpaper**. This was the part I was most scared of. Lots of choices of patterns, thicknesses, brands, and types of adhesion. Peel-and-stick seemed the easiest, but everyone online said it would be a paid. The wallpaper brand I bought suggested using a bottle of E-Z Hang and that made the whole thing bearable. It basically provided a slimy thin layer under the sticky wallpaper so I can slide it around. The version of wallpaper I bought needed to butt up against the edges so EZ Hang made it possible to get the seams really tight, but some of the wall is still just barely visible. One of my regrets. Most tutorials on YouTube suggested taking a piece in the corner, overlapping the corner by an inch, using a straight edge to mark the opposite long end, and then starting your first piece along that straight edge. When I finally hung everything on the wall and came back to that corner though, it was a little warped and that one inch was difficult to work with. If I were to redo it I would have left 2-3 inches overhang instead. Live and learn I guess. My room ended up connecting above the bathroom door, but I needed 2 pieces to connect in the middle. Luckily with my pattern and the fact it was peel-and-stick like a thick sticker, I cut out leaves from the pattern and placed them over the seams. Looks flawless and professional there in the spot I thought would look the worst. Little win for that one. **7. Installed the bead board panels.** This was fun because I had an excuse for a new tool — 2"" brad nailer. When I loosely put all the boards in place is when the not-square walls became an issue. I just used a rotary sander attached to a shop vac to trim down the corners and edges where needed until they all fit snuggly. Then I glued on a bunch of liquid nails and brad-nailed into all the studs, top and bottoms of the boards, and a couple in between the studs where some of the boards bowed. **THIS IS WHERE I HAD A BIG MESS UP**. I left the pocket door fully open, so when I nailed in the bead board along the wall of the pocket door, the brads went through the door and nailed it open. I felt like a major idiot. Luckily they only went in about 1/16th of an inch. To solve this, I took a long metal straight edge, slid it between the door and the wall and over the nails, and whacked it with a hammer to bend the nails down. They were sticking so far out of the back of the dry wall that they actually bent down far enough to let the door smoothly slide past. Could have been much worse. **Make sure you have shorter nails for those pocket door walls!** **8. Finally, I installed the chair railing.** The angles I cut weren't perfect 45º so again I used a sander until they fit snuggly. Then some wall spackle to fill in the gaps. Then light sand and painted when it was cleaned and dried. Ta-da! Looks a lot different and I'm proud to have taken on a little piece of my home. I think if I were to do anything else to polish this it would be adding painted quarter round on the top corners all the way around to cover where the wallpaper meets the ceiling, but for now I'm just going to enjoy the New Year. Here's the list of products: 1. [Wallpaper](https://ondecor.com/products/botanical-wallpaper-layered-banana-leaves-black-gold-c444?_pos=1&_sid=eefd3d27e&_ss=r) 2. [Beadboard](https://www.homedepot.com/p/EUCATILE-3-16-in-x-32-in-x-48-in-White-True-Bead-Wainscot-Panel-975-891/205669197) 3. [Chair railing](https://www.homedepot.com/p/Builders-Choice-256-9-16-in-x-1-17-27-in-Primed-MDF-Casing-Sold-by-Linear-Foot-F320158RL/206069364) 4. [Sconce](https://lights.com/products/carlisle-2-light-vanity-matte-black-brushed-brass?variant=41461276082241) 5. [Faucet](https://www.homedepot.com/p/KOHLER-Cursiva-4-in-Centerset-Double-Handle-Bathroom-Faucet-in-Vibrant-Brushed-Moderne-Brass-R30578-4D-2MB/315091336) 6. [Toilet holder (same style as towel holder)](https://www.homedepot.com/p/KOHLER-Cursiva-Wall-Mount-Single-Post-Toilet-Paper-Holder-in-Vibrant-Brushed-Modern-Brass-K-R26688-2MB/319144615?MERCH=REC-_-fbt_test-_-319144536-_-1-_-n/a-_-n/a-_-n/a-_-n/a-_-n/a) 7. [Paint (""Peppercorn"" by Behr)](https://www.homedepot.com/pep/BEHR-PREMIUM-PLUS-1-qt-PPU18-01-Cracked-Pepper-Satin-Enamel-Low-Odor-Interior-Paint-Primer-730004/310986223)",https://www.reddit.com/r/DIY/comments/1q0nu33/renovated_powder_bath_novicebeginner/,22,0,https://www.reddit.com/r/DIY/comments/1q0nu33/renovated_powder_bath_novicebeginner/,loose trim,needs_review_low_signal,,manual_review_pending,,low_risk_diy,0.82,cosmetic_or_minor_finish:\bpaint(?:ing|ed)?\b,"{""low_risk_diy"": 2.2}",no,,,,,MR0242,low_risk_diy,3,Max,,
1t6twg2,Plumbing,2026-05-08T01:37:38+00:00,I’d prefer not to flood my garage,This is in an unfinished garage. I am putting an outdoor shower out the other side of this wall. The plan was to diy this from these Laundry spigots but after mapping out my plan it seems I will end up using quite a few adapters. Splitter-Ght to npt-npt to pex- pex out the wall with pex elbow. I really also wanted to throw a quick connect on there also so I could drain this side super easy. I’m worried about the many perceived failure points. Am I going to flood my garage. Any other better plans for a DIY job?,I’d prefer not to flood my garage This is in an unfinished garage. I am putting an outdoor shower out the other side of this wall. The plan was to diy this from these Laundry spigots but after mapping out my plan it seems I will end up using quite a few adapters. Splitter-Ght to npt-npt to pex- pex out the wall with pex elbow. I really also wanted to throw a quick connect on there also so I could drain this side super easy. I’m worried about the many perceived failure points. Am I going to flood my garage. Any other better plans for a DIY job?,https://www.reddit.com/r/Plumbing/comments/1t6twg2/id_prefer_not_to_flood_my_garage/,1,1,https://i.redd.it/7ut2mm27itzg1.jpeg,flooding,needs_review_urgent_signal,,manual_review_pending,,,0.00,no_labeling_function_matched,{},yes,,,,,MR0245,needs_human_review,3,Max,,
131l7mu,askanelectrician,2023-04-28T08:00:07+00:00,So this just happened... melted in half service wire,"I recently experienced an alarming incident with a wire near my property and wanted to share the details with you all. [After a brief shower of sparks, it appears one of the wires has melted itself in half](https://preview.redd.it/5og0oxfn0lwa1.jpg?width=4032&format=pjpg&auto=webp&s=63ab7f62ad8b453063137f88407a7b03be0be58f) **Event Breakdown:** 1. Sparks observed near the tree-line by some lines (possibly high-voltage) adjacent to, but not directly connected to, the wire in question. 2. A couple of milliseconds later, the wire sparks and becomes severed. 3. A few minutes pass, and power seems to be functioning, but I proceed to turn off all 240V breakers and 110V appliances as a precaution. 4. I contact the city emergency electrical dispatch to inform them of the situation. As far as I know, I am technically responsible for this line that connects to my house. However, I suspect that a surge or another issue under the city's responsibility might have caused the problem. The sparks and the manner in which the wire failed seem to support this theory. **Important Observation:** The electrical poles within a one-block radius appear to be missing their grounding wires, likely due to copper theft. I find it quite surprising that no fuse blew and, instead, enough power was sent through the steel wire to completely melt it. Are there any safety concerns I should be aware of with my current power supply? Is there any advice, aside from waiting for the night-dispatch team to review the situation? It's been around three hours since I first notified the city, and they must be busy with higher-priority incidents. I appreciate any insights or suggestions you can provide. Thanks in advance for your help. edit: update - service came out and replaced all the wires. They don't think anything was wrong upstream, but rather the cables were just old. Thoughs? https://preview.redd.it/la33h1gyznwa1.jpg?width=3024&format=pjpg&auto=webp&s=93966a1ca6b38f2421a3e1d5f7203675bd759071 &#x200B;","So this just happened... melted in half service wire I recently experienced an alarming incident with a wire near my property and wanted to share the details with you all. [After a brief shower of sparks, it appears one of the wires has melted itself in half](https://preview.redd.it/5og0oxfn0lwa1.jpg?width=4032&format=pjpg&auto=webp&s=63ab7f62ad8b453063137f88407a7b03be0be58f) **Event Breakdown:** 1. Sparks observed near the tree-line by some lines (possibly high-voltage) adjacent to, but not directly connected to, the wire in question. 2. A couple of milliseconds later, the wire sparks and becomes severed. 3. A few minutes pass, and power seems to be functioning, but I proceed to turn off all 240V breakers and 110V appliances as a precaution. 4. I contact the city emergency electrical dispatch to inform them of the situation. As far as I know, I am technically responsible for this line that connects to my house. However, I suspect that a surge or another issue under the city's responsibility might have caused the problem. The sparks and the manner in which the wire failed seem to support this theory. **Important Observation:** The electrical poles within a one-block radius appear to be missing their grounding wires, likely due to copper theft. I find it quite surprising that no fuse blew and, instead, enough power was sent through the steel wire to completely melt it. Are there any safety concerns I should be aware of with my current power supply? Is there any advice, aside from waiting for the night-dispatch team to review the situation? It's been around three hours since I first notified the city, and they must be busy with higher-priority incidents. I appreciate any insights or suggestions you can provide. Thanks in advance for your help. edit: update - service came out and replaced all the wires. They don't think anything was wrong upstream, but rather the cables were just old. Thoughs? https://preview.redd.it/la33h1gyznwa1.jpg?width=3024&format=pjpg&auto=webp&s=93966a1ca6b38f2421a3e1d5f7203675bd759071 &#x200B;",https://www.reddit.com/r/askanelectrician/comments/131l7mu/so_this_just_happened_melted_in_half_service_wire/,0,3,https://www.reddit.com/r/askanelectrician/comments/131l7mu/so_this_just_happened_melted_in_half_service_wire/,electrical issue,needs_review_urgent_signal,,manual_review_pending,,urgent_safety_risk,0.95,fire_smoke_or_sparks:\bspark(?:s|ing|ed)?\b(?!\s+plugs?\b),"{""urgent_safety_risk"": 3.5}",no,,,,,MR0247,urgent_safety_risk,3,Max,,
1tojhra,MechanicAdvice,2026-05-26T20:38:38+00:00,Could anyone help me in figuring out if this engine sounds healthy,"Hi everyone ! I want to learn more about fixing up cars and bought this 2012 Mini Cooper countryman S that needed a bit of work (new belt,brakes, valve cover and maybe oil pan depending on where the small oil leak originates from) The car isnt showing any codes, sounds and drives great after getting the new brake pads and belt in. Being unfamiliar with engines, I was wondering if you guys could help me figure out if the engine sound is normal or could relate to any potential problems that should require attention. Thank you for taking the time to read this","Could anyone help me in figuring out if this engine sounds healthy Hi everyone ! I want to learn more about fixing up cars and bought this 2012 Mini Cooper countryman S that needed a bit of work (new belt,brakes, valve cover and maybe oil pan depending on where the small oil leak originates from) The car isnt showing any codes, sounds and drives great after getting the new brake pads and belt in. Being unfamiliar with engines, I was wondering if you guys could help me figure out if the engine sound is normal or could relate to any potential problems that should require attention. Thank you for taking the time to read this",https://www.reddit.com/r/MechanicAdvice/comments/1tojhra/could_anyone_help_me_in_figuring_out_if_this/,1,1,https://v.redd.it/yseq2qj5mj3h1,brake pads,needs_review_medium_signal,,manual_review_pending,,medium_risk_call_pro,0.95,contained_water_damage:\bleak(?:s|ing|ed)?\b; vehicle_mechanical_system_issue:\bbrake pads?\b,"{""medium_risk_call_pro"": 4.0}",no,,,,,MR0258,medium_risk_call_pro,3,Max,,
1rnbqpv,HomeMaintenance,2026-03-07T14:46:34+00:00,Help!! Work Office,I was adding these tiles to my office so I can add pictures of my family. I went to remove one of them so I could fix the positioning and the paint peeled. How do I fix this???,Help!! Work Office I was adding these tiles to my office so I can add pictures of my family. I went to remove one of them so I could fix the positioning and the paint peeled. How do I fix this???,https://www.reddit.com/r/HomeMaintenance/comments/1rnbqpv/help_work_office/,2,2,https://www.reddit.com/gallery/1rnbqpv,paint peeling,needs_review_low_signal,,manual_review_pending,,low_risk_diy,0.82,cosmetic_or_minor_finish:\bpaint(?:ing|ed)?\b,"{""low_risk_diy"": 2.2}",no,,,,,MR0262,low_risk_diy,3,Max,,
1r97ywj,Plumbing,2026-02-19T18:58:55+00:00,Intermittent sewer gas smell,"I had 2 new toilets installed a few months ago, and ever since then, we've been getting a sewer gas smell in the bathrooms. We've cleared out the vent stacks and the main drain. We've caulked around the toilet bases. The smell still comes and goes. Any other suggestions?","Intermittent sewer gas smell I had 2 new toilets installed a few months ago, and ever since then, we've been getting a sewer gas smell in the bathrooms. We've cleared out the vent stacks and the main drain. We've caulked around the toilet bases. The smell still comes and goes. Any other suggestions?",https://www.reddit.com/r/Plumbing/comments/1r97ywj/intermittent_sewer_gas_smell/,1,0,https://www.reddit.com/r/Plumbing/comments/1r97ywj/intermittent_sewer_gas_smell/,caulk,needs_review_urgent_signal,,manual_review_pending,,urgent_safety_risk,0.95,gas_or_carbon_monoxide:\bgas smell\b,"{""urgent_safety_risk"": 4.0}",no,,,,,MR0264,urgent_safety_risk,3,Max,,
1ai6kt2,DIY,2024-02-03T21:22:08+00:00,Kitchen Cabinets: Can I fix or should I toss?,"Hi all, I’ve been going back and forth on what to do about my kitchen cabinets, well, basically the whole 2 years I’ve been fixing up my house so far. My options are to save and redo them (see plan below) or tear out and replace, but because I’m super broke, this would mean cobbling together a set of replacement cabinets over time from like, Habitat Restore or Facebook Marketplace, which is obviously its own major headache. No matter which option I choose, the countertop will be replaced, so that’s not a factor. Info on cabinets: Pictures: https://imgur.com/a/mvQ2CI9 no idea if they’re original to the house (1959) but wouldn’t be shocked. I have already painted the insides white, as when I moved in they were unfinished plywood that was pretty gross from years of improper cleaning and neglect. The interior shelving system is a gross metal, like what you’d expect to see in office shelves or something. The toe kick is disgusting all the way around, and there is some chipping at the bottom of some of the cabinets as well. I removed the end cabinet that went over the oven shortly after moving in, because previous owner of 20 years didn’t have any sort of exhaust fan or anything, so the outside of the cabinet was coated in grime and burn marks. This means the current outside edge of the cabinet over the sink is unfinished. The drawers are not on tracks and are visibly uneven. There’s a lazy susan in the corner that’s pretty gross and also hung weird. My (loose) DIY plan: - Wood filler everywhere. Door dents, wood chips, hardware holes, etc. - Sand down painted door fronts and use a wood filler technique of some sort to remove the grain from the doors and the boxes (aiming for the more modern matte-ish look). - Attach thin trim strips to make the doors look like shaker style doors. - Remove lazy susan, install a shelf, and leave it open and stain it a complimentary color inside, paint it like the rest of the cabinets, and/or try to fashion a new corner door with hinges that allow it to open out. - Install new waterproof trim along the length of the toe kick. - Replace countertop (probably with another laminate cuz I’m both broke and too lazy to maintain butcher block) - Use the rustoleum cabinet refinishing system to paint everything a light sage green. - Install new modern hardware, including shelving system inside cabinets. - Get a new piece of glass cut the right size for the one corner cabinet door or figure out some other solution (may leave it open if the lazy susan shelves also stay open?). - Still not sure what to do about the drawers. Maybe build new ones that are thin enough to allow me to install drawer tracks, or just figure out some other way of trying to level them visually. I am both willing to do and capable of doing this work. It will obviously be tedious and time-consuming, but considerably less expensive than new cabinets even at thrifted prices. I already have the rustoleum finishing kit as I bought several on clearance last year from Home Depot. My big fear is that I put in all the above work, and my cabinets still look noticeably old and outdated, or “rustic DIY” in a bad way. I am trying to worry mostly about my own happiness, but I’ve never been able to let go of concerns about home resale value. Plus I want my kitchen to look nice. So am I crazy? Are these cabinets unsalvageable? Are there flaws in my plan I’m not considering? If it matters, the floor also has to be redone at some point, too, but the existing floor doesn’t run under the cabinets.","Kitchen Cabinets: Can I fix or should I toss? Hi all, I’ve been going back and forth on what to do about my kitchen cabinets, well, basically the whole 2 years I’ve been fixing up my house so far. My options are to save and redo them (see plan below) or tear out and replace, but because I’m super broke, this would mean cobbling together a set of replacement cabinets over time from like, Habitat Restore or Facebook Marketplace, which is obviously its own major headache. No matter which option I choose, the countertop will be replaced, so that’s not a factor. Info on cabinets: Pictures: https://imgur.com/a/mvQ2CI9 no idea if they’re original to the house (1959) but wouldn’t be shocked. I have already painted the insides white, as when I moved in they were unfinished plywood that was pretty gross from years of improper cleaning and neglect. The interior shelving system is a gross metal, like what you’d expect to see in office shelves or something. The toe kick is disgusting all the way around, and there is some chipping at the bottom of some of the cabinets as well. I removed the end cabinet that went over the oven shortly after moving in, because previous owner of 20 years didn’t have any sort of exhaust fan or anything, so the outside of the cabinet was coated in grime and burn marks. This means the current outside edge of the cabinet over the sink is unfinished. The drawers are not on tracks and are visibly uneven. There’s a lazy susan in the corner that’s pretty gross and also hung weird. My (loose) DIY plan: - Wood filler everywhere. Door dents, wood chips, hardware holes, etc. - Sand down painted door fronts and use a wood filler technique of some sort to remove the grain from the doors and the boxes (aiming for the more modern matte-ish look). - Attach thin trim strips to make the doors look like shaker style doors. - Remove lazy susan, install a shelf, and leave it open and stain it a complimentary color inside, paint it like the rest of the cabinets, and/or try to fashion a new corner door with hinges that allow it to open out. - Install new waterproof trim along the length of the toe kick. - Replace countertop (probably with another laminate cuz I’m both broke and too lazy to maintain butcher block) - Use the rustoleum cabinet refinishing system to paint everything a light sage green. - Install new modern hardware, including shelving system inside cabinets. - Get a new piece of glass cut the right size for the one corner cabinet door or figure out some other solution (may leave it open if the lazy susan shelves also stay open?). - Still not sure what to do about the drawers. Maybe build new ones that are thin enough to allow me to install drawer tracks, or just figure out some other way of trying to level them visually. I am both willing to do and capable of doing this work. It will obviously be tedious and time-consuming, but considerably less expensive than new cabinets even at thrifted prices. I already have the rustoleum finishing kit as I bought several on clearance last year from Home Depot. My big fear is that I put in all the above work, and my cabinets still look noticeably old and outdated, or “rustic DIY” in a bad way. I am trying to worry mostly about my own happiness, but I’ve never been able to let go of concerns about home resale value. Plus I want my kitchen to look nice. So am I crazy? Are these cabinets unsalvageable? Are there flaws in my plan I’m not considering? If it matters, the floor also has to be redone at some point, too, but the existing floor doesn’t run under the cabinets.",https://www.reddit.com/r/DIY/comments/1ai6kt2/kitchen_cabinets_can_i_fix_or_should_i_toss/,1,5,https://www.reddit.com/r/DIY/comments/1ai6kt2/kitchen_cabinets_can_i_fix_or_should_i_toss/,loose trim,needs_review_low_signal,,manual_review_pending,,low_risk_diy,0.82,cosmetic_or_minor_finish:\bpaint(?:ing|ed)?\b,"{""low_risk_diy"": 2.2}",no,,,,,MR0267,low_risk_diy,3,Max,,
1t946d7,AskMechanics,2026-05-10T11:17:18+00:00,2009 Mitsubishi Montero Sport 4M41 AT – intermittent transmission/throttle issue,"Need help diagnosing this issue before I spend money unnecessarily. Vehicle: \- 2009 Montero Sport \- 4M41 diesel \- Automatic transmission \- 148k km Symptoms: \- During normal/gentle driving, shifting is smooth. \- Problem only happens when I suddenly floor the accelerator, especially during the 1st to 2nd gear shift while trying to overtake at low speed. \- Sometimes when I floor it, nothing happens at first — RPM does NOT rise and the vehicle barely responds. If I release the pedal and press again, power suddenly comes back. \- One time, RPM flared past 4k without matching acceleration, then shifted normally afterward. \- Issue is intermittent and unpredictable but mostly during hard acceleration only when i floor the pedal. Maintenance history: \- ATF was neglected by previous owner (last change was around 68k km). \- I recently did a drain-and-fill and filter change at 146k km. \- Planning another drain-and-fill soon. \- EGR was cleaned at 120k km. \- Engine otherwise runs fine. Questions: \- Does this sound more like transmission slipping, limp mode, or throttle/input issue? \- Could old ATF alone cause delayed/no response during kickdown? \- Would Lucas Transmission Fix or Lucas ATF Conditioner help temporarily? \- Any common Montero/4M41 issues that match these symptoms? Valve body? Solenoids? TPS? MAP sensor? Would appreciate opinions before I consider expensive transmission work.","2009 Mitsubishi Montero Sport 4M41 AT – intermittent transmission/throttle issue Need help diagnosing this issue before I spend money unnecessarily. Vehicle: \- 2009 Montero Sport \- 4M41 diesel \- Automatic transmission \- 148k km Symptoms: \- During normal/gentle driving, shifting is smooth. \- Problem only happens when I suddenly floor the accelerator, especially during the 1st to 2nd gear shift while trying to overtake at low speed. \- Sometimes when I floor it, nothing happens at first — RPM does NOT rise and the vehicle barely responds. If I release the pedal and press again, power suddenly comes back. \- One time, RPM flared past 4k without matching acceleration, then shifted normally afterward. \- Issue is intermittent and unpredictable but mostly during hard acceleration only when i floor the pedal. Maintenance history: \- ATF was neglected by previous owner (last change was around 68k km). \- I recently did a drain-and-fill and filter change at 146k km. \- Planning another drain-and-fill soon. \- EGR was cleaned at 120k km. \- Engine otherwise runs fine. Questions: \- Does this sound more like transmission slipping, limp mode, or throttle/input issue? \- Could old ATF alone cause delayed/no response during kickdown? \- Would Lucas Transmission Fix or Lucas ATF Conditioner help temporarily? \- Any common Montero/4M41 issues that match these symptoms? Valve body? Solenoids? TPS? MAP sensor? Would appreciate opinions before I consider expensive transmission work.",https://www.reddit.com/r/AskMechanics/comments/1t946d7/2009_mitsubishi_montero_sport_4m41_at/,1,4,https://www.reddit.com/r/AskMechanics/comments/1t946d7/2009_mitsubishi_montero_sport_4m41_at/,transmission slipping,needs_review_unclear,,manual_review_pending,,medium_risk_call_pro,0.80,vehicle_mechanical_system_issue:\btransmission\b,"{""medium_risk_call_pro"": 2.0}",no,,,,,MR0276,medium_risk_call_pro,3,Max,,
ii6ly9,DIY,2020-08-28T13:02:01+00:00,"I renovated my kitchen myself, here's how I did it....","Over a course of basically 4 weeks last year I completely gutted and renovated my kitchen (and main level flooring / trim), and took a lot of progress pictures to share. Here they are! https://imgur.com/a/YaTgzrB I had a pretty tight timeline from the start and wanted to get this project completed as quickly as possible so I didn't have to live without a working kitchen with two kids and a wife for too long. It worked out well in the end. It was tiring, but I hopefully saved myself a bunch of money by doing it myself. Between working 55+ hours M-F every week, then taking on a couple of the items that I really had to concrete plan in place for I was in a little over my head at times, but got it done. First weekend (Nov 1st) was all about demo. We already ordered the cabinets and had a delivery date (Nov 7th). We also already had a date scheduled to measure for counter-tops which if we ended up need to push back would add several weeks to our timeline, and add several weeks of living without a kitchen. Everything was right on schedule and I was going to keep it that way. Demo went smooth, the first weekend I ripped out all of the cabinets, old appliances, and the tile flooring. The cabinet removal process was pretty straight-forward, I got my trusty 3lb sledge hammer, wonderbar (https://imgur.com/a/dzy4TK7), and went to town on the cabinets. They came apart easily. I had rented a dumpster (52' roll off) which was right outside the main doorway in the kitchen so that was a breeze hauling stuff out. I wasn't worried about saving anything so it made the demo a piece of cake. The fake brick for the most part came off the wall only using my wonderbar (https://imgur.com/a/dzy4TK7) and a 3lb sledge hammer to knock them off the wall, occasionally removing some drywall with it. I realized pretty early in removing the fake brick that the drywall would have to come out as well, the bricks were adhered pretty well to the drywall board and trying to take them off without damaging the underlying drywall just wasn't going to happen. I bit the bullet and decided to cut out a 24"" wide section (https://i.imgur.com/QpEV6mn.png). This was just wider that the area that would be exposed after the new cabinets were in. This is also exactly half a sheet of drywall in width which was nice. That meant i didn't have to worry about finishing the drywall seams perfectly where the new butted up to the old, just had to be smooth enough so the cabinets would sit flush against the wall. Removing the tile as shown here by my helpers (https://i.imgur.com/T8UWsyz.png) was pretty easy as well, just a hammer and the wonderbar. The tile came up with the cement board underneath in fairly large sections if you went slow making cleanup much easier. There were several screws left in the floor that the cement board pulled through. I removed those with my impact driver and a #2 phillips bit. To finish the weekend I hung the drywall (https://i.imgur.com/VmXXCtF.png) using a utility knife to cut it, straight edge to make straight score lines, and a tape measure. Again, I wasn't too worried about a perfect drywall finish as there would be a tile backsplash. Only around the window frame would I need to have it look nice. During the next week I finished the drywall and took delivery of the cabinets. Finishing drywall is an art form. I followed advice from The Vancouver Carpenter on YouTube and watched all of his drywall videos to further hone my mudding / sanding skill-set. Since i was in a rush do finish the drywall, and heeding advice from The Vancouver Carpenter, my initial mud job of filling in the big cracks and base coat i used 20 minute ""hot mud"" which i mixed myself in a bucket with a mixer attachment for my drill. 20 minute is not a joke, after about 15 minutes the mud turns a corner and starts to set. Its wicked fast, but won't shrink, which is great for filling larger voids at the expense of not sanding as nice as finish / general purpose mud. Sunday night I put the base coat of 20 minute hot mud. It's always better to lay multiple thinner than needed coats as opposed to one giant glob of a coat then be stuck sanding more than you need. That night I also installed the couple pieces of corner bead around the window. I used paper faced corner bead which was great (https://imgur.com/a/dULBhOT). I mixed the 20 minute mud wetter than normal to really saturate the paper which is a necessity when using paper. The paper must be wet! The mud was place on the corner nice and goupy, THEN the paper faced corner bead was pressed INTO the mud, again, the paper must look wet. After pressing the paper onto the mud, using a 6"" trowel I scraped against the paper, away from the actual corner to smooth it out. This is how it looked after that point (https://imgur.com/a/LMcciW6). Rinse and repeat for the two remaining corner beads. The following evening after work I did a quick sand and used some general purpose mud to start the finish coat(s) (https://imgur.com/a/GnXqTw3). Sand the following day, one more light finish coat, then finish sand the following day. The weekend brought a day of hanging cabinets, and another day of leveling base cabinets, as well as some plumbing for the new sink and pot filler. To hang the wall cabinets i started in the corner against a wall, the right side of this pic (https://i.imgur.com/pBfqLS7.png). That way there is a wall to push up against on the right. I chose to just put a level inside the cabinet to make sure it's level, then another small level on the face / side to check. This is where i had a buddy help, and extra set of hands was needed. I used GRK #8 2 1/2"" cabinet screws. I measured where the studs were at on the wall by locating the nails in the drywall, measured the distance from the wall, then measured the cabinets and make my mark inside. 4 screws in each cabinet did the trick. This took most of the morning to hang the 6 wall cabinets. The base cabinets were a one man job, again starting with the corner cabinet I put my 4' level across it on a diagonal. Using basic wood shims I tapped them into the bottom of the cabinet between them and the plywood subfloor until level all around. Rinse and repeat for the rest. Before the sink cabinet was set I had to figure out the plumbing. The current setup had the copper pipe for the sink coming through the subfloor right in the middle of the cabinet which basically made under sink storage useless. There is about 3"" of space under the cabinets between the bottom of the cabinet and the subfloor. I used a copper pipe cutter (https://imgur.com/a/vLUlv68) to stub it off just above the subfloor. I borrowed a PEX crimp tool from a friend (https://imgur.com/a/Cf5A6Jb), PEX is super easy, beats the heck out of sweating copper in tight places. It's like plumbing legos really. I used PEX fittings (a LOT of 90s) and had to sweat one copper to PEX fitting on the stub that comes out of the floor. The stub makes a 90 degree turn back towards the wall then a 90 turn up to come through the cabinet (https://i.imgur.com/arMxg3k.png). From there the normal under sink shut off valves (PEX) and more 90s. The PEX cuts easily, slide the crimp ring on (copper) and used the tool to crimp it. There is a gauge that comes with the tool to make sure the crimper is set up properly, a loose crimp will leak and a crimp too tight could damage the fitting / PEX causing a leak. I checked each crimp with the go / no-go gauge to ensure it was correct. During the next week it was getting everything set up for counter measuring. Installing the new sink (cutting into a brand new sink cabinet), double checking measurements for appliances and whatnot, and building the island. The sink cabinet I purchased had to be cut to fit the farmhouse sink. The sink rests on the front face of the cabinet. To make the cutout i measured the side of the front and marked the cabinet. The sink is an undermount so the top lip of the sink had to sit flush with the top plane of the cabinet. I measured where it needed to be cut and clamped a straight edge to the sink for a guide when cutting with my jigsaw (https://i.imgur.com/hhq0jMh.png). For side support I cut a couple pieces of 2x4 down to 18"" long and screwed them into the side of the cabinet so the sink had support on the sides, sorry, didn't get any pictures of that process. The following weekend was flooring, a lot of flooring. I didn't get many pics of installing the floor, but it was just click lock vinyl flooring. It installs pretty easily once you get going. The first couple of rows need to be square to the room and shims are used when starting against the first wall to ensure so. I used my 10"" chop saw to cut the boards to length as needed, I'm not writing a how-to for flooring, there's enough of those on the internet. The following week was lighting, appliances installed, odds and ends worked on (pot filler). I replaced the overhead lighting with some sputnik looking brass colored fixtures. This was a basic light fixture swap, screw driver, voltage tester, etc. I used the PEX tools a little more to run the line to the pot filler behind the cabinets and tie that in. Sunday I built the back side of the island, countertops were scheduled to be installed the following day. I used a 3x3 post for the legs, and a piece of cabinet filler as the apron (https://i.imgur.com/TF6BvOa.png). I used some left over cabinet screws to affix the apron to the legs. I had to build up the two wall cabinets that i used for the island so that they had a toe-kick like the rest of the base cabinets. To do so i built a simple box frame using 2x4 lumber bought a stick of 1x4 that I cut two pieces off and screwed that to the 2x4 box so that the thickness of the overall base was the same height as the toe kick trim (https://i.imgur.com/UMY84aD.png). The island was ready for countertop measuring. Next week right on schedule the counters were installed Monday afternoon. I didn't do this myself, the guys had 3 large pieces for the whole kitchen. They just set them down to make sure the fit was good, then put a bead of adhesive on top of the cabinets and pressed them down. They ran a bead of caulk along the spots that butted up to a wall or cabinet. I spent my nights that week hooking up the sink, new disposal, dishwasher, basically bringing the kitchen back to working order, in 4 weeks time. The sink hookup was pretty straight forward. The faucet slid through the hole in the quartz and a large nut was spun on the base to tighten it, the hot / cold water was just a single compression fitting that was threaded on. Same for the dishwasher with the addition of connecting the electrical in accordance with the manufacturer specs. The new disposal was hung according to the manufacturer directions and hooked up to the existing drain pipe per the manufacturer directions. I finally had a functioning sink / dishwasher! The range is gas, the old one was gas, so that was just connecting the gas fittings using some green pipe dope on the threads. After that I took it easy and just worked on the weekends really, the rush was over and i could take my time. Installed a new entry door one weekend, the pot filler another, under cabinet lighting, re-wired a couple dimmer switches, finished the trim work another weekend, trimmed out the island, had my buddy do the tile backsplash. The trim work took time, finish carpentry is easy to mess up, and if you do it's super noticeable. I used my miter saw, borrowed a finish nailer from a friend, and lots of beer and frustration. The trim was purchased with the cabinets so it matched perfect, and was expensive... I installed quarter round wherever the cabinets met the floor, and scribe trim wherever there was a seam to cover in the cabinet trim. This is a before where scribe trim would go (https://imgur.com/a/WdGOxDs). To trim the island I used some of the left-over sheet of cabinet trim, cut it down on my table saw to ""clad"" the legs, then a piece of scribe to hide the exposed edges (https://imgur.com/a/Sfrjod6). For the under-cabinet LED lighting I used a very DIY solution. I am big into home automation and the magic of the ESP8266 / ESP32 development boards. I came up with a solution for a PWM MOSFET based 12v LED dimmer controller that's wifi enabled and syncs to my HomeAssistant server which controls all of the smart stuff in my home. For that I made a completely separate write up which is available here https://github.com/eoncire/cabinet_lights. The other dimmer lights in my kitchen are Acenx brand from Amazon. If anything ""smart"" you find on Amazon or Ebay says controllable via Wifi and GoogleAssistant / Amazon Echo then chances are it runs on an ESP8266 under the hood, and can be flashed with custom firmware, most of the time without needing to open it up and solder anything. This completely removes the cloud function and will work 100% locally on your home network without the need for internet. That's a whole other topic for another day, but if you google TuyaConvert you can peek over the edge of the rabbit hole and check it out. It was an overall fun project, but if I could do it again I probably would have taken some time off from work instead of cramming a full kitchen renovation into nights and weekends on top of 55+ hours a week at work. Let me know if you have any questions! Thanks for watching!","I renovated my kitchen myself, here's how I did it.... Over a course of basically 4 weeks last year I completely gutted and renovated my kitchen (and main level flooring / trim), and took a lot of progress pictures to share. Here they are! https://imgur.com/a/YaTgzrB I had a pretty tight timeline from the start and wanted to get this project completed as quickly as possible so I didn't have to live without a working kitchen with two kids and a wife for too long. It worked out well in the end. It was tiring, but I hopefully saved myself a bunch of money by doing it myself. Between working 55+ hours M-F every week, then taking on a couple of the items that I really had to concrete plan in place for I was in a little over my head at times, but got it done. First weekend (Nov 1st) was all about demo. We already ordered the cabinets and had a delivery date (Nov 7th). We also already had a date scheduled to measure for counter-tops which if we ended up need to push back would add several weeks to our timeline, and add several weeks of living without a kitchen. Everything was right on schedule and I was going to keep it that way. Demo went smooth, the first weekend I ripped out all of the cabinets, old appliances, and the tile flooring. The cabinet removal process was pretty straight-forward, I got my trusty 3lb sledge hammer, wonderbar (https://imgur.com/a/dzy4TK7), and went to town on the cabinets. They came apart easily. I had rented a dumpster (52' roll off) which was right outside the main doorway in the kitchen so that was a breeze hauling stuff out. I wasn't worried about saving anything so it made the demo a piece of cake. The fake brick for the most part came off the wall only using my wonderbar (https://imgur.com/a/dzy4TK7) and a 3lb sledge hammer to knock them off the wall, occasionally removing some drywall with it. I realized pretty early in removing the fake brick that the drywall would have to come out as well, the bricks were adhered pretty well to the drywall board and trying to take them off without damaging the underlying drywall just wasn't going to happen. I bit the bullet and decided to cut out a 24"" wide section (https://i.imgur.com/QpEV6mn.png). This was just wider that the area that would be exposed after the new cabinets were in. This is also exactly half a sheet of drywall in width which was nice. That meant i didn't have to worry about finishing the drywall seams perfectly where the new butted up to the old, just had to be smooth enough so the cabinets would sit flush against the wall. Removing the tile as shown here by my helpers (https://i.imgur.com/T8UWsyz.png) was pretty easy as well, just a hammer and the wonderbar. The tile came up with the cement board underneath in fairly large sections if you went slow making cleanup much easier. There were several screws left in the floor that the cement board pulled through. I removed those with my impact driver and a #2 phillips bit. To finish the weekend I hung the drywall (https://i.imgur.com/VmXXCtF.png) using a utility knife to cut it, straight edge to make straight score lines, and a tape measure. Again, I wasn't too worried about a perfect drywall finish as there would be a tile backsplash. Only around the window frame would I need to have it look nice. During the next week I finished the drywall and took delivery of the cabinets. Finishing drywall is an art form. I followed advice from The Vancouver Carpenter on YouTube and watched all of his drywall videos to further hone my mudding / sanding skill-set. Since i was in a rush do finish the drywall, and heeding advice from The Vancouver Carpenter, my initial mud job of filling in the big cracks and base coat i used 20 minute ""hot mud"" which i mixed myself in a bucket with a mixer attachment for my drill. 20 minute is not a joke, after about 15 minutes the mud turns a corner and starts to set. Its wicked fast, but won't shrink, which is great for filling larger voids at the expense of not sanding as nice as finish / general purpose mud. Sunday night I put the base coat of 20 minute hot mud. It's always better to lay multiple thinner than needed coats as opposed to one giant glob of a coat then be stuck sanding more than you need. That night I also installed the couple pieces of corner bead around the window. I used paper faced corner bead which was great (https://imgur.com/a/dULBhOT). I mixed the 20 minute mud wetter than normal to really saturate the paper which is a necessity when using paper. The paper must be wet! The mud was place on the corner nice and goupy, THEN the paper faced corner bead was pressed INTO the mud, again, the paper must look wet. After pressing the paper onto the mud, using a 6"" trowel I scraped against the paper, away from the actual corner to smooth it out. This is how it looked after that point (https://imgur.com/a/LMcciW6). Rinse and repeat for the two remaining corner beads. The following evening after work I did a quick sand and used some general purpose mud to start the finish coat(s) (https://imgur.com/a/GnXqTw3). Sand the following day, one more light finish coat, then finish sand the following day. The weekend brought a day of hanging cabinets, and another day of leveling base cabinets, as well as some plumbing for the new sink and pot filler. To hang the wall cabinets i started in the corner against a wall, the right side of this pic (https://i.imgur.com/pBfqLS7.png). That way there is a wall to push up against on the right. I chose to just put a level inside the cabinet to make sure it's level, then another small level on the face / side to check. This is where i had a buddy help, and extra set of hands was needed. I used GRK #8 2 1/2"" cabinet screws. I measured where the studs were at on the wall by locating the nails in the drywall, measured the distance from the wall, then measured the cabinets and make my mark inside. 4 screws in each cabinet did the trick. This took most of the morning to hang the 6 wall cabinets. The base cabinets were a one man job, again starting with the corner cabinet I put my 4' level across it on a diagonal. Using basic wood shims I tapped them into the bottom of the cabinet between them and the plywood subfloor until level all around. Rinse and repeat for the rest. Before the sink cabinet was set I had to figure out the plumbing. The current setup had the copper pipe for the sink coming through the subfloor right in the middle of the cabinet which basically made under sink storage useless. There is about 3"" of space under the cabinets between the bottom of the cabinet and the subfloor. I used a copper pipe cutter (https://imgur.com/a/vLUlv68) to stub it off just above the subfloor. I borrowed a PEX crimp tool from a friend (https://imgur.com/a/Cf5A6Jb), PEX is super easy, beats the heck out of sweating copper in tight places. It's like plumbing legos really. I used PEX fittings (a LOT of 90s) and had to sweat one copper to PEX fitting on the stub that comes out of the floor. The stub makes a 90 degree turn back towards the wall then a 90 turn up to come through the cabinet (https://i.imgur.com/arMxg3k.png). From there the normal under sink shut off valves (PEX) and more 90s. The PEX cuts easily, slide the crimp ring on (copper) and used the tool to crimp it. There is a gauge that comes with the tool to make sure the crimper is set up properly, a loose crimp will leak and a crimp too tight could damage the fitting / PEX causing a leak. I checked each crimp with the go / no-go gauge to ensure it was correct. During the next week it was getting everything set up for counter measuring. Installing the new sink (cutting into a brand new sink cabinet), double checking measurements for appliances and whatnot, and building the island. The sink cabinet I purchased had to be cut to fit the farmhouse sink. The sink rests on the front face of the cabinet. To make the cutout i measured the side of the front and marked the cabinet. The sink is an undermount so the top lip of the sink had to sit flush with the top plane of the cabinet. I measured where it needed to be cut and clamped a straight edge to the sink for a guide when cutting with my jigsaw (https://i.imgur.com/hhq0jMh.png). For side support I cut a couple pieces of 2x4 down to 18"" long and screwed them into the side of the cabinet so the sink had support on the sides, sorry, didn't get any pictures of that process. The following weekend was flooring, a lot of flooring. I didn't get many pics of installing the floor, but it was just click lock vinyl flooring. It installs pretty easily once you get going. The first couple of rows need to be square to the room and shims are used when starting against the first wall to ensure so. I used my 10"" chop saw to cut the boards to length as needed, I'm not writing a how-to for flooring, there's enough of those on the internet. The following week was lighting, appliances installed, odds and ends worked on (pot filler). I replaced the overhead lighting with some sputnik looking brass colored fixtures. This was a basic light fixture swap, screw driver, voltage tester, etc. I used the PEX tools a little more to run the line to the pot filler behind the cabinets and tie that in. Sunday I built the back side of the island, countertops were scheduled to be installed the following day. I used a 3x3 post for the legs, and a piece of cabinet filler as the apron (https://i.imgur.com/TF6BvOa.png). I used some left over cabinet screws to affix the apron to the legs. I had to build up the two wall cabinets that i used for the island so that they had a toe-kick like the rest of the base cabinets. To do so i built a simple box frame using 2x4 lumber bought a stick of 1x4 that I cut two pieces off and screwed that to the 2x4 box so that the thickness of the overall base was the same height as the toe kick trim (https://i.imgur.com/UMY84aD.png). The island was ready for countertop measuring. Next week right on schedule the counters were installed Monday afternoon. I didn't do this myself, the guys had 3 large pieces for the whole kitchen. They just set them down to make sure the fit was good, then put a bead of adhesive on top of the cabinets and pressed them down. They ran a bead of caulk along the spots that butted up to a wall or cabinet. I spent my nights that week hooking up the sink, new disposal, dishwasher, basically bringing the kitchen back to working order, in 4 weeks time. The sink hookup was pretty straight forward. The faucet slid through the hole in the quartz and a large nut was spun on the base to tighten it, the hot / cold water was just a single compression fitting that was threaded on. Same for the dishwasher with the addition of connecting the electrical in accordance with the manufacturer specs. The new disposal was hung according to the manufacturer directions and hooked up to the existing drain pipe per the manufacturer directions. I finally had a functioning sink / dishwasher! The range is gas, the old one was gas, so that was just connecting the gas fittings using some green pipe dope on the threads. After that I took it easy and just worked on the weekends really, the rush was over and i could take my time. Installed a new entry door one weekend, the pot filler another, under cabinet lighting, re-wired a couple dimmer switches, finished the trim work another weekend, trimmed out the island, had my buddy do the tile backsplash. The trim work took time, finish carpentry is easy to mess up, and if you do it's super noticeable. I used my miter saw, borrowed a finish nailer from a friend, and lots of beer and frustration. The trim was purchased with the cabinets so it matched perfect, and was expensive... I installed quarter round wherever the cabinets met the floor, and scribe trim wherever there was a seam to cover in the cabinet trim. This is a before where scribe trim would go (https://imgur.com/a/WdGOxDs). To trim the island I used some of the left-over sheet of cabinet trim, cut it down on my table saw to ""clad"" the legs, then a piece of scribe to hide the exposed edges (https://imgur.com/a/Sfrjod6). For the under-cabinet LED lighting I used a very DIY solution. I am big into home automation and the magic of the ESP8266 / ESP32 development boards. I came up with a solution for a PWM MOSFET based 12v LED dimmer controller that's wifi enabled and syncs to my HomeAssistant server which controls all of the smart stuff in my home. For that I made a completely separate write up which is available here https://github.com/eoncire/cabinet_lights. The other dimmer lights in my kitchen are Acenx brand from Amazon. If anything ""smart"" you find on Amazon or Ebay says controllable via Wifi and GoogleAssistant / Amazon Echo then chances are it runs on an ESP8266 under the hood, and can be flashed with custom firmware, most of the time without needing to open it up and solder anything. This completely removes the cloud function and will work 100% locally on your home network without the need for internet. That's a whole other topic for another day, but if you google TuyaConvert you can peek over the edge of the rabbit hole and check it out. It was an overall fun project, but if I could do it again I probably would have taken some time off from work instead of cramming a full kitchen renovation into nights and weekends on top of 55+ hours a week at work. Let me know if you have any questions! Thanks for watching!",https://www.reddit.com/r/DIY/comments/ii6ly9/i_renovated_my_kitchen_myself_heres_how_i_did_it/,1333,127,https://www.reddit.com/r/DIY/comments/ii6ly9/i_renovated_my_kitchen_myself_heres_how_i_did_it/,loose trim,needs_review_medium_signal,,manual_review_pending,,medium_risk_call_pro,0.87,contained_water_damage:\bleak(?:s|ing|ed)?\b; trade_system_issue:\bplumbing\b; cosmetic_or_minor_finish:\btrim\b,"{""low_risk_diy"": 2.2, ""medium_risk_call_pro"": 4.0}",no,,,,,MR0279,medium_risk_call_pro,3,Max,,
1p2r595,DIY,2025-11-21T06:12:07+00:00,Can't remove sliding glass shower door. Help?,"I rent an older house and have these old school sliding glass shower doors where one of the guide wheels has come loose and no longer grips the glass door. I'm sure I could find a way to retighten them but I can't take the door off to do any repair. When trying to remove one of the doors, I can't angle it in a way where the door can come out as it's trapped between the top and bottom rail. The rail on top and bottom seem to be one solid rail that goes from one wall to the other and adhered to the wall with silicone. I can't find any sort of gap for the wheels to slip out of and the gap is too tight (~1\4"") for me to slip a Phillips head in to tighten. Does anyone have experience with these older style glass sliding shower doors and have any ideas on how to take out one of the shower doors? Thanks in advance for any help!","Can't remove sliding glass shower door. Help? I rent an older house and have these old school sliding glass shower doors where one of the guide wheels has come loose and no longer grips the glass door. I'm sure I could find a way to retighten them but I can't take the door off to do any repair. When trying to remove one of the doors, I can't angle it in a way where the door can come out as it's trapped between the top and bottom rail. The rail on top and bottom seem to be one solid rail that goes from one wall to the other and adhered to the wall with silicone. I can't find any sort of gap for the wheels to slip out of and the gap is too tight (~1\4"") for me to slip a Phillips head in to tighten. Does anyone have experience with these older style glass sliding shower doors and have any ideas on how to take out one of the shower doors? Thanks in advance for any help!",https://www.reddit.com/r/DIY/comments/1p2r595/cant_remove_sliding_glass_shower_door_help/,1,1,https://www.reddit.com/gallery/1p2r595,wheel loose,needs_review_unclear,,manual_review_pending,,,0.00,no_labeling_function_matched,{},yes,,,,,MR0282,needs_human_review,3,Max,,
1rxzrmq,AskMechanics,2026-03-19T13:00:31+00:00,Is this transmission slip?,"When i accelerate kind of hard, it almost seems like my truck will jump to a gear that makes the rpm and the mph to go up Like, the rpm spikes as if im laying the gas on and the truck accelerates as if i were, and it lasts a couple seconds and it goes back to normal Thinking about putting lucas trans fix in it Edit: automatic transmission (if thats relevant)","Is this transmission slip? When i accelerate kind of hard, it almost seems like my truck will jump to a gear that makes the rpm and the mph to go up Like, the rpm spikes as if im laying the gas on and the truck accelerates as if i were, and it lasts a couple seconds and it goes back to normal Thinking about putting lucas trans fix in it Edit: automatic transmission (if thats relevant)",https://www.reddit.com/r/AskMechanics/comments/1rxzrmq/is_this_transmission_slip/,1,9,https://www.reddit.com/r/AskMechanics/comments/1rxzrmq/is_this_transmission_slip/,transmission slipping,needs_review_unclear,,manual_review_pending,,medium_risk_call_pro,0.80,vehicle_mechanical_system_issue:\btransmission\b,"{""medium_risk_call_pro"": 2.0}",no,,,,,MR0287,medium_risk_call_pro,3,Max,,
1tjzoor,Plumbing,2026-05-21T22:12:11+00:00,New sink flange stuck,"Hey i screwed up and put in the new drain with the wrong insert for a sink with an overflow. Took me no time to get this in but somehow, despite being hand tightened i cannot get the flange detached from the pipe below. Two questions 1. Any ideas to remove flange without breaking the sink. Trying to avoid breaking the flange/pipe but I'll do what is needed. 2. Can i just fill the overflow with caulk and call it a day?","New sink flange stuck Hey i screwed up and put in the new drain with the wrong insert for a sink with an overflow. Took me no time to get this in but somehow, despite being hand tightened i cannot get the flange detached from the pipe below. Two questions 1. Any ideas to remove flange without breaking the sink. Trying to avoid breaking the flange/pipe but I'll do what is needed. 2. Can i just fill the overflow with caulk and call it a day?",https://www.reddit.com/r/Plumbing/comments/1tjzoor/new_sink_flange_stuck/,1,15,https://www.reddit.com/gallery/1tjzoor,caulk,needs_review_low_signal,,manual_review_pending,,low_risk_diy,0.82,cosmetic_or_minor_finish:\bcaulk(?:ing)?\b,"{""low_risk_diy"": 2.2}",no,,,,,MR0290,low_risk_diy,3,Max,,
1tr8n5y,HomeImprovement,2026-05-29T17:12:41+00:00,Need advice: Shower leaks & re-caulking,"Hey guys, A couple of days ago I noticed yellow spots on my living room ceiling that is just over my master bathroom. I got a plumber over, he opened a hole in the ceiling and told me that nothing is wrong with the pipes but we have most likely some small leaks from the shower coming through some dodgy caulking. Indeed, the caulk in the shower was cracking and moldy, I should have replaced it earlier but got lazy. I removed all the old caulk but I noticed in a spot that the ""grout?"" or ""mortar"" that was behind that caulk had chipped and came loose. This is [how it looks like](https://imgur.com/5Z3JfiI). Can I just go ahead and apply silicone water resistant caulk or do I need to somehow fill the gap with something before since I lost that material? Also this is[ how it is supposed to look](https://imgur.com/YYlofA6), I have another shower that is built exactly the same. That lip is supposed to stay open, the plumber told me as well as the house builder. It's how they are designed. TLDR: How do I restore my shower to like new condition. Thanks in advance!","Need advice: Shower leaks & re-caulking Hey guys, A couple of days ago I noticed yellow spots on my living room ceiling that is just over my master bathroom. I got a plumber over, he opened a hole in the ceiling and told me that nothing is wrong with the pipes but we have most likely some small leaks from the shower coming through some dodgy caulking. Indeed, the caulk in the shower was cracking and moldy, I should have replaced it earlier but got lazy. I removed all the old caulk but I noticed in a spot that the ""grout?"" or ""mortar"" that was behind that caulk had chipped and came loose. This is [how it looks like](https://imgur.com/5Z3JfiI). Can I just go ahead and apply silicone water resistant caulk or do I need to somehow fill the gap with something before since I lost that material? Also this is[ how it is supposed to look](https://imgur.com/YYlofA6), I have another shower that is built exactly the same. That lip is supposed to stay open, the plumber told me as well as the house builder. It's how they are designed. TLDR: How do I restore my shower to like new condition. Thanks in advance!",https://www.reddit.com/r/HomeImprovement/comments/1tr8n5y/need_advice_shower_leaks_recaulking/,3,4,https://www.reddit.com/r/HomeImprovement/comments/1tr8n5y/need_advice_shower_leaks_recaulking/,leak,needs_review_medium_signal,,manual_review_pending,,medium_risk_call_pro,0.67,contained_water_damage:\bleak(?:s|ing|ed)?\b; cosmetic_or_minor_finish:\bcaulk(?:ing)?\b,"{""low_risk_diy"": 2.2, ""medium_risk_call_pro"": 2.0}",yes,,,,,MR0294,needs_human_review,3,Max,,
1p6j86a,HomeMaintenance,2025-11-25T17:51:40+00:00,Should I remove this trim wood below my drip edge?,"When our house was painted, the painters added this trim wood along the edge of the house below the drip edge. A few years later and the wood is starting to come loose in places. I asked roofing and they said the wood shouldn’t be there, which I agree with. I’m looking for any further advice on how to repair this. Should I remove this trim wood below the drip edge, paint the wood and then bend the drip edge into a better position?","Should I remove this trim wood below my drip edge? When our house was painted, the painters added this trim wood along the edge of the house below the drip edge. A few years later and the wood is starting to come loose in places. I asked roofing and they said the wood shouldn’t be there, which I agree with. I’m looking for any further advice on how to repair this. Should I remove this trim wood below the drip edge, paint the wood and then bend the drip edge into a better position?",https://www.reddit.com/r/HomeMaintenance/comments/1p6j86a/should_i_remove_this_trim_wood_below_my_drip_edge/,1,3,https://www.reddit.com/gallery/1p6j86a,loose trim,needs_review_low_signal,,manual_review_pending,,low_risk_diy,0.82,cosmetic_or_minor_finish:\bpaint(?:ing|ed)?\b,"{""low_risk_diy"": 2.2}",no,,,,,MR0295,low_risk_diy,3,Max,,
1tsi4xj,HomeImprovement,2026-05-31T02:02:16+00:00,Water leaking through concrete landing,"I have a small concrete landing at my front door, and underneath it is a basement bathroom. When it rains, water drips from a crack in the bathroom ceiling. The crack is roughly in the middle of the ceiling near the bathroom door. The stair railing posts are bolted into the concrete, but they are off to the side and not directly above the crack. Could water still be getting in around the railing posts and then traveling through the concrete before dripping from the crack? What do you recommend I check or use to fix this? Would sealing around the posts and waterproofing the concrete be a good start?","Water leaking through concrete landing I have a small concrete landing at my front door, and underneath it is a basement bathroom. When it rains, water drips from a crack in the bathroom ceiling. The crack is roughly in the middle of the ceiling near the bathroom door. The stair railing posts are bolted into the concrete, but they are off to the side and not directly above the crack. Could water still be getting in around the railing posts and then traveling through the concrete before dripping from the crack? What do you recommend I check or use to fix this? Would sealing around the posts and waterproofing the concrete be a good start?",https://www.reddit.com/r/HomeImprovement/comments/1tsi4xj/water_leaking_through_concrete_landing/,2,0,https://www.reddit.com/r/HomeImprovement/comments/1tsi4xj/water_leaking_through_concrete_landing/,leak,needs_review_medium_signal,,manual_review_pending,,medium_risk_call_pro,0.80,contained_water_damage:\bleak(?:s|ing|ed)?\b,"{""medium_risk_call_pro"": 2.0}",no,,,,,MR0299,medium_risk_call_pro,3,Max,,
15ve7xa,DIY,2023-08-19T11:51:29+00:00,Effectiveness of Sherwin Williams Extreme Bond Primer,"Hey all, bought a house that the last owners painted latex over oil based paint on all the trim and it is peeling off, sometimes in long strips. We are repainting our office and we had started to use citristrip and it works VERY well, but leaves quite a mess to clean up afterwards. So, we found this primer from Sherwin Williams that the paint store recommended. It's called Extreme Bond Primer. Reading the label on the can, it says "" Because of the exceptional adhesion of this product, sanding may not be necessary for most clean, paintable surfaces. "" Obviously the parts of the baseboard that are super loose (visibly peeling off), we've been removing. But a lot of areas appear to not be peeling. Will we be okay if we light sand and wash the baseboard and paint over the latex with this primer or does the latex HAVE to be stripped off the baseboard? Not sure if anyone has any experience with this primer or not. Thanks!","Effectiveness of Sherwin Williams Extreme Bond Primer Hey all, bought a house that the last owners painted latex over oil based paint on all the trim and it is peeling off, sometimes in long strips. We are repainting our office and we had started to use citristrip and it works VERY well, but leaves quite a mess to clean up afterwards. So, we found this primer from Sherwin Williams that the paint store recommended. It's called Extreme Bond Primer. Reading the label on the can, it says "" Because of the exceptional adhesion of this product, sanding may not be necessary for most clean, paintable surfaces. "" Obviously the parts of the baseboard that are super loose (visibly peeling off), we've been removing. But a lot of areas appear to not be peeling. Will we be okay if we light sand and wash the baseboard and paint over the latex with this primer or does the latex HAVE to be stripped off the baseboard? Not sure if anyone has any experience with this primer or not. Thanks!",https://www.reddit.com/r/DIY/comments/15ve7xa/effectiveness_of_sherwin_williams_extreme_bond/,2,4,https://www.reddit.com/r/DIY/comments/15ve7xa/effectiveness_of_sherwin_williams_extreme_bond/,loose trim,needs_review_low_signal,,manual_review_pending,,low_risk_diy,0.82,cosmetic_or_minor_finish:\bpaint(?:ing|ed)?\b,"{""low_risk_diy"": 2.2}",no,,,,,MR0308,low_risk_diy,3,Max,,
1smbkga,Plumbing,2026-04-15T16:45:33+00:00,Is this valve okay?,"So I had a run in with a palmetto bug (yay Florida) and I went around my apartment checking if all of the pipes had some kind of seal around them. I noted that for all entry points for the sinks/ toilet, there is a trim piece around the pipe. Some were not pressed against the cabinet back so I moved them closer to close the gap. I then noticed the shut off valve for my bathroom sink. I’m assuming this is a compression valve and not the type that is glued in. Is this safe to be installed at a slight angle like this? I know it’s not my responsibility, I rent here and don’t own any thing. But could this thing fly off the pipe when I’m not home and flood the place? whenever I worked with pvc back when I lived with my parents, I remember to cut the pipe straight and make sure it’s seated in the fitting level. Never used a compression valve like this but it just seems off.","Is this valve okay? So I had a run in with a palmetto bug (yay Florida) and I went around my apartment checking if all of the pipes had some kind of seal around them. I noted that for all entry points for the sinks/ toilet, there is a trim piece around the pipe. Some were not pressed against the cabinet back so I moved them closer to close the gap. I then noticed the shut off valve for my bathroom sink. I’m assuming this is a compression valve and not the type that is glued in. Is this safe to be installed at a slight angle like this? I know it’s not my responsibility, I rent here and don’t own any thing. But could this thing fly off the pipe when I’m not home and flood the place? whenever I worked with pvc back when I lived with my parents, I remember to cut the pipe straight and make sure it’s seated in the fitting level. Never used a compression valve like this but it just seems off.",https://www.reddit.com/r/Plumbing/comments/1smbkga/is_this_valve_okay/,1,13,https://www.reddit.com/gallery/1smbkga,flooding,needs_review_urgent_signal,,manual_review_pending,,low_risk_diy,0.82,cosmetic_or_minor_finish:\btrim\b,"{""low_risk_diy"": 2.2}",no,,,,,MR0311,low_risk_diy,3,Max,,
1t9on70,Plumbing,2026-05-11T01:12:35+00:00,Help!!!,"So, I purchased a new home recently and absolutely love my master bathroom. Having the set up with the soaking tub and the shower enclosed together is perfect for my daughter's. Anyway, the problem is that it appears to be leaking around the tub drain and tub faucet. Any advice on how to better seal around the tub and faucet? The tub is so close to the wall that it's truly impossible to get a caulk gun or fully reach behind.","Help!!! So, I purchased a new home recently and absolutely love my master bathroom. Having the set up with the soaking tub and the shower enclosed together is perfect for my daughter's. Anyway, the problem is that it appears to be leaking around the tub drain and tub faucet. Any advice on how to better seal around the tub and faucet? The tub is so close to the wall that it's truly impossible to get a caulk gun or fully reach behind.",https://www.reddit.com/r/Plumbing/comments/1t9on70/help/,25,35,https://www.reddit.com/gallery/1t9on70,caulk,needs_review_medium_signal,,manual_review_pending,,medium_risk_call_pro,0.67,contained_water_damage:\bleak(?:s|ing|ed)?\b; cosmetic_or_minor_finish:\bcaulk(?:ing)?\b,"{""low_risk_diy"": 2.2, ""medium_risk_call_pro"": 2.0}",yes,,,,,MR0315,needs_human_review,3,Max,,
1rxcbpq,MechanicAdvice,2026-03-18T18:41:47+00:00,Hanging brake calipers one week after rotor/pad replacement…,"Hello. I drive a 2019 Buick encore with roughly 85,000 miles on it. Brakes and rotors were changed last week, and today I had to tow my car to the shop. It’s been 5 hours since the car was in the shop and they’re still looking at it (no repair work has been done), so I’m mentally trying to work through how I should approach this. 1) How likely is it that the calipers failed because of improper installation vs aging? 2) If it failed due to age, is this something the shop should have seen and advised on? 3) Are they even able to identify the cause of failure after it fails?","Hanging brake calipers one week after rotor/pad replacement… Hello. I drive a 2019 Buick encore with roughly 85,000 miles on it. Brakes and rotors were changed last week, and today I had to tow my car to the shop. It’s been 5 hours since the car was in the shop and they’re still looking at it (no repair work has been done), so I’m mentally trying to work through how I should approach this. 1) How likely is it that the calipers failed because of improper installation vs aging? 2) If it failed due to age, is this something the shop should have seen and advised on? 3) Are they even able to identify the cause of failure after it fails?",https://www.reddit.com/r/MechanicAdvice/comments/1rxcbpq/hanging_brake_calipers_one_week_after_rotorpad/,1,4,https://www.reddit.com/r/MechanicAdvice/comments/1rxcbpq/hanging_brake_calipers_one_week_after_rotorpad/,brake failure,needs_review_unclear,,manual_review_pending,,medium_risk_call_pro,0.80,vehicle_mechanical_system_issue:\bcalipers?\b,"{""medium_risk_call_pro"": 2.0}",no,,,,,MR0325,medium_risk_call_pro,3,Max,,
1rs81uk,HomeMaintenance,2026-03-13T00:12:07+00:00,Paint cracking and peeling near shower window,"I assume this is due to bad ventilation. Do I need to do anything besides scrap of the excess, and apply paint & primer?","Paint cracking and peeling near shower window I assume this is due to bad ventilation. Do I need to do anything besides scrap of the excess, and apply paint & primer?",https://www.reddit.com/r/HomeMaintenance/comments/1rs81uk/paint_cracking_and_peeling_near_shower_window/,2,1,https://i.redd.it/z2iz88dvfpog1.png,paint peeling,needs_review_low_signal,,manual_review_pending,,low_risk_diy,0.82,cosmetic_or_minor_finish:\bpaint(?:ing|ed)?\b,"{""low_risk_diy"": 2.2}",no,,,,,MR0331,low_risk_diy,3,Max,,
1el4ae8,DIY,2024-08-06T00:45:34+00:00,Replacing ceiling with drywall...,"I'm looking to replace this tiled ceiling with drywall for a more modern look, I hate this tile. My plan is to remove all of the trim and then just drywall over the tiles. Is this feasible? Or is it not a good idea? The tiles do not seem to be loose by any means (they don't appear to be floating, possibly either glued on or they slot into each other maybe.) I don't know what the other side looks like structurally, but there's stairs on the other side.","Replacing ceiling with drywall... I'm looking to replace this tiled ceiling with drywall for a more modern look, I hate this tile. My plan is to remove all of the trim and then just drywall over the tiles. Is this feasible? Or is it not a good idea? The tiles do not seem to be loose by any means (they don't appear to be floating, possibly either glued on or they slot into each other maybe.) I don't know what the other side looks like structurally, but there's stairs on the other side.",https://www.reddit.com/r/DIY/comments/1el4ae8/replacing_ceiling_with_drywall/,1,0,https://i.redd.it/07u81kpixxgd1.jpeg,loose trim,needs_review_low_signal,,manual_review_pending,,low_risk_diy,0.82,cosmetic_or_minor_finish:\btrim\b,"{""low_risk_diy"": 2.2}",no,,,,,MR0336,low_risk_diy,3,Max,,
114up4n,askanelectrician,2023-02-17T19:02:59+00:00,Sparking did not trip AFCI breaker,"Hi, I plugged my laptop charger into a receptacle we haven't used much causing it to spark and continue to crackle for a few seconds. I unplugged it after it didn't stop and I'm guessing the problem is an older receptacle or that it is backstabbed (sigh). I'll replace it ASAP and check for backstabbing elsewhere but the concern I have is less about this specific outlet but the fact that the sparking did not cause the AFCI breaker it is on to trip. How long does that typically take to happen? I have a shop vac that trips other AFCIs almost immediately so I was a bit surprised when I found the circuit this was on is AFCI. Should I look into replacing the breaker as well? Is my expectation that AFCI breakers trip nearly immediately wrong?","Sparking did not trip AFCI breaker Hi, I plugged my laptop charger into a receptacle we haven't used much causing it to spark and continue to crackle for a few seconds. I unplugged it after it didn't stop and I'm guessing the problem is an older receptacle or that it is backstabbed (sigh). I'll replace it ASAP and check for backstabbing elsewhere but the concern I have is less about this specific outlet but the fact that the sparking did not cause the AFCI breaker it is on to trip. How long does that typically take to happen? I have a shop vac that trips other AFCIs almost immediately so I was a bit surprised when I found the circuit this was on is AFCI. Should I look into replacing the breaker as well? Is my expectation that AFCI breakers trip nearly immediately wrong?",https://www.reddit.com/r/askanelectrician/comments/114up4n/sparking_did_not_trip_afci_breaker/,1,1,https://www.reddit.com/r/askanelectrician/comments/114up4n/sparking_did_not_trip_afci_breaker/,sparking outlet,needs_review_urgent_signal,,manual_review_pending,,urgent_safety_risk,0.82,fire_smoke_or_sparks:\bspark(?:s|ing|ed)?\b(?!\s+plugs?\b); trade_system_issue:\bbreaker\b,"{""medium_risk_call_pro"": 2.0, ""urgent_safety_risk"": 3.5}",no,,,,,MR0341,urgent_safety_risk,3,Max,,
1qths1n,MechanicAdvice,2026-02-02T01:52:21+00:00,I think I had brake failure,"Hey so I was braking and it felt like I didn’t even have any like they were removed, my parking brake turned on. I went into a neutral and they went back to normal, brake function returned and parking brake turned off. These brakes and rotors are about 10k miles old. 2014 Toyota Camry se, 107,000 miles","I think I had brake failure Hey so I was braking and it felt like I didn’t even have any like they were removed, my parking brake turned on. I went into a neutral and they went back to normal, brake function returned and parking brake turned off. These brakes and rotors are about 10k miles old. 2014 Toyota Camry se, 107,000 miles",https://www.reddit.com/r/MechanicAdvice/comments/1qths1n/i_think_i_had_brake_failure/,1,5,https://www.reddit.com/r/MechanicAdvice/comments/1qths1n/i_think_i_had_brake_failure/,brake failure,needs_review_unclear,,manual_review_pending,,urgent_safety_risk,0.95,vehicle_brake_wheel_or_steering_danger:\bbrake(?:s)? fail(?:ed|ing|ure)?\b,"{""urgent_safety_risk"": 3.5}",no,,,,,MR0342,urgent_safety_risk,3,Max,,
1tikv8k,HomeMaintenance,2026-05-20T12:55:12+00:00,How to fix and repaint peeling ceiling in old home,"This room had high humidity for a time that caused the peeling of the paint (humidity isn't a problem anymore) and exposed the plaster ceiling. Assuming it's not as simple as removing the paint, spackling gaps, and repriming/painting but as a new homeowner this one has me stumped. 1910s home. Any advice is appreciated!","How to fix and repaint peeling ceiling in old home This room had high humidity for a time that caused the peeling of the paint (humidity isn't a problem anymore) and exposed the plaster ceiling. Assuming it's not as simple as removing the paint, spackling gaps, and repriming/painting but as a new homeowner this one has me stumped. 1910s home. Any advice is appreciated!",https://www.reddit.com/r/HomeMaintenance/comments/1tikv8k/how_to_fix_and_repaint_peeling_ceiling_in_old_home/,1,3,https://www.reddit.com/r/HomeMaintenance/comments/1tikv8k/how_to_fix_and_repaint_peeling_ceiling_in_old_home/,paint peeling,needs_review_low_signal,,manual_review_pending,,low_risk_diy,0.82,cosmetic_or_minor_finish:\bpaint(?:ing|ed)?\b,"{""low_risk_diy"": 2.2}",no,,,,,MR0346,low_risk_diy,3,Max,,
13ij2ui,askanelectrician,2023-05-15T20:14:46+00:00,Random short in a brand new house.. Need some advice,"Hey everyone, I'm having an issue with one of the circuits in my brand new house. To preface, I'm an electrical engineer (not an electrician, I know). So while I may not be super familiar with code, I understand the basics and I like to think I know what I'm doing :) Obviously If I get nowhere with this, I'll get an electrician. **The issue****:** Brand new house in US, passed inspection in Nov. Out of nowhere, the GFI breaker (15 amp) for the master bedroom trips. I go to reset it, and it somewhat violently (got some black residue on my finger) trips again with a loud pop. **What I've done to debug things:** * First I thought it was a faulty breaker, so I swapped it with an exact match. No luck. * Then it occurred to me an appliance may be shorted here, so I removed everything that's plugged into this circuit, including a dimmer switch/transformer, no luck. * I finally checked an outlet with an ohm meter and of course there is basically 0 ohm resistance between hot and neutral. *Something is definitely shorted out here.* * So far I've removed 3 or 4 outlets from this circuit and the short is still there, including an outdoor GFI outlet. These are the outlets I've actually used since moving in. I don't think there is any point in removing other ones since they haven't been touched. I also don't see anything unusual in the breaker pannel (Siemens brand). The last power draw on this circuit was the vacuum which worked fine and was shut off properly and removed. Does anyone have any suggestions on other things I could try? I appreciate the help :)1","Random short in a brand new house.. Need some advice Hey everyone, I'm having an issue with one of the circuits in my brand new house. To preface, I'm an electrical engineer (not an electrician, I know). So while I may not be super familiar with code, I understand the basics and I like to think I know what I'm doing :) Obviously If I get nowhere with this, I'll get an electrician. **The issue****:** Brand new house in US, passed inspection in Nov. Out of nowhere, the GFI breaker (15 amp) for the master bedroom trips. I go to reset it, and it somewhat violently (got some black residue on my finger) trips again with a loud pop. **What I've done to debug things:** * First I thought it was a faulty breaker, so I swapped it with an exact match. No luck. * Then it occurred to me an appliance may be shorted here, so I removed everything that's plugged into this circuit, including a dimmer switch/transformer, no luck. * I finally checked an outlet with an ohm meter and of course there is basically 0 ohm resistance between hot and neutral. *Something is definitely shorted out here.* * So far I've removed 3 or 4 outlets from this circuit and the short is still there, including an outdoor GFI outlet. These are the outlets I've actually used since moving in. I don't think there is any point in removing other ones since they haven't been touched. I also don't see anything unusual in the breaker pannel (Siemens brand). The last power draw on this circuit was the vacuum which worked fine and was shut off properly and removed. Does anyone have any suggestions on other things I could try? I appreciate the help :)1",https://www.reddit.com/r/askanelectrician/comments/13ij2ui/random_short_in_a_brand_new_house_need_some_advice/,2,10,https://www.reddit.com/r/askanelectrician/comments/13ij2ui/random_short_in_a_brand_new_house_need_some_advice/,electrical issue,needs_review_medium_signal,,manual_review_pending,,medium_risk_call_pro,0.80,trade_system_issue:\bbreaker\b,"{""medium_risk_call_pro"": 2.0}",no,,,,,MR0348,medium_risk_call_pro,3,Max,,
1rxn02z,MechanicAdvice,2026-03-19T01:32:18+00:00,2013 Honda Pilot Touring – Went from intermittent power issues to completely dead after fuse box work,"Hey guys, I could really use some help diagnosing this before I keep throwing parts at it. **Vehicle:** 2013 Honda Pilot Touring # Timeline (full story for context) * Bought the car \~9 months ago * Noticed **clicking from timing belt tensioner area** right away * Also had **weak electrical behavior** (like a low battery) # Repairs done early: * Replaced battery * Replaced alternator → Car ran great after that, but **clicking noise remained** # Problems returned: * Electrical issues came back (low power symptoms) * Parked the car for 2–3 months # Major work done: * Timing belt job (belt, tensioner, water pump) * Front brakes # After timing job: * Car would: * Start → then shut off * Start again → then shut off Mechanic eventually got it drivable briefly. # Then: * Drove for about 10–15 minutes * Electrical issues came back * **Car completely shut down while driving** # Current situation: Before touching fuse box: * Car would **almost start** After working on fuse box/relays: * **Now basically no power at all** * No dash lights * No crank * No response when turning key * **Only ""brake"" light works** # What I’ve done: * Reseated relays * Checked fuse box connections (visually) * Returned relays to original positions # Questions: 1. What would cause it to go from “almost starting” to **completely dead after fuse box work**? 2. Where should I be checking first? 3. Any common failure points on these Pilots? Appreciate any help 🙏","2013 Honda Pilot Touring – Went from intermittent power issues to completely dead after fuse box work Hey guys, I could really use some help diagnosing this before I keep throwing parts at it. **Vehicle:** 2013 Honda Pilot Touring # Timeline (full story for context) * Bought the car \~9 months ago * Noticed **clicking from timing belt tensioner area** right away * Also had **weak electrical behavior** (like a low battery) # Repairs done early: * Replaced battery * Replaced alternator → Car ran great after that, but **clicking noise remained** # Problems returned: * Electrical issues came back (low power symptoms) * Parked the car for 2–3 months # Major work done: * Timing belt job (belt, tensioner, water pump) * Front brakes # After timing job: * Car would: * Start → then shut off * Start again → then shut off Mechanic eventually got it drivable briefly. # Then: * Drove for about 10–15 minutes * Electrical issues came back * **Car completely shut down while driving** # Current situation: Before touching fuse box: * Car would **almost start** After working on fuse box/relays: * **Now basically no power at all** * No dash lights * No crank * No response when turning key * **Only ""brake"" light works** # What I’ve done: * Reseated relays * Checked fuse box connections (visually) * Returned relays to original positions # Questions: 1. What would cause it to go from “almost starting” to **completely dead after fuse box work**? 2. Where should I be checking first? 3. Any common failure points on these Pilots? Appreciate any help 🙏",https://www.reddit.com/r/MechanicAdvice/comments/1rxn02z/2013_honda_pilot_touring_went_from_intermittent/,1,3,https://www.reddit.com/r/MechanicAdvice/comments/1rxn02z/2013_honda_pilot_touring_went_from_intermittent/,brake failure,needs_review_unclear,,manual_review_pending,,medium_risk_call_pro,0.80,vehicle_mechanical_system_issue:\btiming belt\b,"{""medium_risk_call_pro"": 2.0}",no,,,,,MR0354,medium_risk_call_pro,3,Max,,
57lrzj,HomeMaintenance,2016-10-15T12:09:04+00:00,Oil Furnace shutting off after cycle completes,"Hey guys, before I call my HVAC guy I wanted to get some opinions on here first. I recently purchased an older style home (early 1900s). It's running with an older style oil furnace. Upon move in we found out the furnace wouldn't kick on. So I called my HVAC guy and he diagnosed the blower fan, and replaced it. Everything worked perfectly until we left for 3 days to go to Maine. Upon return I found the house in the mid 60's and the thermostat (old dial) will not get the furnace to kick on. I go down stairs and the furnace is seemingly dead. So I press the reset switch and it hums to life, but starts making some strange noises at the end of the power vent. I let it do its thing and then press the button again and it comes to life and starts blowing wonderful warm heat throughout the house. I adjust the thermostat to 70 and enjoy. Unfortunately the furnace only seems to stay on until it the house reaches temperature and then it kicks off. Once it kicks off I have to restart the process again. Sometimes the fan won't kick on at all unless I play with the thermostat (after the 2nd button switch). Fortunately there hasn't been a time when I could NOT get it running, however I can't keep it running and it's starting to get really cold here. My research has led me to check out changing the Thermostat and the limit control switch. The old owner NEVER changed out the air filter, so I'm thinking it could have possibly burned up the switch. I'm also wondering if the blower we install may be faulty? It won't kick on until I reset the furnace TWICE and after I play with the thermostat. Last but not least, could it be my power vent? It does make a pretty ridiculous sound sometimes when I press the reset switch once, but it won't do it again throughout the process. Any advise would be amazing!! Thank you!!","Oil Furnace shutting off after cycle completes Hey guys, before I call my HVAC guy I wanted to get some opinions on here first. I recently purchased an older style home (early 1900s). It's running with an older style oil furnace. Upon move in we found out the furnace wouldn't kick on. So I called my HVAC guy and he diagnosed the blower fan, and replaced it. Everything worked perfectly until we left for 3 days to go to Maine. Upon return I found the house in the mid 60's and the thermostat (old dial) will not get the furnace to kick on. I go down stairs and the furnace is seemingly dead. So I press the reset switch and it hums to life, but starts making some strange noises at the end of the power vent. I let it do its thing and then press the button again and it comes to life and starts blowing wonderful warm heat throughout the house. I adjust the thermostat to 70 and enjoy. Unfortunately the furnace only seems to stay on until it the house reaches temperature and then it kicks off. Once it kicks off I have to restart the process again. Sometimes the fan won't kick on at all unless I play with the thermostat (after the 2nd button switch). Fortunately there hasn't been a time when I could NOT get it running, however I can't keep it running and it's starting to get really cold here. My research has led me to check out changing the Thermostat and the limit control switch. The old owner NEVER changed out the air filter, so I'm thinking it could have possibly burned up the switch. I'm also wondering if the blower we install may be faulty? It won't kick on until I reset the furnace TWICE and after I play with the thermostat. Last but not least, could it be my power vent? It does make a pretty ridiculous sound sometimes when I press the reset switch once, but it won't do it again throughout the process. Any advise would be amazing!! Thank you!!",https://www.reddit.com/r/HomeMaintenance/comments/57lrzj/oil_furnace_shutting_off_after_cycle_completes/,2,1,https://www.reddit.com/r/HomeMaintenance/comments/57lrzj/oil_furnace_shutting_off_after_cycle_completes/,oil change,needs_review_medium_signal,,manual_review_pending,,medium_risk_call_pro,0.80,trade_system_issue:\bfurnace\b,"{""medium_risk_call_pro"": 2.0}",no,,,,,MR0356,medium_risk_call_pro,3,Max,,
pt71qa,MechanicAdvice,2021-09-22T13:00:59+00:00,SOS - Tire/Wheel Question,"Okay, so to keep this really short and sweet I lived in my 88 Chevy G30 Short Bus for a bit, but now it desperately needs 4 new back tires. (I replaced the front 2 in January.) Problem is I had been using Firestone Transforce HT **8.75R/16.5LT** tires. I'm running into the issue now that they're not being made as much or at all, and the backorder times for them or any other brand in that size are insane. My mindset is if I'm about to spend 1,000 on 4 new tires, I could just replace all 6 wheels with a different size that fits a tire that is more readily available and easy to find. I don't want to spend the 1k and then in a year have a blowout and be stuck somewhere and end up having to do this anyway. I'm really open to ANY advice or suggestions lol I don't know what to do. Also, if this isn't a good place to post for this any other subreddit suggestions would be appreciated too! It's already sitting at a shop with a guy who is willing to help, but I just need to know what to tell him to do. [bus and tire ](https://imgur.com/gallery/CWMY95k)","SOS - Tire/Wheel Question Okay, so to keep this really short and sweet I lived in my 88 Chevy G30 Short Bus for a bit, but now it desperately needs 4 new back tires. (I replaced the front 2 in January.) Problem is I had been using Firestone Transforce HT **8.75R/16.5LT** tires. I'm running into the issue now that they're not being made as much or at all, and the backorder times for them or any other brand in that size are insane. My mindset is if I'm about to spend 1,000 on 4 new tires, I could just replace all 6 wheels with a different size that fits a tire that is more readily available and easy to find. I don't want to spend the 1k and then in a year have a blowout and be stuck somewhere and end up having to do this anyway. I'm really open to ANY advice or suggestions lol I don't know what to do. Also, if this isn't a good place to post for this any other subreddit suggestions would be appreciated too! It's already sitting at a shop with a guy who is willing to help, but I just need to know what to tell him to do. [bus and tire ](https://imgur.com/gallery/CWMY95k)",https://www.reddit.com/r/MechanicAdvice/comments/pt71qa/sos_tirewheel_question/,1,1,https://www.reddit.com/r/MechanicAdvice/comments/pt71qa/sos_tirewheel_question/,tire blowout,needs_review_unclear,,manual_review_pending,,,0.00,no_labeling_function_matched,{},yes,,,,,MR0358,needs_human_review,3,Max,,
1tb97xk,HomeMaintenance,2026-05-12T17:53:14+00:00,Staining deck question,"Hi All - as you can see my deck is in need of being restained. I think I’m using Benjamin Moore arbor coat solid stain. My plan was to power wash off all the loose paint , let it dry and then use some sanding blocks to smooth the rough edges and any other loose stain. I realize I won’t get down to bare wood. How’s that plan? Some people have suggested renting a sander from like Home Depot? Is that necessary or is my plan fine?? I got 3 years out of doing this last time. There are other spots where it is peeling a lot more. I was also considering buying a carbide scraper as well. Thanks","Staining deck question Hi All - as you can see my deck is in need of being restained. I think I’m using Benjamin Moore arbor coat solid stain. My plan was to power wash off all the loose paint , let it dry and then use some sanding blocks to smooth the rough edges and any other loose stain. I realize I won’t get down to bare wood. How’s that plan? Some people have suggested renting a sander from like Home Depot? Is that necessary or is my plan fine?? I got 3 years out of doing this last time. There are other spots where it is peeling a lot more. I was also considering buying a carbide scraper as well. Thanks",https://www.reddit.com/r/HomeMaintenance/comments/1tb97xk/staining_deck_question/,1,1,https://i.redd.it/hfjknu2xvq0h1.jpeg,paint peeling,needs_review_low_signal,,manual_review_pending,,low_risk_diy,0.82,cosmetic_or_minor_finish:\bpaint(?:ing|ed)?\b,"{""low_risk_diy"": 2.2}",no,,,,,MR0361,low_risk_diy,3,Max,,
1sfj4xm,DIY,2026-04-08T04:43:04+00:00,Last resort options for leaking cold joint?,"My basement leaks water pretty bad after heavy rainfall, coming from the cold joint. Ive re-dug and graded outside the foundation, drylocked the basement, installed new downspouts, and put in a new sump pump. Unfortunately, water is still coming in pretty bad. I heard installing a interior drain can cost thousands, is there anyone thats had this issue that can save me money?","Last resort options for leaking cold joint? My basement leaks water pretty bad after heavy rainfall, coming from the cold joint. Ive re-dug and graded outside the foundation, drylocked the basement, installed new downspouts, and put in a new sump pump. Unfortunately, water is still coming in pretty bad. I heard installing a interior drain can cost thousands, is there anyone thats had this issue that can save me money?",https://www.reddit.com/r/DIY/comments/1sfj4xm/last_resort_options_for_leaking_cold_joint/,9,32,https://www.reddit.com/r/DIY/comments/1sfj4xm/last_resort_options_for_leaking_cold_joint/,water leak,needs_review_medium_signal,,manual_review_pending,,medium_risk_call_pro,0.80,contained_water_damage:\bleak(?:s|ing|ed)?\b,"{""medium_risk_call_pro"": 2.0}",no,,,,,MR0366,medium_risk_call_pro,3,Max,,
13fqivi,askanelectrician,2023-05-12T16:52:17+00:00,DIY Questions,"I have a few questions: 1. I have a hanging light fixture that has been removed, so the box is still in the ceiling but no light attached. I'm getting my ceilings painted soon and would like to cover this box beforehand. Are there code requirements / do I need a pro to do this? I'm located in OR if that matters 2. How do I know if a light fixture box is ceiling fan compatible? 3. I'm getting a water heater replacement, going from a tank to a tankless solution. My understanding is I need a 15amp receptacle to power this. The issue is -- the plumbing company will do the gas and the water heater itself, but not the electrical components. Will a regular electrician know exactly what is needed / where to locate the receptacle for this job? I don't want a situation where one of the people doesn't know what the other needs, and makes the job more complicated","DIY Questions I have a few questions: 1. I have a hanging light fixture that has been removed, so the box is still in the ceiling but no light attached. I'm getting my ceilings painted soon and would like to cover this box beforehand. Are there code requirements / do I need a pro to do this? I'm located in OR if that matters 2. How do I know if a light fixture box is ceiling fan compatible? 3. I'm getting a water heater replacement, going from a tank to a tankless solution. My understanding is I need a 15amp receptacle to power this. The issue is -- the plumbing company will do the gas and the water heater itself, but not the electrical components. Will a regular electrician know exactly what is needed / where to locate the receptacle for this job? I don't want a situation where one of the people doesn't know what the other needs, and makes the job more complicated",https://www.reddit.com/r/askanelectrician/comments/13fqivi/diy_questions/,1,1,https://www.reddit.com/r/askanelectrician/comments/13fqivi/diy_questions/,electrical issue,needs_review_medium_signal,,manual_review_pending,,medium_risk_call_pro,0.67,trade_system_issue:\bwater heater\b; cosmetic_or_minor_finish:\bpaint(?:ing|ed)?\b,"{""low_risk_diy"": 2.2, ""medium_risk_call_pro"": 2.0}",yes,,,,,MR0370,needs_human_review,3,Max,,
1dz6q9r,Plumbing,2024-07-09T16:27:14+00:00,Need some DIY help on my water heater please,"I turned my single car garage into an office, but it does not have any HVAC registers so I opened up the firewall in 2 locations, one to draw in air and the other to push air back into the main home for circulation. Yes egress and fire code I know, I know. I believe this created too much of a vacuum and caused the water heater pilot to go out. I disengaged the bomber hinges on the fire door and left the door wide open to alleviate the vacuum. The pilot light will not reignite on the water heater now. Have had no problems with the unit until now. It is approximately 4 years old with the typical Honeywell control unit found on 50% of water heaters of this type. I try to light the pilot, which opens up for gas, sparks and lights. I hold the pilot in for up to 4-5 minutes but the pilot will not light the element (if that’s what you call it) to start up the unit. No LEDs, nothing. I turned off the gas, waited 10 minutes. Turned it back on and tried again. Same result. Pilot stays lit while I hold it in, but will not light the element. Have repeated this maybe 6-7 times to no avail. I hold it for 10 seconds or 10 minutes, when I let go the pilot goes out. There is no electrical outlet for my water heater. No gfi or breaker to check. I am assuming there is some kind of faulty valve that isn’t opening once the pilot is lit or some sort of faulty sensor that once the pilot is lit will tell the valve to open. Help please 😭","Need some DIY help on my water heater please I turned my single car garage into an office, but it does not have any HVAC registers so I opened up the firewall in 2 locations, one to draw in air and the other to push air back into the main home for circulation. Yes egress and fire code I know, I know. I believe this created too much of a vacuum and caused the water heater pilot to go out. I disengaged the bomber hinges on the fire door and left the door wide open to alleviate the vacuum. The pilot light will not reignite on the water heater now. Have had no problems with the unit until now. It is approximately 4 years old with the typical Honeywell control unit found on 50% of water heaters of this type. I try to light the pilot, which opens up for gas, sparks and lights. I hold the pilot in for up to 4-5 minutes but the pilot will not light the element (if that’s what you call it) to start up the unit. No LEDs, nothing. I turned off the gas, waited 10 minutes. Turned it back on and tried again. Same result. Pilot stays lit while I hold it in, but will not light the element. Have repeated this maybe 6-7 times to no avail. I hold it for 10 seconds or 10 minutes, when I let go the pilot goes out. There is no electrical outlet for my water heater. No gfi or breaker to check. I am assuming there is some kind of faulty valve that isn’t opening once the pilot is lit or some sort of faulty sensor that once the pilot is lit will tell the valve to open. Help please 😭",https://www.reddit.com/r/Plumbing/comments/1dz6q9r/need_some_diy_help_on_my_water_heater_please/,1,20,https://www.reddit.com/gallery/1dz6q9r,sparking outlet,needs_review_urgent_signal,,manual_review_pending,,urgent_safety_risk,0.82,fire_smoke_or_sparks:\bspark(?:s|ing|ed)?\b(?!\s+plugs?\b); trade_system_issue:\bwater heater\b,"{""medium_risk_call_pro"": 2.0, ""urgent_safety_risk"": 3.5}",no,,,,,MR0374,urgent_safety_risk,3,Max,,
169jlyz,HomeImprovement,2023-09-04T05:54:00+00:00,Strip Paint from Wood Veneer *without* Stripping/Damaging the Veneer??,"So I've finally bought my house from my bloody landlord and can finally make the changes I've long wished to make. A major one being to restore the wood paneling that my landlord hideously painted over with a colour I can only assume is something like Soulless Landlord Off-White #4. As I feared, though, the wood paneling isn't ""properly"" wood, and is instead hardboard with a wood veneer... but it still looks a thousand times more pleasant than the landlord's idea of lowest-common-denominator marketability, and it's exactly what I actually do want the room to look like. Because it's not proper wood, however, I'm finding it rather difficult to strip the paint without also damaging or removing the thin layer of wood veneer underneath, thus defeating the purpose of removing the paint to begin with. I find if I apply Citristrip Paint & Varnish Stripping Gel in a good coating and leave it covered in plastic wrap for about half a day as directed, it eats down through the veneer. If I apply it in a thin-ish layer and leave it only fifteen minutes, I can scrape off a decent bit of paint, but without exposing the veneer I'm trying to uncover. So I'm wondering if there's a layer of primer underneath the paint, but either way it's *very very* easy to accidentally scrape the veneer off with the paint/primer. If I'm *very* careful, I can remove all the paint, put another thin layer of gel to get the primer, then wipe the paint residue away with olive oil, and then it looks quite nice. But it's a *lot* of work just to get even a small bit of wall at a time stripped of paint while carefully avoiding any damage to the veneer. Is there a better/quicker/easier way to strip paint from vertical surfaces without damaging the veneer underneath? Is the Citristrip paste more suitable than the gel (conventional stripper dripped down the wall and seemed even more prone to eating the veneer)? Is there another stripping agent that handily dissolves paint (ideally to where an edged scraping tool is barely needed at all) but that sits inertly on the surface of wood veneer unable to chemically affect it?","Strip Paint from Wood Veneer *without* Stripping/Damaging the Veneer?? So I've finally bought my house from my bloody landlord and can finally make the changes I've long wished to make. A major one being to restore the wood paneling that my landlord hideously painted over with a colour I can only assume is something like Soulless Landlord Off-White #4. As I feared, though, the wood paneling isn't ""properly"" wood, and is instead hardboard with a wood veneer... but it still looks a thousand times more pleasant than the landlord's idea of lowest-common-denominator marketability, and it's exactly what I actually do want the room to look like. Because it's not proper wood, however, I'm finding it rather difficult to strip the paint without also damaging or removing the thin layer of wood veneer underneath, thus defeating the purpose of removing the paint to begin with. I find if I apply Citristrip Paint & Varnish Stripping Gel in a good coating and leave it covered in plastic wrap for about half a day as directed, it eats down through the veneer. If I apply it in a thin-ish layer and leave it only fifteen minutes, I can scrape off a decent bit of paint, but without exposing the veneer I'm trying to uncover. So I'm wondering if there's a layer of primer underneath the paint, but either way it's *very very* easy to accidentally scrape the veneer off with the paint/primer. If I'm *very* careful, I can remove all the paint, put another thin layer of gel to get the primer, then wipe the paint residue away with olive oil, and then it looks quite nice. But it's a *lot* of work just to get even a small bit of wall at a time stripped of paint while carefully avoiding any damage to the veneer. Is there a better/quicker/easier way to strip paint from vertical surfaces without damaging the veneer underneath? Is the Citristrip paste more suitable than the gel (conventional stripper dripped down the wall and seemed even more prone to eating the veneer)? Is there another stripping agent that handily dissolves paint (ideally to where an edged scraping tool is barely needed at all) but that sits inertly on the surface of wood veneer unable to chemically affect it?",https://www.reddit.com/r/HomeImprovement/comments/169jlyz/strip_paint_from_wood_veneer_without/,1,3,https://www.reddit.com/r/HomeImprovement/comments/169jlyz/strip_paint_from_wood_veneer_without/,oil change,needs_review_low_signal,,manual_review_pending,,low_risk_diy,0.82,cosmetic_or_minor_finish:\bpaint(?:ing|ed)?\b,"{""low_risk_diy"": 2.2}",no,,,,,MR0379,low_risk_diy,3,Max,,
1nlf7z6,hvacadvice,2025-09-19T20:55:36+00:00,Help with switching to heat pump,"A little confused on the best way for us to move forward. We have a converted attic with a bedroom and a bathroom (total about 450sq ft. living space) on the third floor of a 110-year-old house in the Midwest. We have a gas furnace with the air handler behind drywall, and an 18,000 BTU air conditioning unit outside, feeding to the same air handler and ductwork. It looks like the furnace needs to be replaced so we thought now would be a good time to consider a heat pump. Given that we have ductwork already and have had good experience at our prior house with Mitsubishi mini-splits (in that case they were ductless), we thought in our current situation, a Mitsubishi indoor ducted heat pump and air handler, coupled with their outdoor units, would give us a solution to the furnace problem, as well as efficiency gains in the summer from having a variable speed heat pump for air conditioning. I also don’t love having a gas furnace up there behind the wall and thought a Mitsubishi hyperheat unit would be ideal. The problem is that we contacted our HVAC company and, even though they are a Mitsubishi diamond contractor, they are steering us away from Mitsubishi and instead trying to sell us Amana and Lennox dual fuel gas furnace + heat pumps. What does the community here think about that recommendation? Is there some issue with the Mitsubishi ducted solutions? Are Amana and Lennox really better?","Help with switching to heat pump A little confused on the best way for us to move forward. We have a converted attic with a bedroom and a bathroom (total about 450sq ft. living space) on the third floor of a 110-year-old house in the Midwest. We have a gas furnace with the air handler behind drywall, and an 18,000 BTU air conditioning unit outside, feeding to the same air handler and ductwork. It looks like the furnace needs to be replaced so we thought now would be a good time to consider a heat pump. Given that we have ductwork already and have had good experience at our prior house with Mitsubishi mini-splits (in that case they were ductless), we thought in our current situation, a Mitsubishi indoor ducted heat pump and air handler, coupled with their outdoor units, would give us a solution to the furnace problem, as well as efficiency gains in the summer from having a variable speed heat pump for air conditioning. I also don’t love having a gas furnace up there behind the wall and thought a Mitsubishi hyperheat unit would be ideal. The problem is that we contacted our HVAC company and, even though they are a Mitsubishi diamond contractor, they are steering us away from Mitsubishi and instead trying to sell us Amana and Lennox dual fuel gas furnace + heat pumps. What does the community here think about that recommendation? Is there some issue with the Mitsubishi ducted solutions? Are Amana and Lennox really better?",https://www.reddit.com/r/hvacadvice/comments/1nlf7z6/help_with_switching_to_heat_pump/,1,14,https://www.reddit.com/r/hvacadvice/comments/1nlf7z6/help_with_switching_to_heat_pump/,steering issue,needs_review_medium_signal,,manual_review_pending,,medium_risk_call_pro,0.80,trade_system_issue:\bfurnace\b,"{""medium_risk_call_pro"": 2.0}",no,,,,,MR0386,medium_risk_call_pro,3,Max,,
1sekcxj,Plumbing,2026-04-07T03:13:14+00:00,Need advice about gas leak…,"Gas co. discovered small gas leak near supply line connecting to water heater. 3 LEL. Without checking anywhere else near the water heater, tech turned off the gas to the water heater only. Should I just find a plumber to replace the gas supply line? ❗️❗️❗️\*\*\*\*An UPDATE I know many of you were waiting for\*\*\*\*❗️❗️❗️ I ended up calling the gas company again since there was still a faint gas smell the next morning. I figured it could have just been residual gas in the line, but I wanted to be cautious. A second technician came out and identified a couple of additional minor leaks at the clothes dryer and gas range, along with some venting issues with the water heater flue and the basement furnace. He replaced the connectors and made a few adjustments to the flue. Everything is now resolved and running properly, with the exception of the basement furnace, which still needs a bit more attention.","Need advice about gas leak… Gas co. discovered small gas leak near supply line connecting to water heater. 3 LEL. Without checking anywhere else near the water heater, tech turned off the gas to the water heater only. Should I just find a plumber to replace the gas supply line? ❗️❗️❗️\*\*\*\*An UPDATE I know many of you were waiting for\*\*\*\*❗️❗️❗️ I ended up calling the gas company again since there was still a faint gas smell the next morning. I figured it could have just been residual gas in the line, but I wanted to be cautious. A second technician came out and identified a couple of additional minor leaks at the clothes dryer and gas range, along with some venting issues with the water heater flue and the basement furnace. He replaced the connectors and made a few adjustments to the flue. Everything is now resolved and running properly, with the exception of the basement furnace, which still needs a bit more attention.",https://www.reddit.com/r/Plumbing/comments/1sekcxj/need_advice_about_gas_leak/,0,26,https://www.reddit.com/gallery/1sekcxj,sparking outlet,needs_review_urgent_signal,,manual_review_pending,,urgent_safety_risk,0.87,gas_or_carbon_monoxide:\bgas smell\b; contained_water_damage:\bleak(?:s|ing|ed)?\b; trade_system_issue:\bwater heater\b,"{""medium_risk_call_pro"": 4.0, ""urgent_safety_risk"": 4.0}",yes,,,,,MR0390,needs_human_review,3,Max,,
1qyevt2,AskMechanics,2026-02-07T14:15:55+00:00,Was the dealership service department negligible?,"I have a 2017 Chevy Traverse purchased in June 2024 from a dealership. It's a 3.6L engine, automatic. It had 115k miles on it. I quickly noticed it shifted funny and got it checked at a different dealership. They said it had a high slipping rate and replaced the torque converter, which was covered under the original dealership's warranty. I didn't notice a change in the shifting and kept trying to get it fixed. Some mechanics said that's a normal feeling for a Chevy. Now, 18 months later, the car dies. I take it back to the dealership that replaced the torque converter and the mechanic said the transmission should have been serviced back then. It now needs replaced altogether, but isn't covered under warranty anymore. To show the dealership is negligible, I would need to say that any reasonable mechanic would have serviced the transmission based on the slipping. Is that likely? As a note, there isn't any transmission service ever listed in the vehicle's service history, which I pointed out when I first brought it in with 115k miles.","Was the dealership service department negligible? I have a 2017 Chevy Traverse purchased in June 2024 from a dealership. It's a 3.6L engine, automatic. It had 115k miles on it. I quickly noticed it shifted funny and got it checked at a different dealership. They said it had a high slipping rate and replaced the torque converter, which was covered under the original dealership's warranty. I didn't notice a change in the shifting and kept trying to get it fixed. Some mechanics said that's a normal feeling for a Chevy. Now, 18 months later, the car dies. I take it back to the dealership that replaced the torque converter and the mechanic said the transmission should have been serviced back then. It now needs replaced altogether, but isn't covered under warranty anymore. To show the dealership is negligible, I would need to say that any reasonable mechanic would have serviced the transmission based on the slipping. Is that likely? As a note, there isn't any transmission service ever listed in the vehicle's service history, which I pointed out when I first brought it in with 115k miles.",https://www.reddit.com/r/AskMechanics/comments/1qyevt2/was_the_dealership_service_department_negligible/,1,4,https://www.reddit.com/r/AskMechanics/comments/1qyevt2/was_the_dealership_service_department_negligible/,transmission slipping,needs_review_unclear,,manual_review_pending,,medium_risk_call_pro,0.80,vehicle_mechanical_system_issue:\btransmission\b,"{""medium_risk_call_pro"": 2.0}",no,,,,,MR0394,medium_risk_call_pro,3,Max,,
