reddit_id,subreddit,created_utc,title,selftext,text,permalink,score,num_comments,url,source_query,review_hint,label,label_status,label_notes,auto_label,auto_label_confidence,auto_label_reason,auto_label_scores,needs_human_review,label_source,human_label,human_review_notes,audit_agrees,manual_review_id,review_bucket,assigned_reviewer_number,assigned_reviewer,human_confidence,reviewed_at
12wki1m,askanelectrician,2023-04-23T18:10:16+00:00,Did I drill through wire?,Did I drill through wire? I was setting up a wall mount for a tv as well as a entertainment unit beneath it in the garage at 11am to 3pm. That night I realized the outlet in the bathroom opposite the garage and the outlet immediately in the garage stopped working. The breaker flipped off I’m leaving it off for now. My wife was using the toaster oven and microwave but not at same time. In red are the mounting screws for entertainment unit. I think I missed the stud twice on two of those entertainment pilot holes. I drilled three exploratory holes as you can see but no romex cable near these holes. I can’t figure out if I nicked electrical. There was no spark or bang. Not sure where to cut a hole next to find culprit. Takeaway: If you can please recommend where to find romex cable it runs upward from the outlet seen in pic.I wrenched my hand in all holes and no romex nearby,Did I drill through wire? Did I drill through wire? I was setting up a wall mount for a tv as well as a entertainment unit beneath it in the garage at 11am to 3pm. That night I realized the outlet in the bathroom opposite the garage and the outlet immediately in the garage stopped working. The breaker flipped off I’m leaving it off for now. My wife was using the toaster oven and microwave but not at same time. In red are the mounting screws for entertainment unit. I think I missed the stud twice on two of those entertainment pilot holes. I drilled three exploratory holes as you can see but no romex cable near these holes. I can’t figure out if I nicked electrical. There was no spark or bang. Not sure where to cut a hole next to find culprit. Takeaway: If you can please recommend where to find romex cable it runs upward from the outlet seen in pic.I wrenched my hand in all holes and no romex nearby,https://www.reddit.com/r/askanelectrician/comments/12wki1m/did_i_drill_through_wire/,0,2,https://i.redd.it/vo2vpklkupva1.jpg,sparking outlet,needs_review_urgent_signal,,manual_review_pending,,urgent_safety_risk,0.82,fire_smoke_or_sparks:\bspark(?:s|ing|ed)?\b(?!\s+plugs?\b); trade_system_issue:\bbreaker\b,"{""medium_risk_call_pro"": 2.0, ""urgent_safety_risk"": 3.5}",no,,,,,MR0015,urgent_safety_risk,4,Manthan,,
1suyv1h,Plumbing,2026-04-25T01:51:46+00:00,Looking for some input on dealing with a leak/some leaks.,"I have an upstairs bathroom. One day a fire alarm in my garage started going off. Obviously checked for any fire/smoke and found nothing. Then I checked the alarm and found that it was getting flooded with water. I cut a hole in the ceiling and found that the drain to the tub upstairs was directly above it and seemed to be leaking. I cut a hole in the closet wall behind the drain and ran some water. I noticed some water coming out right by the drain so I pulled the drain out and found a crack of to the side where I'd seen the water. So I got a fiberglass repair kit and patched it. I ran some more water and didn't see any leaks at the drain but I did see some water coming from higher up, specifically right where the tub water spout went through the wall. So I put some caulking around the spout inside the tube. Then I ran some more water and saw some leaks coming through by the holes for the screws that hold the shower faucet handle in place. That's what the attached photo is of. I was lying on my back looking up and took a picture. You can see the water tracks from the screw holes and where the handle attaches through the wall. I'm not a plumber but it seems to me there should have been something to keep water from leaking through the screw holes and the hole for the handle? Can I just put some caulking around those openings? As I said, Im not a plumber so any suggestions would be greatly appreciated. I have some more pictures but it seems like I can only put one on this post? I don't know, I am not a smart man.","Looking for some input on dealing with a leak/some leaks. I have an upstairs bathroom. One day a fire alarm in my garage started going off. Obviously checked for any fire/smoke and found nothing. Then I checked the alarm and found that it was getting flooded with water. I cut a hole in the ceiling and found that the drain to the tub upstairs was directly above it and seemed to be leaking. I cut a hole in the closet wall behind the drain and ran some water. I noticed some water coming out right by the drain so I pulled the drain out and found a crack of to the side where I'd seen the water. So I got a fiberglass repair kit and patched it. I ran some more water and didn't see any leaks at the drain but I did see some water coming from higher up, specifically right where the tub water spout went through the wall. So I put some caulking around the spout inside the tube. Then I ran some more water and saw some leaks coming through by the holes for the screws that hold the shower faucet handle in place. That's what the attached photo is of. I was lying on my back looking up and took a picture. You can see the water tracks from the screw holes and where the handle attaches through the wall. I'm not a plumber but it seems to me there should have been something to keep water from leaking through the screw holes and the hole for the handle? Can I just put some caulking around those openings? As I said, Im not a plumber so any suggestions would be greatly appreciated. I have some more pictures but it seems like I can only put one on this post? I don't know, I am not a smart man.",https://www.reddit.com/r/Plumbing/comments/1suyv1h/looking_for_some_input_on_dealing_with_a_leaksome/,1,1,https://www.reddit.com/r/Plumbing/comments/1suyv1h/looking_for_some_input_on_dealing_with_a_leaksome/,caulk,needs_review_urgent_signal,,manual_review_pending,,urgent_safety_risk,0.92,fire_smoke_or_sparks:\bsmoke\b; active_flooding_or_sewage:\bflooded\b; contained_water_damage:\bleak(?:s|ing|ed)?\b; cosmetic_or_minor_finish:\bcaulk(?:ing)?\b,"{""low_risk_diy"": 2.2, ""medium_risk_call_pro"": 2.0, ""urgent_safety_risk"": 6.5}",no,,,,,MR0017,urgent_safety_risk,4,Manthan,,
1qaif2m,AskMechanics,2026-01-12T02:11:45+00:00,How do I detach and attach the wiper connector and how do I put back the wiper blade?,Was checking the wipers because I noticed they were a bit loose and it came off. Car: 2011 Lexus RX350 wiper hook type: j hook I think looks oem,How do I detach and attach the wiper connector and how do I put back the wiper blade? Was checking the wipers because I noticed they were a bit loose and it came off. Car: 2011 Lexus RX350 wiper hook type: j hook I think looks oem,https://www.reddit.com/r/AskMechanics/comments/1qaif2m/how_do_i_detach_and_attach_the_wiper_connector/,1,8,https://i.redd.it/6l0rl6j9utcg1.jpeg,wiper blades,needs_review_unclear,,manual_review_pending,,,0.00,no_labeling_function_matched,{},yes,,,,,MR0019,needs_human_review,4,Manthan,,
1ouquj3,AskMechanics,2025-11-12T00:41:36+00:00,Are these checklists actually performed as written?,"I’ve always wondered about this. When I take my car in for service and I get these little report cards back….do the technicians *really* inspect all of these things? I mean, I hope they do. But I also have a hard time picturing a crazy-busy service tech going through and meticulously examining each and every thing on this list. Particularly at a dealership service department. Also, apparently my brake linings have gained 1mm since November of last year. A miracle! 😹","Are these checklists actually performed as written? I’ve always wondered about this. When I take my car in for service and I get these little report cards back….do the technicians *really* inspect all of these things? I mean, I hope they do. But I also have a hard time picturing a crazy-busy service tech going through and meticulously examining each and every thing on this list. Particularly at a dealership service department. Also, apparently my brake linings have gained 1mm since November of last year. A miracle! 😹",https://www.reddit.com/r/AskMechanics/comments/1ouquj3/are_these_checklists_actually_performed_as_written/,1,3,https://i.redd.it/pbyn8fev2q0g1.jpeg,wiper blades,needs_review_unclear,,manual_review_pending,,,0.00,no_labeling_function_matched,{},yes,,,,,MR0021,needs_human_review,4,Manthan,,
1dio7fj,DIY,2024-06-18T11:19:45+00:00,Can I change my brake discs without doing the pads?,"I'm not in a position to pay anyone so I'll have to do it myself. Pads are about 6 months old, but I'm feeling a wobble. When I got the pads done he said I should do the discs. I know it's not the best option but it's probably safer right? don't have all the tools/grease etc for the pads. I know it's an easy enough job at least but I don't have all the tools/grease etc for the pads. It's a 20 year old Polo if that counts.","Can I change my brake discs without doing the pads? I'm not in a position to pay anyone so I'll have to do it myself. Pads are about 6 months old, but I'm feeling a wobble. When I got the pads done he said I should do the discs. I know it's not the best option but it's probably safer right? don't have all the tools/grease etc for the pads. I know it's an easy enough job at least but I don't have all the tools/grease etc for the pads. It's a 20 year old Polo if that counts.",https://www.reddit.com/r/DIY/comments/1dio7fj/can_i_change_my_brake_discs_without_doing_the_pads/,0,30,https://www.reddit.com/r/DIY/comments/1dio7fj/can_i_change_my_brake_discs_without_doing_the_pads/,brake pads,needs_review_unclear,,manual_review_pending,,,0.00,no_labeling_function_matched,{},yes,,,,,MR0023,needs_human_review,4,Manthan,,
385txc,DIY,2015-06-02T01:43:15+00:00,Help me diagnose an issue with my microwave,"A few minutes ago I was defrosting some chili in the microwave, and after a minute or so there was a very loud *crack* sound from the microwave. It sounded like an electrical short, but it was way louder -- it sounded like a .22 going off indoors. I saw (or I think I saw) a spark, but I couldn't tell if it came from the back of the microwave or the wall outlet. Initially I thought that it had shorted hot to ground, but the microwave stayed on and kept working, and this noise was far far louder than I have ever heard from mains current shorting. Of course I stopped it and unplugged the microwave. After my heart rate settled to only 150% of normal, I briefly inspected the back of the microwave and didn't see any obvious nicks in the cord, or scorch marks or anything like that. I have considered that the flyback transformer may have shorted, but other than that I've got nothing. Any ideas?","Help me diagnose an issue with my microwave A few minutes ago I was defrosting some chili in the microwave, and after a minute or so there was a very loud *crack* sound from the microwave. It sounded like an electrical short, but it was way louder -- it sounded like a .22 going off indoors. I saw (or I think I saw) a spark, but I couldn't tell if it came from the back of the microwave or the wall outlet. Initially I thought that it had shorted hot to ground, but the microwave stayed on and kept working, and this noise was far far louder than I have ever heard from mains current shorting. Of course I stopped it and unplugged the microwave. After my heart rate settled to only 150% of normal, I briefly inspected the back of the microwave and didn't see any obvious nicks in the cord, or scorch marks or anything like that. I have considered that the flyback transformer may have shorted, but other than that I've got nothing. Any ideas?",https://www.reddit.com/r/DIY/comments/385txc/help_me_diagnose_an_issue_with_my_microwave/,3,5,https://www.reddit.com/r/DIY/comments/385txc/help_me_diagnose_an_issue_with_my_microwave/,sparking outlet,needs_review_urgent_signal,,manual_review_pending,,urgent_safety_risk,0.82,fire_smoke_or_sparks:\bspark(?:s|ing|ed)?\b(?!\s+plugs?\b); trade_system_issue:\boutlets?\b,"{""medium_risk_call_pro"": 2.0, ""urgent_safety_risk"": 3.5}",no,,,,,MR0029,urgent_safety_risk,4,Manthan,,
1t4z7gd,HomeMaintenance,2026-05-06T01:50:01+00:00,What could be behind my shower wall?,"We bought the house about 1.5 years ago. About 6 months ago, I replaced the silicone in the shower, since it had gone moldy. We have been taking care since to always run the fan after showering and using a squeegee to avoid future mold. Still, new mold appeared very quickly, within a few months. Now I pulled the silicone off again and noticed that the mold is basically pushing through from the crack behind. What can I do to find out how bad this is behind the shower? Is there a chance that there is some mold catastrophe behind the shower tiles? I'm worried that maybe moisture got through old grout. But then again it could just be in the crack, but if so, I still need to dry it out somehow. There is no sign of mold anywhere else in the bathroom, but I don't think that just re sealing it would be a good idea. Any advice? Thank you!","What could be behind my shower wall? We bought the house about 1.5 years ago. About 6 months ago, I replaced the silicone in the shower, since it had gone moldy. We have been taking care since to always run the fan after showering and using a squeegee to avoid future mold. Still, new mold appeared very quickly, within a few months. Now I pulled the silicone off again and noticed that the mold is basically pushing through from the crack behind. What can I do to find out how bad this is behind the shower? Is there a chance that there is some mold catastrophe behind the shower tiles? I'm worried that maybe moisture got through old grout. But then again it could just be in the crack, but if so, I still need to dry it out somehow. There is no sign of mold anywhere else in the bathroom, but I don't think that just re sealing it would be a good idea. Any advice? Thank you!",https://www.reddit.com/r/HomeMaintenance/comments/1t4z7gd/what_could_be_behind_my_shower_wall/,37,27,https://www.reddit.com/gallery/1t4z7gd,mold,needs_review_medium_signal,,manual_review_pending,,medium_risk_call_pro,0.67,mold_or_foundation_concern:\bmold\b; cosmetic_or_minor_finish:\bgrout\b,"{""low_risk_diy"": 2.2, ""medium_risk_call_pro"": 2.0}",yes,,,,,MR0031,needs_human_review,4,Manthan,,
8o8hh8,homeowners,2018-06-03T13:21:33+00:00,"Best mower for a hilly, uneven yard?","I have somewhere in the neighborhood of 1.5 acres to mow, with varying degrees of slope (but all more than 15 degrees) on three sides. There are also several bumpy, rutted, or otherwise hazardous areas. When I bought the place I chose a Troy-Bilt TB30R rear engine mower for its maneuverability, but I've grown to hate the thing. Besides some mechanical and design issues, I feel like I'm taking my life in my hands mowing the steeper and rougher areas. If I hit certain spots at the wrong angle going uphill it gets stuck and starts spinning the tires or feels like it's going to tip over backwards, and on several occasions I've almost been thrown off when a tire dropped into a rut unexpectedly. And I've had several close calls due to the fact that it's always in drive until you hit the brake, instead of having a gas pedal that stops the mower when your foot comes off it. I finally had enough last night when it blew a second tire (the factory tires are crap) and started looking for a replacement, but to my dismay just about every list of top mowers for hills that I've found has this thing as the top choice. I had thought that a front engine tractor would be more stable, rather than one that puts the driver's weight right over the engine and nothing but two tires and a steering column to weigh down the front, but that seems to be the opposite of what I'm reading. So what has worked well for any of you with challenging yards?","Best mower for a hilly, uneven yard? I have somewhere in the neighborhood of 1.5 acres to mow, with varying degrees of slope (but all more than 15 degrees) on three sides. There are also several bumpy, rutted, or otherwise hazardous areas. When I bought the place I chose a Troy-Bilt TB30R rear engine mower for its maneuverability, but I've grown to hate the thing. Besides some mechanical and design issues, I feel like I'm taking my life in my hands mowing the steeper and rougher areas. If I hit certain spots at the wrong angle going uphill it gets stuck and starts spinning the tires or feels like it's going to tip over backwards, and on several occasions I've almost been thrown off when a tire dropped into a rut unexpectedly. And I've had several close calls due to the fact that it's always in drive until you hit the brake, instead of having a gas pedal that stops the mower when your foot comes off it. I finally had enough last night when it blew a second tire (the factory tires are crap) and started looking for a replacement, but to my dismay just about every list of top mowers for hills that I've found has this thing as the top choice. I had thought that a front engine tractor would be more stable, rather than one that puts the driver's weight right over the engine and nothing but two tires and a steering column to weigh down the front, but that seems to be the opposite of what I'm reading. So what has worked well for any of you with challenging yards?",https://www.reddit.com/r/homeowners/comments/8o8hh8/best_mower_for_a_hilly_uneven_yard/,19,9,https://www.reddit.com/r/homeowners/comments/8o8hh8/best_mower_for_a_hilly_uneven_yard/,steering issue,needs_review_unclear,,manual_review_pending,,,0.00,no_labeling_function_matched,{},yes,,,,,MR0035,needs_human_review,4,Manthan,,
1qoy4i0,HomeMaintenance,2026-01-28T02:03:40+00:00,"I installed this outlet and when I turned on the power it sparked and burned, the circuit breaker immediately tripped. Why did that happen and how do I stop it from happening again? All the other outlets I installed work fine.",,"I installed this outlet and when I turned on the power it sparked and burned, the circuit breaker immediately tripped. Why did that happen and how do I stop it from happening again? All the other outlets I installed work fine.",https://www.reddit.com/r/HomeMaintenance/comments/1qoy4i0/i_installed_this_outlet_and_when_i_turned_on_the/,0,12,https://i.redd.it/ng1y1hmhzzfg1.jpeg,sparking outlet,needs_review_medium_signal,,manual_review_pending,,urgent_safety_risk,0.82,fire_smoke_or_sparks:\bspark(?:s|ing|ed)?\b(?!\s+plugs?\b); trade_system_issue:\bbreaker\b,"{""medium_risk_call_pro"": 2.0, ""urgent_safety_risk"": 3.5}",no,,,,,MR0039,urgent_safety_risk,4,Manthan,,
1mrsrzc,hvacadvice,2025-08-16T11:38:51+00:00,Fuel oil leaking from the tank at a customers house I myself am not equipped to clean it any recommendations on who I should tell him to call I am on call,,Fuel oil leaking from the tank at a customers house I myself am not equipped to clean it any recommendations on who I should tell him to call I am on call,https://www.reddit.com/r/hvacadvice/comments/1mrsrzc/fuel_oil_leaking_from_the_tank_at_a_customers/,2,9,https://www.reddit.com/gallery/1mrsrzc,fuel leak,needs_review_medium_signal,,manual_review_pending,,medium_risk_call_pro,0.80,contained_water_damage:\bleak(?:s|ing|ed)?\b,"{""medium_risk_call_pro"": 2.0}",no,,,,,MR0040,medium_risk_call_pro,4,Manthan,,
1pp3gxx,AskMechanics,2025-12-17T18:05:30+00:00,Is it worth to invest in repairs for a Chevy impala 2010 with 194k miles in it?,"I've got an impala 2010 3.5l LT almost free. Previous owner wasn't using it anymore. It's been leaking oil some. I have invested recently in -Valve cover gasket repaired -Engine mount -Serpentine belt -Power pump and hose replaced -Cabin filter (this looked like it hadn't been replaced ever) -Engine filter -Wiper blades -Blend door actuator I'm about to do the brakes and rotor myself, but with this cold weather I haven't been motivated to do so. It currently has a MIL saying service air bag. It could be a faulty connector as I had read. I tried using my bluedriver but it doesn't work for that. I think it might need a change of transmission fluid (I'm still learning about these things). Question: is this a type of car that can last me a good bit if I maintain it? At this point I'm wondering if I should sell it. Interiors are good, ac works fine, it runs a bit sluggish but I haven't run it after changing the engine filter yet as I'm working on it still. I also have yet to check spark plugs to see how those are.. I don't feel too optimistic about those either. What are your thoughts on Impalas?","Is it worth to invest in repairs for a Chevy impala 2010 with 194k miles in it? I've got an impala 2010 3.5l LT almost free. Previous owner wasn't using it anymore. It's been leaking oil some. I have invested recently in -Valve cover gasket repaired -Engine mount -Serpentine belt -Power pump and hose replaced -Cabin filter (this looked like it hadn't been replaced ever) -Engine filter -Wiper blades -Blend door actuator I'm about to do the brakes and rotor myself, but with this cold weather I haven't been motivated to do so. It currently has a MIL saying service air bag. It could be a faulty connector as I had read. I tried using my bluedriver but it doesn't work for that. I think it might need a change of transmission fluid (I'm still learning about these things). Question: is this a type of car that can last me a good bit if I maintain it? At this point I'm wondering if I should sell it. Interiors are good, ac works fine, it runs a bit sluggish but I haven't run it after changing the engine filter yet as I'm working on it still. I also have yet to check spark plugs to see how those are.. I don't feel too optimistic about those either. What are your thoughts on Impalas?",https://www.reddit.com/r/AskMechanics/comments/1pp3gxx/is_it_worth_to_invest_in_repairs_for_a_chevy/,1,4,https://www.reddit.com/r/AskMechanics/comments/1pp3gxx/is_it_worth_to_invest_in_repairs_for_a_chevy/,wiper blades,needs_review_urgent_signal,,manual_review_pending,,medium_risk_call_pro,0.95,contained_water_damage:\bleak(?:s|ing|ed)?\b; vehicle_mechanical_system_issue:\btransmission\b,"{""medium_risk_call_pro"": 4.0}",no,,,,,MR0046,medium_risk_call_pro,4,Manthan,,
1so3tyj,HomeMaintenance,2026-04-17T15:12:27+00:00,How to prep for new countertop?,"Hi everyone, I’m getting a new countertop installed in about a week. I removed an old backsplash to prepare and a layer of paint/drywall came off with it (as you can see I also started removing the metal trim piece before realizing it’s tucked into the laminate). Do I need to repair/patch the peeling drywall before I get the new countertop installed? If so, I would appreciate any recommendations. The main thing I see could make it difficult is the small overlap the countertop has over the section that needs repaired. My argument for waiting until the new countertop is installed is that it will be thinner and more of the wall will be exposed so it’ll be easier to repair. Thanks in advance!","How to prep for new countertop? Hi everyone, I’m getting a new countertop installed in about a week. I removed an old backsplash to prepare and a layer of paint/drywall came off with it (as you can see I also started removing the metal trim piece before realizing it’s tucked into the laminate). Do I need to repair/patch the peeling drywall before I get the new countertop installed? If so, I would appreciate any recommendations. The main thing I see could make it difficult is the small overlap the countertop has over the section that needs repaired. My argument for waiting until the new countertop is installed is that it will be thinner and more of the wall will be exposed so it’ll be easier to repair. Thanks in advance!",https://www.reddit.com/r/HomeMaintenance/comments/1so3tyj/how_to_prep_for_new_countertop/,2,1,https://i.redd.it/vuz6ryuforvg1.jpeg,paint peeling,needs_review_low_signal,,manual_review_pending,,low_risk_diy,0.82,cosmetic_or_minor_finish:\bpaint(?:ing|ed)?\b,"{""low_risk_diy"": 2.2}",no,,,,,MR0050,low_risk_diy,4,Manthan,,
1tu3fw5,MechanicAdvice,2026-06-01T19:44:31+00:00,brake replacement advice,"Hi everyone! somehow in all my years i've never had to replace brakes before until now (only had 1 car before this and its life ended prematurely via broken timing belt and subsequent mangled engine), so I'm not too sure what to expect! my car is a 2.5L 2012 VW beetle (purchased used in 2016 and it was a total lemon but that's something we don't have time to unpack lol) and this is the video of the inspection https://reddit.com/link/1tu3fw5/video/snt5olds5q4h1/player it sounds like my rear brakes (and bushings?) are in pretty dire shape, but they didn't give me a quote for any of it so like, idk exactly how dire it is. are these in the ""failure is imminent"" zone or ""not great but can wait a few months"" zone? (and if it matters at all, my brakes have yet to feel like they aren't working well. even compared to some of my friends new cars they feel about on par.) I'm in the socal south bay area, does anyone here know how much $ i might be looking at to replace them? and should i stick with the vw dealership or would it be cheaper at an independent shop? i know vw's are a pain in the ass to work on (as many mechanics have loudly told me lmao), and it being a beetle makes that even more true since it's been discontinued. i just kinda want to make sure i'm not gonna be paying more than the car itself is worth at this point, which is only around 3k. thanks a bunch in advance!","brake replacement advice Hi everyone! somehow in all my years i've never had to replace brakes before until now (only had 1 car before this and its life ended prematurely via broken timing belt and subsequent mangled engine), so I'm not too sure what to expect! my car is a 2.5L 2012 VW beetle (purchased used in 2016 and it was a total lemon but that's something we don't have time to unpack lol) and this is the video of the inspection https://reddit.com/link/1tu3fw5/video/snt5olds5q4h1/player it sounds like my rear brakes (and bushings?) are in pretty dire shape, but they didn't give me a quote for any of it so like, idk exactly how dire it is. are these in the ""failure is imminent"" zone or ""not great but can wait a few months"" zone? (and if it matters at all, my brakes have yet to feel like they aren't working well. even compared to some of my friends new cars they feel about on par.) I'm in the socal south bay area, does anyone here know how much $ i might be looking at to replace them? and should i stick with the vw dealership or would it be cheaper at an independent shop? i know vw's are a pain in the ass to work on (as many mechanics have loudly told me lmao), and it being a beetle makes that even more true since it's been discontinued. i just kinda want to make sure i'm not gonna be paying more than the car itself is worth at this point, which is only around 3k. thanks a bunch in advance!",https://www.reddit.com/r/MechanicAdvice/comments/1tu3fw5/brake_replacement_advice/,1,2,https://www.reddit.com/r/MechanicAdvice/comments/1tu3fw5/brake_replacement_advice/,brake failure,needs_review_unclear,,manual_review_pending,,medium_risk_call_pro,0.80,vehicle_mechanical_system_issue:\bbrake replacement\b,"{""medium_risk_call_pro"": 2.0}",no,,,,,MR0051,medium_risk_call_pro,4,Manthan,,
1rzcqe9,Plumbing,2026-03-21T00:05:41+00:00,Simple question on Delta spout replacement,"Im a new homeowner without any experience maintaining plumbing. I have a Delta spout with a bad diverter. Want to replace that or a new spout. Watched a few videos on this brand's removal. It seems to unscrew. Dont see a set screw on the bottom but there is this hole as shown. I shined a light in there but cant really tell whats going on. Do I just slice or remove the caulk, then unscrew the spout or is there a set screw up in the little hole underneath? God forbid i break something. Id love your expertise here. Thank you.","Simple question on Delta spout replacement Im a new homeowner without any experience maintaining plumbing. I have a Delta spout with a bad diverter. Want to replace that or a new spout. Watched a few videos on this brand's removal. It seems to unscrew. Dont see a set screw on the bottom but there is this hole as shown. I shined a light in there but cant really tell whats going on. Do I just slice or remove the caulk, then unscrew the spout or is there a set screw up in the little hole underneath? God forbid i break something. Id love your expertise here. Thank you.",https://www.reddit.com/r/Plumbing/comments/1rzcqe9/simple_question_on_delta_spout_replacement/,1,2,https://i.redd.it/rjgolc71iaqg1.jpeg,caulk,needs_review_medium_signal,,manual_review_pending,,medium_risk_call_pro,0.67,trade_system_issue:\bplumbing\b; cosmetic_or_minor_finish:\bcaulk(?:ing)?\b,"{""low_risk_diy"": 2.2, ""medium_risk_call_pro"": 2.0}",yes,,,,,MR0053,needs_human_review,4,Manthan,,
1mkm37n,AskMechanics,2025-08-08T04:47:15+00:00,Is this blowout my fault,"Had a blowout (rear passenger) today 2 year old tire with less than 15k miles on a Michelin defender on a ‘03 grand marquis. No signs of bulging or damage otherwise. Going 75 felt what felt like a bomb go off (thankfully no body or mechanical damage). Pulled over to see just the sidewall blown out. I check my pressures every week 32 front 35 rear. I drive the car maybe 5-8k miles/yearly my commute is 6 miles a day round trip (some freeway). I’m 27M but I drive it like a grandpa no hard stops and no curbs and avoid potholes. These tires don’t see the winter because I have a set of snow tires on steel wheels I swap out every November and march. I keep on top of rotating myself every 3-5k but that’s usually when it comes time to swap out seasonal tires. I do all that myself because it takes 15-20 minutes with a jack. Bought this set may ‘23 had sidewall bulging September ’23 so I took it in and had it replaced with a matching tire. That tire had less than 2k miles in 4 months (that’s the second photo). My concern is I paid for a warranty on these tires and discount tire claims it’s driver error. But when the whole sidewall has bulging issues, then my second the whole sidewall only blows out I feel it’s a factory defect and they want me to pay the $230 to replace the tire. Should I be on the hook or is 3rd tire the charm?","Is this blowout my fault Had a blowout (rear passenger) today 2 year old tire with less than 15k miles on a Michelin defender on a ‘03 grand marquis. No signs of bulging or damage otherwise. Going 75 felt what felt like a bomb go off (thankfully no body or mechanical damage). Pulled over to see just the sidewall blown out. I check my pressures every week 32 front 35 rear. I drive the car maybe 5-8k miles/yearly my commute is 6 miles a day round trip (some freeway). I’m 27M but I drive it like a grandpa no hard stops and no curbs and avoid potholes. These tires don’t see the winter because I have a set of snow tires on steel wheels I swap out every November and march. I keep on top of rotating myself every 3-5k but that’s usually when it comes time to swap out seasonal tires. I do all that myself because it takes 15-20 minutes with a jack. Bought this set may ‘23 had sidewall bulging September ’23 so I took it in and had it replaced with a matching tire. That tire had less than 2k miles in 4 months (that’s the second photo). My concern is I paid for a warranty on these tires and discount tire claims it’s driver error. But when the whole sidewall has bulging issues, then my second the whole sidewall only blows out I feel it’s a factory defect and they want me to pay the $230 to replace the tire. Should I be on the hook or is 3rd tire the charm?",https://www.reddit.com/r/AskMechanics/comments/1mkm37n/is_this_blowout_my_fault/,16,19,https://www.reddit.com/gallery/1mkm37n,tire blowout,needs_review_unclear,,manual_review_pending,,,0.00,no_labeling_function_matched,{},yes,,,,,MR0055,needs_human_review,4,Manthan,,
2xj1sx,DIY,2015-03-01T03:46:47+00:00,Seeking Wood Floor Advice,"My family and I just moved in to a new old house. The former owner did a lot of DIY fixes to the house and from what it sounds like the house was a disaster when he bought it. So I'm grateful for the work he did but a lot of it was fairly half-assed. Anyway, all of the base trim around the wood floors was clearly replaced at some point and the new base isn't as thick as what was there. The result is a sliver of sub-floor showing around the perimeter of every room. I plan on on fixing most of this with a 1/2"" quarter round piece of trim but one room has a bunch of spots that look like [THIS.](http://imgur.com/a/0oApf) At it's worst the flooring ends 2-1/4"" from the wall! So my current plan is to pull the base trim off and set up a jig to rout an even gap around the whole room then fill it with an accent piece of wood. My question is: Does anyone here have an easier or less involved solution for something like this? I really don't need it to look perfect. I just have a newly mobile 1 year old who would love to track down any loose paint chips that may be in those crevasses and eat them. Bonus points to anyone with a good theory as to why this would wind up looking this way.","Seeking Wood Floor Advice My family and I just moved in to a new old house. The former owner did a lot of DIY fixes to the house and from what it sounds like the house was a disaster when he bought it. So I'm grateful for the work he did but a lot of it was fairly half-assed. Anyway, all of the base trim around the wood floors was clearly replaced at some point and the new base isn't as thick as what was there. The result is a sliver of sub-floor showing around the perimeter of every room. I plan on on fixing most of this with a 1/2"" quarter round piece of trim but one room has a bunch of spots that look like [THIS.](http://imgur.com/a/0oApf) At it's worst the flooring ends 2-1/4"" from the wall! So my current plan is to pull the base trim off and set up a jig to rout an even gap around the whole room then fill it with an accent piece of wood. My question is: Does anyone here have an easier or less involved solution for something like this? I really don't need it to look perfect. I just have a newly mobile 1 year old who would love to track down any loose paint chips that may be in those crevasses and eat them. Bonus points to anyone with a good theory as to why this would wind up looking this way.",https://www.reddit.com/r/DIY/comments/2xj1sx/seeking_wood_floor_advice/,4,6,https://www.reddit.com/r/DIY/comments/2xj1sx/seeking_wood_floor_advice/,loose trim,needs_review_low_signal,,manual_review_pending,,low_risk_diy,0.82,cosmetic_or_minor_finish:\bpaint(?:ing|ed)?\b,"{""low_risk_diy"": 2.2}",no,,,,,MR0058,low_risk_diy,4,Manthan,,
1tt7so5,AskMechanics,2026-05-31T21:18:38+00:00,How bad would it be to leave my rim slightly bent like this?,"I had a tire blowout on the freeway the other day and had to drive on it for over a mile until I could pull over safely. The original tire was completely shredded. I got a replacement tire put on, and I've just noticed that the rim is now very slightly bent. It's subtle enough that it's hard to see in person unless you bring your head down level with the wheel and look carefully. The tire guy didn't say anything about it (though admittedly it didn't seem like a super professional shop, just ""some guy"" who did tires for cheap). Would it be problematic to just leave it like this? The internet says that driving with bents rims can cause problems over time, but all the example photos I've seen have been much more severely bent than this. It doesn't seem to be compromising the tire's airtight seal, and there's been no noticeable vibration issues so far (at least nothing that I can tell from the driver's seat). (2006 Scion XB)","How bad would it be to leave my rim slightly bent like this? I had a tire blowout on the freeway the other day and had to drive on it for over a mile until I could pull over safely. The original tire was completely shredded. I got a replacement tire put on, and I've just noticed that the rim is now very slightly bent. It's subtle enough that it's hard to see in person unless you bring your head down level with the wheel and look carefully. The tire guy didn't say anything about it (though admittedly it didn't seem like a super professional shop, just ""some guy"" who did tires for cheap). Would it be problematic to just leave it like this? The internet says that driving with bents rims can cause problems over time, but all the example photos I've seen have been much more severely bent than this. It doesn't seem to be compromising the tire's airtight seal, and there's been no noticeable vibration issues so far (at least nothing that I can tell from the driver's seat). (2006 Scion XB)",https://www.reddit.com/r/AskMechanics/comments/1tt7so5/how_bad_would_it_be_to_leave_my_rim_slightly_bent/,5,9,https://i.redd.it/l1gxuifedj4h1.jpeg,tire blowout,needs_review_unclear,,manual_review_pending,,urgent_safety_risk,0.95,vehicle_brake_wheel_or_steering_danger:\btire blowout\b,"{""urgent_safety_risk"": 3.5}",no,,,,,MR0060,urgent_safety_risk,4,Manthan,,
1r5wakr,HomeMaintenance,2026-02-16T01:34:29+00:00,Peeling ceiling paint around bathroom fan + brown staining — moisture issue? Best fix order?,"Hey all — looking for homeowner advice on the right way to fix this so it doesn’t come back. (Keeps coming back) Pic attached: ceiling paint is peeling and bubbling around the bathroom exhaust fan housing, with some brown staining. It’s flaking in sheets in a few spots and the drywall surface looks soft in at least one area.","Peeling ceiling paint around bathroom fan + brown staining — moisture issue? Best fix order? Hey all — looking for homeowner advice on the right way to fix this so it doesn’t come back. (Keeps coming back) Pic attached: ceiling paint is peeling and bubbling around the bathroom exhaust fan housing, with some brown staining. It’s flaking in sheets in a few spots and the drywall surface looks soft in at least one area.",https://www.reddit.com/r/HomeMaintenance/comments/1r5wakr/peeling_ceiling_paint_around_bathroom_fan_brown/,2,1,https://i.redd.it/6rvk6wftfrjg1.jpeg,paint peeling,needs_review_low_signal,,manual_review_pending,,low_risk_diy,0.82,cosmetic_or_minor_finish:\bpaint(?:ing|ed)?\b,"{""low_risk_diy"": 2.2}",no,,,,,MR0066,low_risk_diy,4,Manthan,,
zyk88w,askanelectrician,2022-12-29T23:33:33+00:00,Question about an outlet/fuse box in my home?,I live in a small 1 b1b townhome and the other night I plugged my lamp into my outlet in the living room. It’s been plugged up there since I’ve moved in. As soon as it hit the outlet it sparked and flipped the breaker. I went to the box and flipped breaker back. Lights came back. I went back again to plug in the lamp and it sparked and flipped breaker again. But this time it would not let me reset the breaker. It sits in the middle resting and will not reset. Would that be my outlet or the fuse in the box?,Question about an outlet/fuse box in my home? I live in a small 1 b1b townhome and the other night I plugged my lamp into my outlet in the living room. It’s been plugged up there since I’ve moved in. As soon as it hit the outlet it sparked and flipped the breaker. I went to the box and flipped breaker back. Lights came back. I went back again to plug in the lamp and it sparked and flipped breaker again. But this time it would not let me reset the breaker. It sits in the middle resting and will not reset. Would that be my outlet or the fuse in the box?,https://www.reddit.com/r/askanelectrician/comments/zyk88w/question_about_an_outletfuse_box_in_my_home/,0,2,https://www.reddit.com/r/askanelectrician/comments/zyk88w/question_about_an_outletfuse_box_in_my_home/,sparking outlet,needs_review_medium_signal,,manual_review_pending,,urgent_safety_risk,0.82,fire_smoke_or_sparks:\bspark(?:s|ing|ed)?\b(?!\s+plugs?\b); trade_system_issue:\bbreaker\b,"{""medium_risk_call_pro"": 2.0, ""urgent_safety_risk"": 3.5}",no,,,,,MR0069,urgent_safety_risk,4,Manthan,,
1qclbye,HomeMaintenance,2026-01-14T11:52:49+00:00,What is this fluffiness behind the peeling paint?,Paint is peeling under the sink and there is this fuzzy stuff. Any ideas what it is? Is it dangerous to breathe in?,What is this fluffiness behind the peeling paint? Paint is peeling under the sink and there is this fuzzy stuff. Any ideas what it is? Is it dangerous to breathe in?,https://www.reddit.com/r/HomeMaintenance/comments/1qclbye/what_is_this_fluffiness_behind_the_peeling_paint/,31,14,https://i.redd.it/wyuavpo10bdg1.jpeg,paint peeling,needs_review_low_signal,,manual_review_pending,,low_risk_diy,0.82,cosmetic_or_minor_finish:\bpaint(?:ing|ed)?\b,"{""low_risk_diy"": 2.2}",no,,,,,MR0070,low_risk_diy,4,Manthan,,
1jiej6,DIY,2013-08-01T18:36:26+00:00,HOW TO: Fiberglass shower tub repair refinish,"Hello everyone, I have been following this subreddit for quite some time lurking and stealing the great ideas that are posted everyday. I decided recently that I wanted to give back to the community by sharing the knowledge I have gained working in construction and running my handy-man business. So, without further ado, here is project #1. I manage 3 rental properties, and got a rather frantic call recently. The tenant said that he stepped in the shower and it cracked! Then he mentioned that it had been spongy (sort of soft) for a few weeks. The tub itself is over ten years old, and has had two families of five and a family of four using it the entire time. Essentially, it was worn out. I was stuck with a problem however, as replacing the tub was going to run on the order of $600 - $850, and I would have had to remove a wall to get the new tub in as builders in 1918 did not account for such things. So began the process of repairing the existing tub with two goals: First to make it a permanent repair (ie it had to last for as long as the original had or longer.) Second that it had to look new when completed, and I do not mean just the patch! http://imgur.com/a/vBFIK **Tools Needed:** *Utility Knife *Electric Drill *Wire Wheel *Sanding Flapper Wheel *3/16 masonry drill bit *Sandpaper (80, 120, 220) *Random Orbit Sander *Disposable Paint Brush *Hard Roller *Plastic Measuring Cup *Small Level *Rags *Rubber Gloves *Scraper *Safety Goggles *Respirator Mask *Air Compressor *Automotive Paint Gun *Mixing Cups *Stir Sticks *Fans *Plastic Tarps *Painters Tape **Materials Needed:** *Expanding Foam *Fiberglass Resin *Fast Set Hardener *Fiberglass mat (woven & loose fill) *Acrylic Enamel Paint *Paint Thinner *Sand Step 1: Begin by preparing your area and safety equipment. Remove everything not bolted down, and tape tarps down to keep the dust contained. Set up a box fan in an open window to clear the air. Your health is the most important thing when working around these products! Step 2: Drill holes along the crack and at each end. This will prevent the crack from extending any further. drill the holes along the crack at points where it appears to take a new direction to stop any spiderweb effect. Step 3: Use the expanding foam to fill the void between the tub floor and the sub-floor. Be careful, as putting in too much can cause the tub to buckle upwards. Use the level periodically throughout the project to ensure the water will drain properly. During the time while the foam sets up cut your fiberglass matting into various sizes (2"" x 4"" and 4"" x 4"" seemed to work well to start with.) Step 4: Start sanding the cracks using the flapper wheel attachment for the drill. You need to create a valley that allows the new fiberglass to penetrate down to the bottom layer of the original tub. now switch to the wire wheel and remove the finish layer in the area you will be patching. I went overboard and extended this patch to nearly the entire floor, and my arms were shot after this. Step 5: Clean the surface! Use the paint thinner on a rag to clean the entire area, including where you will be. If contaminants such as paint chips get in the resin, they can create air pockets that weaken the structure. Step 6: After donning the appropriate safety equipment, mix the resin and hardener. Follow the manufacturers recipe for the best results. Use the paint brush to apply a coat of resin to the tub surface, focusing on liberally dousing the cracks. Now lay a woven fiberglass mat piece in place and tamp it down using the brush soaked in resin. Once the mat is completely wet, use the roller to force out any air pockets. Step 7: Repeat step 6 while overlapping each new piece by 1 - 2 inches. With each strip of the woven mat, rotate it to change the orientation of the strands to increase the strength of the work. Keep working out until you have created a roughly uniform first layer. Once the first layer is complete, GO OUTSIDE!!! You will need fresh air, and the resin needs to set. Step 8: After allowing the resin to set (anywhere from 15 minutes to 6 hours depending on the hardener you use) repeat the steps used for the first layer. The only difference for each additional layer is to extend the patch slightly beyond the layer below. This will make it much easier to sand and feather in the patch making it impossible to see when completed and painted over. The final two layers should be done with the loose fill matting to further ease the finish difficulty. Step 9: I was able to finish the fiberglass the first night and it set up for 12 hours before I started sanding. Sanding this will be no fun, you will be bent over with dust flying everywhere. I just had to go ahead and say it. It will be worth it when you are done, if you take the time to really smooth the surface, and feather it out to hide the edges. It took me about 3.5 hours to get it perfect, starting with 80 grit to knock down the high spots then using 120 and 220 to finish. Step 10: Clean again! This is just as important as the first one. Your life will be easier if you take the time to clean this well now. I actually tore out the tarps, put new ones in and cleaned the entire bathroom to prevent dust from kicking back up later. Now tape off the area to be painted (I suggest going to a seam or an edge. It will be nearly impossible to match the paint exactly) I used this opportunity to paint the entire tub and surround. Step 11: The hard part is done! Now comes the finesse. Prepare the paint as per the manufacturers specifications (some require activators, others need to be thinned). Test the paint on a scrap material until you have a good feel for the gun and the flow of the paint. Step 12: After putting on your safety equipment, lay the first layer of paint. All you are doing is misting on a light coat to allow the other coats something to adhere to. Every 7 -10 minutes you can spray a new coat. Do not worry about putting on thick coats, just keep slowly layering it on. Allow the final coat to sit for 2 - 4 hours and then gently run a clean hand over it. If the entire surface feels smooth and you cannot feel any major dips, you are fine. I had to do a light sanding with 220, and shoot an additional 3 coats to get the quality I wanted. Step 13: Drink a beer and marvel at your work! All told the project took 2 days, and cost ~ $250 not including my labor. The fiberglass resin and hardener was $80 at my local marine supply. The fiberglass mat was about $30 worth from Home Depot. Paint was purchased at Gladwin for $60. I used approximately $40 worth of consumables like sandpaper and towels. I am lucky to own the tools that I do, so there was no expense there, however renting items such as the paint gun and compressor will set you back less than $75 for a one day rental. I hope this helps someone, and will be posting more projects, repairs, and information soon.","HOW TO: Fiberglass shower tub repair refinish Hello everyone, I have been following this subreddit for quite some time lurking and stealing the great ideas that are posted everyday. I decided recently that I wanted to give back to the community by sharing the knowledge I have gained working in construction and running my handy-man business. So, without further ado, here is project #1. I manage 3 rental properties, and got a rather frantic call recently. The tenant said that he stepped in the shower and it cracked! Then he mentioned that it had been spongy (sort of soft) for a few weeks. The tub itself is over ten years old, and has had two families of five and a family of four using it the entire time. Essentially, it was worn out. I was stuck with a problem however, as replacing the tub was going to run on the order of $600 - $850, and I would have had to remove a wall to get the new tub in as builders in 1918 did not account for such things. So began the process of repairing the existing tub with two goals: First to make it a permanent repair (ie it had to last for as long as the original had or longer.) Second that it had to look new when completed, and I do not mean just the patch! http://imgur.com/a/vBFIK **Tools Needed:** *Utility Knife *Electric Drill *Wire Wheel *Sanding Flapper Wheel *3/16 masonry drill bit *Sandpaper (80, 120, 220) *Random Orbit Sander *Disposable Paint Brush *Hard Roller *Plastic Measuring Cup *Small Level *Rags *Rubber Gloves *Scraper *Safety Goggles *Respirator Mask *Air Compressor *Automotive Paint Gun *Mixing Cups *Stir Sticks *Fans *Plastic Tarps *Painters Tape **Materials Needed:** *Expanding Foam *Fiberglass Resin *Fast Set Hardener *Fiberglass mat (woven & loose fill) *Acrylic Enamel Paint *Paint Thinner *Sand Step 1: Begin by preparing your area and safety equipment. Remove everything not bolted down, and tape tarps down to keep the dust contained. Set up a box fan in an open window to clear the air. Your health is the most important thing when working around these products! Step 2: Drill holes along the crack and at each end. This will prevent the crack from extending any further. drill the holes along the crack at points where it appears to take a new direction to stop any spiderweb effect. Step 3: Use the expanding foam to fill the void between the tub floor and the sub-floor. Be careful, as putting in too much can cause the tub to buckle upwards. Use the level periodically throughout the project to ensure the water will drain properly. During the time while the foam sets up cut your fiberglass matting into various sizes (2"" x 4"" and 4"" x 4"" seemed to work well to start with.) Step 4: Start sanding the cracks using the flapper wheel attachment for the drill. You need to create a valley that allows the new fiberglass to penetrate down to the bottom layer of the original tub. now switch to the wire wheel and remove the finish layer in the area you will be patching. I went overboard and extended this patch to nearly the entire floor, and my arms were shot after this. Step 5: Clean the surface! Use the paint thinner on a rag to clean the entire area, including where you will be. If contaminants such as paint chips get in the resin, they can create air pockets that weaken the structure. Step 6: After donning the appropriate safety equipment, mix the resin and hardener. Follow the manufacturers recipe for the best results. Use the paint brush to apply a coat of resin to the tub surface, focusing on liberally dousing the cracks. Now lay a woven fiberglass mat piece in place and tamp it down using the brush soaked in resin. Once the mat is completely wet, use the roller to force out any air pockets. Step 7: Repeat step 6 while overlapping each new piece by 1 - 2 inches. With each strip of the woven mat, rotate it to change the orientation of the strands to increase the strength of the work. Keep working out until you have created a roughly uniform first layer. Once the first layer is complete, GO OUTSIDE!!! You will need fresh air, and the resin needs to set. Step 8: After allowing the resin to set (anywhere from 15 minutes to 6 hours depending on the hardener you use) repeat the steps used for the first layer. The only difference for each additional layer is to extend the patch slightly beyond the layer below. This will make it much easier to sand and feather in the patch making it impossible to see when completed and painted over. The final two layers should be done with the loose fill matting to further ease the finish difficulty. Step 9: I was able to finish the fiberglass the first night and it set up for 12 hours before I started sanding. Sanding this will be no fun, you will be bent over with dust flying everywhere. I just had to go ahead and say it. It will be worth it when you are done, if you take the time to really smooth the surface, and feather it out to hide the edges. It took me about 3.5 hours to get it perfect, starting with 80 grit to knock down the high spots then using 120 and 220 to finish. Step 10: Clean again! This is just as important as the first one. Your life will be easier if you take the time to clean this well now. I actually tore out the tarps, put new ones in and cleaned the entire bathroom to prevent dust from kicking back up later. Now tape off the area to be painted (I suggest going to a seam or an edge. It will be nearly impossible to match the paint exactly) I used this opportunity to paint the entire tub and surround. Step 11: The hard part is done! Now comes the finesse. Prepare the paint as per the manufacturers specifications (some require activators, others need to be thinned). Test the paint on a scrap material until you have a good feel for the gun and the flow of the paint. Step 12: After putting on your safety equipment, lay the first layer of paint. All you are doing is misting on a light coat to allow the other coats something to adhere to. Every 7 -10 minutes you can spray a new coat. Do not worry about putting on thick coats, just keep slowly layering it on. Allow the final coat to sit for 2 - 4 hours and then gently run a clean hand over it. If the entire surface feels smooth and you cannot feel any major dips, you are fine. I had to do a light sanding with 220, and shoot an additional 3 coats to get the quality I wanted. Step 13: Drink a beer and marvel at your work! All told the project took 2 days, and cost ~ $250 not including my labor. The fiberglass resin and hardener was $80 at my local marine supply. The fiberglass mat was about $30 worth from Home Depot. Paint was purchased at Gladwin for $60. I used approximately $40 worth of consumables like sandpaper and towels. I am lucky to own the tools that I do, so there was no expense there, however renting items such as the paint gun and compressor will set you back less than $75 for a one day rental. I hope this helps someone, and will be posting more projects, repairs, and information soon.",https://www.reddit.com/r/DIY/comments/1jiej6/how_to_fiberglass_shower_tub_repair_refinish/,24,2,https://www.reddit.com/r/DIY/comments/1jiej6/how_to_fiberglass_shower_tub_repair_refinish/,wheel loose,needs_review_low_signal,,manual_review_pending,,low_risk_diy,0.82,cosmetic_or_minor_finish:\bpaint(?:ing|ed)?\b,"{""low_risk_diy"": 2.2}",no,,,,,MR0088,low_risk_diy,4,Manthan,,
13oefei,askanelectrician,2023-05-22T02:55:57+00:00,What is this metal piece?,"Hey Guys, Does any one have any idea what this metal piece is? [https://postimg.cc/gallery/1F1b3cv](https://postimg.cc/gallery/1F1b3cv) It's currently holding the suspension cable. I'm unable to pull more cable through this, and can only move cable in one direction (effectively making the cable shorter). I couldn't figure out how to open this device or what exactly it is called. Appreciate any input!","What is this metal piece? Hey Guys, Does any one have any idea what this metal piece is? [https://postimg.cc/gallery/1F1b3cv](https://postimg.cc/gallery/1F1b3cv) It's currently holding the suspension cable. I'm unable to pull more cable through this, and can only move cable in one direction (effectively making the cable shorter). I couldn't figure out how to open this device or what exactly it is called. Appreciate any input!",https://www.reddit.com/r/askanelectrician/comments/13oefei/what_is_this_metal_piece/,2,0,https://www.reddit.com/r/askanelectrician/comments/13oefei/what_is_this_metal_piece/,suspension,needs_review_unclear,,manual_review_pending,,medium_risk_call_pro,0.80,vehicle_mechanical_system_issue:\bsuspension\b,"{""medium_risk_call_pro"": 2.0}",no,,,,,MR0090,medium_risk_call_pro,4,Manthan,,
1ddqy2o,hvacadvice,2024-06-11T22:22:25+00:00,Blower motor??,Carrier Performance furnace about 20 years old. When running A/C the blower motor (in furnace) stops running after around 6-8 hours run time. A/C unit itself runs fine. I then get no air out of vents. When I first noticed I turned the power off at the furnace and put thermostat to off. I then installed a new capacitor being it was the easiest/cheapest fix. Turned power back on and put thermostat to Cool. After a couple minutes the system turned on and seemed to work fine…for about 10 hours. Same symptoms as before. I have an appointment with HVAC for tomorrow but the suspense is killing me. Any ideas?? Also…I tested the old capacitor (5uF) and was reading 4.64uF.,Blower motor?? Carrier Performance furnace about 20 years old. When running A/C the blower motor (in furnace) stops running after around 6-8 hours run time. A/C unit itself runs fine. I then get no air out of vents. When I first noticed I turned the power off at the furnace and put thermostat to off. I then installed a new capacitor being it was the easiest/cheapest fix. Turned power back on and put thermostat to Cool. After a couple minutes the system turned on and seemed to work fine…for about 10 hours. Same symptoms as before. I have an appointment with HVAC for tomorrow but the suspense is killing me. Any ideas?? Also…I tested the old capacitor (5uF) and was reading 4.64uF.,https://www.reddit.com/r/hvacadvice/comments/1ddqy2o/blower_motor/,1,4,https://www.reddit.com/r/hvacadvice/comments/1ddqy2o/blower_motor/,suspension,needs_review_medium_signal,,manual_review_pending,,medium_risk_call_pro,0.80,trade_system_issue:\bfurnace\b,"{""medium_risk_call_pro"": 2.0}",no,,,,,MR0092,medium_risk_call_pro,4,Manthan,,
16mbmnp,HomeImprovement,2023-09-18T23:58:56+00:00,Venting a ventless gas fireplace?,"I don't really understand the mechanics of how a gas fireplace works without a vent. I read about it online but it still doesn't make sense to me. Every time we fire up our ventless fireplace, we can smell some gassy fumes. It's not obnoxious, but enough for me to buy a carbon monoxide and gas detector to plug in the room. Our burner is in a hearth that was previously a wood burning fireplace, and the damper can still open. Again, online articles claim that venting a ventless gas burner is a bad idea but I don't see why. Is there any reason not to do so if I don't care about heat efficiency?","Venting a ventless gas fireplace? I don't really understand the mechanics of how a gas fireplace works without a vent. I read about it online but it still doesn't make sense to me. Every time we fire up our ventless fireplace, we can smell some gassy fumes. It's not obnoxious, but enough for me to buy a carbon monoxide and gas detector to plug in the room. Our burner is in a hearth that was previously a wood burning fireplace, and the damper can still open. Again, online articles claim that venting a ventless gas burner is a bad idea but I don't see why. Is there any reason not to do so if I don't care about heat efficiency?",https://www.reddit.com/r/HomeImprovement/comments/16mbmnp/venting_a_ventless_gas_fireplace/,2,2,https://www.reddit.com/r/HomeImprovement/comments/16mbmnp/venting_a_ventless_gas_fireplace/,gas smell,needs_review_urgent_signal,,manual_review_pending,,urgent_safety_risk,0.95,gas_or_carbon_monoxide:\bcarbon monoxide\b,"{""urgent_safety_risk"": 4.0}",no,,,,,MR0094,urgent_safety_risk,4,Manthan,,
1qt2wwz,DIY,2026-02-01T16:25:22+00:00,Garage flooding. Help!,"Hi all My garage floods slightly anytime it rains, I think it’s leaking through the wall as the neighbours patio sits higher than my garage floor. What can I do about this?? I need to get a car in it as soon as possible and don’t want it to be sat in the water Any help at all is appreciated Thanks","Garage flooding. Help! Hi all My garage floods slightly anytime it rains, I think it’s leaking through the wall as the neighbours patio sits higher than my garage floor. What can I do about this?? I need to get a car in it as soon as possible and don’t want it to be sat in the water Any help at all is appreciated Thanks",https://www.reddit.com/r/DIY/comments/1qt2wwz/garage_flooding_help/,7,6,https://www.reddit.com/r/DIY/comments/1qt2wwz/garage_flooding_help/,water leak,needs_review_urgent_signal,,manual_review_pending,,urgent_safety_risk,0.77,active_flooding_or_sewage:\bflooding\b; contained_water_damage:\bleak(?:s|ing|ed)?\b,"{""medium_risk_call_pro"": 2.0, ""urgent_safety_risk"": 3.0}",no,,,,,MR0102,urgent_safety_risk,4,Manthan,,
1pv76sy,HomeMaintenance,2025-12-25T06:33:04+00:00,Drywall crack,"I just noticed this crack along ceiling/wall seam in a bedroom. I don't know if it has been there or is new, like I just never have noticed it? But does this look like it's just old peeling tape or caused from water damage? Granted the walls are painted but before we painted the was no discoloration and still is none on the ceiling? And the house is 30 years old","Drywall crack I just noticed this crack along ceiling/wall seam in a bedroom. I don't know if it has been there or is new, like I just never have noticed it? But does this look like it's just old peeling tape or caused from water damage? Granted the walls are painted but before we painted the was no discoloration and still is none on the ceiling? And the house is 30 years old",https://www.reddit.com/r/HomeMaintenance/comments/1pv76sy/drywall_crack/,0,2,https://i.redd.it/g63gohzroa9g1.jpeg,paint peeling,needs_review_medium_signal,,manual_review_pending,,medium_risk_call_pro,0.67,contained_water_damage:\bwater damage(?:d)?\b; cosmetic_or_minor_finish:\bpaint(?:ing|ed)?\b,"{""low_risk_diy"": 2.2, ""medium_risk_call_pro"": 2.0}",yes,,,,,MR0107,needs_human_review,4,Manthan,,
1r1izui,AskMechanics,2026-02-11T00:57:09+00:00,2013 Audi A6 3.0T 125k Mile Service Cost??,"One Audi dealer quoted me $500 for the attached picture, another quoted me $289 for the following: * REPLACE Engine Oil and Oil Filter (Synthetic) * RESET Service Internal Display (Where Applicable) * VISUALLY Inspect Brake System: For Leaks / Damage, Brake Pad Thickness, and Brake Fluid Level * INSTALL Windshield Washer Solvent * PERFORM Audi Recommended Inspections * PERFORM Tire Rotation Are these the same things? Is one dealership ripping me off? I really want to know if my suspension and control arms have any issues - the ride feels a little stiffer lately. Is that part of the visual diagnosis at Audi? Also... I know I should go independent. Are independent Euro mechanics good at diagnosing common Audi problems? Car has 86k miles and is 2013.","2013 Audi A6 3.0T 125k Mile Service Cost?? One Audi dealer quoted me $500 for the attached picture, another quoted me $289 for the following: * REPLACE Engine Oil and Oil Filter (Synthetic) * RESET Service Internal Display (Where Applicable) * VISUALLY Inspect Brake System: For Leaks / Damage, Brake Pad Thickness, and Brake Fluid Level * INSTALL Windshield Washer Solvent * PERFORM Audi Recommended Inspections * PERFORM Tire Rotation Are these the same things? Is one dealership ripping me off? I really want to know if my suspension and control arms have any issues - the ride feels a little stiffer lately. Is that part of the visual diagnosis at Audi? Also... I know I should go independent. Are independent Euro mechanics good at diagnosing common Audi problems? Car has 86k miles and is 2013.",https://www.reddit.com/r/AskMechanics/comments/1r1izui/2013_audi_a6_30t_125k_mile_service_cost/,2,4,https://i.redd.it/v2hsvf2xjrig1.png,wiper blades,needs_review_medium_signal,,manual_review_pending,,medium_risk_call_pro,0.95,contained_water_damage:\bleak(?:s|ing|ed)?\b; vehicle_mechanical_system_issue:\bbrake pads?\b,"{""medium_risk_call_pro"": 4.0}",no,,,,,MR0109,medium_risk_call_pro,4,Manthan,,
1i7m1si,DIY,2025-01-22T21:09:01+00:00,Painter's tape pulled off 2 layers of old paint and some of the drywall backing - best approach to fix and finish?,"Bought this '85 home. Rooms have this really dark blue color which I wanted to paint over. Starting with the bathroom. Issue with the bathroom is that there was popcorn ceiling and a skylight that was running condensation down the inner corner. I removed the popcorn (its safe as its an '85 build) and then used some mud to patch and even things around. I used an oil based primer to paint the walls and ceiling in preparation for the next step. I used a trim paint to paint the ceiling and skylight to prevent damage from moisture. While doing this, I placed painter's tape (green and blue as I ran out of the blue midway) on the wall side so the paint wont stick to the walls. I didnt remove the paint after finishing painting, and it dried up over night. I just carefully removed it, but at several locations it literally pulled over the existing paint off. There is the existing dark blue paint that I covered with primer. Under it there is a layer of what looks like green color, and then the drywall. I tried to scrape off the loose paint to the edges using a putty knife, but ended getting off bigger and bigger patches of the paint. Some areas were easier than others, and some also pulled over the backing paper of the drywall. What is my best path forwards? Scrape the remaining walls, patch any damage with mud, prime, and paint again? If that is the right path forwards - how to avoid damaging the drywall backing paper? Using a hot air gun? Any chemicals? As note, this is specifically in the bathroom, so I assume that paint is oil/latex based and is satin to help with the moisture. TIA https://preview.redd.it/yg9e2tap1mee1.jpg?width=1280&format=pjpg&auto=webp&s=1d8b5ee332a105105c29b7879f5de851624e816d https://preview.redd.it/lril8sap1mee1.jpg?width=1280&format=pjpg&auto=webp&s=9e07d4afaabae08cfe49775b5908a3928700e752 https://preview.redd.it/9d5t9tap1mee1.jpg?width=1280&format=pjpg&auto=webp&s=c5d828d25c39ea099f5d74ffac04f8bbc78bc671 https://preview.redd.it/j0m80yap1mee1.jpg?width=1280&format=pjpg&auto=webp&s=36e9678d54dbea4dd712d93d7782bda07025d511","Painter's tape pulled off 2 layers of old paint and some of the drywall backing - best approach to fix and finish? Bought this '85 home. Rooms have this really dark blue color which I wanted to paint over. Starting with the bathroom. Issue with the bathroom is that there was popcorn ceiling and a skylight that was running condensation down the inner corner. I removed the popcorn (its safe as its an '85 build) and then used some mud to patch and even things around. I used an oil based primer to paint the walls and ceiling in preparation for the next step. I used a trim paint to paint the ceiling and skylight to prevent damage from moisture. While doing this, I placed painter's tape (green and blue as I ran out of the blue midway) on the wall side so the paint wont stick to the walls. I didnt remove the paint after finishing painting, and it dried up over night. I just carefully removed it, but at several locations it literally pulled over the existing paint off. There is the existing dark blue paint that I covered with primer. Under it there is a layer of what looks like green color, and then the drywall. I tried to scrape off the loose paint to the edges using a putty knife, but ended getting off bigger and bigger patches of the paint. Some areas were easier than others, and some also pulled over the backing paper of the drywall. What is my best path forwards? Scrape the remaining walls, patch any damage with mud, prime, and paint again? If that is the right path forwards - how to avoid damaging the drywall backing paper? Using a hot air gun? Any chemicals? As note, this is specifically in the bathroom, so I assume that paint is oil/latex based and is satin to help with the moisture. TIA https://preview.redd.it/yg9e2tap1mee1.jpg?width=1280&format=pjpg&auto=webp&s=1d8b5ee332a105105c29b7879f5de851624e816d https://preview.redd.it/lril8sap1mee1.jpg?width=1280&format=pjpg&auto=webp&s=9e07d4afaabae08cfe49775b5908a3928700e752 https://preview.redd.it/9d5t9tap1mee1.jpg?width=1280&format=pjpg&auto=webp&s=c5d828d25c39ea099f5d74ffac04f8bbc78bc671 https://preview.redd.it/j0m80yap1mee1.jpg?width=1280&format=pjpg&auto=webp&s=36e9678d54dbea4dd712d93d7782bda07025d511",https://www.reddit.com/r/DIY/comments/1i7m1si/painters_tape_pulled_off_2_layers_of_old_paint/,0,1,https://www.reddit.com/r/DIY/comments/1i7m1si/painters_tape_pulled_off_2_layers_of_old_paint/,loose trim,needs_review_low_signal,,manual_review_pending,,low_risk_diy,0.82,cosmetic_or_minor_finish:\bpaint(?:ing|ed)?\b,"{""low_risk_diy"": 2.2}",no,,,,,MR0112,low_risk_diy,4,Manthan,,
58be16,DIY,2016-10-19T17:01:38+00:00,Air Compressor Tripping Circuit Breaker,"Edit: Problem solved. Sounds like my assumptions were right and it's likely a short and I'll be contacting the manufacturer about it. If there's a better subreddit to post this in, feel free to let me know. Thought about posting to /r/homeimprovement as well. I recently bought a california air tools 5510SE compressor partially because it is listed as drawing 8.5A so I figured I could use it indoors as an airbrushing compressor. However because of the relatively high current to the rest of the milliamp things plugged into my walls, I checked the breaker box and made sure everything on the same circuit as where I intended to plug the compressor in was off, as well as the compressor itself. When I plugged it in I got a loud pop and sparks from the compressor motor, and the 15A circuit breaker tripped. Normally I would think that there was a short in the compressor (as I had it switched off) but I've never really worked with anything in the > 1A range and I'm just not particularly good with understanding electricity so I figured I'd ask some people and get some advice before complaining to the manufacturer that they sent me a dud. Does anyone have any idea what the cause of this might be? My other thought is a load on that circuit that I'm not aware of tripped the breaker, especially since when trying to get internet set up I discovered the previous tenant had tampered with the cable outlet, perhaps they tampered with the electrical outlets as well. However I can't come up with a reason why this would make the compressor throw sparks when it's switched off. **tl;dr** air compressor pops, makes sparks, and trips breaker when I plug it in even though it's switched off. Compressor is labelled 110V/8.5A. Problem with compressor or problem with my apartment's electrical setup?","Air Compressor Tripping Circuit Breaker Edit: Problem solved. Sounds like my assumptions were right and it's likely a short and I'll be contacting the manufacturer about it. If there's a better subreddit to post this in, feel free to let me know. Thought about posting to /r/homeimprovement as well. I recently bought a california air tools 5510SE compressor partially because it is listed as drawing 8.5A so I figured I could use it indoors as an airbrushing compressor. However because of the relatively high current to the rest of the milliamp things plugged into my walls, I checked the breaker box and made sure everything on the same circuit as where I intended to plug the compressor in was off, as well as the compressor itself. When I plugged it in I got a loud pop and sparks from the compressor motor, and the 15A circuit breaker tripped. Normally I would think that there was a short in the compressor (as I had it switched off) but I've never really worked with anything in the > 1A range and I'm just not particularly good with understanding electricity so I figured I'd ask some people and get some advice before complaining to the manufacturer that they sent me a dud. Does anyone have any idea what the cause of this might be? My other thought is a load on that circuit that I'm not aware of tripped the breaker, especially since when trying to get internet set up I discovered the previous tenant had tampered with the cable outlet, perhaps they tampered with the electrical outlets as well. However I can't come up with a reason why this would make the compressor throw sparks when it's switched off. **tl;dr** air compressor pops, makes sparks, and trips breaker when I plug it in even though it's switched off. Compressor is labelled 110V/8.5A. Problem with compressor or problem with my apartment's electrical setup?",https://www.reddit.com/r/DIY/comments/58be16/air_compressor_tripping_circuit_breaker/,7,8,https://www.reddit.com/r/DIY/comments/58be16/air_compressor_tripping_circuit_breaker/,sparking outlet,needs_review_urgent_signal,,manual_review_pending,,urgent_safety_risk,0.82,fire_smoke_or_sparks:\bspark(?:s|ing|ed)?\b(?!\s+plugs?\b); trade_system_issue:\bbreaker\b,"{""medium_risk_call_pro"": 2.0, ""urgent_safety_risk"": 3.5}",no,,,,,MR0114,urgent_safety_risk,4,Manthan,,
17a302j,HomeImprovement,2023-10-17T16:58:28+00:00,"Is this fixable? Former owner melted candles on gas fireplace and it won’t light now. Posted yesterday, but have a better picture and more details available.","The igniter sparks, but I can’t hear gas or smell gas when it’s turned on. I really don’t want to replace it right now, but can if need be.","Is this fixable? Former owner melted candles on gas fireplace and it won’t light now. Posted yesterday, but have a better picture and more details available. The igniter sparks, but I can’t hear gas or smell gas when it’s turned on. I really don’t want to replace it right now, but can if need be.",https://www.reddit.com/r/HomeImprovement/comments/17a302j/is_this_fixable_former_owner_melted_candles_on/,1,5,https://i.redd.it/pixr1wk3nsub1.jpg,gas smell,needs_review_urgent_signal,,manual_review_pending,,urgent_safety_risk,0.95,gas_or_carbon_monoxide:\bsmell(?:s|ing)? (?:like )?gas\b; fire_smoke_or_sparks:\bspark(?:s|ing|ed)?\b(?!\s+plugs?\b),"{""urgent_safety_risk"": 7.5}",no,,,,,MR0117,urgent_safety_risk,4,Manthan,,
1sumjax,AskMechanics,2026-04-24T17:36:03+00:00,Replace these tires?,"Been working on my mother's 2011 Yukon Hybrid she's left sitting in her backyard for 2 years Lifted the truck and tried inflating the tires, but figured my little Walmart compressor isn't gonna cut it lol Noticed the dry cracks along the sidewalls, I'm worried about inflating these tires, then driving a bit on them will cause a blowout. Any opinions?","Replace these tires? Been working on my mother's 2011 Yukon Hybrid she's left sitting in her backyard for 2 years Lifted the truck and tried inflating the tires, but figured my little Walmart compressor isn't gonna cut it lol Noticed the dry cracks along the sidewalls, I'm worried about inflating these tires, then driving a bit on them will cause a blowout. Any opinions?",https://www.reddit.com/r/AskMechanics/comments/1sumjax/replace_these_tires/,1,5,https://www.reddit.com/gallery/1sumjax,tire blowout,needs_review_unclear,,manual_review_pending,,,0.00,no_labeling_function_matched,{},yes,,,,,MR0129,needs_human_review,4,Manthan,,
1rqv4og,Plumbing,2026-03-11T14:22:31+00:00,Is this normal?,"Had some valves replaced and they also put on a new tub spout and handle. I stepped into the shower and had my hand on the wall to brace myself, and upon applying a bit of pressure to the wall noticed the faucet cover is not totally flush against it. Can I just add some caulk or should I ask them to come back?","Is this normal? Had some valves replaced and they also put on a new tub spout and handle. I stepped into the shower and had my hand on the wall to brace myself, and upon applying a bit of pressure to the wall noticed the faucet cover is not totally flush against it. Can I just add some caulk or should I ask them to come back?",https://www.reddit.com/r/Plumbing/comments/1rqv4og/is_this_normal/,1,3,https://i.redd.it/3uapwa5tdfog1.jpeg,caulk,needs_review_low_signal,,manual_review_pending,,low_risk_diy,0.82,cosmetic_or_minor_finish:\bcaulk(?:ing)?\b,"{""low_risk_diy"": 2.2}",no,,,,,MR0132,low_risk_diy,4,Manthan,,
1tl2l01,Plumbing,2026-05-23T01:41:43+00:00,Wall drain backing up,"Moving into a new house (built in the 70’s) finding all sorts or problems. Guy seemed to be DIY but not very good at it. Washing machine backed up and flooded. Tore the wall open to find this. Tried bleach, snake, bladder, etc. but when I put a garden hose down the drain it still backs up. I’m lead to believe it’s because it’s not vented. Any other possibilities?","Wall drain backing up Moving into a new house (built in the 70’s) finding all sorts or problems. Guy seemed to be DIY but not very good at it. Washing machine backed up and flooded. Tore the wall open to find this. Tried bleach, snake, bladder, etc. but when I put a garden hose down the drain it still backs up. I’m lead to believe it’s because it’s not vented. Any other possibilities?",https://www.reddit.com/r/Plumbing/comments/1tl2l01/wall_drain_backing_up/,3,8,https://i.redd.it/jbjr4uvlks2h1.jpeg,flooding,needs_review_urgent_signal,,manual_review_pending,,urgent_safety_risk,0.90,active_flooding_or_sewage:\bflooded\b,"{""urgent_safety_risk"": 3.0}",no,,,,,MR0141,urgent_safety_risk,4,Manthan,,
bwz1jt,MechanicAdvice,2019-06-05T05:34:52+00:00,2017 Hyundai Tucson AWD - tire blowout advice,"Hey there, I'm from Canada but I'm on a road trip in the US currently. Today my rear passenger tire had a blowout and I'm now driving on the donut. While on the road I called costco (I'm in a town that doesn't have much services) and the service person made me feel like he would suggest replacing all my tires, which sounds ridiculous to me, and that maybe I would need a specialty tire for my vehicle. He did though tell me to check my manual. My manual states that if I replace one tire, to replace the other one on the corresponding axel (ie replace both rear tires) and to not mix up radials with the other kind. And also to replace them with the same size that I currently have. Can I just replace the rear 2 tires? Is there a certain brand I should get? I'm currently driving on Kumho tires but Costco doesnt have that. One last question: if I replace the back 2 tires, can I keep the one good tire as a full size spare if I buy a basic rim for it?","2017 Hyundai Tucson AWD - tire blowout advice Hey there, I'm from Canada but I'm on a road trip in the US currently. Today my rear passenger tire had a blowout and I'm now driving on the donut. While on the road I called costco (I'm in a town that doesn't have much services) and the service person made me feel like he would suggest replacing all my tires, which sounds ridiculous to me, and that maybe I would need a specialty tire for my vehicle. He did though tell me to check my manual. My manual states that if I replace one tire, to replace the other one on the corresponding axel (ie replace both rear tires) and to not mix up radials with the other kind. And also to replace them with the same size that I currently have. Can I just replace the rear 2 tires? Is there a certain brand I should get? I'm currently driving on Kumho tires but Costco doesnt have that. One last question: if I replace the back 2 tires, can I keep the one good tire as a full size spare if I buy a basic rim for it?",https://www.reddit.com/r/MechanicAdvice/comments/bwz1jt/2017_hyundai_tucson_awd_tire_blowout_advice/,1,2,https://www.reddit.com/r/MechanicAdvice/comments/bwz1jt/2017_hyundai_tucson_awd_tire_blowout_advice/,tire blowout,needs_review_unclear,,manual_review_pending,,urgent_safety_risk,0.95,vehicle_brake_wheel_or_steering_danger:\btire blowout\b,"{""urgent_safety_risk"": 3.5}",no,,,,,MR0142,urgent_safety_risk,4,Manthan,,
1oxb8vb,HomeMaintenance,2025-11-14T22:53:34+00:00,Why is this happening?,This is the ceiling in my bathroom. The paint has been bubbling and now starting to crack and peel. This is on the second floor of an old American foursquare. The attic is above this room. TIA,Why is this happening? This is the ceiling in my bathroom. The paint has been bubbling and now starting to crack and peel. This is on the second floor of an old American foursquare. The attic is above this room. TIA,https://www.reddit.com/r/HomeMaintenance/comments/1oxb8vb/why_is_this_happening/,13,9,https://www.reddit.com/gallery/1oxb8vb,paint peeling,needs_review_low_signal,,manual_review_pending,,low_risk_diy,0.82,cosmetic_or_minor_finish:\bpaint(?:ing|ed)?\b,"{""low_risk_diy"": 2.2}",no,,,,,MR0143,low_risk_diy,4,Manthan,,
7ecac2,MechanicAdvice,2017-11-20T21:20:40+00:00,Different sized tires on front and back? 2006 Tacoma 4wd,"I had a blowout on one of my back tires and the other one looks like it's getting close to the end of its life as well. All 4 tires are 285/75r16 right now. If I were to put the 2 285s from the front and get a new pair of 265/75r16s for the front, would I run into any issues? Eventually I'd like to drop them to 265s anyway, but I don't have the cash for a full set with all the holidays crap coming up.","Different sized tires on front and back? 2006 Tacoma 4wd I had a blowout on one of my back tires and the other one looks like it's getting close to the end of its life as well. All 4 tires are 285/75r16 right now. If I were to put the 2 285s from the front and get a new pair of 265/75r16s for the front, would I run into any issues? Eventually I'd like to drop them to 265s anyway, but I don't have the cash for a full set with all the holidays crap coming up.",https://www.reddit.com/r/MechanicAdvice/comments/7ecac2/different_sized_tires_on_front_and_back_2006/,1,2,https://www.reddit.com/r/MechanicAdvice/comments/7ecac2/different_sized_tires_on_front_and_back_2006/,tire blowout,needs_review_unclear,,manual_review_pending,,,0.00,no_labeling_function_matched,{},yes,,,,,MR0151,needs_human_review,4,Manthan,,
1t5u2mz,Plumbing,2026-05-06T23:50:49+00:00,Sump pump is the bane of my homeowner existence,"Basement was completely flooded when I went down there last Friday. Have a home gym down there and it took forever to bail out the pump and sweep all the water on the floor back into the pump, bail again, move everything, set up fans… just yesterday I finally got everything back in place and mostly dry… and then today, after its been raining hard all day, came back home from work and it was flooded again. I genuinely am not sure if my sump pump does anything. I don’t understand it or how it works. it’s just a hole in my basement floor that constantly fills with water, threatens to flood, and needs to be bailed out with a bucket pretty much daily during the warm months. I have been mildly electrocuted by it before so I know it’s not completely dead, but I’ve never heard it or seen it doing anything my senses can detect. The pipe from the AC seems to drain into it as well as the dehumidifier. I tried emptying all the water last summer, cleaning it out to the best of my ability, and looking over the sump pump for anything that looked wrong or clogged, but I didn’t really know what I was looking at or how to tell for sure if something was wrong. I have no one who can help me. I am kind of afraid of everything I haven’t done before but I am also willing to do anything I am physically capable of. I’m really tight on money so plumber or replacement is probably out of the question. Is there anything that can be done or shall I be chained to this hole in my floor for another summer?","Sump pump is the bane of my homeowner existence Basement was completely flooded when I went down there last Friday. Have a home gym down there and it took forever to bail out the pump and sweep all the water on the floor back into the pump, bail again, move everything, set up fans… just yesterday I finally got everything back in place and mostly dry… and then today, after its been raining hard all day, came back home from work and it was flooded again. I genuinely am not sure if my sump pump does anything. I don’t understand it or how it works. it’s just a hole in my basement floor that constantly fills with water, threatens to flood, and needs to be bailed out with a bucket pretty much daily during the warm months. I have been mildly electrocuted by it before so I know it’s not completely dead, but I’ve never heard it or seen it doing anything my senses can detect. The pipe from the AC seems to drain into it as well as the dehumidifier. I tried emptying all the water last summer, cleaning it out to the best of my ability, and looking over the sump pump for anything that looked wrong or clogged, but I didn’t really know what I was looking at or how to tell for sure if something was wrong. I have no one who can help me. I am kind of afraid of everything I haven’t done before but I am also willing to do anything I am physically capable of. I’m really tight on money so plumber or replacement is probably out of the question. Is there anything that can be done or shall I be chained to this hole in my floor for another summer?",https://www.reddit.com/r/Plumbing/comments/1t5u2mz/sump_pump_is_the_bane_of_my_homeowner_existence/,69,109,https://www.reddit.com/gallery/1t5u2mz,flooding,needs_review_urgent_signal,,manual_review_pending,,urgent_safety_risk,0.90,active_flooding_or_sewage:\bflooded\b,"{""urgent_safety_risk"": 3.0}",no,,,,,MR0157,urgent_safety_risk,4,Manthan,,
15wjv0d,HomeImprovement,2023-08-20T19:05:18+00:00,Sewer line seal problem. Help?,"Discovered this unsealed line as the source of a intermittent sewer gas smell in my basement. Usually when it rains. Looks like previous owner tried to seal it with outdoor crack filler, which is obviously a bad idea. When my basement flood because of sewer backup water came through this line (and the floor drain). Am I screwed? Do I need a plumber? Is this DIYable for someone with moderate know-how?","Sewer line seal problem. Help? Discovered this unsealed line as the source of a intermittent sewer gas smell in my basement. Usually when it rains. Looks like previous owner tried to seal it with outdoor crack filler, which is obviously a bad idea. When my basement flood because of sewer backup water came through this line (and the floor drain). Am I screwed? Do I need a plumber? Is this DIYable for someone with moderate know-how?",https://www.reddit.com/r/HomeImprovement/comments/15wjv0d/sewer_line_seal_problem_help/,2,1,https://www.reddit.com/gallery/15wjv0d,gas smell,needs_review_urgent_signal,,manual_review_pending,,urgent_safety_risk,0.95,gas_or_carbon_monoxide:\bgas smell\b; active_flooding_or_sewage:\bbasement flood(?:ing|ed)?\b,"{""urgent_safety_risk"": 7.0}",no,,,,,MR0158,urgent_safety_risk,4,Manthan,,
1rq658w,AskMechanics,2026-03-10T19:07:30+00:00,Need to know if my 09 Lincoln needs to be put down :(,"Hello my fellow techs- I have a 09 lincoln mks ive had for a couple years now. Shes got 163k on the odometer. I was speeding up on an on-ramp at about 30-40mph when my car felt super sluggish all the sudden and my check engine light started blinking. I continued to speed up to around 70mph to merge when I believe my transmission felt like it was shuddering/slipping awfully. Drove for about another 10 miles with it feeling “fine”. Just felt like it was a little more rough, before I got stopped at a stop light where she was puffin smoke out the back and idling super rough. Got home a couple minutes later, parked it and turned it off. I went to move it into the garage not even 5 minutes after parking it and it wouldnt start. Had to flood it to get it to start but got it into the garage where its sat for a couple weeks. Pulled plugs and shes definitely in need of plugs as well as valve covers. I didnt have a scan tool at the time and my battery died not too soon after sitting. Recently got a battery and a cheap scan tool but wasnt able to pull any previous codes (whether that be the scan tools fault or being dead for a few weeks). Nonetheless tho we decided to see if it would crank or start and was hit by the loud ass bang noise at the beginning of the video. Ive put way more money into this thing than it’s worth but just trying to find out if this is something I can fix in my garage or if shes far too gone.","Need to know if my 09 Lincoln needs to be put down :( Hello my fellow techs- I have a 09 lincoln mks ive had for a couple years now. Shes got 163k on the odometer. I was speeding up on an on-ramp at about 30-40mph when my car felt super sluggish all the sudden and my check engine light started blinking. I continued to speed up to around 70mph to merge when I believe my transmission felt like it was shuddering/slipping awfully. Drove for about another 10 miles with it feeling “fine”. Just felt like it was a little more rough, before I got stopped at a stop light where she was puffin smoke out the back and idling super rough. Got home a couple minutes later, parked it and turned it off. I went to move it into the garage not even 5 minutes after parking it and it wouldnt start. Had to flood it to get it to start but got it into the garage where its sat for a couple weeks. Pulled plugs and shes definitely in need of plugs as well as valve covers. I didnt have a scan tool at the time and my battery died not too soon after sitting. Recently got a battery and a cheap scan tool but wasnt able to pull any previous codes (whether that be the scan tools fault or being dead for a few weeks). Nonetheless tho we decided to see if it would crank or start and was hit by the loud ass bang noise at the beginning of the video. Ive put way more money into this thing than it’s worth but just trying to find out if this is something I can fix in my garage or if shes far too gone.",https://www.reddit.com/r/AskMechanics/comments/1rq658w/need_to_know_if_my_09_lincoln_needs_to_be_put_down/,1,10,https://v.redd.it/m21gf5fqn9og1,transmission slipping,needs_review_urgent_signal,,manual_review_pending,,urgent_safety_risk,0.82,fire_smoke_or_sparks:\bsmoke\b; vehicle_mechanical_system_issue:\btransmission\b,"{""medium_risk_call_pro"": 2.0, ""urgent_safety_risk"": 3.5}",no,,,,,MR0163,urgent_safety_risk,4,Manthan,,
1twzryc,DIY,2026-06-04T20:37:14+00:00,Help Diagnosing a Toilet Leak,I’m finding a small amount of water near the base of my toilet. It appears to only be on the inner side of the base at about 11 o’clock if you’re sitting on the toilet. I slid a paper towel underneath and it was only wet in that one spot. There was no water further towards the center underneath. It appears to be clean water. It has a new wax ring that’s only weeks old. Was it maybe the wrong size? Could it be a tank to toilet leak? Condensation? Also it does not seem to be related to flushing.,Help Diagnosing a Toilet Leak I’m finding a small amount of water near the base of my toilet. It appears to only be on the inner side of the base at about 11 o’clock if you’re sitting on the toilet. I slid a paper towel underneath and it was only wet in that one spot. There was no water further towards the center underneath. It appears to be clean water. It has a new wax ring that’s only weeks old. Was it maybe the wrong size? Could it be a tank to toilet leak? Condensation? Also it does not seem to be related to flushing.,https://www.reddit.com/r/DIY/comments/1twzryc/help_diagnosing_a_toilet_leak/,15,14,https://www.reddit.com/r/DIY/comments/1twzryc/help_diagnosing_a_toilet_leak/,water leak,needs_review_medium_signal,,manual_review_pending,,medium_risk_call_pro,0.80,contained_water_damage:\bleak(?:s|ing|ed)?\b,"{""medium_risk_call_pro"": 2.0}",no,,,,,MR0166,medium_risk_call_pro,4,Manthan,,
192vy2l,HomeImprovement,2024-01-10T01:29:59+00:00,How much would it cost to have a plumber reconnect a gas stove?,"I recently disconnected my stove to do some tile work. It was easy. There is an off valve. It took some elbow grease but I eventually got it disconnected. When I tried to connect it again I could smell gas pretty bad. I used gas tape but the smell was still coming through. I’m not sure if pulling it off may have stripped it. How much would it cost a plumber to just come connect it? I thought it would be a pretty basic connection, but I can’t get it on right. Also would it be less expensive if I bought the connector kit for the plumber.","How much would it cost to have a plumber reconnect a gas stove? I recently disconnected my stove to do some tile work. It was easy. There is an off valve. It took some elbow grease but I eventually got it disconnected. When I tried to connect it again I could smell gas pretty bad. I used gas tape but the smell was still coming through. I’m not sure if pulling it off may have stripped it. How much would it cost a plumber to just come connect it? I thought it would be a pretty basic connection, but I can’t get it on right. Also would it be less expensive if I bought the connector kit for the plumber.",https://www.reddit.com/r/HomeImprovement/comments/192vy2l/how_much_would_it_cost_to_have_a_plumber/,0,21,https://www.reddit.com/r/HomeImprovement/comments/192vy2l/how_much_would_it_cost_to_have_a_plumber/,gas smell,needs_review_unclear,,manual_review_pending,,urgent_safety_risk,0.95,gas_or_carbon_monoxide:\bsmell(?:s|ing)? (?:like )?gas\b,"{""urgent_safety_risk"": 4.0}",no,,,,,MR0177,urgent_safety_risk,4,Manthan,,
1rd440r,MechanicAdvice,2026-02-24T03:46:30+00:00,"2011 Ford Raptor – Left Brake/Turn Signal Out & Hyper Flash, Bulbs and Fuse Already Checked","Hey everyone, looking for some diagnostic advice. I have a 2011 Ford Raptor and today while driving my left blinker started hyper flashing. When I got home, I noticed the left rear tail/brake light wasn’t working at all. Here’s what I’ve tried so far: •Replaced both bulbs (no change) •Replaced the bulb sockets •Checked the fuse and it’s not blown After swapping sockets, I’m still getting no power to the left tail light. The right side is working normally. At this point I’m trying to figure out the next logical steps for diagnosis. Should I be checking the wiring harness, ground, or the turn signal/brake light circuit next? Is there a common failure point on these trucks (like wiring in the tailgate hinge or a connector issue)? Any guidance on where to test with a multimeter or what to inspect next would be really appreciated.","2011 Ford Raptor – Left Brake/Turn Signal Out & Hyper Flash, Bulbs and Fuse Already Checked Hey everyone, looking for some diagnostic advice. I have a 2011 Ford Raptor and today while driving my left blinker started hyper flashing. When I got home, I noticed the left rear tail/brake light wasn’t working at all. Here’s what I’ve tried so far: •Replaced both bulbs (no change) •Replaced the bulb sockets •Checked the fuse and it’s not blown After swapping sockets, I’m still getting no power to the left tail light. The right side is working normally. At this point I’m trying to figure out the next logical steps for diagnosis. Should I be checking the wiring harness, ground, or the turn signal/brake light circuit next? Is there a common failure point on these trucks (like wiring in the tailgate hinge or a connector issue)? Any guidance on where to test with a multimeter or what to inspect next would be really appreciated.",https://www.reddit.com/r/MechanicAdvice/comments/1rd440r/2011_ford_raptor_left_braketurn_signal_out_hyper/,0,1,https://www.reddit.com/r/MechanicAdvice/comments/1rd440r/2011_ford_raptor_left_braketurn_signal_out_hyper/,brake failure,needs_review_medium_signal,,manual_review_pending,,medium_risk_call_pro,0.80,trade_system_issue:\bwiring\b,"{""medium_risk_call_pro"": 2.0}",no,,,,,MR0181,medium_risk_call_pro,4,Manthan,,
1tu4kv8,MechanicAdvice,2026-06-01T20:23:17+00:00,brake contaminants?,"on my way to work this morning i noticed a constant grinding that got significantly worse when braking, i recently purchased the car so i’m not super sure the last time brakes were done. I’m guessing it’s a rock in my pad as i do live on a gravel road but any help would be appreciated (2006 Nissan 350z)","brake contaminants? on my way to work this morning i noticed a constant grinding that got significantly worse when braking, i recently purchased the car so i’m not super sure the last time brakes were done. I’m guessing it’s a rock in my pad as i do live on a gravel road but any help would be appreciated (2006 Nissan 350z)",https://www.reddit.com/r/MechanicAdvice/comments/1tu4kv8/brake_contaminants/,3,17,https://i.redd.it/f55uus2xcq4h1.jpeg,brake pads,needs_review_unclear,,manual_review_pending,,,0.00,no_labeling_function_matched,{},yes,,,,,MR0184,needs_human_review,4,Manthan,,
1t98h4b,Plumbing,2026-05-10T14:30:09+00:00,Why is this a thing?,"Came home after work on Friday to a flooded basement; water heater gave out. Unfortunate, annoying, besides the point. After shutting off both the hot and the cold, cleaning up the entire basement, ripping my office out, the basement is flooded again Saturday morning. After further inspection, I notice a hot water like running from the drain to a tee. The tee meets just below the kitchen, right under the sink. So there's a line teeing a hot water supply to the kitchen directly back to the drain... Why would someone do this? I believe this is causing some sort of backfeeding from a hot/cold crossover point and continuously refilling the tank causing recurring flooding. Yes, water supply is shut off when not in use to prevent this now.","Why is this a thing? Came home after work on Friday to a flooded basement; water heater gave out. Unfortunate, annoying, besides the point. After shutting off both the hot and the cold, cleaning up the entire basement, ripping my office out, the basement is flooded again Saturday morning. After further inspection, I notice a hot water like running from the drain to a tee. The tee meets just below the kitchen, right under the sink. So there's a line teeing a hot water supply to the kitchen directly back to the drain... Why would someone do this? I believe this is causing some sort of backfeeding from a hot/cold crossover point and continuously refilling the tank causing recurring flooding. Yes, water supply is shut off when not in use to prevent this now.",https://www.reddit.com/r/Plumbing/comments/1t98h4b/why_is_this_a_thing/,1,7,https://www.reddit.com/gallery/1t98h4b,flooding,needs_review_urgent_signal,,manual_review_pending,,urgent_safety_risk,0.77,active_flooding_or_sewage:\bflooding\b; trade_system_issue:\bwater heater\b,"{""medium_risk_call_pro"": 2.0, ""urgent_safety_risk"": 3.0}",no,,,,,MR0187,urgent_safety_risk,4,Manthan,,
8bfm5w,MechanicAdvice,2018-04-11T08:56:06+00:00,"2007 Camry Hybrid - check vsc system, brake system, slip, and abs warning lights constantly on after tire blowout","Hey guys, first time posting on this subreddit and I need some help. A few days ago is as driving back from a roadtrip and my front driver's side tire blew up. Since then I've gotten the tire replaced and everything drives literally as before. My only problem is that I have 4 specific warning lights that are constantly on now. >Check VSC System, >Slip indicator, >Brake system amber warning light, >ABS system warning light. The brakes are working completely fine and nothing seems to be acting awry so I'm at a loss as to what I'm still needing. I think that I may have lost a sensor but I'm not really sure about that. Also, there seems to be an exposed wire and wire casing near the blown tire. The wire casing is completely empty and the other wire is strung up to the side, leading me to believe that it might just be auxillary. Then again, I don't really know what they're for. I attached an imgur album with pictures around the wheel and my dash lights which may hopefully provide some insight to my situation. https://imgur.com/a/9WyhL","2007 Camry Hybrid - check vsc system, brake system, slip, and abs warning lights constantly on after tire blowout Hey guys, first time posting on this subreddit and I need some help. A few days ago is as driving back from a roadtrip and my front driver's side tire blew up. Since then I've gotten the tire replaced and everything drives literally as before. My only problem is that I have 4 specific warning lights that are constantly on now. >Check VSC System, >Slip indicator, >Brake system amber warning light, >ABS system warning light. The brakes are working completely fine and nothing seems to be acting awry so I'm at a loss as to what I'm still needing. I think that I may have lost a sensor but I'm not really sure about that. Also, there seems to be an exposed wire and wire casing near the blown tire. The wire casing is completely empty and the other wire is strung up to the side, leading me to believe that it might just be auxillary. Then again, I don't really know what they're for. I attached an imgur album with pictures around the wheel and my dash lights which may hopefully provide some insight to my situation. https://imgur.com/a/9WyhL",https://www.reddit.com/r/MechanicAdvice/comments/8bfm5w/2007_camry_hybrid_check_vsc_system_brake_system/,2,14,https://www.reddit.com/r/MechanicAdvice/comments/8bfm5w/2007_camry_hybrid_check_vsc_system_brake_system/,tire blowout,needs_review_unclear,,manual_review_pending,,urgent_safety_risk,0.95,vehicle_brake_wheel_or_steering_danger:\btire blowout\b,"{""urgent_safety_risk"": 3.5}",no,,,,,MR0191,urgent_safety_risk,4,Manthan,,
1q4wor6,hvacadvice,2026-01-05T20:14:49+00:00,Heat pumps vs Propane hydronic / AC combo for old house renovation,"I’d appreciate some opinions on hvac selection for a comprehensive overhaul of our new old house. 2800 sq ft home in central NJ - half built 1890s, half 1980s, with central ducting to all rooms from a prior AC addition. Currently has 2-zone AC and oil baseboard hydronic throughout. The oil boiler is 60+ years old with piping leaks, AC units are 30 years old with correspondingly aged ducting. we knew the state of the hvac and it was priced into the house purchase since i need to fix heat and AC together i wanted to overhaul everything at once. natural gas is NOT available on our street, so heating options are oil, propane, or electric heat pumps. So far ive narrowed it down to 2 proposals: Propane option (costco partner): navien combi boiler + 2x lennox 14 SEER2 AC for $40k, not including propane setup and installation and electrical panel upgrade, so probably looking at closer to $50k at the end. comes with 15% costco card and NJ offers up to $25k at 0% for high efficiency hvac. Electric option (mitsubishi diamond supplier): rep looked at our 30 year old ducts and said no way. proposed 8-head MXZ-SM48NLHZ hyper heat pending manual J, with electrical upgrades and oil decommissioning included, for $55k. full amount financeable at 0%, and my utility is opening a $10k decarbonization rebate soon reducing net to $45k before smaller rebates. Currently leaning towards this one. operating costs favor electricity currently but i'm not confident rates won't keep spiking. that said, going electric now opens up solar discussions later. main concern is heat pump performance in cold conditions. almost everyone i brought in advised retaining hydronic and not going heat pump only, which is making me think twice. Because of no natural gas and the oil boiler being ancient, dual fuel is not an option The only thing everyone has agreed so far is not to bother with upgrading and staying oil.","Heat pumps vs Propane hydronic / AC combo for old house renovation I’d appreciate some opinions on hvac selection for a comprehensive overhaul of our new old house. 2800 sq ft home in central NJ - half built 1890s, half 1980s, with central ducting to all rooms from a prior AC addition. Currently has 2-zone AC and oil baseboard hydronic throughout. The oil boiler is 60+ years old with piping leaks, AC units are 30 years old with correspondingly aged ducting. we knew the state of the hvac and it was priced into the house purchase since i need to fix heat and AC together i wanted to overhaul everything at once. natural gas is NOT available on our street, so heating options are oil, propane, or electric heat pumps. So far ive narrowed it down to 2 proposals: Propane option (costco partner): navien combi boiler + 2x lennox 14 SEER2 AC for $40k, not including propane setup and installation and electrical panel upgrade, so probably looking at closer to $50k at the end. comes with 15% costco card and NJ offers up to $25k at 0% for high efficiency hvac. Electric option (mitsubishi diamond supplier): rep looked at our 30 year old ducts and said no way. proposed 8-head MXZ-SM48NLHZ hyper heat pending manual J, with electrical upgrades and oil decommissioning included, for $55k. full amount financeable at 0%, and my utility is opening a $10k decarbonization rebate soon reducing net to $45k before smaller rebates. Currently leaning towards this one. operating costs favor electricity currently but i'm not confident rates won't keep spiking. that said, going electric now opens up solar discussions later. main concern is heat pump performance in cold conditions. almost everyone i brought in advised retaining hydronic and not going heat pump only, which is making me think twice. Because of no natural gas and the oil boiler being ancient, dual fuel is not an option The only thing everyone has agreed so far is not to bother with upgrading and staying oil.",https://www.reddit.com/r/hvacadvice/comments/1q4wor6/heat_pumps_vs_propane_hydronic_ac_combo_for_old/,0,3,https://www.reddit.com/r/hvacadvice/comments/1q4wor6/heat_pumps_vs_propane_hydronic_ac_combo_for_old/,fuel leak,needs_review_urgent_signal,,manual_review_pending,,urgent_safety_risk,0.87,gas_or_carbon_monoxide:\bnatural gas\b; contained_water_damage:\bleak(?:s|ing|ed)?\b; trade_system_issue:\bhvac\b; cosmetic_or_minor_finish:\bbaseboard\b,"{""low_risk_diy"": 2.2, ""medium_risk_call_pro"": 4.0, ""urgent_safety_risk"": 4.0}",yes,,,,,MR0192,needs_human_review,4,Manthan,,
5ugc6h,DIY,2017-02-16T17:13:53+00:00,Mirror Frame Help - Mounting It Flush Despite metal brackets?,I'm looking into framing some bathroom mirrors with moulding/trim and most how-to's say to glue or tape the frame to the glass of the mirror. If there are small metal brackets holding the mirror loose against the wall would it still be wise to use the glue/tape method?,Mirror Frame Help - Mounting It Flush Despite metal brackets? I'm looking into framing some bathroom mirrors with moulding/trim and most how-to's say to glue or tape the frame to the glass of the mirror. If there are small metal brackets holding the mirror loose against the wall would it still be wise to use the glue/tape method?,https://www.reddit.com/r/DIY/comments/5ugc6h/mirror_frame_help_mounting_it_flush_despite_metal/,3,3,https://www.reddit.com/r/DIY/comments/5ugc6h/mirror_frame_help_mounting_it_flush_despite_metal/,loose trim,needs_review_low_signal,,manual_review_pending,,low_risk_diy,0.82,cosmetic_or_minor_finish:\btrim\b,"{""low_risk_diy"": 2.2}",no,,,,,MR0199,low_risk_diy,4,Manthan,,
1sryhba,Plumbing,2026-04-21T19:43:45+00:00,Sump pump help,"for the first time in 8 years of being in my 100 year old house my basement flooded this spring due to unprecedented rain and flooding in the area... i have never had a sumppump but i will now now installing one. I understand that i need a check valve so it doesn't keep re pumping water, and a weep hole below the valve so it doesn't airlock, but my worry is the water in the 8ish feet of pipe above the checkvalve will just sit there forever, especially since I dont expect the pump to run more than once a year if that. is that a problem? advice? THANK YOU!","Sump pump help for the first time in 8 years of being in my 100 year old house my basement flooded this spring due to unprecedented rain and flooding in the area... i have never had a sumppump but i will now now installing one. I understand that i need a check valve so it doesn't keep re pumping water, and a weep hole below the valve so it doesn't airlock, but my worry is the water in the 8ish feet of pipe above the checkvalve will just sit there forever, especially since I dont expect the pump to run more than once a year if that. is that a problem? advice? THANK YOU!",https://www.reddit.com/r/Plumbing/comments/1sryhba/sump_pump_help/,1,4,https://www.reddit.com/r/Plumbing/comments/1sryhba/sump_pump_help/,flooding,needs_review_urgent_signal,,manual_review_pending,,urgent_safety_risk,0.90,active_flooding_or_sewage:\bflooding\b,"{""urgent_safety_risk"": 3.0}",no,,,,,MR0205,urgent_safety_risk,4,Manthan,,
1mhb188,hvacadvice,2025-08-04T11:38:00+00:00,Automotive ac; cleaning the internals of the condenser and evaporator?,"Long story short, had a vehicle fire (fuel leak) and it melted the hoses and opened the system. My question is this; is there a way to reliably clean the internals of the condenser and evaporator? My plan was to re-use the parts (budget restrictions currently) but they would obviously need cleaned. I emptied a dry-chem fire extinguisher on the fire before the fire department came and put it out with a truck. Not new to automotive hvac, just new to trying some hackery like this.","Automotive ac; cleaning the internals of the condenser and evaporator? Long story short, had a vehicle fire (fuel leak) and it melted the hoses and opened the system. My question is this; is there a way to reliably clean the internals of the condenser and evaporator? My plan was to re-use the parts (budget restrictions currently) but they would obviously need cleaned. I emptied a dry-chem fire extinguisher on the fire before the fire department came and put it out with a truck. Not new to automotive hvac, just new to trying some hackery like this.",https://www.reddit.com/r/hvacadvice/comments/1mhb188/automotive_ac_cleaning_the_internals_of_the/,2,2,https://www.reddit.com/r/hvacadvice/comments/1mhb188/automotive_ac_cleaning_the_internals_of_the/,fuel leak,needs_review_medium_signal,,manual_review_pending,,urgent_safety_risk,0.79,vehicle_fuel_or_overheat_danger:\bfuel leak\b; contained_water_damage:\bleak(?:s|ing|ed)?\b; trade_system_issue:\bhvac\b,"{""medium_risk_call_pro"": 4.0, ""urgent_safety_risk"": 3.2}",yes,,,,,MR0207,needs_human_review,4,Manthan,,
1eipub6,Plumbing,2024-08-03T00:29:46+00:00,Need help identifying for a replacement part,"Our contractor ghosted, leaving lots of loose ends in our bathroom remodel, which I’ve been slowly but surely finishing myself. When they replaced the shower insert, the handle and trim for the shower went missing and this is what we are left with. Any ideas on what might fit with this, or any way to find out that doesn’t involve having to remove the new shower insert?","Need help identifying for a replacement part Our contractor ghosted, leaving lots of loose ends in our bathroom remodel, which I’ve been slowly but surely finishing myself. When they replaced the shower insert, the handle and trim for the shower went missing and this is what we are left with. Any ideas on what might fit with this, or any way to find out that doesn’t involve having to remove the new shower insert?",https://www.reddit.com/r/Plumbing/comments/1eipub6/need_help_identifying_for_a_replacement_part/,1,3,https://i.redd.it/7ae1fo8zfcgd1.jpeg,loose trim,needs_review_low_signal,,manual_review_pending,,low_risk_diy,0.82,cosmetic_or_minor_finish:\btrim\b,"{""low_risk_diy"": 2.2}",no,,,,,MR0218,low_risk_diy,4,Manthan,,
1t3uu6j,hvacadvice,2026-05-04T21:09:41+00:00,Anyone know what this noise is?,Was making the noise when the AC was running. I turn off the AC and it stopped. Maintenance coworker said it sounds like a fan bearing. Any insight what it is and cost to repair? Edit- Found the issue - Loose set screw on the shaft. Wheel was moving side to side.,Anyone know what this noise is? Was making the noise when the AC was running. I turn off the AC and it stopped. Maintenance coworker said it sounds like a fan bearing. Any insight what it is and cost to repair? Edit- Found the issue - Loose set screw on the shaft. Wheel was moving side to side.,https://www.reddit.com/r/hvacadvice/comments/1t3uu6j/anyone_know_what_this_noise_is/,1,25,https://v.redd.it/gsz0ybrnr6zg1,wheel loose,needs_review_unclear,,manual_review_pending,,,0.00,no_labeling_function_matched,{},yes,,,,,MR0222,needs_human_review,4,Manthan,,
13qtpz8,askanelectrician,2023-05-24T18:35:54+00:00,Burnt smell. Potential electrical problem?,"Hello, and thank you for your help. In the last few days, I’ve had two separate incidents with a sort of burnt plastic smell. The first time, I was using a hot plate to heat up food in the kitchen, when I noticed a burning smell. I assumed that the hot plate itself had burnt out as it was quite old, and I didn’t attribute it to any electrical issue. However, a few days later, when using the vacuum (on a different outlet), I noticed the same burnt smell. I know that vacuums can also have issues with burning out, but I felt that it was a bit of a coincidence that the two devices in the house drawing the most power both produced a burnt smell (that I haven’t encountered before) in such a short period of time. I don’t know anything about electricity, so I was wondering if these incidents could be the result of some electrical issue causing overheating. Thanks a lot","Burnt smell. Potential electrical problem? Hello, and thank you for your help. In the last few days, I’ve had two separate incidents with a sort of burnt plastic smell. The first time, I was using a hot plate to heat up food in the kitchen, when I noticed a burning smell. I assumed that the hot plate itself had burnt out as it was quite old, and I didn’t attribute it to any electrical issue. However, a few days later, when using the vacuum (on a different outlet), I noticed the same burnt smell. I know that vacuums can also have issues with burning out, but I felt that it was a bit of a coincidence that the two devices in the house drawing the most power both produced a burnt smell (that I haven’t encountered before) in such a short period of time. I don’t know anything about electricity, so I was wondering if these incidents could be the result of some electrical issue causing overheating. Thanks a lot",https://www.reddit.com/r/askanelectrician/comments/13qtpz8/burnt_smell_potential_electrical_problem/,1,4,https://www.reddit.com/r/askanelectrician/comments/13qtpz8/burnt_smell_potential_electrical_problem/,electrical issue,needs_review_urgent_signal,,manual_review_pending,,urgent_safety_risk,0.82,fire_smoke_or_sparks:\bburning smell\b; trade_system_issue:\boutlets?\b,"{""medium_risk_call_pro"": 2.0, ""urgent_safety_risk"": 3.5}",no,,,,,MR0237,urgent_safety_risk,4,Manthan,,
1ar4lwm,HomeImprovement,2024-02-15T02:12:16+00:00,Do I have a gas leak or a faulty gas leak detector?,"Our detector will read 1 or 2 LEL randomly. Then a couple times lately it’s gone up to 3 and at one point 7! Of course I had Covid and no sense of smell but my wife said she could smell a faint smell. Imo with a leak that high we’d smell it immediately. Anyway we called our utility company and they couldn’t detect anything. The furnace fired and the company said it was misfiring or not ignoring or something. It seemed odd to me because it seemed to work well. Anyway, I cleaned the flame sensor and thermocouple and haven’t had an issue in over a week. This evening our meter read 3 LEL so I immediately opened our utility closet and smelled nothing. I opened windows and ran fans, turned the furnace off, and ran to Home Depot to get a gas detection wand. When I got home the meter was at 2 LEL and the furnace was off. I ran the wand everywhere, over every single joint and in the furnace. Then I ran the furnace and got nothing. I ran it all around the water heater and got nothing. I plugged the alarm in our family room, nowhere near any gas lines and it’s reading 1-2 LEL. This leads me to believe the alarm is faulty. Are there any other tests you’d run for peace of mind? I imagine that even the smallest leak would leave our utility closet smelling like natural gas, no? Any advice would be great.","Do I have a gas leak or a faulty gas leak detector? Our detector will read 1 or 2 LEL randomly. Then a couple times lately it’s gone up to 3 and at one point 7! Of course I had Covid and no sense of smell but my wife said she could smell a faint smell. Imo with a leak that high we’d smell it immediately. Anyway we called our utility company and they couldn’t detect anything. The furnace fired and the company said it was misfiring or not ignoring or something. It seemed odd to me because it seemed to work well. Anyway, I cleaned the flame sensor and thermocouple and haven’t had an issue in over a week. This evening our meter read 3 LEL so I immediately opened our utility closet and smelled nothing. I opened windows and ran fans, turned the furnace off, and ran to Home Depot to get a gas detection wand. When I got home the meter was at 2 LEL and the furnace was off. I ran the wand everywhere, over every single joint and in the furnace. Then I ran the furnace and got nothing. I ran it all around the water heater and got nothing. I plugged the alarm in our family room, nowhere near any gas lines and it’s reading 1-2 LEL. This leads me to believe the alarm is faulty. Are there any other tests you’d run for peace of mind? I imagine that even the smallest leak would leave our utility closet smelling like natural gas, no? Any advice would be great.",https://www.reddit.com/r/HomeImprovement/comments/1ar4lwm/do_i_have_a_gas_leak_or_a_faulty_gas_leak_detector/,0,3,https://www.reddit.com/r/HomeImprovement/comments/1ar4lwm/do_i_have_a_gas_leak_or_a_faulty_gas_leak_detector/,gas smell,needs_review_urgent_signal,,manual_review_pending,,urgent_safety_risk,0.87,gas_or_carbon_monoxide:\bnatural gas\b; contained_water_damage:\bleak(?:s|ing|ed)?\b; trade_system_issue:\bwater heater\b,"{""medium_risk_call_pro"": 4.0, ""urgent_safety_risk"": 4.0}",yes,,,,,MR0239,needs_human_review,4,Manthan,,
1s06ols,Plumbing,2026-03-21T23:55:35+00:00,Hydraulic fuse for sump pump discharge?,"My sump pump discharge froze this winter. The underground path is about 100' of 1.5"" PVC, and definitely not pitched down the whole way to the storm drain. I installed this rubber T-fitting and a 10' extension to get me through the winter (1st picture). Now it is spring, so I removed the extension and put on a PVC plug with no glue (2nd picture). It seals fine. I even backed it off \~1/2"" to be a little looser (the left blue line is full on). Does not leak. In fact, I can hear suction in it, and feel it when I try to pull off the plug (it literally tries to suck it on tighter when the pump cycles). What I want this to be is a ""hydraulic fuse"". I'm hoping that next time the underground path freezes, the plug will blow out and my basement won't flood. Then when I walk by and notice it eventually, I'll put the 10' extension back on again. Can this work?","Hydraulic fuse for sump pump discharge? My sump pump discharge froze this winter. The underground path is about 100' of 1.5"" PVC, and definitely not pitched down the whole way to the storm drain. I installed this rubber T-fitting and a 10' extension to get me through the winter (1st picture). Now it is spring, so I removed the extension and put on a PVC plug with no glue (2nd picture). It seals fine. I even backed it off \~1/2"" to be a little looser (the left blue line is full on). Does not leak. In fact, I can hear suction in it, and feel it when I try to pull off the plug (it literally tries to suck it on tighter when the pump cycles). What I want this to be is a ""hydraulic fuse"". I'm hoping that next time the underground path freezes, the plug will blow out and my basement won't flood. Then when I walk by and notice it eventually, I'll put the 10' extension back on again. Can this work?",https://www.reddit.com/r/Plumbing/comments/1s06ols/hydraulic_fuse_for_sump_pump_discharge/,22,10,https://www.reddit.com/gallery/1s06ols,flooding,needs_review_urgent_signal,,manual_review_pending,,medium_risk_call_pro,0.80,contained_water_damage:\bleak(?:s|ing|ed)?\b,"{""medium_risk_call_pro"": 2.0}",no,,,,,MR0243,medium_risk_call_pro,4,Manthan,,
1sp2fq5,HomeImprovement,2026-04-18T16:36:50+00:00,Sewer gas smell in crawlspace (worse after washer/dishwasher) — leak vs vent issue?,"Trying to diagnose a persistent sewer gas smell in a 1-story house with a crawlspace. Key observations: * Smell is **not from fixtures** * It shows up around **pipe penetrations** and sometimes **crawlspace vents** * It gets **worse after the dishwasher or washing machine runs** * Camera inspection found a **belly / standing water** in the main line * No visible water leaks I am trying to figure out whether this pattern points more toward: * a **drain line leak / bad joint in the crawlspace**, or * a **venting issue** causing pressure problems Has anyone seen a similar pattern? Did a **smoke test** or other method pinpoint the source?","Sewer gas smell in crawlspace (worse after washer/dishwasher) — leak vs vent issue? Trying to diagnose a persistent sewer gas smell in a 1-story house with a crawlspace. Key observations: * Smell is **not from fixtures** * It shows up around **pipe penetrations** and sometimes **crawlspace vents** * It gets **worse after the dishwasher or washing machine runs** * Camera inspection found a **belly / standing water** in the main line * No visible water leaks I am trying to figure out whether this pattern points more toward: * a **drain line leak / bad joint in the crawlspace**, or * a **venting issue** causing pressure problems Has anyone seen a similar pattern? Did a **smoke test** or other method pinpoint the source?",https://www.reddit.com/r/HomeImprovement/comments/1sp2fq5/sewer_gas_smell_in_crawlspace_worse_after/,2,10,https://www.reddit.com/r/HomeImprovement/comments/1sp2fq5/sewer_gas_smell_in_crawlspace_worse_after/,gas smell,needs_review_urgent_signal,,manual_review_pending,,urgent_safety_risk,0.92,gas_or_carbon_monoxide:\bgas smell\b; fire_smoke_or_sparks:\bsmoke\b; contained_water_damage:\bleak(?:s|ing|ed)?\b; mold_or_foundation_concern:\bcrawlspace\b,"{""medium_risk_call_pro"": 4.0, ""urgent_safety_risk"": 7.5}",no,,,,,MR0244,urgent_safety_risk,4,Manthan,,
1smci8h,Plumbing,2026-04-15T17:18:05+00:00,Painter clogged kitchen drain cleaning their tools,I'm not sure what to do I've tried running hot water. I don't want to mess up my garbage disposal by turning it on or by pouring chemicals down the drain. Any suggestions? (I could definitely call them but the contractors have been a nightmare to deal with and I thought I was finally done getting them to fix all the other issues. Hoping to avoid dealing with them further if possible because I don't trust that they wont create a bigger issue) edit when I used a flashlight I saw some white rubber looking pieces inside. I'm trying to get as many out as I can. it looks to be strips of caulk perhaps. Photos: [https://postimg.cc/8jD0cKSV](https://postimg.cc/8jD0cKSV) [https://postimg.cc/KR5hNFHJ](https://postimg.cc/KR5hNFHJ) [https://postimg.cc/rddh37S6](https://postimg.cc/rddh37S6) [https://postimg.cc/755drC4Z](https://postimg.cc/755drC4Z),Painter clogged kitchen drain cleaning their tools I'm not sure what to do I've tried running hot water. I don't want to mess up my garbage disposal by turning it on or by pouring chemicals down the drain. Any suggestions? (I could definitely call them but the contractors have been a nightmare to deal with and I thought I was finally done getting them to fix all the other issues. Hoping to avoid dealing with them further if possible because I don't trust that they wont create a bigger issue) edit when I used a flashlight I saw some white rubber looking pieces inside. I'm trying to get as many out as I can. it looks to be strips of caulk perhaps. Photos: [https://postimg.cc/8jD0cKSV](https://postimg.cc/8jD0cKSV) [https://postimg.cc/KR5hNFHJ](https://postimg.cc/KR5hNFHJ) [https://postimg.cc/rddh37S6](https://postimg.cc/rddh37S6) [https://postimg.cc/755drC4Z](https://postimg.cc/755drC4Z),https://www.reddit.com/r/Plumbing/comments/1smci8h/painter_clogged_kitchen_drain_cleaning_their_tools/,61,121,https://i.redd.it/h4tq19sd0evg1.jpeg,caulk,needs_review_low_signal,,manual_review_pending,,low_risk_diy,0.82,cosmetic_or_minor_finish:\bcaulk(?:ing)?\b,"{""low_risk_diy"": 2.2}",no,,,,,MR0246,low_risk_diy,4,Manthan,,
1twzv8k,HomeMaintenance,2026-06-04T20:40:31+00:00,Removing overhead cabinets above fridge.,"We've been wanting to replace our fridge for a while, but the cabinets over the fridge area restrict us greatly for how big a fridge we can get (68""). We barely use the cabinets above. Anyone have experience taking these down? Is it a hard job? Looks somewhat possible based on the molding and screws.","Removing overhead cabinets above fridge. We've been wanting to replace our fridge for a while, but the cabinets over the fridge area restrict us greatly for how big a fridge we can get (68""). We barely use the cabinets above. Anyone have experience taking these down? Is it a hard job? Looks somewhat possible based on the molding and screws.",https://www.reddit.com/r/HomeMaintenance/comments/1twzv8k/removing_overhead_cabinets_above_fridge/,2,6,https://i.redd.it/0krpi02qub5h1.jpeg,mold,needs_review_unclear,,manual_review_pending,,,0.00,no_labeling_function_matched,{},yes,,,,,MR0248,needs_human_review,4,Manthan,,
13pbqu4,HomeImprovement,2023-05-23T02:47:30+00:00,"Need help, bad sulfar/ rotten egg smell in 2015 mobile home","Hey guys I'm no plumper what so ever and I just got back home and as soon as I walked in the door I got hit with a bad sulfar/ rotten egg smell and I don't have any natural gas hook ups or anything, I opened windows and vented the house and now it's back to normal I also ran water in all the sinks and tubs etc what could it possibly be? Thank you","Need help, bad sulfar/ rotten egg smell in 2015 mobile home Hey guys I'm no plumper what so ever and I just got back home and as soon as I walked in the door I got hit with a bad sulfar/ rotten egg smell and I don't have any natural gas hook ups or anything, I opened windows and vented the house and now it's back to normal I also ran water in all the sinks and tubs etc what could it possibly be? Thank you",https://www.reddit.com/r/HomeImprovement/comments/13pbqu4/need_help_bad_sulfar_rotten_egg_smell_in_2015/,0,3,https://www.reddit.com/r/HomeImprovement/comments/13pbqu4/need_help_bad_sulfar_rotten_egg_smell_in_2015/,gas smell,needs_review_urgent_signal,,manual_review_pending,,urgent_safety_risk,0.95,gas_or_carbon_monoxide:\bnatural gas\b,"{""urgent_safety_risk"": 4.0}",no,,,,,MR0249,urgent_safety_risk,4,Manthan,,
1tqejm7,HomeMaintenance,2026-05-28T19:57:44+00:00,Pollen adhered to thick porch & patio paint,"Last year moved into our home which clearly had a fresh coat of paint on our porch. It’s a heavy paint that almost feels sticky when baking in the sun, and becomes fragile (like it can be peeled off when lifting furniture off it if it’s been in the sun too long). We’ve tried to remove the pollen using a few tips found online (like using a strong brush, rinsing down with water, etc.) but nothing has worked. I’m hesitant to use a pressure washer on it given that we’ve seen the paint peel already. Any other ideas?","Pollen adhered to thick porch & patio paint Last year moved into our home which clearly had a fresh coat of paint on our porch. It’s a heavy paint that almost feels sticky when baking in the sun, and becomes fragile (like it can be peeled off when lifting furniture off it if it’s been in the sun too long). We’ve tried to remove the pollen using a few tips found online (like using a strong brush, rinsing down with water, etc.) but nothing has worked. I’m hesitant to use a pressure washer on it given that we’ve seen the paint peel already. Any other ideas?",https://www.reddit.com/r/HomeMaintenance/comments/1tqejm7/pollen_adhered_to_thick_porch_patio_paint/,1,4,https://i.redd.it/3ex4a5ipox3h1.jpeg,paint peeling,needs_review_low_signal,,manual_review_pending,,low_risk_diy,0.82,cosmetic_or_minor_finish:\bpaint(?:ing|ed)?\b,"{""low_risk_diy"": 2.2}",no,,,,,MR0253,low_risk_diy,4,Manthan,,
1swqkm7,Plumbing,2026-04-27T02:13:19+00:00,Moving Washer What to do with the Drain,"Looking for some advice, I want to stack our washer dryer and move it to the corner of the room, to do this it would require somehow creating a drain solution for the washer. The drain pipe and water outlets are running in front of the wall so I don’t have to cut any dry wall. Right now it empties into a utility sink but there is a 1.5 inch standing drain pipe that we were supposed to use but I preferred emptying into the sink because of the size of the drain pipe. I want to add a drain pipe 7 ft to the existing standing drain pipe or even just empty it directly into the sink still which I’m sure would be weird but I assume that would just be a pipe open on both sides which could also make it a 2 inch pipe so I don’t have to worry about about flooding. What is the best way to go about this and would I need extra venting for a 7 ft horizontal slope. Here’s a crappy picture I am imagining. https://imgur.com/a/Reks1R5","Moving Washer What to do with the Drain Looking for some advice, I want to stack our washer dryer and move it to the corner of the room, to do this it would require somehow creating a drain solution for the washer. The drain pipe and water outlets are running in front of the wall so I don’t have to cut any dry wall. Right now it empties into a utility sink but there is a 1.5 inch standing drain pipe that we were supposed to use but I preferred emptying into the sink because of the size of the drain pipe. I want to add a drain pipe 7 ft to the existing standing drain pipe or even just empty it directly into the sink still which I’m sure would be weird but I assume that would just be a pipe open on both sides which could also make it a 2 inch pipe so I don’t have to worry about about flooding. What is the best way to go about this and would I need extra venting for a 7 ft horizontal slope. Here’s a crappy picture I am imagining. https://imgur.com/a/Reks1R5",https://www.reddit.com/r/Plumbing/comments/1swqkm7/moving_washer_what_to_do_with_the_drain/,1,1,https://www.reddit.com/r/Plumbing/comments/1swqkm7/moving_washer_what_to_do_with_the_drain/,flooding,needs_review_urgent_signal,,manual_review_pending,,urgent_safety_risk,0.77,active_flooding_or_sewage:\bflooding\b; trade_system_issue:\boutlets?\b,"{""medium_risk_call_pro"": 2.0, ""urgent_safety_risk"": 3.0}",no,,,,,MR0256,urgent_safety_risk,4,Manthan,,
17v7mzv,MechanicAdvice,2023-11-14T17:41:52+00:00,How long can i drive my awd car with uneven tread?,"Just had a highway blowout, threw on my donut and had a tire swapout. I drive a 2002 audi, how long can i reasonably drive it before getting the 3 other tires replaced? Edit for clarification: not the donut, the new tire that was installed in its place with older 20k used tires.","How long can i drive my awd car with uneven tread? Just had a highway blowout, threw on my donut and had a tire swapout. I drive a 2002 audi, how long can i reasonably drive it before getting the 3 other tires replaced? Edit for clarification: not the donut, the new tire that was installed in its place with older 20k used tires.",https://www.reddit.com/r/MechanicAdvice/comments/17v7mzv/how_long_can_i_drive_my_awd_car_with_uneven_tread/,0,7,https://www.reddit.com/r/MechanicAdvice/comments/17v7mzv/how_long_can_i_drive_my_awd_car_with_uneven_tread/,tire blowout,needs_review_unclear,,manual_review_pending,,,0.00,no_labeling_function_matched,{},yes,,,,,MR0266,needs_human_review,4,Manthan,,
1pnlzy7,AskMechanics,2025-12-15T23:07:45+00:00,Am I getting ripped off?,"I have a 2014 Buick Encore that I got last year. Haven't drove it 10,000 miles yet and the check engine light went off. I took it down to the dealership I got it at and they quoted me this for the issues. They told me the engine oil cooler was leaking and that is the biggest charge. I am curious if you think this is over priced and if any of this is fixable by myself?","Am I getting ripped off? I have a 2014 Buick Encore that I got last year. Haven't drove it 10,000 miles yet and the check engine light went off. I took it down to the dealership I got it at and they quoted me this for the issues. They told me the engine oil cooler was leaking and that is the biggest charge. I am curious if you think this is over priced and if any of this is fixable by myself?",https://www.reddit.com/r/AskMechanics/comments/1pnlzy7/am_i_getting_ripped_off/,3,10,https://i.redd.it/py7wvti49g7g1.jpeg,wiper blades,needs_review_medium_signal,,manual_review_pending,,medium_risk_call_pro,0.95,contained_water_damage:\bleak(?:s|ing|ed)?\b; vehicle_mechanical_system_issue:\bcheck engine\b,"{""medium_risk_call_pro"": 4.0}",no,,,,,MR0270,medium_risk_call_pro,4,Manthan,,
1rsbbo0,hvacadvice,2026-03-13T02:35:28+00:00,Combination gas and CO detector or separate units? Where is the best placement for it?,"There's a gas stove in the kitchen, next door is the restroom where there's a large opening in the wall - there's the upstream gas pipe. That opening is closed with a door held with a tiny magnet, has gaps, opens all the time due to wind. This is all the gas and fuel burning appliances there are in this flat. There's no door in the kitchen, it' a small flat though, small corridor. Should I get a combination detector? Those are not battery powered. Should I tape it to the wall behind the stove? Directly above or a bit to the side to lessen the degree to which it's polluted with food vapors? Or is another place better? In addition to life hazard I'm concerned with indoor air pollution with gas since it's cancerous, not a huge deal, but good to avoid. I guess this type of devices aren't gonna detect above normal, but still not combustible gas leak/pollution. If you know a better subreddit for this, please share.","Combination gas and CO detector or separate units? Where is the best placement for it? There's a gas stove in the kitchen, next door is the restroom where there's a large opening in the wall - there's the upstream gas pipe. That opening is closed with a door held with a tiny magnet, has gaps, opens all the time due to wind. This is all the gas and fuel burning appliances there are in this flat. There's no door in the kitchen, it' a small flat though, small corridor. Should I get a combination detector? Those are not battery powered. Should I tape it to the wall behind the stove? Directly above or a bit to the side to lessen the degree to which it's polluted with food vapors? Or is another place better? In addition to life hazard I'm concerned with indoor air pollution with gas since it's cancerous, not a huge deal, but good to avoid. I guess this type of devices aren't gonna detect above normal, but still not combustible gas leak/pollution. If you know a better subreddit for this, please share.",https://www.reddit.com/r/hvacadvice/comments/1rsbbo0/combination_gas_and_co_detector_or_separate_units/,1,1,https://www.reddit.com/r/hvacadvice/comments/1rsbbo0/combination_gas_and_co_detector_or_separate_units/,fuel leak,needs_review_urgent_signal,,manual_review_pending,,urgent_safety_risk,0.92,gas_or_carbon_monoxide:\bco detector\b; contained_water_damage:\bleak(?:s|ing|ed)?\b,"{""medium_risk_call_pro"": 2.0, ""urgent_safety_risk"": 4.0}",no,,,,,MR0271,urgent_safety_risk,4,Manthan,,
1571ir6,homeowners,2023-07-23T01:36:25+00:00,Horrible crafstmanship (rant/vent),"We bought our house almost 2 years ago, its a modest 1600sqft single family home with a covered front porch. We loved this, because we could sit and watch the kids play in the front yard. The porch is concrete with cinder block steps, and the roof is part of the homes structure. We could turn it into a sunroom if we wanted. The concrete has been painted about 6 times, which is nice to know and imagine what the house used to look like. It was deep red (think barnhouse red), then a nice shade of like pine green, followed by some textured tan. All fine and dandy, but for the longest time we thought the top coat was enamel. Smooth enamel. When it rains, the steps and porch got dangerously slippery. This past week, I decided ""I'm gonna repaint the porch"". Borrowed a random orbital sander thinking I'll just scuff up the enamel to allow the new paint to bond better, no big deal. I felt like the enamel was laughing at me, despite using an aggressive 80 grit. Borrowed a 120v angle grinder and bought a braided wire wheel and wire cup. That got it started until it stopped being as effective. When I looked, it was gunked up with that looked like rubber. Sure enough, between the tan and the enamel was a coat of what I believe to be latex paint. Folks, I'm a tradesman (a mechanic), and I take pride in what I do. I take pride in being a jack of all trades. I take pride in the knowledge and skills I've acquired to be able to do things and they come out looking like a professional did the job, even though it took me 3 times as long. It really grates on me when I see an absolutely terrible job, especially when we live in the age of information technology. I know knew that the porch was gonna be hell if I had to take it back down to bare concrete, thats why I chose an aggressive non chemical solution thinking it would be ok. I spent all day scraping as much paint as I could with a putty knife and a map gas torch cursing the ""handyman"" who slapped all those paints together when it was a rental unit before we bought it, and it wasn't until my back and my knees were screaming that it clicked that paint thinner is a thing, and I should buy some. I guess all this is to say that sometimes you need someone else to be an ideaboard to bounce ideas off of, and that if something is worth doing, its worth doing right the first time. As an added bonus: my wife decided she wanted to scrape the steps to have a ""waterfall effect"" and she accidentally knocked the mortar for one of the bricks loose, which then caused the whole brick to be an individual brick rather than part of the whole. Now I get to learn bricklayer before I can paint, probably because someone else's poor crafstmanship. At least our flowers and children are flourishing.","Horrible crafstmanship (rant/vent) We bought our house almost 2 years ago, its a modest 1600sqft single family home with a covered front porch. We loved this, because we could sit and watch the kids play in the front yard. The porch is concrete with cinder block steps, and the roof is part of the homes structure. We could turn it into a sunroom if we wanted. The concrete has been painted about 6 times, which is nice to know and imagine what the house used to look like. It was deep red (think barnhouse red), then a nice shade of like pine green, followed by some textured tan. All fine and dandy, but for the longest time we thought the top coat was enamel. Smooth enamel. When it rains, the steps and porch got dangerously slippery. This past week, I decided ""I'm gonna repaint the porch"". Borrowed a random orbital sander thinking I'll just scuff up the enamel to allow the new paint to bond better, no big deal. I felt like the enamel was laughing at me, despite using an aggressive 80 grit. Borrowed a 120v angle grinder and bought a braided wire wheel and wire cup. That got it started until it stopped being as effective. When I looked, it was gunked up with that looked like rubber. Sure enough, between the tan and the enamel was a coat of what I believe to be latex paint. Folks, I'm a tradesman (a mechanic), and I take pride in what I do. I take pride in being a jack of all trades. I take pride in the knowledge and skills I've acquired to be able to do things and they come out looking like a professional did the job, even though it took me 3 times as long. It really grates on me when I see an absolutely terrible job, especially when we live in the age of information technology. I know knew that the porch was gonna be hell if I had to take it back down to bare concrete, thats why I chose an aggressive non chemical solution thinking it would be ok. I spent all day scraping as much paint as I could with a putty knife and a map gas torch cursing the ""handyman"" who slapped all those paints together when it was a rental unit before we bought it, and it wasn't until my back and my knees were screaming that it clicked that paint thinner is a thing, and I should buy some. I guess all this is to say that sometimes you need someone else to be an ideaboard to bounce ideas off of, and that if something is worth doing, its worth doing right the first time. As an added bonus: my wife decided she wanted to scrape the steps to have a ""waterfall effect"" and she accidentally knocked the mortar for one of the bricks loose, which then caused the whole brick to be an individual brick rather than part of the whole. Now I get to learn bricklayer before I can paint, probably because someone else's poor crafstmanship. At least our flowers and children are flourishing.",https://www.reddit.com/r/homeowners/comments/1571ir6/horrible_crafstmanship_rantvent/,5,7,https://www.reddit.com/r/homeowners/comments/1571ir6/horrible_crafstmanship_rantvent/,wheel loose,needs_review_medium_signal,,manual_review_pending,,low_risk_diy,0.82,cosmetic_or_minor_finish:\bpaint(?:ing|ed)?\b,"{""low_risk_diy"": 2.2}",no,,,,,MR0275,low_risk_diy,4,Manthan,,
1quwflq,AskMechanics,2026-02-03T16:24:05+00:00,Fair price for Struts + Suspension Repair,"Hello, I attached the picture of my vehicle inspection report. I'm currently in the process of getting price quotes from autoshops near me and want a 2nd opinion from you all. What would be a fair price for these repairs? Overview of notes: Steering & Suspension Tie rod inner and outer are bent, lower control are is bent bout to snap Shocks & Struts The passanger strut and bent","Fair price for Struts + Suspension Repair Hello, I attached the picture of my vehicle inspection report. I'm currently in the process of getting price quotes from autoshops near me and want a 2nd opinion from you all. What would be a fair price for these repairs? Overview of notes: Steering & Suspension Tie rod inner and outer are bent, lower control are is bent bout to snap Shocks & Struts The passanger strut and bent",https://www.reddit.com/r/AskMechanics/comments/1quwflq/fair_price_for_struts_suspension_repair/,2,3,https://i.redd.it/7e014xjo2bhg1.jpeg,wiper blades,needs_review_unclear,,manual_review_pending,,medium_risk_call_pro,0.80,vehicle_mechanical_system_issue:\bsuspension\b,"{""medium_risk_call_pro"": 2.0}",no,,,,,MR0283,medium_risk_call_pro,4,Manthan,,
1rhn4pg,HomeImprovement,2026-03-01T03:54:13+00:00,Home Depot closet door quote - is it too expensive?,"Howdy folks, Let me preface by saying I am DIY-illiterate. I went to my local home depot and the staff seemed very nice so I signed up for their $40 package to measure all my closet doors, with the $40 going back to the final cost. They wouldn't provide anything in writing. After the measuring was done, I went back into the store, and the gentleman said the following: \- $200 for s standard size single hollow door \- $200-$350 to paint it (they are still reaching out to the companies) \- $200-$400 to install it from their vetted installer. (they need to call the installer next week). Am I being ripped off here? I need to do 5 doors and this will set me back an arm and a leg. Should i just do 1 door so I don't lose the $40, or forget about the $40 and pay other companies for a quote? Thank you. **EDIT:** I'm just a computer programmer who lived in an apartment his entire life where repairs and maintenance were included in the price. But I'm learning slowly to do things now after home ownership and sky rocketing home related costs. Furniture assembly, car oil and filter change, cable management, and light bulb change is as much DIY as I can do for now. But I'm happy to keep learning. I'll consider buying a pre-painted door or just a primed door from elsewhere, or try to convince the spouse to just self-paint. I may have to just absorb the $40 cost for measuring. (I should have done that myself). Many of the doors in this house were missing when we bought it, so I'm trying to fix what the previous owner couldn't or wouldn't do.","Home Depot closet door quote - is it too expensive? Howdy folks, Let me preface by saying I am DIY-illiterate. I went to my local home depot and the staff seemed very nice so I signed up for their $40 package to measure all my closet doors, with the $40 going back to the final cost. They wouldn't provide anything in writing. After the measuring was done, I went back into the store, and the gentleman said the following: \- $200 for s standard size single hollow door \- $200-$350 to paint it (they are still reaching out to the companies) \- $200-$400 to install it from their vetted installer. (they need to call the installer next week). Am I being ripped off here? I need to do 5 doors and this will set me back an arm and a leg. Should i just do 1 door so I don't lose the $40, or forget about the $40 and pay other companies for a quote? Thank you. **EDIT:** I'm just a computer programmer who lived in an apartment his entire life where repairs and maintenance were included in the price. But I'm learning slowly to do things now after home ownership and sky rocketing home related costs. Furniture assembly, car oil and filter change, cable management, and light bulb change is as much DIY as I can do for now. But I'm happy to keep learning. I'll consider buying a pre-painted door or just a primed door from elsewhere, or try to convince the spouse to just self-paint. I may have to just absorb the $40 cost for measuring. (I should have done that myself). Many of the doors in this house were missing when we bought it, so I'm trying to fix what the previous owner couldn't or wouldn't do.",https://www.reddit.com/r/HomeImprovement/comments/1rhn4pg/home_depot_closet_door_quote_is_it_too_expensive/,1,57,https://www.reddit.com/r/HomeImprovement/comments/1rhn4pg/home_depot_closet_door_quote_is_it_too_expensive/,oil change,needs_review_low_signal,,manual_review_pending,,low_risk_diy,0.82,cosmetic_or_minor_finish:\bpaint(?:ing|ed)?\b,"{""low_risk_diy"": 2.2}",no,,,,,MR0286,low_risk_diy,4,Manthan,,
1nvaj7w,DIY,2025-10-01T14:59:16+00:00,Molding / Trim on Door Falling Off,"Recently repainted our front door which is old (not sure of exact age but house was built in the 30s, not sure if it's the original door). The inner trim/molding surrounding the glass panel is coming loose - possibly from expansion/contraction we are guessing. What adhesive or glue can be used to repair it? or does the door just need to be replaced? Thank you in advance!","Molding / Trim on Door Falling Off Recently repainted our front door which is old (not sure of exact age but house was built in the 30s, not sure if it's the original door). The inner trim/molding surrounding the glass panel is coming loose - possibly from expansion/contraction we are guessing. What adhesive or glue can be used to repair it? or does the door just need to be replaced? Thank you in advance!",https://www.reddit.com/r/DIY/comments/1nvaj7w/molding_trim_on_door_falling_off/,11,0,https://www.reddit.com/gallery/1nvaj7w,loose trim,needs_review_low_signal,,manual_review_pending,,low_risk_diy,0.82,cosmetic_or_minor_finish:\btrim\b,"{""low_risk_diy"": 2.2}",no,,,,,MR0288,low_risk_diy,4,Manthan,,
13q5rpl,HomeImprovement,2023-05-24T00:24:49+00:00,Gas smell coming from washer/dryer but only after a shower during warmer months?,"I’m not sure really how to explain this, but off and on I get a gas smell coming from a closet I have a stackable washer/dryer unit in. It mostly happens after I run the shower but only during the months I seem to run the AC. Lots of weird variables I know. I had the gas company come out and they didn’t find a leak. Any ideas? It very clearly smells like gas.","Gas smell coming from washer/dryer but only after a shower during warmer months? I’m not sure really how to explain this, but off and on I get a gas smell coming from a closet I have a stackable washer/dryer unit in. It mostly happens after I run the shower but only during the months I seem to run the AC. Lots of weird variables I know. I had the gas company come out and they didn’t find a leak. Any ideas? It very clearly smells like gas.",https://www.reddit.com/r/HomeImprovement/comments/13q5rpl/gas_smell_coming_from_washerdryer_but_only_after/,9,15,https://www.reddit.com/r/HomeImprovement/comments/13q5rpl/gas_smell_coming_from_washerdryer_but_only_after/,gas smell,needs_review_urgent_signal,,manual_review_pending,,urgent_safety_risk,0.92,gas_or_carbon_monoxide:\bgas smell\b; contained_water_damage:\bleak(?:s|ing|ed)?\b,"{""medium_risk_call_pro"": 2.0, ""urgent_safety_risk"": 4.0}",no,,,,,MR0289,urgent_safety_risk,4,Manthan,,
4sr2i4,DIY,2016-07-14T02:57:48+00:00,Trying to figure out this switch box,"Hey everyone- I've spent the last couple hours trying to install a smart switch in my new-construction home (finished last month in Chicago) and I'm a bit confused. Pictures [here](http://imgur.com/a/KABZt), going to focus on the top picture. The yellows/purple are loads and travelers. The dark grey seems to be line and carries current, though for some reason it both enters and leaves the box and, if cut, all switches fail to work. It's the unconnected reds and whites that really confuse me. When I turn off the circuit breaker for ""basement lights"", the grey line loses power but the red remains hot. I tried hooking up the smart switch grabbing a random white for neutral from that twistie, but the switch doesn't work. I'm kinda thinking that those twisted whites either are not neutral or that they're not all the same and one of the other white ones is the actual neutral. Hopefully someone recognizes this setup and knows how I should be wiring the smart switch (use red instead of grey for line? use a different white as neutral? Thanks for any help! **Optional additional info (may confuse more than help):** The reason I'm thinking maybe the whites aren't all the same is that is that there's a similar switch box on the other side of the basement which has a combo switch and outlet and the outlet uses the red/white while the switch uses dark grey and yellow. Again, the switch doesn't work there and I'm not sure if it's because I'm using the wrong white line (some are labeled south-wire, some north-wire) as neutral. Also on that side the whites seem to spark when I mess with them though my indicator says there's no current. And when I mess with them I can hear a small beep from elsewhere in the basement, maybe near the circuit breaker... there's a couple things plugged in under the circuit breaker that run straight into the wall. When my wife asked the builder what those do, he said ""don't worry about it, it won't come up"".","Trying to figure out this switch box Hey everyone- I've spent the last couple hours trying to install a smart switch in my new-construction home (finished last month in Chicago) and I'm a bit confused. Pictures [here](http://imgur.com/a/KABZt), going to focus on the top picture. The yellows/purple are loads and travelers. The dark grey seems to be line and carries current, though for some reason it both enters and leaves the box and, if cut, all switches fail to work. It's the unconnected reds and whites that really confuse me. When I turn off the circuit breaker for ""basement lights"", the grey line loses power but the red remains hot. I tried hooking up the smart switch grabbing a random white for neutral from that twistie, but the switch doesn't work. I'm kinda thinking that those twisted whites either are not neutral or that they're not all the same and one of the other white ones is the actual neutral. Hopefully someone recognizes this setup and knows how I should be wiring the smart switch (use red instead of grey for line? use a different white as neutral? Thanks for any help! **Optional additional info (may confuse more than help):** The reason I'm thinking maybe the whites aren't all the same is that is that there's a similar switch box on the other side of the basement which has a combo switch and outlet and the outlet uses the red/white while the switch uses dark grey and yellow. Again, the switch doesn't work there and I'm not sure if it's because I'm using the wrong white line (some are labeled south-wire, some north-wire) as neutral. Also on that side the whites seem to spark when I mess with them though my indicator says there's no current. And when I mess with them I can hear a small beep from elsewhere in the basement, maybe near the circuit breaker... there's a couple things plugged in under the circuit breaker that run straight into the wall. When my wife asked the builder what those do, he said ""don't worry about it, it won't come up"".",https://www.reddit.com/r/DIY/comments/4sr2i4/trying_to_figure_out_this_switch_box/,4,17,https://www.reddit.com/r/DIY/comments/4sr2i4/trying_to_figure_out_this_switch_box/,sparking outlet,needs_review_urgent_signal,,manual_review_pending,,urgent_safety_risk,0.82,fire_smoke_or_sparks:\bspark(?:s|ing|ed)?\b(?!\s+plugs?\b); trade_system_issue:\bbreaker\b,"{""medium_risk_call_pro"": 2.0, ""urgent_safety_risk"": 3.5}",no,,,,,MR0296,urgent_safety_risk,4,Manthan,,
1tpgjyx,AskMechanics,2026-05-27T19:50:25+00:00,(2012 Toyota Corolla 139k miles automatic transmission) Was told my Torque converter clutch is at the beginning stages of failure and I'll need a complete transmission rebuild? How long could I typically drive on this before the transmission goes out?,,(2012 Toyota Corolla 139k miles automatic transmission) Was told my Torque converter clutch is at the beginning stages of failure and I'll need a complete transmission rebuild? How long could I typically drive on this before the transmission goes out?,https://www.reddit.com/r/AskMechanics/comments/1tpgjyx/2012_toyota_corolla_139k_miles_automatic/,1,5,https://i.redd.it/r13s5fc3iq3h1.png,transmission slipping,needs_review_unclear,,manual_review_pending,,medium_risk_call_pro,0.80,vehicle_mechanical_system_issue:\btransmission\b,"{""medium_risk_call_pro"": 2.0}",no,,,,,MR0297,medium_risk_call_pro,4,Manthan,,
1otl7je,HomeMaintenance,2025-11-10T18:11:02+00:00,Exterior paint advice needed,"I have paint peeling on the window frame of this exterior window. Do I need to strip all the paint on the whole frame or could I just remove the peeling portions, sand and paint?","Exterior paint advice needed I have paint peeling on the window frame of this exterior window. Do I need to strip all the paint on the whole frame or could I just remove the peeling portions, sand and paint?",https://www.reddit.com/r/HomeMaintenance/comments/1otl7je/exterior_paint_advice_needed/,1,1,https://i.redd.it/9kjmyk6a0h0g1.jpeg,paint peeling,needs_review_low_signal,,manual_review_pending,,low_risk_diy,0.82,cosmetic_or_minor_finish:\bpaint(?:ing|ed)?\b,"{""low_risk_diy"": 2.2}",no,,,,,MR0298,low_risk_diy,4,Manthan,,
1tpezpz,HomeImprovement,2026-05-27T18:55:31+00:00,cracked tile under toilet?,"i'm sorry if this post doesn't fit this sub i was vacuuming when i noticed small cracks in the tile at the base of the toilet. i do not think they were here previously. they were brown and they lead into a dark/wet spot in the grout. i wiped them down to see what they were and that's when i found out they were cracks the only thing that has changed lately was that we had a family member over for a week who would flush with the other button (we have a weird dual flush toilet) when we don't usually do that. also, he is a bit on the heavier side, and has some trouble moving because he is old, so it's possible he could've landed with a mild amount of force which could crack the tile, but i feel like that's unlikely. is this a cause for concern? is the toilet leaking? is this easy to fix at home? we've had a lot of plumbing issues in the past and we just want some peace images: [https://imgur.com/a/ILvguTd](https://imgur.com/a/ILvguTd) thank you to anyone who can provide any information.","cracked tile under toilet? i'm sorry if this post doesn't fit this sub i was vacuuming when i noticed small cracks in the tile at the base of the toilet. i do not think they were here previously. they were brown and they lead into a dark/wet spot in the grout. i wiped them down to see what they were and that's when i found out they were cracks the only thing that has changed lately was that we had a family member over for a week who would flush with the other button (we have a weird dual flush toilet) when we don't usually do that. also, he is a bit on the heavier side, and has some trouble moving because he is old, so it's possible he could've landed with a mild amount of force which could crack the tile, but i feel like that's unlikely. is this a cause for concern? is the toilet leaking? is this easy to fix at home? we've had a lot of plumbing issues in the past and we just want some peace images: [https://imgur.com/a/ILvguTd](https://imgur.com/a/ILvguTd) thank you to anyone who can provide any information.",https://www.reddit.com/r/HomeImprovement/comments/1tpezpz/cracked_tile_under_toilet/,1,3,https://www.reddit.com/r/HomeImprovement/comments/1tpezpz/cracked_tile_under_toilet/,leak,needs_review_medium_signal,,manual_review_pending,,medium_risk_call_pro,0.87,contained_water_damage:\bleak(?:s|ing|ed)?\b; trade_system_issue:\bplumbing\b; cosmetic_or_minor_finish:\bgrout\b,"{""low_risk_diy"": 2.2, ""medium_risk_call_pro"": 4.0}",no,,,,,MR0305,medium_risk_call_pro,4,Manthan,,
1qzu8m2,DIY,2026-02-09T04:11:57+00:00,Caulk recommendations,"I'm looking to do some caulking for certain area of my bathroom tile floor that's showing some cracks as well the area between the kitchen counter and the backsplash. Can anyone recommend me a good caulk that would work for this? The color is sand and has a texture to it as opposed to the white smooth that is common. Also looking for recommendations for water sealant/caulk to put around my faucet and trim pieces to avoid leaks. If anyone can send me link to something at home Depot or Lowe's that would work, lmk","Caulk recommendations I'm looking to do some caulking for certain area of my bathroom tile floor that's showing some cracks as well the area between the kitchen counter and the backsplash. Can anyone recommend me a good caulk that would work for this? The color is sand and has a texture to it as opposed to the white smooth that is common. Also looking for recommendations for water sealant/caulk to put around my faucet and trim pieces to avoid leaks. If anyone can send me link to something at home Depot or Lowe's that would work, lmk",https://www.reddit.com/r/DIY/comments/1qzu8m2/caulk_recommendations/,4,5,https://www.reddit.com/r/DIY/comments/1qzu8m2/caulk_recommendations/,water leak,needs_review_medium_signal,,manual_review_pending,,medium_risk_call_pro,0.67,contained_water_damage:\bleak(?:s|ing|ed)?\b; cosmetic_or_minor_finish:\btrim\b,"{""low_risk_diy"": 2.2, ""medium_risk_call_pro"": 2.0}",yes,,,,,MR0312,needs_human_review,4,Manthan,,
1s1nsci,Plumbing,2026-03-23T17:40:21+00:00,Is this a quick fix?,I noticed the tub spout is bending down a little. It doesn’t seem loose but there’s a small gap. Would I be good to just put some plumber putty or caulk or whatever around it and call it a day?,Is this a quick fix? I noticed the tub spout is bending down a little. It doesn’t seem loose but there’s a small gap. Would I be good to just put some plumber putty or caulk or whatever around it and call it a day?,https://www.reddit.com/r/Plumbing/comments/1s1nsci/is_this_a_quick_fix/,1,2,https://i.redd.it/qlym1t710uqg1.jpeg,caulk,needs_review_low_signal,,manual_review_pending,,low_risk_diy,0.82,cosmetic_or_minor_finish:\bcaulk(?:ing)?\b,"{""low_risk_diy"": 2.2}",no,,,,,MR0314,low_risk_diy,4,Manthan,,
1td0fym,HomeMaintenance,2026-05-14T14:48:11+00:00,Question about weep holes on new-build home,"Located in NW Florida. Main question up front: Do weep holes/flashing still work as intended if the flashing has 4-5 inches on mortar dried on top of it? Context: Bought a new-build home in 2025 and have been having some water damage/mold and humidity problems in the home. The home has a full-brick veneer with an air gap. We noticed a significant majority of the weep holes are completely plugged with mortar. Trying to understand the extent of the issue, we went looking at some of the homes currently being built in the development and took the pictures above. The wall we looked at was only about half built, but the issue was obvious. In the annotated picture, the layer of bricks that are outlined in red are the layer containing the weep holes. From what we could see, it looks like there is a solid 4 to 5 inches of mortar that is pooled on the flashing (highlighted with dashed cyan line) behind the weep holes. We have no reason to think they built our home any differently, so it seems most of our weep holes are blocked because a large amount of mortar pooled on the flashing while the bricks were laid and, while still wet, flowed into the weep holes before drying in place. We brought up the issue to our builder to get the problem fixed. They want to try to drill/chisel out all the weep holes. Since that will still leave a significant amount of mortar on the flashing, we are wondering: Even if they're drilled out, will the weep holes and flashing still do their job if covered in mortar like that? We are concerned that trying to drill or chisel out the holes will result in drilling through the flashing and destroying it, allowing water to pool on the ground inside our walls and start to cause water and mold damage. Thank you so much for help!","Question about weep holes on new-build home Located in NW Florida. Main question up front: Do weep holes/flashing still work as intended if the flashing has 4-5 inches on mortar dried on top of it? Context: Bought a new-build home in 2025 and have been having some water damage/mold and humidity problems in the home. The home has a full-brick veneer with an air gap. We noticed a significant majority of the weep holes are completely plugged with mortar. Trying to understand the extent of the issue, we went looking at some of the homes currently being built in the development and took the pictures above. The wall we looked at was only about half built, but the issue was obvious. In the annotated picture, the layer of bricks that are outlined in red are the layer containing the weep holes. From what we could see, it looks like there is a solid 4 to 5 inches of mortar that is pooled on the flashing (highlighted with dashed cyan line) behind the weep holes. We have no reason to think they built our home any differently, so it seems most of our weep holes are blocked because a large amount of mortar pooled on the flashing while the bricks were laid and, while still wet, flowed into the weep holes before drying in place. We brought up the issue to our builder to get the problem fixed. They want to try to drill/chisel out all the weep holes. Since that will still leave a significant amount of mortar on the flashing, we are wondering: Even if they're drilled out, will the weep holes and flashing still do their job if covered in mortar like that? We are concerned that trying to drill or chisel out the holes will result in drilling through the flashing and destroying it, allowing water to pool on the ground inside our walls and start to cause water and mold damage. Thank you so much for help!",https://www.reddit.com/r/HomeMaintenance/comments/1td0fym/question_about_weep_holes_on_newbuild_home/,2,9,https://www.reddit.com/gallery/1td0fym,mold,needs_review_medium_signal,,manual_review_pending,,medium_risk_call_pro,0.95,contained_water_damage:\bwater damage(?:d)?\b; mold_or_foundation_concern:\bmold\b,"{""medium_risk_call_pro"": 4.0}",no,,,,,MR0317,medium_risk_call_pro,4,Manthan,,
1pa1j5m,HomeMaintenance,2025-11-29T22:20:55+00:00,Why could our ceiling paint be doing this??,"We bought a home 5 months ago that was freshly remodeled. All new paint (walls/ceilings) throughout, new windows, doors, floors, etc. The wall that the laundry room and garage share randomly started doing this at the ceiling around September when nighttime temperatures started settling into the 40s or so. It is only along this wall on both sides (in laundry room and in garage). No water damage seems present (we’ve been in a severe drought) and an empty attic is above the garage. The door leading from the house into the garage opens and closes well and latches. The garage is completely drywalled, textured and painted. Additionally, we need to get this fixed up. Any advice on that? My thought would be to peel as much of this paint back and then sand it before re-painting the whole ceiling with a higher quality paint? The seller painted with Glidden Wonder Pro. Thank you!","Why could our ceiling paint be doing this?? We bought a home 5 months ago that was freshly remodeled. All new paint (walls/ceilings) throughout, new windows, doors, floors, etc. The wall that the laundry room and garage share randomly started doing this at the ceiling around September when nighttime temperatures started settling into the 40s or so. It is only along this wall on both sides (in laundry room and in garage). No water damage seems present (we’ve been in a severe drought) and an empty attic is above the garage. The door leading from the house into the garage opens and closes well and latches. The garage is completely drywalled, textured and painted. Additionally, we need to get this fixed up. Any advice on that? My thought would be to peel as much of this paint back and then sand it before re-painting the whole ceiling with a higher quality paint? The seller painted with Glidden Wonder Pro. Thank you!",https://www.reddit.com/r/HomeMaintenance/comments/1pa1j5m/why_could_our_ceiling_paint_be_doing_this/,2,26,https://www.reddit.com/gallery/1pa1j5m,paint peeling,needs_review_medium_signal,,manual_review_pending,,medium_risk_call_pro,0.67,contained_water_damage:\bwater damage(?:d)?\b; cosmetic_or_minor_finish:\bpaint(?:ing|ed)?\b,"{""low_risk_diy"": 2.2, ""medium_risk_call_pro"": 2.0}",yes,,,,,MR0318,needs_human_review,4,Manthan,,
1kw2x6f,hvacadvice,2025-05-26T19:16:54+00:00,Quotes--single stage vs variable,"Had a few techs come out today to give quotes, wanted y'all's thoughts. They quoted both a single stage and variable stage Lennox, both attached here. Any big benefit to getting the variable over the single stage that I'm missing? Appreciate the help","Quotes--single stage vs variable Had a few techs come out today to give quotes, wanted y'all's thoughts. They quoted both a single stage and variable stage Lennox, both attached here. Any big benefit to getting the variable over the single stage that I'm missing? Appreciate the help",https://www.reddit.com/r/hvacadvice/comments/1kw2x6f/quotessingle_stage_vs_variable/,1,1,https://www.reddit.com/gallery/1kw2x6f,suspension,needs_review_unclear,,manual_review_pending,,,0.00,no_labeling_function_matched,{},yes,,,,,MR0321,needs_human_review,4,Manthan,,
1m3xx4x,HomeMaintenance,2025-07-19T14:43:06+00:00,Wasps in the house,"https://preview.redd.it/6nuludyleudf1.jpg?width=2048&format=pjpg&auto=webp&s=0516c14f4b6b167c5beb1029f1af48cc41ce63c6 So, we just found this on the outside of our house. Inside, really, in the walls. What would be the plan of action with this? My husband is out there, getting new wood cut to re-cover the strip of wood he yanked off. Is this something that we should call pest control for? Would it be fine to get wasp killer and spray it before slapping the new trim up? My mind is a bit scrambled from seeing this, I have a HUGE fear of bees/wasps, and I'm loosing my shit right now. Anyone have any helpful advice? Because I am ready to just burn the house down....","Wasps in the house https://preview.redd.it/6nuludyleudf1.jpg?width=2048&format=pjpg&auto=webp&s=0516c14f4b6b167c5beb1029f1af48cc41ce63c6 So, we just found this on the outside of our house. Inside, really, in the walls. What would be the plan of action with this? My husband is out there, getting new wood cut to re-cover the strip of wood he yanked off. Is this something that we should call pest control for? Would it be fine to get wasp killer and spray it before slapping the new trim up? My mind is a bit scrambled from seeing this, I have a HUGE fear of bees/wasps, and I'm loosing my shit right now. Anyone have any helpful advice? Because I am ready to just burn the house down....",https://www.reddit.com/r/HomeMaintenance/comments/1m3xx4x/wasps_in_the_house/,1,2,https://www.reddit.com/r/HomeMaintenance/comments/1m3xx4x/wasps_in_the_house/,loose trim,needs_review_low_signal,,manual_review_pending,,low_risk_diy,0.82,cosmetic_or_minor_finish:\btrim\b,"{""low_risk_diy"": 2.2}",no,,,,,MR0324,low_risk_diy,4,Manthan,,
1slqt3y,DIY,2026-04-15T00:39:01+00:00,Moss growing on roof,"Today my wife and I were surprised by water dripping from the top window sill in our living room. There are no obvious sources or leak on the roof (it is raining today) but there is a lot of moss starting to grow on the roof. What is the best way to remove it permanently? I see a lot of liquid moss killers on Amazon, but no idea which one works, if any. Any advice on this issue?","Moss growing on roof Today my wife and I were surprised by water dripping from the top window sill in our living room. There are no obvious sources or leak on the roof (it is raining today) but there is a lot of moss starting to grow on the roof. What is the best way to remove it permanently? I see a lot of liquid moss killers on Amazon, but no idea which one works, if any. Any advice on this issue?",https://www.reddit.com/r/DIY/comments/1slqt3y/moss_growing_on_roof/,1,9,https://www.reddit.com/r/DIY/comments/1slqt3y/moss_growing_on_roof/,water leak,needs_review_medium_signal,,manual_review_pending,,medium_risk_call_pro,0.80,contained_water_damage:\bleak(?:s|ing|ed)?\b,"{""medium_risk_call_pro"": 2.0}",no,,,,,MR0327,medium_risk_call_pro,4,Manthan,,
1qpwuqh,AskMechanics,2026-01-29T03:06:16+00:00,How to remove rain x quantum wiper blades off my car.,Can’t seem to get these off my car and there’s no videos showing how can someone help me?,How to remove rain x quantum wiper blades off my car. Can’t seem to get these off my car and there’s no videos showing how can someone help me?,https://www.reddit.com/r/AskMechanics/comments/1qpwuqh/how_to_remove_rain_x_quantum_wiper_blades_off_my/,0,5,https://www.reddit.com/gallery/1qpwuqh,wiper blades,needs_review_unclear,,manual_review_pending,,,0.00,no_labeling_function_matched,{},yes,,,,,MR0329,needs_human_review,4,Manthan,,
vh4665,HomeImprovement,2022-06-21T03:57:53+00:00,Is it possible to convert a ceiling fan light kit to a standalone flush mount ceiling light?,"We are having electrical work done in our new house and are replacing our ceiling fans with regular flush mounts because we have parrots I am looking for a light fixture that has downward pointing E26 bulbs that don't require removing some bowl or shade to change the bulb. The ones I can find have [clear glass shades](https://www.amazon.com/MOTINI-3-Light-Oil-Rubbed-Lighting-Entryway/dp/B09K3WC863/) or directional and adjustable lights. But, I would like [this one](https://www.amazon.com/Westinghouse-Lighting-6668600-Three-Light-Flush-Mount/dp/B000U5R1KW) but with a mount that has different finish options Is it possible to convert a regular [ceiling light kit](https://www.homedepot.com/p/Hampton-Bay-Gazelle-4-Light-LED-Matte-White-Universal-Ceiling-Fan-Light-Kit-91303/301909812) directly on my ceiling??","Is it possible to convert a ceiling fan light kit to a standalone flush mount ceiling light? We are having electrical work done in our new house and are replacing our ceiling fans with regular flush mounts because we have parrots I am looking for a light fixture that has downward pointing E26 bulbs that don't require removing some bowl or shade to change the bulb. The ones I can find have [clear glass shades](https://www.amazon.com/MOTINI-3-Light-Oil-Rubbed-Lighting-Entryway/dp/B09K3WC863/) or directional and adjustable lights. But, I would like [this one](https://www.amazon.com/Westinghouse-Lighting-6668600-Three-Light-Flush-Mount/dp/B000U5R1KW) but with a mount that has different finish options Is it possible to convert a regular [ceiling light kit](https://www.homedepot.com/p/Hampton-Bay-Gazelle-4-Light-LED-Matte-White-Universal-Ceiling-Fan-Light-Kit-91303/301909812) directly on my ceiling??",https://www.reddit.com/r/HomeImprovement/comments/vh4665/is_it_possible_to_convert_a_ceiling_fan_light_kit/,2,7,https://www.reddit.com/r/HomeImprovement/comments/vh4665/is_it_possible_to_convert_a_ceiling_fan_light_kit/,oil change,needs_review_unclear,,manual_review_pending,,,0.00,no_labeling_function_matched,{},yes,,,,,MR0334,needs_human_review,4,Manthan,,
1irzuv3,HomeImprovement,2025-02-18T00:41:53+00:00,Weird smell possibly coming from attic but strong in kitchen on bottom floor.,"I received a text from my girlfriend on the way home saying she needed me to confirm a smell and I could definitely smell it. When I walked through the door. The smell seems like a mix of metallic and musty and sweet, slightly burning but is nothing like I've ever smoked before and I have smelled gas leaks. It's definitely not that. Not sure if it was psychosomatic or not but it seemed like it was giving me a headache. So we left and we are planning to call the gas company but curious if anyone else has experience with this. It's hard to really define what the smell is, but in all of my 45 years I've never smelt anything like it.","Weird smell possibly coming from attic but strong in kitchen on bottom floor. I received a text from my girlfriend on the way home saying she needed me to confirm a smell and I could definitely smell it. When I walked through the door. The smell seems like a mix of metallic and musty and sweet, slightly burning but is nothing like I've ever smoked before and I have smelled gas leaks. It's definitely not that. Not sure if it was psychosomatic or not but it seemed like it was giving me a headache. So we left and we are planning to call the gas company but curious if anyone else has experience with this. It's hard to really define what the smell is, but in all of my 45 years I've never smelt anything like it.",https://www.reddit.com/r/HomeImprovement/comments/1irzuv3/weird_smell_possibly_coming_from_attic_but_strong/,0,1,https://www.reddit.com/r/HomeImprovement/comments/1irzuv3/weird_smell_possibly_coming_from_attic_but_strong/,gas smell,needs_review_medium_signal,,manual_review_pending,,medium_risk_call_pro,0.80,contained_water_damage:\bleak(?:s|ing|ed)?\b,"{""medium_risk_call_pro"": 2.0}",no,,,,,MR0335,medium_risk_call_pro,4,Manthan,,
1suqzu4,Plumbing,2026-04-24T20:19:19+00:00,Leak coming from upstairs bathroom after being sick all month taking multiple showers a day,I ran the shower and also ran bath to fill up the over flow but there’s no obvious leak when looking at it. There are droplets just sitting on the bottom of the bath drain pipes and under the overflow trap but nothing obviously leaking while running. There are a few cracks along the tub and floor where I feel there should be more caulk. Any ideas? Thanks,Leak coming from upstairs bathroom after being sick all month taking multiple showers a day I ran the shower and also ran bath to fill up the over flow but there’s no obvious leak when looking at it. There are droplets just sitting on the bottom of the bath drain pipes and under the overflow trap but nothing obviously leaking while running. There are a few cracks along the tub and floor where I feel there should be more caulk. Any ideas? Thanks,https://www.reddit.com/r/Plumbing/comments/1suqzu4/leak_coming_from_upstairs_bathroom_after_being/,1,12,https://v.redd.it/4r12mfli57xg1,caulk,needs_review_medium_signal,,manual_review_pending,,medium_risk_call_pro,0.67,contained_water_damage:\bleak(?:s|ing|ed)?\b; cosmetic_or_minor_finish:\bcaulk(?:ing)?\b,"{""low_risk_diy"": 2.2, ""medium_risk_call_pro"": 2.0}",yes,,,,,MR0337,needs_human_review,4,Manthan,,
tnkxpa,HomeImprovement,2022-03-25T12:34:21+00:00,"Bought house with a buried (working) oil line, 25ft from boiler to house","New (1940's) house has oil tank set away from house so the oil line is buried about 25ft to house/boiler. We knew this wasn't right when we looked at the place. Agent said they had it moved because it was against the house in front of a window. Home inspector, who has since proven himself to be useless on multiple occasions. Said he does not see a problem with the buried line. Cut to 4 months later when we have our first boiler inspection from oil company. The technician not only said it's not to code, but it is a danger and liability. He also made a point to say he needs to call his boss to make sure their company is not liable if something happens. The technician seemed seasoned and knowledgeable, also expressing concern over our safety and liability. Important to note, they we're not the old owners oil company, we chose them when we bought and they are a reputable local company. I've since asked relator who is liable for this cosmetic change that the old owners chose to make - Old owners? Inspector for not catching it? Us for listening to inspector saying it was ok? Her answer: Our 1st time home buying dumbasses. Relator also said the oil company might be trying to sell us on the job and to check with city building manager. I'd like to talk to the city but I'm concerned the more officials know about this issue it could be telling on ourselves? [Photo of line going into boiler room](https://imgur.com/9Oxlynv), [second photo](https://imgur.com/qlQDIQr). [Photo of line from boiler](https://imgur.com/KiPqmFW)","Bought house with a buried (working) oil line, 25ft from boiler to house New (1940's) house has oil tank set away from house so the oil line is buried about 25ft to house/boiler. We knew this wasn't right when we looked at the place. Agent said they had it moved because it was against the house in front of a window. Home inspector, who has since proven himself to be useless on multiple occasions. Said he does not see a problem with the buried line. Cut to 4 months later when we have our first boiler inspection from oil company. The technician not only said it's not to code, but it is a danger and liability. He also made a point to say he needs to call his boss to make sure their company is not liable if something happens. The technician seemed seasoned and knowledgeable, also expressing concern over our safety and liability. Important to note, they we're not the old owners oil company, we chose them when we bought and they are a reputable local company. I've since asked relator who is liable for this cosmetic change that the old owners chose to make - Old owners? Inspector for not catching it? Us for listening to inspector saying it was ok? Her answer: Our 1st time home buying dumbasses. Relator also said the oil company might be trying to sell us on the job and to check with city building manager. I'd like to talk to the city but I'm concerned the more officials know about this issue it could be telling on ourselves? [Photo of line going into boiler room](https://imgur.com/9Oxlynv), [second photo](https://imgur.com/qlQDIQr). [Photo of line from boiler](https://imgur.com/KiPqmFW)",https://www.reddit.com/r/HomeImprovement/comments/tnkxpa/bought_house_with_a_buried_working_oil_line_25ft/,1,4,https://www.reddit.com/r/HomeImprovement/comments/tnkxpa/bought_house_with_a_buried_working_oil_line_25ft/,oil change,needs_review_low_signal,,manual_review_pending,,low_risk_diy,0.82,cosmetic_or_minor_finish:\bcosmetic\b,"{""low_risk_diy"": 2.2}",no,,,,,MR0345,low_risk_diy,4,Manthan,,
1qd8ulb,HomeMaintenance,2026-01-15T03:40:57+00:00,Bottom of shower looks like paint peeling,I moved into a house a year ago and just had a chance to take a peek into the basement bathroom shower. All along the bottom of the shower it looks like peeling paint? Any chance the previous owner actually painted the shower? Ang recommendations for a fix?,Bottom of shower looks like paint peeling I moved into a house a year ago and just had a chance to take a peek into the basement bathroom shower. All along the bottom of the shower it looks like peeling paint? Any chance the previous owner actually painted the shower? Ang recommendations for a fix?,https://www.reddit.com/r/HomeMaintenance/comments/1qd8ulb/bottom_of_shower_looks_like_paint_peeling/,1,3,https://www.reddit.com/gallery/1qd8ulb,paint peeling,needs_review_low_signal,,manual_review_pending,,low_risk_diy,0.82,cosmetic_or_minor_finish:\bpaint(?:ing|ed)?\b,"{""low_risk_diy"": 2.2}",no,,,,,MR0347,low_risk_diy,4,Manthan,,
1tvbnaj,MechanicAdvice,2026-06-03T02:11:28+00:00,Which brake brand to get?,"Hi all, I am deciding between which brakes to get and wanted to get some input. It is mainly a daily driver with some spirited driving here and there so I just need simple replacements- but still good quality. I do not want slotted/drilled rotors. I am between brakes from auto zone and rockauto. From rockauto, I am looking at [WAGNER](https://www.rockauto.com/en/moreinfo.php?pk=15719169&cc=3341239&pt=13824&jsn=701&_nck=Ekt6BqBF1pwlXdx0gYlm1esw98pF26vehMm%2FGG3C%2Fl2QOXSJubi7WaPjz7KO9EMWCq2mnvVnPQ7%2BAlhJ8OlM6peLU%2FzO3naPULRH1Eyz7wQkVwJcOzBLc%2FfNZ67vGPDTs6eYFI6THD81tCggNF3dM5BIL%2BoE0TuAfLmFGByYQyUX2tC4%2BeCUWsjDrMfYEd%2F0YvAZfN8gGPNg%2F%2BAtNUIGwLOGhZbX1vSSlV8xK0rDw9dVQVm1lElM1TMvCTonDzOAKue8ybGG1LsZJLoWiA2h8OG4TbkUXx9Oe8PAkj2S8H6p%2FlMpo%2FITMvK1wCkgT%2BNH%2F0uXrPaZr0sfEfJ9hD2a6Q%3D%3D) OR [BOSCH](https://www.rockauto.com/en/moreinfo.php?pk=15736457&cc=3341239&pt=13824&jsn=704&_nck=Ekt6BqBF1pwlXdx0gYlm1esw98pF26vehMm%2FGG3C%2Fl2QOXSJubi7WaPjz7KO9EMWCq2mnvVnPQ7%2BAlhJ8OlM6peLU%2FzO3naPULRH1Eyz7wQkVwJcOzBLc%2FfNZ67vGPDTs6eYFI6THD81tCggNF3dM5BIL%2BoE0TuAfLmFGByYQyUX2tC4%2BeCUWsjDrMfYEd%2F0YvAZfN8gGPNg%2F%2BAtNUIGwLOGhZbX1vSSlV8xK0rDw9dVQVm1lElM1TMvCTonDzOAKue8ybGG1LsZJLoWiA2h8OG4TbkUXx9Oe8PAkj2S8H6p%2FlMpo%2FITMvK1wCkgT%2BNH%2F0uXrPaZr0sfEfJ9hD2a6Q%3D%3D) (front and rear, but I just linked one set). For auto zone, I am considering this: https://preview.redd.it/4kx1ircr7z4h1.png?width=1028&format=png&auto=webp&s=85ebf3f624246363d6517edc527f2631c77f92c7 Which would you choose based off of quality?","Which brake brand to get? Hi all, I am deciding between which brakes to get and wanted to get some input. It is mainly a daily driver with some spirited driving here and there so I just need simple replacements- but still good quality. I do not want slotted/drilled rotors. I am between brakes from auto zone and rockauto. From rockauto, I am looking at [WAGNER](https://www.rockauto.com/en/moreinfo.php?pk=15719169&cc=3341239&pt=13824&jsn=701&_nck=Ekt6BqBF1pwlXdx0gYlm1esw98pF26vehMm%2FGG3C%2Fl2QOXSJubi7WaPjz7KO9EMWCq2mnvVnPQ7%2BAlhJ8OlM6peLU%2FzO3naPULRH1Eyz7wQkVwJcOzBLc%2FfNZ67vGPDTs6eYFI6THD81tCggNF3dM5BIL%2BoE0TuAfLmFGByYQyUX2tC4%2BeCUWsjDrMfYEd%2F0YvAZfN8gGPNg%2F%2BAtNUIGwLOGhZbX1vSSlV8xK0rDw9dVQVm1lElM1TMvCTonDzOAKue8ybGG1LsZJLoWiA2h8OG4TbkUXx9Oe8PAkj2S8H6p%2FlMpo%2FITMvK1wCkgT%2BNH%2F0uXrPaZr0sfEfJ9hD2a6Q%3D%3D) OR [BOSCH](https://www.rockauto.com/en/moreinfo.php?pk=15736457&cc=3341239&pt=13824&jsn=704&_nck=Ekt6BqBF1pwlXdx0gYlm1esw98pF26vehMm%2FGG3C%2Fl2QOXSJubi7WaPjz7KO9EMWCq2mnvVnPQ7%2BAlhJ8OlM6peLU%2FzO3naPULRH1Eyz7wQkVwJcOzBLc%2FfNZ67vGPDTs6eYFI6THD81tCggNF3dM5BIL%2BoE0TuAfLmFGByYQyUX2tC4%2BeCUWsjDrMfYEd%2F0YvAZfN8gGPNg%2F%2BAtNUIGwLOGhZbX1vSSlV8xK0rDw9dVQVm1lElM1TMvCTonDzOAKue8ybGG1LsZJLoWiA2h8OG4TbkUXx9Oe8PAkj2S8H6p%2FlMpo%2FITMvK1wCkgT%2BNH%2F0uXrPaZr0sfEfJ9hD2a6Q%3D%3D) (front and rear, but I just linked one set). For auto zone, I am considering this: https://preview.redd.it/4kx1ircr7z4h1.png?width=1028&format=png&auto=webp&s=85ebf3f624246363d6517edc527f2631c77f92c7 Which would you choose based off of quality?",https://www.reddit.com/r/MechanicAdvice/comments/1tvbnaj/which_brake_brand_to_get/,9,33,https://www.reddit.com/r/MechanicAdvice/comments/1tvbnaj/which_brake_brand_to_get/,brake pads,needs_review_unclear,,manual_review_pending,,,0.00,no_labeling_function_matched,{},yes,,,,,MR0349,needs_human_review,4,Manthan,,
1oowv91,AskMechanics,2025-11-05T07:47:49+00:00,are these quoted services worth it?,"Went for a routine oil change and was quoted these by the mechanic. Which of these do I actually need done and which is a scam/overpriced? My car is a 2024 Toyota Corolla with around 30,000 miles when I took it in for the oil change. Sorry if this is a dumb question, I know nothing about cars.","are these quoted services worth it? Went for a routine oil change and was quoted these by the mechanic. Which of these do I actually need done and which is a scam/overpriced? My car is a 2024 Toyota Corolla with around 30,000 miles when I took it in for the oil change. Sorry if this is a dumb question, I know nothing about cars.",https://www.reddit.com/r/AskMechanics/comments/1oowv91/are_these_quoted_services_worth_it/,17,51,https://i.redd.it/gcendn8f8ezf1.jpeg,wiper blades,needs_review_unclear,,manual_review_pending,,low_risk_diy,0.82,vehicle_low_risk_maintenance:\boil change\b,"{""low_risk_diy"": 2.2}",no,,,,,MR0352,low_risk_diy,4,Manthan,,
1sgfk3u,Plumbing,2026-04-09T04:27:20+00:00,Can you tell from these photos if my shower tile was installed correctly?,"They put grout in the vertical corners which cracked pretty quickly after delivery (park model rv) and there is mold coming out from where the caulking along the tub peeled off. I intend to scrape all the cracked and peeling bits out, spray vinegar or anti-mold cleaner in the cracks then re-caulk after it dries. Should I be worried about the mold spreading? I really don't have the money to redo it and it's my only bathroom. I'm trying to figure out if there is any moisture barrier or backboard under the tile without taking the tile off.","Can you tell from these photos if my shower tile was installed correctly? They put grout in the vertical corners which cracked pretty quickly after delivery (park model rv) and there is mold coming out from where the caulking along the tub peeled off. I intend to scrape all the cracked and peeling bits out, spray vinegar or anti-mold cleaner in the cracks then re-caulk after it dries. Should I be worried about the mold spreading? I really don't have the money to redo it and it's my only bathroom. I'm trying to figure out if there is any moisture barrier or backboard under the tile without taking the tile off.",https://www.reddit.com/r/Plumbing/comments/1sgfk3u/can_you_tell_from_these_photos_if_my_shower_tile/,2,2,https://www.reddit.com/gallery/1sgfk3u,caulk,needs_review_medium_signal,,manual_review_pending,,medium_risk_call_pro,0.67,mold_or_foundation_concern:\bmold\b; cosmetic_or_minor_finish:\bcaulk(?:ing)?\b,"{""low_risk_diy"": 2.2, ""medium_risk_call_pro"": 2.0}",yes,,,,,MR0359,needs_human_review,4,Manthan,,
19azt9x,DIY,2024-01-20T01:28:28+00:00,Suggestions for fixing door jamb,"This is on the exterior door leading to my garage. I removed the interior molding as I am replacing all the moldings in my house. Upon removal I discovered the extent of this damage to the jamb. The part I have circled in red is completely broken loose and is floating freely. From what I can tell, it looks like the previous owners already sectioned the jamb at one point and filled with bondo, although not very cleanly. This assumption is based on the transition at the threshold and the seam (shown in second photo) compared to the hinge side of the door. Originally I thought I would simply buy a new jamb leg, remove this one and install/paint/hole saw the striker. However, as shown in the third photo, this door along with my other exterior doors are all 7” jambs and every exterior weatherstrip style jamb I can find at home improvement stores is 6-9/16” The drywall in the garage seems to be doubled up hence the extra depth on the jamb. I unfortunately don’t have the woodworking tools to make a new jamb leg from rough lumber. I can probably use a friend’s table saw for a few cuts offsite. Should I section in a new 6-9/16” jamb piece and then trim down a jamb extension to 7/16” to fill the remaining gap? Or is there another approach i could try? I want to fix this right, and the door itself is in good shape so replacing the whole thing with a new prehung would be overkill. The broken section isn’t causing any structural issue that I can see, but I definitely can’t nail new moldings to it and it is cosmetically poor looking.","Suggestions for fixing door jamb This is on the exterior door leading to my garage. I removed the interior molding as I am replacing all the moldings in my house. Upon removal I discovered the extent of this damage to the jamb. The part I have circled in red is completely broken loose and is floating freely. From what I can tell, it looks like the previous owners already sectioned the jamb at one point and filled with bondo, although not very cleanly. This assumption is based on the transition at the threshold and the seam (shown in second photo) compared to the hinge side of the door. Originally I thought I would simply buy a new jamb leg, remove this one and install/paint/hole saw the striker. However, as shown in the third photo, this door along with my other exterior doors are all 7” jambs and every exterior weatherstrip style jamb I can find at home improvement stores is 6-9/16” The drywall in the garage seems to be doubled up hence the extra depth on the jamb. I unfortunately don’t have the woodworking tools to make a new jamb leg from rough lumber. I can probably use a friend’s table saw for a few cuts offsite. Should I section in a new 6-9/16” jamb piece and then trim down a jamb extension to 7/16” to fill the remaining gap? Or is there another approach i could try? I want to fix this right, and the door itself is in good shape so replacing the whole thing with a new prehung would be overkill. The broken section isn’t causing any structural issue that I can see, but I definitely can’t nail new moldings to it and it is cosmetically poor looking.",https://www.reddit.com/r/DIY/comments/19azt9x/suggestions_for_fixing_door_jamb/,1,0,https://www.reddit.com/gallery/19azt9x,loose trim,needs_review_urgent_signal,,manual_review_pending,,low_risk_diy,0.82,cosmetic_or_minor_finish:\bpaint(?:ing|ed)?\b,"{""low_risk_diy"": 2.2}",no,,,,,MR0365,low_risk_diy,4,Manthan,,
1tlm2wm,HomeImprovement,2026-05-23T17:07:00+00:00,Help spend my money on the tools I need,"We need to demo and remodel the master shower on our house thanks to a leak and some lazy contractors. Can you help me come up with a list of tools I’ll need? I’m a DIY weekend warrior and have a pretty good tool base, but this will be the first project I’ve done of this nature in quite awhile and I know I don’t have everything. I need to: \-bust up tile \-remove drywall \-get rid of an existing shower bench \-replace some flooring \-do some plumbing \-frame a new bench and curb \-new drywall/cement board \-set new tile Plus whatever else I’m forgetting. (Waterproofing and materials are a separate thing, just thinking of the tools right now.) Appreciate any help! Hoping to pick some stuff up this weekend with the memorial day sales","Help spend my money on the tools I need We need to demo and remodel the master shower on our house thanks to a leak and some lazy contractors. Can you help me come up with a list of tools I’ll need? I’m a DIY weekend warrior and have a pretty good tool base, but this will be the first project I’ve done of this nature in quite awhile and I know I don’t have everything. I need to: \-bust up tile \-remove drywall \-get rid of an existing shower bench \-replace some flooring \-do some plumbing \-frame a new bench and curb \-new drywall/cement board \-set new tile Plus whatever else I’m forgetting. (Waterproofing and materials are a separate thing, just thinking of the tools right now.) Appreciate any help! Hoping to pick some stuff up this weekend with the memorial day sales",https://www.reddit.com/r/HomeImprovement/comments/1tlm2wm/help_spend_my_money_on_the_tools_i_need/,3,9,https://www.reddit.com/r/HomeImprovement/comments/1tlm2wm/help_spend_my_money_on_the_tools_i_need/,leak,needs_review_medium_signal,,manual_review_pending,,medium_risk_call_pro,0.95,contained_water_damage:\bleak(?:s|ing|ed)?\b; trade_system_issue:\bplumbing\b,"{""medium_risk_call_pro"": 4.0}",no,,,,,MR0371,medium_risk_call_pro,4,Manthan,,
1gtf0tw,HomeImprovement,2024-11-17T14:44:10+00:00,Duluth Forge fireplace logs: high orange flame and fume like smell (not gas),"I have an issue with a Duluth Forge 30-in ventless gas fireplace logs. I'm hoping I might be able to ask you a question, my fireplace has orange flames, and when I use it it has a slight fume smell to it, but not a gas smell. According to everything I can find, this points to an inefficient burn, and I'm likely not getting enough air. I don't know if this is something I can adjust or how to adjust it. If you have any advice, I would be grateful.","Duluth Forge fireplace logs: high orange flame and fume like smell (not gas) I have an issue with a Duluth Forge 30-in ventless gas fireplace logs. I'm hoping I might be able to ask you a question, my fireplace has orange flames, and when I use it it has a slight fume smell to it, but not a gas smell. According to everything I can find, this points to an inefficient burn, and I'm likely not getting enough air. I don't know if this is something I can adjust or how to adjust it. If you have any advice, I would be grateful.",https://www.reddit.com/r/HomeImprovement/comments/1gtf0tw/duluth_forge_fireplace_logs_high_orange_flame_and/,1,0,https://www.reddit.com/r/HomeImprovement/comments/1gtf0tw/duluth_forge_fireplace_logs_high_orange_flame_and/,gas smell,needs_review_urgent_signal,,manual_review_pending,,urgent_safety_risk,0.95,gas_or_carbon_monoxide:\bgas smell\b,"{""urgent_safety_risk"": 4.0}",no,,,,,MR0372,urgent_safety_risk,4,Manthan,,
1fvlpfq,Plumbing,2024-10-03T23:44:08+00:00,Clean outs in front yard loose,"So we were trimming some bushes and I knelt down on one of the cleanouts and I noticed it sank about 4 inches. I thought F me, I just broke the T connector underground. I then took the caps off but noticed BOTH cleanout pipes were loose. I could twist them easily and pushed them both down a few inches. When I took off the caps it didn't look like the T connections (normal PVC) were broken and there was no blockage and water was flowing in the right direction. Is this something to be concerned about? We live in the Midwest (hot and cold weather) so I'm not sure if ground pressure forced them loose or if the plumber's never glued them in properly 20 years ago?","Clean outs in front yard loose So we were trimming some bushes and I knelt down on one of the cleanouts and I noticed it sank about 4 inches. I thought F me, I just broke the T connector underground. I then took the caps off but noticed BOTH cleanout pipes were loose. I could twist them easily and pushed them both down a few inches. When I took off the caps it didn't look like the T connections (normal PVC) were broken and there was no blockage and water was flowing in the right direction. Is this something to be concerned about? We live in the Midwest (hot and cold weather) so I'm not sure if ground pressure forced them loose or if the plumber's never glued them in properly 20 years ago?",https://www.reddit.com/r/Plumbing/comments/1fvlpfq/clean_outs_in_front_yard_loose/,1,8,https://i.redd.it/buebg9kcomsd1.jpeg,loose trim,needs_review_unclear,,manual_review_pending,,,0.00,no_labeling_function_matched,{},yes,,,,,MR0376,needs_human_review,4,Manthan,,
1d0pp00,DIY,2024-05-26T00:37:53+00:00,Remove muntins from old sidelight windows?,"So I own a home that came with all the typical builder-grade materials and I’m now working on replacing my interior trim. I went to case out my front door and sidelight windows as a single unit, but then I noticed the jambs of my door were rotted and needed to be replaced. In order to replace the jambs, I had to then remove the brick moldings (also rotted at the bottom). While removing all these materials, I disturbed the sidelights in such a way that one of the muntins knocked loose and fell down inside the window. My research so far has told me that there’s basically no saving the window when this happens because the windows are made with a vacuum and special gas between the panes of glass, and as soon as that vacuum is exposed to the atmosphere, it can never be truly repaired. Some mention that it will fog up, etc… Well, we never particularly cared much for the classic look of the sidelights in the first place. One of the first things we did when we bought the house was remove the window dressings from them (something I’d find in my grandmas house), and added a frosted look to the windows so that strangers couldn’t just walk up to our front door and see inside. People warn about breaking the vacuum seal of the windows because it could then cause them to fog up. My question is, since I don’t care about the windows being perfectly clear to see through, might I have have some special liberties to “mess” with the windows for DIY repair and it be perfectly fine since I have them masked with the frosted look anyways? One idea I have is to drill a small hole into the side of the window frame. I just so happen to uniquley have access to the side of the window because I’m in the middle of replacing the exterior trim work. I would insert a little BB into the drilled hole and use a neodymium magnet to guide the BB to pull the muntin back in place. I don’t imagine the Munion would stay there without some kind of adhesive or mechanical fastener, so I might then try to just keep the magnet and BB in place as inconspicuously as I can get it. Then I’d do whatever I can to plug the drilled hole, air-tight (JB Weld?) 🤷‍♂️ My other idea is to take it a step further and use the magnet to guide the BB all up and around the insides of the window, between the glass panels, knocking ALL the muntins loose, and try to feed them OUT of the window completely in order to be left with a full length window with no muntins at all. Seeing how this first muntin so easily knocked loose, I’m confident they don’t provide any structural support nor any other utility – they’re just there for looks. What are y’all’s thought on this? Am I risking facing something else more disastrous than some moisture just fogging up the insides of these windows by doing this? If that’s the only thing in my way, then I’m just a dab of JB Weld away from tinkering around and ending up with windows that I’ll be much happier with the looks of, without having to drop hundreds and hundreds of dollars on ordering a new set of custom fit windows and all my other work being delayed until those would arrive.","Remove muntins from old sidelight windows? So I own a home that came with all the typical builder-grade materials and I’m now working on replacing my interior trim. I went to case out my front door and sidelight windows as a single unit, but then I noticed the jambs of my door were rotted and needed to be replaced. In order to replace the jambs, I had to then remove the brick moldings (also rotted at the bottom). While removing all these materials, I disturbed the sidelights in such a way that one of the muntins knocked loose and fell down inside the window. My research so far has told me that there’s basically no saving the window when this happens because the windows are made with a vacuum and special gas between the panes of glass, and as soon as that vacuum is exposed to the atmosphere, it can never be truly repaired. Some mention that it will fog up, etc… Well, we never particularly cared much for the classic look of the sidelights in the first place. One of the first things we did when we bought the house was remove the window dressings from them (something I’d find in my grandmas house), and added a frosted look to the windows so that strangers couldn’t just walk up to our front door and see inside. People warn about breaking the vacuum seal of the windows because it could then cause them to fog up. My question is, since I don’t care about the windows being perfectly clear to see through, might I have have some special liberties to “mess” with the windows for DIY repair and it be perfectly fine since I have them masked with the frosted look anyways? One idea I have is to drill a small hole into the side of the window frame. I just so happen to uniquley have access to the side of the window because I’m in the middle of replacing the exterior trim work. I would insert a little BB into the drilled hole and use a neodymium magnet to guide the BB to pull the muntin back in place. I don’t imagine the Munion would stay there without some kind of adhesive or mechanical fastener, so I might then try to just keep the magnet and BB in place as inconspicuously as I can get it. Then I’d do whatever I can to plug the drilled hole, air-tight (JB Weld?) 🤷‍♂️ My other idea is to take it a step further and use the magnet to guide the BB all up and around the insides of the window, between the glass panels, knocking ALL the muntins loose, and try to feed them OUT of the window completely in order to be left with a full length window with no muntins at all. Seeing how this first muntin so easily knocked loose, I’m confident they don’t provide any structural support nor any other utility – they’re just there for looks. What are y’all’s thought on this? Am I risking facing something else more disastrous than some moisture just fogging up the insides of these windows by doing this? If that’s the only thing in my way, then I’m just a dab of JB Weld away from tinkering around and ending up with windows that I’ll be much happier with the looks of, without having to drop hundreds and hundreds of dollars on ordering a new set of custom fit windows and all my other work being delayed until those would arrive.",https://www.reddit.com/r/DIY/comments/1d0pp00/remove_muntins_from_old_sidelight_windows/,2,5,https://www.reddit.com/gallery/1d0pp00,loose trim,needs_review_urgent_signal,,manual_review_pending,,low_risk_diy,0.95,cosmetic_or_minor_finish:\btrim\b; vehicle_low_risk_maintenance:\binterior trim\b,"{""low_risk_diy"": 4.4}",no,,,,,MR0380,low_risk_diy,4,Manthan,,
1b90bvm,Plumbing,2024-03-07T17:30:06+00:00,"UK Engineer replaced part, but source of problem (water in tank) was never solved. Is my complaint justified?","Below is a draft complaint to a local company if you’d like more info. My main concern is that they’ve left us with the same boiler problem as before and now we have to replace an expensive part again only 4 months later. Should a boiler engineer check fuel quality and fuel supply before replacing any parts in a boiler? I know I’m not supposed to go into prices but it seems what they charged is too much (granted it was a Saturday call out but the engineer only spent an hour max) also considering they left us with a fuel leak. Am I justified in my complaint, or should I just leave it? I’m just so mad and fed up with being out of pocket without heating or hot water with little ones at home. We now face a bigger charge to sort everything again. ———————— In early November our boiler was fitted with a new fuel pump and fired up again. Neither the fuel supply from the oil tank nor filter were checked by your engineer, just a new part fitted and he left in under an hour. We paid almost £400 for this and were never provided with the price breakdown that we asked for, just the price of the part.(£157) Secondly - We were left with an oil leak that day. We mentioned the strong smell of oil before paying the bill and were told this is normal and will fade over time. We got in touch again at the end of November as an oil puddle had formed around the boiler. We waited another week for someone to come out to look at the issue and stop the oil leak. We were charged another £80 for this visit. Only your engineer could have created this leak as the smell was there the day he left. To be charged extra for this is unfair in itself. Thirdly - We now have the same issue again, a fuel error. (855/9F) We’ve just had a different engineer come and look at the problem, he pulled some oil out into a bottle and there’s water in the oil tank. We now need the water to be cleared from the tank and another new fuel pump fitted. Why did no one think to check the oil for water or the filter in the first instance? It took him seconds. We know nothing about boilers like most people so we rely on company’s like yours to investigate these situations thoroughly and have the knowledge to resolve them properly before taking our money. Your engineer just replaced an expensive part and never solved the actual cause of the problem. We are incredibly upset and angry that we are hugely out of pocket and that we’ve been treated like this. We will recommend that no one puts their trust in your services.","UK Engineer replaced part, but source of problem (water in tank) was never solved. Is my complaint justified? Below is a draft complaint to a local company if you’d like more info. My main concern is that they’ve left us with the same boiler problem as before and now we have to replace an expensive part again only 4 months later. Should a boiler engineer check fuel quality and fuel supply before replacing any parts in a boiler? I know I’m not supposed to go into prices but it seems what they charged is too much (granted it was a Saturday call out but the engineer only spent an hour max) also considering they left us with a fuel leak. Am I justified in my complaint, or should I just leave it? I’m just so mad and fed up with being out of pocket without heating or hot water with little ones at home. We now face a bigger charge to sort everything again. ———————— In early November our boiler was fitted with a new fuel pump and fired up again. Neither the fuel supply from the oil tank nor filter were checked by your engineer, just a new part fitted and he left in under an hour. We paid almost £400 for this and were never provided with the price breakdown that we asked for, just the price of the part.(£157) Secondly - We were left with an oil leak that day. We mentioned the strong smell of oil before paying the bill and were told this is normal and will fade over time. We got in touch again at the end of November as an oil puddle had formed around the boiler. We waited another week for someone to come out to look at the issue and stop the oil leak. We were charged another £80 for this visit. Only your engineer could have created this leak as the smell was there the day he left. To be charged extra for this is unfair in itself. Thirdly - We now have the same issue again, a fuel error. (855/9F) We’ve just had a different engineer come and look at the problem, he pulled some oil out into a bottle and there’s water in the oil tank. We now need the water to be cleared from the tank and another new fuel pump fitted. Why did no one think to check the oil for water or the filter in the first instance? It took him seconds. We know nothing about boilers like most people so we rely on company’s like yours to investigate these situations thoroughly and have the knowledge to resolve them properly before taking our money. Your engineer just replaced an expensive part and never solved the actual cause of the problem. We are incredibly upset and angry that we are hugely out of pocket and that we’ve been treated like this. We will recommend that no one puts their trust in your services.",https://www.reddit.com/r/Plumbing/comments/1b90bvm/uk_engineer_replaced_part_but_source_of_problem/,0,2,https://www.reddit.com/r/Plumbing/comments/1b90bvm/uk_engineer_replaced_part_but_source_of_problem/,fuel leak,needs_review_medium_signal,,manual_review_pending,,urgent_safety_risk,0.79,vehicle_fuel_or_overheat_danger:\bfuel leak\b; contained_water_damage:\bleak(?:s|ing|ed)?\b,"{""medium_risk_call_pro"": 2.0, ""urgent_safety_risk"": 3.2}",no,,,,,MR0381,urgent_safety_risk,4,Manthan,,
1qnqri6,Plumbing,2026-01-26T19:49:26+00:00,Shower loosing pressure after about 20 seconds,"I have an odd one here. I have about 2 year old [Pfister Bedford 801-WS2BD22](https://www.pfisterfaucets.com/parts-support/troubleshooting/product/bedford-801-wsbd-3-handle-tub-shower-trim-with-valve) 3 Faucet tub & shower hardware. After turning the water on for the shower, the shower looses water pressure after about 15-20 seconds. Before that, it is running fine. It doesn't matter if I run all cold, all hot, or mixed. I pulled the shower-head off to see if that was the issue. I found the head of a philip's head screw in input of the shower-head. I then tested the shower without the the shower-head on at all. I still had the same problem. I then check the tub faucet. The water pressure was fine with both hot and cold. I know I have hard water, so I submerged the 3 faucet ends in vinegar overnight. That didn't help. What else can I try/check? Or am I replacing this thing again?","Shower loosing pressure after about 20 seconds I have an odd one here. I have about 2 year old [Pfister Bedford 801-WS2BD22](https://www.pfisterfaucets.com/parts-support/troubleshooting/product/bedford-801-wsbd-3-handle-tub-shower-trim-with-valve) 3 Faucet tub & shower hardware. After turning the water on for the shower, the shower looses water pressure after about 15-20 seconds. Before that, it is running fine. It doesn't matter if I run all cold, all hot, or mixed. I pulled the shower-head off to see if that was the issue. I found the head of a philip's head screw in input of the shower-head. I then tested the shower without the the shower-head on at all. I still had the same problem. I then check the tub faucet. The water pressure was fine with both hot and cold. I know I have hard water, so I submerged the 3 faucet ends in vinegar overnight. That didn't help. What else can I try/check? Or am I replacing this thing again?",https://www.reddit.com/r/Plumbing/comments/1qnqri6/shower_loosing_pressure_after_about_20_seconds/,2,5,https://www.reddit.com/r/Plumbing/comments/1qnqri6/shower_loosing_pressure_after_about_20_seconds/,loose trim,needs_review_low_signal,,manual_review_pending,,low_risk_diy,0.82,cosmetic_or_minor_finish:\btrim\b,"{""low_risk_diy"": 2.2}",no,,,,,MR0382,low_risk_diy,4,Manthan,,
17ylnw6,HomeImprovement,2023-11-19T01:29:22+00:00,Smoke alarm going off without smoke,"Over the past 2 days one of my smoke alarms has gone off four times. It is in the same room as my washer, dryer, and gas water heater. I already replaced the battery to ensure it wasn’t that. There is no smell or visual of smoke and all three units appear to be operating normally otherwise. High humidity could maybe be the culprit (?) but wanted to check with those smarter than me. Anything I may not be thinking of?","Smoke alarm going off without smoke Over the past 2 days one of my smoke alarms has gone off four times. It is in the same room as my washer, dryer, and gas water heater. I already replaced the battery to ensure it wasn’t that. There is no smell or visual of smoke and all three units appear to be operating normally otherwise. High humidity could maybe be the culprit (?) but wanted to check with those smarter than me. Anything I may not be thinking of?",https://www.reddit.com/r/HomeImprovement/comments/17ylnw6/smoke_alarm_going_off_without_smoke/,0,12,https://www.reddit.com/r/HomeImprovement/comments/17ylnw6/smoke_alarm_going_off_without_smoke/,gas smell,needs_review_urgent_signal,,manual_review_pending,,urgent_safety_risk,0.82,fire_smoke_or_sparks:\bsmoke\b; trade_system_issue:\bwater heater\b,"{""medium_risk_call_pro"": 2.0, ""urgent_safety_risk"": 3.5}",no,,,,,MR0383,urgent_safety_risk,4,Manthan,,
1p4ouur,HomeMaintenance,2025-11-23T15:03:54+00:00,My kitchen ceiling is peeling,"I have a 1940s era cape cod, but the kitchen was updated in the early 2000s. The kitchen ceiling is beginning to crack and peel. Nothing structural, just this thin layer on top of some sort of smooth substrate. What I’m wondering is, what is the white peeling layer and how can I best replace it? Seems too thick (~1mm) to be just paint. A skim coat maybe?","My kitchen ceiling is peeling I have a 1940s era cape cod, but the kitchen was updated in the early 2000s. The kitchen ceiling is beginning to crack and peel. Nothing structural, just this thin layer on top of some sort of smooth substrate. What I’m wondering is, what is the white peeling layer and how can I best replace it? Seems too thick (~1mm) to be just paint. A skim coat maybe?",https://www.reddit.com/r/HomeMaintenance/comments/1p4ouur/my_kitchen_ceiling_is_peeling/,0,10,https://i.redd.it/iz2n96tqu03g1.jpeg,paint peeling,needs_review_urgent_signal,,manual_review_pending,,low_risk_diy,0.82,cosmetic_or_minor_finish:\bpaint(?:ing|ed)?\b,"{""low_risk_diy"": 2.2}",no,,,,,MR0388,low_risk_diy,4,Manthan,,
1hap0rf,AskMechanics,2024-12-10T00:31:02+00:00,"Part Time ""Mechanic"" Looking for Advice on Qualifications and Learning New Jobs","Hi, I'm from Ireland and really interested in cars and would like to be an automotive/motorsport engineer when I am older. When I was 16, I walked into a workshop and asked for a summer job. I wasn't paid but I got to learn a lot. Then for the next two years I worked there. In August of this year, I explained to the owner that I was able to do a long list of tasks and that I should be paid minimum wage (12.70 euros) an hour for what I do. I don't care about how much I earn, as long as I have a few bob for the odd treat and stuff, it is mainly about the experience, and I really enjoy the job. The list of things that I am able to do are. 1. Perform a full service on a car, checking it over, changing the oil, changing air fuel and oil filters, changing bulbs if necessary, making sure fluids are at the right levels, and resetting the light on the dash/stamping the book. There are separate safety inspections done on Irish cars elsewhere and all the work I do is checked by a mechanic before the car is sents out. 1. Change and balance tyres. 1. Change the brake pads and discs, as well as adjust handbrake. 1. Change bulbs, and replace the light housing as well as adjust the beam. 1. Remove or install bodywork, for example to help someone with painting. 1. Remove car parts that would essentially be the start of a larger job. 1. Jump start a car, either from a booster pack or from another car, as well as replace the battery. 1. Track the front wheels 1. Clean the cars, inside and out. 1. Can assist other employees if needed, such as someone doing a clutch. 1. Replace gas in the cars’ AC system. 1. Change the ABS sensor. 1. Replace worn wiper blades. 1. Replace various parts like shock absorbers, wheel hub, driveshaft, exhaust, suspension arms, drop links, and even a gearbox mount. 1. Take high quality pictures of cars for sales purposes, I have had some of my photographs already featured in a car magazine. 2. I can reposition the cars around the workshop, manual or auto. Since then I have been able to do things like finding and replacing blown fuses, changing spark plugs and glow plugs, and started using a bit of the diagnostic software. I am just wondering what other jobs should I be looking to learn how to do? My manager said he wanted to get me to learn how to do a clutch and timing chain, which I think would be great, but is there other things I am not thinking of? I would also like to get some sort of certification. In Ireland you have to spend four years doing an apprenticeship, where you basically work and go to college a few days a week. I don't want to do that obviously, as I just work 9am to 6pm on a Saturday, and I am currently in first year of engineering in college. I would just like some sort of certification that says I can do the servicing and other simple jobs, would other countries have the mechanics certification broken down into different areas? Thanks for your time, and I know it is a bit of a strange situation but I'd appreciate some advice.","Part Time ""Mechanic"" Looking for Advice on Qualifications and Learning New Jobs Hi, I'm from Ireland and really interested in cars and would like to be an automotive/motorsport engineer when I am older. When I was 16, I walked into a workshop and asked for a summer job. I wasn't paid but I got to learn a lot. Then for the next two years I worked there. In August of this year, I explained to the owner that I was able to do a long list of tasks and that I should be paid minimum wage (12.70 euros) an hour for what I do. I don't care about how much I earn, as long as I have a few bob for the odd treat and stuff, it is mainly about the experience, and I really enjoy the job. The list of things that I am able to do are. 1. Perform a full service on a car, checking it over, changing the oil, changing air fuel and oil filters, changing bulbs if necessary, making sure fluids are at the right levels, and resetting the light on the dash/stamping the book. There are separate safety inspections done on Irish cars elsewhere and all the work I do is checked by a mechanic before the car is sents out. 1. Change and balance tyres. 1. Change the brake pads and discs, as well as adjust handbrake. 1. Change bulbs, and replace the light housing as well as adjust the beam. 1. Remove or install bodywork, for example to help someone with painting. 1. Remove car parts that would essentially be the start of a larger job. 1. Jump start a car, either from a booster pack or from another car, as well as replace the battery. 1. Track the front wheels 1. Clean the cars, inside and out. 1. Can assist other employees if needed, such as someone doing a clutch. 1. Replace gas in the cars’ AC system. 1. Change the ABS sensor. 1. Replace worn wiper blades. 1. Replace various parts like shock absorbers, wheel hub, driveshaft, exhaust, suspension arms, drop links, and even a gearbox mount. 1. Take high quality pictures of cars for sales purposes, I have had some of my photographs already featured in a car magazine. 2. I can reposition the cars around the workshop, manual or auto. Since then I have been able to do things like finding and replacing blown fuses, changing spark plugs and glow plugs, and started using a bit of the diagnostic software. I am just wondering what other jobs should I be looking to learn how to do? My manager said he wanted to get me to learn how to do a clutch and timing chain, which I think would be great, but is there other things I am not thinking of? I would also like to get some sort of certification. In Ireland you have to spend four years doing an apprenticeship, where you basically work and go to college a few days a week. I don't want to do that obviously, as I just work 9am to 6pm on a Saturday, and I am currently in first year of engineering in college. I would just like some sort of certification that says I can do the servicing and other simple jobs, would other countries have the mechanics certification broken down into different areas? Thanks for your time, and I know it is a bit of a strange situation but I'd appreciate some advice.",https://www.reddit.com/r/AskMechanics/comments/1hap0rf/part_time_mechanic_looking_for_advice_on/,1,1,https://www.reddit.com/r/AskMechanics/comments/1hap0rf/part_time_mechanic_looking_for_advice_on/,wiper blades,needs_review_urgent_signal,,manual_review_pending,,medium_risk_call_pro,0.67,vehicle_mechanical_system_issue:\bbrake pads?\b; cosmetic_or_minor_finish:\bpaint(?:ing|ed)?\b; vehicle_low_risk_maintenance:\b(?:replace|replacing|change|changing|install|installing) (?:the )?spark plugs?\b,"{""low_risk_diy"": 4.4, ""medium_risk_call_pro"": 2.0}",yes,,,,,MR0393,needs_human_review,4,Manthan,,
1asfng4,DIY,2024-02-16T18:22:52+00:00,"Advice, milled beams, paint removal and trim",Any ideas for removing the paint from my exposed beams without discolouring or damaging? I can’t just sand off because I would loose the milled texture of the beams. These beams are the reason I bought this abandoned house & put so much work into it! Also any advice for trim around the ends of the beams where they meet the drywall?,"Advice, milled beams, paint removal and trim Any ideas for removing the paint from my exposed beams without discolouring or damaging? I can’t just sand off because I would loose the milled texture of the beams. These beams are the reason I bought this abandoned house & put so much work into it! Also any advice for trim around the ends of the beams where they meet the drywall?",https://www.reddit.com/r/DIY/comments/1asfng4/advice_milled_beams_paint_removal_and_trim/,2,11,https://www.reddit.com/gallery/1asfng4,loose trim,needs_review_low_signal,,manual_review_pending,,low_risk_diy,0.82,cosmetic_or_minor_finish:\bpaint(?:ing|ed)?\b,"{""low_risk_diy"": 2.2}",no,,,,,MR0397,low_risk_diy,4,Manthan,,
136kuzm,askanelectrician,2023-05-03T13:40:43+00:00,Service Entrance Wire Holder Advice,"Good morning, I’ve been working diligently to scrape my 111 year old home of old paint, repair dry rot, caulk edges, prime and repaint the original wood siding. On this western side that is frequently under heavy shade due to the proximity of my neighbors house, I noticed that the wire mount is coming out. I contacted my electric company since this is between the meter and the pole. There is approximately 100 feet between this connection and the utility pole. They came out and told me they’d move it once I had a replacement installed. It is well within my wheelhouse to attach a replacement wire holder, but I’m afraid that given the age of the siding and the weight/tension of the wire that anything I replace it with will have the same exact problem down the line (no pun intended). Is there a better product that would allow multiple screws to be used to help distribute the tension? I thought about mounting a wire holder to a piece of wood and mounting that to the exterior of the house with multiple screws. Or is there a metal plate with the wire holder attached? Or would installing a galvanized pipe and then pipe mounted wire holder be a more secure alternative? In this case, I just don’t know the correct name of the product to search for. Any advice would be greatly appreciated. I’m almost ready to start painting this section (pre-scraping photo was attached) and any additional repairs are no issue for the moment, but I obviously cannot do them until the electric company relocates the line to the new anchor point.","Service Entrance Wire Holder Advice Good morning, I’ve been working diligently to scrape my 111 year old home of old paint, repair dry rot, caulk edges, prime and repaint the original wood siding. On this western side that is frequently under heavy shade due to the proximity of my neighbors house, I noticed that the wire mount is coming out. I contacted my electric company since this is between the meter and the pole. There is approximately 100 feet between this connection and the utility pole. They came out and told me they’d move it once I had a replacement installed. It is well within my wheelhouse to attach a replacement wire holder, but I’m afraid that given the age of the siding and the weight/tension of the wire that anything I replace it with will have the same exact problem down the line (no pun intended). Is there a better product that would allow multiple screws to be used to help distribute the tension? I thought about mounting a wire holder to a piece of wood and mounting that to the exterior of the house with multiple screws. Or is there a metal plate with the wire holder attached? Or would installing a galvanized pipe and then pipe mounted wire holder be a more secure alternative? In this case, I just don’t know the correct name of the product to search for. Any advice would be greatly appreciated. I’m almost ready to start painting this section (pre-scraping photo was attached) and any additional repairs are no issue for the moment, but I obviously cannot do them until the electric company relocates the line to the new anchor point.",https://www.reddit.com/r/askanelectrician/comments/136kuzm/service_entrance_wire_holder_advice/,22,28,https://i.redd.it/ugfamfklvnxa1.jpg,electrical issue,needs_review_low_signal,,manual_review_pending,,low_risk_diy,0.82,cosmetic_or_minor_finish:\bpaint(?:ing|ed)?\b,"{""low_risk_diy"": 2.2}",no,,,,,MR0400,low_risk_diy,4,Manthan,,
