reddit_id,subreddit,created_utc,title,selftext,text,permalink,score,num_comments,url,source_query,review_hint,label,label_status,label_notes,auto_label,auto_label_confidence,auto_label_reason,auto_label_scores,needs_human_review,label_source,human_label,human_review_notes,audit_agrees,manual_review_id,review_bucket,assigned_reviewer_number,assigned_reviewer,human_confidence,reviewed_at
1s9wndy,Plumbing,2026-04-01T20:37:39+00:00,Repipe whole home? quoted 21k,"Closed last week and first time using the guest shower it flooded the master bath from a loose toilet. Plumber came with a camera found a root intrusion outside and when he camera in the master bathroom toilet said he recommends the whole house be re-piped got a quote for $21,400 . Is that reasonable kinda panicking we just bought this home and there were no leaks prior to move in only Wen large amounts of water are used. It’s copper piping 10 fixtures,single story on a slab.","Repipe whole home? quoted 21k Closed last week and first time using the guest shower it flooded the master bath from a loose toilet. Plumber came with a camera found a root intrusion outside and when he camera in the master bathroom toilet said he recommends the whole house be re-piped got a quote for $21,400 . Is that reasonable kinda panicking we just bought this home and there were no leaks prior to move in only Wen large amounts of water are used. It’s copper piping 10 fixtures,single story on a slab.",https://www.reddit.com/r/Plumbing/comments/1s9wndy/repipe_whole_home_quoted_21k/,1,43,https://www.reddit.com/gallery/1s9wndy,flooding,needs_review_urgent_signal,,manual_review_pending,,urgent_safety_risk,0.77,active_flooding_or_sewage:\bflooded\b; contained_water_damage:\bleak(?:s|ing|ed)?\b,"{""medium_risk_call_pro"": 2.0, ""urgent_safety_risk"": 3.0}",no,,,,,MR0004,urgent_safety_risk,1,Patrick,,
1bc61ix,HomeImprovement,2024-03-11T15:36:37+00:00,Help Any ideas to fix a stinky closet,"Bought a new house 09/2022. There’s a linens closet right before entering the master bedroom, on 10/2023 I installed some Kraft maid shelves, soon after a foul gas like smell became present. I only store tools, Xmas decor, toilet paper and a winter jacket and broom. No chemicals or food. The gas smell is so strong, it drives me nuts, I already placed baking soda, vinegar, coffee washed the walls the smell is still there, called the gas company they tested and confirmed Not to be gas leak. The original anchors for the shelves created some large holes on the wall I uninstalled the shelves and patched the holes on dry wall. Replaced the anchors for ones that don’t leave holes on the wall. The smell is still there. I don’t know what to do. This is only present on this closet no other part of the house smells like this. Went to see a new home construction and there’s nothing going thru in that closet no pipes or drains, I used this ZORB deodorizer I took the smell out for 24 hours the the smell came back, it leaves everything sticky. Went thru half a bottle in 2 days. Any thoughts?","Help Any ideas to fix a stinky closet Bought a new house 09/2022. There’s a linens closet right before entering the master bedroom, on 10/2023 I installed some Kraft maid shelves, soon after a foul gas like smell became present. I only store tools, Xmas decor, toilet paper and a winter jacket and broom. No chemicals or food. The gas smell is so strong, it drives me nuts, I already placed baking soda, vinegar, coffee washed the walls the smell is still there, called the gas company they tested and confirmed Not to be gas leak. The original anchors for the shelves created some large holes on the wall I uninstalled the shelves and patched the holes on dry wall. Replaced the anchors for ones that don’t leave holes on the wall. The smell is still there. I don’t know what to do. This is only present on this closet no other part of the house smells like this. Went to see a new home construction and there’s nothing going thru in that closet no pipes or drains, I used this ZORB deodorizer I took the smell out for 24 hours the the smell came back, it leaves everything sticky. Went thru half a bottle in 2 days. Any thoughts?",https://www.reddit.com/r/HomeImprovement/comments/1bc61ix/help_any_ideas_to_fix_a_stinky_closet/,1,12,https://www.reddit.com/r/HomeImprovement/comments/1bc61ix/help_any_ideas_to_fix_a_stinky_closet/,gas smell,needs_review_urgent_signal,,manual_review_pending,,urgent_safety_risk,0.92,gas_or_carbon_monoxide:\bgas smell\b; contained_water_damage:\bleak(?:s|ing|ed)?\b,"{""medium_risk_call_pro"": 2.0, ""urgent_safety_risk"": 4.0}",no,,,,,MR0006,urgent_safety_risk,1,Patrick,,
1qds5mr,MechanicAdvice,2026-01-15T18:51:01+00:00,Brake Failure. What to do to NEVER experience it again????,"My 2014 Nissan Pathfinder was in the shop recently and my husband let me borrow his 1991 GMC Jimmy for work. I dont drive this car often and when we went for a drive together last week something with his breaking felt off to me, like extra hard or squishy from the passenger side but he brushed it off considering the cars age. Well I pull into work and grab a ticket for the garage and go to pull into 1st spot I see. We'll the truck does not stop...I hit hard but the steel bar my spouse had installed on front end absorbed most of the shock. Now I'm a moron...so I am thinking I cant leave car like this. This is my fault I must have hit the wrong pedal, its freezing its 5am, this cant possibly be the brakes. So I reverse this truck and once again its not stopping and I crash into someone's car behind me and blow out my entire back glass. The cops come and help me move it turns out I was trailing brake fluid from just about time I pulled into garage. They also reviewed security footage which showed me on brake the entire time so no it wasnt me hitting the wrong pedal. I am freaked out though. I was so lucky that the brakes failed when they did especially on the 1st level of garage. I keep getting nausea though and anxiety even as I drive my actually car about all the what ifs. I cross train tracks and highways and bridges to get to work. My husband sometimes wakes up late and does 80 to work. How can I prevent this from ever happening again? I read about down shifting and the parking break but I dont even understand how to downshift in my car. What if I was on a higher story in garage or going over 60mph or heading towards the bridge of tracks? I feel ill even thinking about it. Some things say online that you just cant avoid a crash sometimes but how can I prevent my brakes from failing in any car I have again???","Brake Failure. What to do to NEVER experience it again???? My 2014 Nissan Pathfinder was in the shop recently and my husband let me borrow his 1991 GMC Jimmy for work. I dont drive this car often and when we went for a drive together last week something with his breaking felt off to me, like extra hard or squishy from the passenger side but he brushed it off considering the cars age. Well I pull into work and grab a ticket for the garage and go to pull into 1st spot I see. We'll the truck does not stop...I hit hard but the steel bar my spouse had installed on front end absorbed most of the shock. Now I'm a moron...so I am thinking I cant leave car like this. This is my fault I must have hit the wrong pedal, its freezing its 5am, this cant possibly be the brakes. So I reverse this truck and once again its not stopping and I crash into someone's car behind me and blow out my entire back glass. The cops come and help me move it turns out I was trailing brake fluid from just about time I pulled into garage. They also reviewed security footage which showed me on brake the entire time so no it wasnt me hitting the wrong pedal. I am freaked out though. I was so lucky that the brakes failed when they did especially on the 1st level of garage. I keep getting nausea though and anxiety even as I drive my actually car about all the what ifs. I cross train tracks and highways and bridges to get to work. My husband sometimes wakes up late and does 80 to work. How can I prevent this from ever happening again? I read about down shifting and the parking break but I dont even understand how to downshift in my car. What if I was on a higher story in garage or going over 60mph or heading towards the bridge of tracks? I feel ill even thinking about it. Some things say online that you just cant avoid a crash sometimes but how can I prevent my brakes from failing in any car I have again???",https://www.reddit.com/r/MechanicAdvice/comments/1qds5mr/brake_failure_what_to_do_to_never_experience_it/,0,5,https://www.reddit.com/r/MechanicAdvice/comments/1qds5mr/brake_failure_what_to_do_to_never_experience_it/,brake failure,needs_review_unclear,,manual_review_pending,,urgent_safety_risk,0.82,vehicle_brake_wheel_or_steering_danger:\bbrake(?:s)? fail(?:ed|ing|ure)?\b; vehicle_mechanical_system_issue:\bshocks?\b,"{""medium_risk_call_pro"": 2.0, ""urgent_safety_risk"": 3.5}",no,,,,,MR0010,urgent_safety_risk,1,Patrick,,
1tjfy35,AskMechanics,2026-05-21T10:06:17+00:00,"Advice on 6F35 transmission, ‘10 Ford Fusion 2.5L","Got a transmission on \~85k miles (car is 220k miles, transmission replaced at 135k.) It doesn’t appear to have had a fluid change or any other service since being replaced. No obvious signs that the transmission has any issues like slipping or shuddering. Basically just wondering: should I just drain and fill with new fluid, is a flush worth considering, or should I just leave what’s in there at this point?","Advice on 6F35 transmission, ‘10 Ford Fusion 2.5L Got a transmission on \~85k miles (car is 220k miles, transmission replaced at 135k.) It doesn’t appear to have had a fluid change or any other service since being replaced. No obvious signs that the transmission has any issues like slipping or shuddering. Basically just wondering: should I just drain and fill with new fluid, is a flush worth considering, or should I just leave what’s in there at this point?",https://www.reddit.com/r/AskMechanics/comments/1tjfy35/advice_on_6f35_transmission_10_ford_fusion_25l/,1,7,https://www.reddit.com/r/AskMechanics/comments/1tjfy35/advice_on_6f35_transmission_10_ford_fusion_25l/,transmission slipping,needs_review_unclear,,manual_review_pending,,medium_risk_call_pro,0.80,vehicle_mechanical_system_issue:\btransmission\b,"{""medium_risk_call_pro"": 2.0}",no,,,,,MR0011,medium_risk_call_pro,1,Patrick,,
1t2g8wc,MechanicAdvice,2026-05-03T08:57:56+00:00,Power brake failure after service,"I had oil change and spark plug replacement. However today shortly after service, check engine, power steering, power brake, brake hold, hill asist lights all came on. Engine jerks. Lights flicker, had to press really hard to brake. 2018 Honda civic ext. What could have possibly been done to cause this? I am returning to the shop in the morning but i am curious","Power brake failure after service I had oil change and spark plug replacement. However today shortly after service, check engine, power steering, power brake, brake hold, hill asist lights all came on. Engine jerks. Lights flicker, had to press really hard to brake. 2018 Honda civic ext. What could have possibly been done to cause this? I am returning to the shop in the morning but i am curious",https://www.reddit.com/r/MechanicAdvice/comments/1t2g8wc/power_brake_failure_after_service/,1,4,https://www.reddit.com/r/MechanicAdvice/comments/1t2g8wc/power_brake_failure_after_service/,brake failure,needs_review_urgent_signal,,manual_review_pending,,urgent_safety_risk,0.82,vehicle_brake_wheel_or_steering_danger:\bbrake(?:s)? fail(?:ed|ing|ure)?\b; vehicle_mechanical_system_issue:\bcheck engine\b; vehicle_low_risk_maintenance:\boil change\b,"{""low_risk_diy"": 2.2, ""medium_risk_call_pro"": 2.0, ""urgent_safety_risk"": 3.5}",no,,,,,MR0016,urgent_safety_risk,1,Patrick,,
102v110,askanelectrician,2023-01-04T05:26:42+00:00,spark inside receptacle?,So i was putting the receptacle cover back on after some painting was done and while i was tightening it. There was a spark and some smoke. It seems that the red line wire connected to the outlet had more bare copper than the other ones and it might have touched something. Now the remaining wire looks kinda burnt but the breaker didnt trip and the outlet is still working. Is it a good idea to have it checked out by an electrician or is it fine as is?,spark inside receptacle? So i was putting the receptacle cover back on after some painting was done and while i was tightening it. There was a spark and some smoke. It seems that the red line wire connected to the outlet had more bare copper than the other ones and it might have touched something. Now the remaining wire looks kinda burnt but the breaker didnt trip and the outlet is still working. Is it a good idea to have it checked out by an electrician or is it fine as is?,https://www.reddit.com/r/askanelectrician/comments/102v110/spark_inside_receptacle/,2,2,https://www.reddit.com/r/askanelectrician/comments/102v110/spark_inside_receptacle/,sparking outlet,needs_review_urgent_signal,,manual_review_pending,,urgent_safety_risk,0.82,fire_smoke_or_sparks:\bspark(?:s|ing|ed)?\b(?!\s+plugs?\b); trade_system_issue:\bbreaker\b; cosmetic_or_minor_finish:\bpaint(?:ing|ed)?\b,"{""low_risk_diy"": 2.2, ""medium_risk_call_pro"": 2.0, ""urgent_safety_risk"": 3.5}",no,,,,,MR0026,urgent_safety_risk,1,Patrick,,
1te4shc,Plumbing,2026-05-15T18:26:30+00:00,How can I tell if the wax seal is bad or if I’m missing somewhere to clean?,I clean our kids bathroom a few times a week bc it smells of urine within a few days. The bottom of the toilet is caulked and there is a gap in the back and every time the toilet is flushed it smells like urine. Any advice would be great 😅,How can I tell if the wax seal is bad or if I’m missing somewhere to clean? I clean our kids bathroom a few times a week bc it smells of urine within a few days. The bottom of the toilet is caulked and there is a gap in the back and every time the toilet is flushed it smells like urine. Any advice would be great 😅,https://www.reddit.com/r/Plumbing/comments/1te4shc/how_can_i_tell_if_the_wax_seal_is_bad_or_if_im/,1,1,https://www.reddit.com/r/Plumbing/comments/1te4shc/how_can_i_tell_if_the_wax_seal_is_bad_or_if_im/,caulk,needs_review_unclear,,manual_review_pending,,,0.00,no_labeling_function_matched,{},yes,,,,,MR0030,needs_human_review,1,Patrick,,
1hm3hf3,Plumbing,2024-12-25T16:13:18+00:00,Shower Handle Repair Help: Stuck with Retaining Ring and Trim Sleeve,"Hi all, Merry Christmas! I hope you’re all enjoying the holiday season. I’m reaching out for advice on what I hope is a simple fix for my shower handle. Apologies in advance if I get some of the terminology wrong—I’m doing my best to describe the issue accurately. Yesterday, the escutcheon on my shower handle became loose, so I removed the handle and tightened the screws. However, now I’m completely stumped on how to reattach the handle! Here’s what I’m dealing with: • Pictures of the escutcheon and valve stem are attached. • There’s a metal retaining ring (possibly copper?) that slides over the valve stem, but it doesn’t go all the way to the base of the stem. The part that juts out at the end seems to align with the trim sleeve, which also fits snugly over the valve stem. • The problem: The trim sleeve has no threading or screws to secure it in place, and the screw in the handle base doesn’t reach the valve stem or seem to attach anywhere. It looks like the screw just holds the handle base to the trim sleeve. I’ve tried reverse image searches to identify the model of my shower handle unit, but I’ve come up empty-handed. I’m at a complete loss as to: 1. How to attach the trim sleeve back to the escutcheon/valve stem securely. 2. What role the retaining ring plays in all of this. If anyone could offer advice, resources, or a simple fix (for someone who isn’t super handy), I’d be incredibly grateful! Thank you in advance, and I hope you’re having a wonderful Christmas. https://preview.redd.it/9kzi5o9jr09e1.png?width=451&format=png&auto=webp&s=c0da5b5975e64cdb848063a7c692a8e0c2a3e3c8 https://preview.redd.it/fg5t2p9jr09e1.png?width=495&format=png&auto=webp&s=49acc9aa16c578829dafa92d56d6a555084e1927 https://preview.redd.it/hnawtp9jr09e1.png?width=950&format=png&auto=webp&s=730cc5b4c4c68e0c68208ee7288f9d288dadd2ea https://preview.redd.it/rr5xmp9jr09e1.png?width=199&format=png&auto=webp&s=d6d8eb3ffcfd9ab8638965d780f8bb9bb5487864","Shower Handle Repair Help: Stuck with Retaining Ring and Trim Sleeve Hi all, Merry Christmas! I hope you’re all enjoying the holiday season. I’m reaching out for advice on what I hope is a simple fix for my shower handle. Apologies in advance if I get some of the terminology wrong—I’m doing my best to describe the issue accurately. Yesterday, the escutcheon on my shower handle became loose, so I removed the handle and tightened the screws. However, now I’m completely stumped on how to reattach the handle! Here’s what I’m dealing with: • Pictures of the escutcheon and valve stem are attached. • There’s a metal retaining ring (possibly copper?) that slides over the valve stem, but it doesn’t go all the way to the base of the stem. The part that juts out at the end seems to align with the trim sleeve, which also fits snugly over the valve stem. • The problem: The trim sleeve has no threading or screws to secure it in place, and the screw in the handle base doesn’t reach the valve stem or seem to attach anywhere. It looks like the screw just holds the handle base to the trim sleeve. I’ve tried reverse image searches to identify the model of my shower handle unit, but I’ve come up empty-handed. I’m at a complete loss as to: 1. How to attach the trim sleeve back to the escutcheon/valve stem securely. 2. What role the retaining ring plays in all of this. If anyone could offer advice, resources, or a simple fix (for someone who isn’t super handy), I’d be incredibly grateful! Thank you in advance, and I hope you’re having a wonderful Christmas. https://preview.redd.it/9kzi5o9jr09e1.png?width=451&format=png&auto=webp&s=c0da5b5975e64cdb848063a7c692a8e0c2a3e3c8 https://preview.redd.it/fg5t2p9jr09e1.png?width=495&format=png&auto=webp&s=49acc9aa16c578829dafa92d56d6a555084e1927 https://preview.redd.it/hnawtp9jr09e1.png?width=950&format=png&auto=webp&s=730cc5b4c4c68e0c68208ee7288f9d288dadd2ea https://preview.redd.it/rr5xmp9jr09e1.png?width=199&format=png&auto=webp&s=d6d8eb3ffcfd9ab8638965d780f8bb9bb5487864",https://www.reddit.com/r/Plumbing/comments/1hm3hf3/shower_handle_repair_help_stuck_with_retaining/,1,1,https://www.reddit.com/r/Plumbing/comments/1hm3hf3/shower_handle_repair_help_stuck_with_retaining/,loose trim,needs_review_low_signal,,manual_review_pending,,low_risk_diy,0.82,cosmetic_or_minor_finish:\btrim\b,"{""low_risk_diy"": 2.2}",no,,,,,MR0033,low_risk_diy,1,Patrick,,
1pl7b9h,HomeMaintenance,2025-12-13T00:05:57+00:00,Siding paint peeling with light touch,"I noticed the paint layer was separating and decided to see how bad it was. Oops! What I think I'm looking at is 60 year old cedar shingles with two year old latex paint added by ""investors"". Now the latex paint is just falling off as the shingles absorb atmospheric moisture. I'm in western WA. It's very wet here. I have no idea what kind of envelope is under the shingles. I believe the shingles to be original to the build in 1965, but could be from a major reno in the 80s. I bought a house a year ago. I've lived in apartments and condos my entire life and never had to think about how to maintain the exterior of a home, but otherwise I'm pretty handy and good at problem solving. Please tell me what I need to do to protect the home both short term and long term. I don't have an HOA, so I don't have to immediately make it look perfect. I have some time to do what I want as long as I'm not making things worse. Do I need to paint or stain it at all? Is there some sort of oil I can use? if I paint, how do I get it to adhere / what kind of paint do I need? I'm guessing there's some oil or stain that's keeping the latex from adhering. Since this is cedar, can I ignore this (aside from the obvious poor appearance).","Siding paint peeling with light touch I noticed the paint layer was separating and decided to see how bad it was. Oops! What I think I'm looking at is 60 year old cedar shingles with two year old latex paint added by ""investors"". Now the latex paint is just falling off as the shingles absorb atmospheric moisture. I'm in western WA. It's very wet here. I have no idea what kind of envelope is under the shingles. I believe the shingles to be original to the build in 1965, but could be from a major reno in the 80s. I bought a house a year ago. I've lived in apartments and condos my entire life and never had to think about how to maintain the exterior of a home, but otherwise I'm pretty handy and good at problem solving. Please tell me what I need to do to protect the home both short term and long term. I don't have an HOA, so I don't have to immediately make it look perfect. I have some time to do what I want as long as I'm not making things worse. Do I need to paint or stain it at all? Is there some sort of oil I can use? if I paint, how do I get it to adhere / what kind of paint do I need? I'm guessing there's some oil or stain that's keeping the latex from adhering. Since this is cedar, can I ignore this (aside from the obvious poor appearance).",https://www.reddit.com/r/HomeMaintenance/comments/1pl7b9h/siding_paint_peeling_with_light_touch/,1,8,https://www.reddit.com/r/HomeMaintenance/comments/1pl7b9h/siding_paint_peeling_with_light_touch/,paint peeling,needs_review_low_signal,,manual_review_pending,,low_risk_diy,0.82,cosmetic_or_minor_finish:\bpaint(?:ing|ed)?\b,"{""low_risk_diy"": 2.2}",no,,,,,MR0038,low_risk_diy,1,Patrick,,
1tfgerq,Plumbing,2026-05-17T05:33:37+00:00,Please help - shower drain caulking,"I ripped some silicone off with toothbrush while cleaning. I showered, then realized it could be bad. So I ripped the rest of the silicone off and am planning to recaulk it. I can’t get all the silicone off though. Is it okay just to caulk over it? And is the silicone around the drain just an extra layer of protection/for visual?","Please help - shower drain caulking I ripped some silicone off with toothbrush while cleaning. I showered, then realized it could be bad. So I ripped the rest of the silicone off and am planning to recaulk it. I can’t get all the silicone off though. Is it okay just to caulk over it? And is the silicone around the drain just an extra layer of protection/for visual?",https://www.reddit.com/r/Plumbing/comments/1tfgerq/please_help_shower_drain_caulking/,1,1,https://i.redd.it/xysrvspiwm1h1.jpeg,caulk,needs_review_low_signal,,manual_review_pending,,low_risk_diy,0.82,cosmetic_or_minor_finish:\bcaulk(?:ing)?\b,"{""low_risk_diy"": 2.2}",no,,,,,MR0044,low_risk_diy,1,Patrick,,
1qlhqol,MechanicAdvice,2026-01-24T08:33:07+00:00,Engine oil in the brake fluid,"I’m in England - not sure if location is relevant. Re: 2017 Kia Sportage Brakes failed, felt “spongy”, barely responsive, but worked eventually if pressed hard enough. Took it to the local garage who’d done a recent service, they said “ABS pump failure, take it to Kia”… took it to a second local garage, “we can get you a new ABS pump, but it’s on back order”. So we took it to Kia. Kia have found engine oil in the brake fluid, said it’s going to cost in the region of £2000 to fix, and asked “Have you had it serviced lately? Someone’s likely made a mistake.” Google agrees, it’s likely to be human error. Do you agree? Is it likely to have happened during the service? What do we do next? Obviously we’re going to have to pay for it to be repaired, but do we take this up with the servicing garage? If so, how? Should I be posting this in r/LegalAdviceUK?","Engine oil in the brake fluid I’m in England - not sure if location is relevant. Re: 2017 Kia Sportage Brakes failed, felt “spongy”, barely responsive, but worked eventually if pressed hard enough. Took it to the local garage who’d done a recent service, they said “ABS pump failure, take it to Kia”… took it to a second local garage, “we can get you a new ABS pump, but it’s on back order”. So we took it to Kia. Kia have found engine oil in the brake fluid, said it’s going to cost in the region of £2000 to fix, and asked “Have you had it serviced lately? Someone’s likely made a mistake.” Google agrees, it’s likely to be human error. Do you agree? Is it likely to have happened during the service? What do we do next? Obviously we’re going to have to pay for it to be repaired, but do we take this up with the servicing garage? If so, how? Should I be posting this in r/LegalAdviceUK?",https://www.reddit.com/r/MechanicAdvice/comments/1qlhqol/engine_oil_in_the_brake_fluid/,0,3,https://www.reddit.com/r/MechanicAdvice/comments/1qlhqol/engine_oil_in_the_brake_fluid/,brake failure,needs_review_unclear,,manual_review_pending,,urgent_safety_risk,0.95,vehicle_brake_wheel_or_steering_danger:\bbrake(?:s)? fail(?:ed|ing|ure)?\b,"{""urgent_safety_risk"": 3.5}",no,,,,,MR0047,urgent_safety_risk,1,Patrick,,
1s6hpfb,Plumbing,2026-03-29T01:13:52+00:00,Reverse Osmosis connection help,"Hi all, I nearly flooded my kitchen a few times. I have been trying to connect a new RO system to my cold water outlet. I have a SharkBite 3/8” comp double valve outlet from the wall. I want to connect the 3/8” pex inlet to the RO to one of the free valves. I tried using a plastic ferrule and a metal tube for the pex to compression fitting but it leaked. Then I tried the metal ferrule that it came with but also didnt work. I would love to use a push-to-connect fitting like I have for a 1/4” pex but I cant find anything that will work with my setup. I did cut the pipe as straight as I coukd and made sure there are no scratches on it. Any advice is appreciated.","Reverse Osmosis connection help Hi all, I nearly flooded my kitchen a few times. I have been trying to connect a new RO system to my cold water outlet. I have a SharkBite 3/8” comp double valve outlet from the wall. I want to connect the 3/8” pex inlet to the RO to one of the free valves. I tried using a plastic ferrule and a metal tube for the pex to compression fitting but it leaked. Then I tried the metal ferrule that it came with but also didnt work. I would love to use a push-to-connect fitting like I have for a 1/4” pex but I cant find anything that will work with my setup. I did cut the pipe as straight as I coukd and made sure there are no scratches on it. Any advice is appreciated.",https://www.reddit.com/r/Plumbing/comments/1s6hpfb/reverse_osmosis_connection_help/,2,8,https://www.reddit.com/gallery/1s6hpfb,flooding,needs_review_urgent_signal,,manual_review_pending,,urgent_safety_risk,0.77,active_flooding_or_sewage:\bflooded\b; contained_water_damage:\bleak(?:s|ing|ed)?\b; trade_system_issue:\boutlets?\b; cosmetic_or_minor_finish:\bscratch(?:es|ed)?\b,"{""low_risk_diy"": 2.2, ""medium_risk_call_pro"": 4.0, ""urgent_safety_risk"": 3.0}",yes,,,,,MR0056,needs_human_review,1,Patrick,,
yynq8p,askanelectrician,2022-11-18T16:09:47+00:00,"Outlet sparked as I plugged an 800w heater, now the outlet doesn't provide power (breaker didn't trip)","Couple weeks ago I tried plugging a small, portable heater (800w, 110v), it sparked and now I no longer have power on that outlet. I initially thought a breaker had tripped, but checking the breaker box I didn't find any tripped. tried turning them all off an on again, just to be sure. Didn't change anything. Heater continues working, and as far as I can tell, none of the other outlets on the house were affected (I will double-check it in an hour though and update the thread if necessary). I was going to call an electrician but maybe if it isn't something too complex or dangerous I can solve it on my own. I don't have a whole lot of electrical experience but I do understand a thing or two about electronics and I can reason fairly well about systems in general. Edit: Forgot to say, but it is \***not**\* a GFCI outlet. Edit 2: I have found another outlet just above the kitchen sink that also doesn't have electricity. I don't remember having ever used this specific outlet (have been living here for 3 years) so I don't know if it ever worked before. From the exterior, I can't see anything to indicate it as being an GFCI outlet, and as far as I know, GFCI outlets are rarely ever used in Brazil. But at the same time, the kitchen sink seems like the best place to put a GFCI outlet, so I will try to turn everything off and open this outlet to see if I can find anything wrong.","Outlet sparked as I plugged an 800w heater, now the outlet doesn't provide power (breaker didn't trip) Couple weeks ago I tried plugging a small, portable heater (800w, 110v), it sparked and now I no longer have power on that outlet. I initially thought a breaker had tripped, but checking the breaker box I didn't find any tripped. tried turning them all off an on again, just to be sure. Didn't change anything. Heater continues working, and as far as I can tell, none of the other outlets on the house were affected (I will double-check it in an hour though and update the thread if necessary). I was going to call an electrician but maybe if it isn't something too complex or dangerous I can solve it on my own. I don't have a whole lot of electrical experience but I do understand a thing or two about electronics and I can reason fairly well about systems in general. Edit: Forgot to say, but it is \***not**\* a GFCI outlet. Edit 2: I have found another outlet just above the kitchen sink that also doesn't have electricity. I don't remember having ever used this specific outlet (have been living here for 3 years) so I don't know if it ever worked before. From the exterior, I can't see anything to indicate it as being an GFCI outlet, and as far as I know, GFCI outlets are rarely ever used in Brazil. But at the same time, the kitchen sink seems like the best place to put a GFCI outlet, so I will try to turn everything off and open this outlet to see if I can find anything wrong.",https://www.reddit.com/r/askanelectrician/comments/yynq8p/outlet_sparked_as_i_plugged_an_800w_heater_now/,1,7,https://www.reddit.com/r/askanelectrician/comments/yynq8p/outlet_sparked_as_i_plugged_an_800w_heater_now/,sparking outlet,needs_review_medium_signal,,manual_review_pending,,urgent_safety_risk,0.82,fire_smoke_or_sparks:\bspark(?:s|ing|ed)?\b(?!\s+plugs?\b); trade_system_issue:\bbreaker\b,"{""medium_risk_call_pro"": 2.0, ""urgent_safety_risk"": 3.5}",no,,,,,MR0061,urgent_safety_risk,1,Patrick,,
1gp6mik,HomeMaintenance,2024-11-11T23:30:20+00:00,Outdoor Outlets Going Out Intermittently. Fix Advice?,"Hi all, homeowner in Western PA here. I recently bought a ~1990 built home and there are two outdoor power outlets, one in the front and one in the back. Pretty standard looking - 2 grounded plugs in a covered metal box, going to 15 Amp breakers. I've been doing various outdoor yardwork lately, and I noticed that the outlet in the back is acting strange. Basically, a few times now I've been able to plug in a tool (like a drill or leaf blower) and it will run for 10-15 minutes and then both plug ports will die. It's not tripping breakers, causing a spark, or impacting any other outlets or anything unusual - just not giving power. But the weird thing is that it will come back to life a day or two later without me resetting power or anything. I can't for the life of me figure out why that would be. Could anybody tell me the best way to diagnose or fix? I am reasonably experienced with basic electrical jobs (have replaced dozens of outlets, switches, and fixtures). I haven't done an outdoor plug swap, but doesn't seem too hard. If that's the simplest way to start, I'll do that - but figured I'd ask the pros first! Thanks! EDIT: I guess it's worth noting that these aren't GCFI outlets, which I'm assuming they probably should be for outdoor use. My guess is they're original at ~25 years old. Maybe best to replace them both with more modern boxes and GCFIs anyway?","Outdoor Outlets Going Out Intermittently. Fix Advice? Hi all, homeowner in Western PA here. I recently bought a ~1990 built home and there are two outdoor power outlets, one in the front and one in the back. Pretty standard looking - 2 grounded plugs in a covered metal box, going to 15 Amp breakers. I've been doing various outdoor yardwork lately, and I noticed that the outlet in the back is acting strange. Basically, a few times now I've been able to plug in a tool (like a drill or leaf blower) and it will run for 10-15 minutes and then both plug ports will die. It's not tripping breakers, causing a spark, or impacting any other outlets or anything unusual - just not giving power. But the weird thing is that it will come back to life a day or two later without me resetting power or anything. I can't for the life of me figure out why that would be. Could anybody tell me the best way to diagnose or fix? I am reasonably experienced with basic electrical jobs (have replaced dozens of outlets, switches, and fixtures). I haven't done an outdoor plug swap, but doesn't seem too hard. If that's the simplest way to start, I'll do that - but figured I'd ask the pros first! Thanks! EDIT: I guess it's worth noting that these aren't GCFI outlets, which I'm assuming they probably should be for outdoor use. My guess is they're original at ~25 years old. Maybe best to replace them both with more modern boxes and GCFIs anyway?",https://www.reddit.com/r/HomeMaintenance/comments/1gp6mik/outdoor_outlets_going_out_intermittently_fix/,1,0,https://www.reddit.com/r/HomeMaintenance/comments/1gp6mik/outdoor_outlets_going_out_intermittently_fix/,sparking outlet,needs_review_urgent_signal,,manual_review_pending,,urgent_safety_risk,0.82,fire_smoke_or_sparks:\bspark(?:s|ing|ed)?\b(?!\s+plugs?\b); trade_system_issue:\boutlets?\b,"{""medium_risk_call_pro"": 2.0, ""urgent_safety_risk"": 3.5}",no,,,,,MR0064,urgent_safety_risk,1,Patrick,,
1m54sh5,HomeMaintenance,2025-07-21T00:32:51+00:00,Porch is Spider City. I'd like to be able to hang out there occasionally.,"I live in a 1920s bungalow with an enclosed porch. I know very little about home repairs but I'm learning. There's lots of gaps to the outside and lots of wood in poor condition. Pics 1-3 show the exterior front corner. That trim piece (pic 1) has a matching one on the outside. In between is a few inches of open space, though some previous owner shoved some styrofoam cylinders into it (pic 2). Pic 3 shows the floor at that corner - the boards and quarter round immediately touching the brick are all loose, but don't feel rotted. I do want the option to put a chair in this corner, so this is something that meeds addressing. The previous owners had a big rock covering the hole. Pic 4 and 5 show gaps between the floor and the house. Pic 4 is along the door wall, leading into the house and Pic 5 shows what's happening under the threshold. Pic 6 shows the condition of the wood at the door to the outside - the few inches of wood sticking outside have almost no paint left on them. Pic 7 shows the rotted wood on the front of the porch. I don't think I can remove the wood without demo'ing the whole window area too, which I don't want to do this year. My goal is to seal up the cracks, throw some paint on, and make it nicER to hang out on. If I stay in this house long enough I intend to hire someone to un-enclose it. But for now I want to give it something closer to the landlord special. Please - any advice on products, safety, tutorials would be much appreciated.","Porch is Spider City. I'd like to be able to hang out there occasionally. I live in a 1920s bungalow with an enclosed porch. I know very little about home repairs but I'm learning. There's lots of gaps to the outside and lots of wood in poor condition. Pics 1-3 show the exterior front corner. That trim piece (pic 1) has a matching one on the outside. In between is a few inches of open space, though some previous owner shoved some styrofoam cylinders into it (pic 2). Pic 3 shows the floor at that corner - the boards and quarter round immediately touching the brick are all loose, but don't feel rotted. I do want the option to put a chair in this corner, so this is something that meeds addressing. The previous owners had a big rock covering the hole. Pic 4 and 5 show gaps between the floor and the house. Pic 4 is along the door wall, leading into the house and Pic 5 shows what's happening under the threshold. Pic 6 shows the condition of the wood at the door to the outside - the few inches of wood sticking outside have almost no paint left on them. Pic 7 shows the rotted wood on the front of the porch. I don't think I can remove the wood without demo'ing the whole window area too, which I don't want to do this year. My goal is to seal up the cracks, throw some paint on, and make it nicER to hang out on. If I stay in this house long enough I intend to hire someone to un-enclose it. But for now I want to give it something closer to the landlord special. Please - any advice on products, safety, tutorials would be much appreciated.",https://www.reddit.com/r/HomeMaintenance/comments/1m54sh5/porch_is_spider_city_id_like_to_be_able_to_hang/,1,1,https://www.reddit.com/gallery/1m54sh5,loose trim,needs_review_low_signal,,manual_review_pending,,low_risk_diy,0.82,cosmetic_or_minor_finish:\bpaint(?:ing|ed)?\b,"{""low_risk_diy"": 2.2}",no,,,,,MR0065,low_risk_diy,1,Patrick,,
1swelbw,Plumbing,2026-04-26T17:58:20+00:00,Caulk less shower drain question,"I paid a plumber to put it a shower pan, but looking at videos online it seems my 2 inch pipe was cut too low. Correct me if I am wrong and what can I do to fix it? There is about a 1/2'' between the top of the gasket and the pipe. Thanks.","Caulk less shower drain question I paid a plumber to put it a shower pan, but looking at videos online it seems my 2 inch pipe was cut too low. Correct me if I am wrong and what can I do to fix it? There is about a 1/2'' between the top of the gasket and the pipe. Thanks.",https://www.reddit.com/r/Plumbing/comments/1swelbw/caulk_less_shower_drain_question/,1,0,https://i.redd.it/4g57xbu7qkxg1.jpeg,caulk,needs_review_low_signal,,manual_review_pending,,low_risk_diy,0.82,cosmetic_or_minor_finish:\bcaulk(?:ing)?\b,"{""low_risk_diy"": 2.2}",no,,,,,MR0071,low_risk_diy,1,Patrick,,
1mb902a,hvacadvice,2025-07-28T06:39:07+00:00,Circular device near furnace leaking black water during heavy rains,"Some pictures of what I'm referring. Some context: I've lived in this very old house for about 6 years after buying it following my grandfather's passing (the previous owner). A lot of the stuff in the house has been ""jury rigged"" as my grandpa was an old redneck who DIY fixed stuff with whatever he happened to have on hand. Just recently this circular device on the wall has started leaking black, soot-y water during periods of heavy rain. It's a fuel oil furnace, for reference. I assume the device is attached to the chimney in some way but I have no prior knowledge of any of that stuff. I touched it to see if maybe I could remove it and clean it out or something, but it seemed very fragile to the touch (like almost flaking away, or something). Any advice or tips would be greatly appreciated, as I don't know anything about this sort of thing. I have no idea what the object is called or it's function. If it's something I can potentially fix on my own I'd obviously like to pursue that route first before contacting a specialist. Thanks in advance.","Circular device near furnace leaking black water during heavy rains Some pictures of what I'm referring. Some context: I've lived in this very old house for about 6 years after buying it following my grandfather's passing (the previous owner). A lot of the stuff in the house has been ""jury rigged"" as my grandpa was an old redneck who DIY fixed stuff with whatever he happened to have on hand. Just recently this circular device on the wall has started leaking black, soot-y water during periods of heavy rain. It's a fuel oil furnace, for reference. I assume the device is attached to the chimney in some way but I have no prior knowledge of any of that stuff. I touched it to see if maybe I could remove it and clean it out or something, but it seemed very fragile to the touch (like almost flaking away, or something). Any advice or tips would be greatly appreciated, as I don't know anything about this sort of thing. I have no idea what the object is called or it's function. If it's something I can potentially fix on my own I'd obviously like to pursue that route first before contacting a specialist. Thanks in advance.",https://www.reddit.com/r/hvacadvice/comments/1mb902a/circular_device_near_furnace_leaking_black_water/,1,0,https://www.reddit.com/gallery/1mb902a,fuel leak,needs_review_medium_signal,,manual_review_pending,,medium_risk_call_pro,0.95,contained_water_damage:\bleak(?:s|ing|ed)?\b; trade_system_issue:\bfurnace\b,"{""medium_risk_call_pro"": 4.0}",no,,,,,MR0077,medium_risk_call_pro,1,Patrick,,
6pouzf,HomeMaintenance,2017-07-26T15:38:58+00:00,I have a door where a hinge just started to bind.,"I hired an ""expert"" to install 5 doors. He installed every single one incorrectly. I used to think it was 4/5. Now #5 has started to shudder when I get it about halfway open. Nothing has changed that I can see. I finally sanded the trim to get ready for paint, can't see what that would do. And that was a week ago. The door was hung about 5 years ago. The guy who did it has since died. Not that I would go back to him to fix anything. The gap has always been uneven from top to bottom, but it never affected the door before. It was probably always 5/5 now that I think about it. How do I tell if it's just one hinge? I've tried putting my hand near each hinge to see if I can feel anything. The hinges do not appear to be loose from the door or frame. Not sure what to do.","I have a door where a hinge just started to bind. I hired an ""expert"" to install 5 doors. He installed every single one incorrectly. I used to think it was 4/5. Now #5 has started to shudder when I get it about halfway open. Nothing has changed that I can see. I finally sanded the trim to get ready for paint, can't see what that would do. And that was a week ago. The door was hung about 5 years ago. The guy who did it has since died. Not that I would go back to him to fix anything. The gap has always been uneven from top to bottom, but it never affected the door before. It was probably always 5/5 now that I think about it. How do I tell if it's just one hinge? I've tried putting my hand near each hinge to see if I can feel anything. The hinges do not appear to be loose from the door or frame. Not sure what to do.",https://www.reddit.com/r/HomeMaintenance/comments/6pouzf/i_have_a_door_where_a_hinge_just_started_to_bind/,2,11,https://www.reddit.com/r/HomeMaintenance/comments/6pouzf/i_have_a_door_where_a_hinge_just_started_to_bind/,loose trim,needs_review_low_signal,,manual_review_pending,,low_risk_diy,0.82,cosmetic_or_minor_finish:\bpaint(?:ing|ed)?\b,"{""low_risk_diy"": 2.2}",no,,,,,MR0078,low_risk_diy,1,Patrick,,
164knjx,HomeMaintenance,2023-08-29T14:54:38+00:00,Home Maintenance List,"Hi all! I’m a newish homeowner and wanted to make sure that I’m covering my bases in regard to seasonal home maintenance. Would someone be willing to look at my list below and give me some feedback? Spring House Maintenance LIst (March April and May) Inspect roofing for missing, loose, or damaged shingles and leaks. Inspect lawn mower Inspect and redistribute gravel in driveway Clean window and door screens. Polish wood furniture and dust light fixtures. Refinish (stain and seal) and clean the deck. Power-wash windows and siding (Including painted parts of the house) Remove leaves and debris from gutters and downspouts. Replace the batteries in smoke and carbon monoxide detectors. Have a professional inspect and pump the septic tank. Inspect sink, toilet/flapper, shower, and bath caulking for deterioration. Vacuum lint from the dryer vent. Inspect the chimney for damage. Repair or replace caulking and weather stripping around windows, doors, and mechanicals. Remove the insulation from outdoor faucets and check sprinkler heads. Have an air-conditioning system serviced. Drain or flush the water heater. Fertilize and reseed lawn. Cut down wheat in front of the house. Clean kitchen counters and cabinets inside and out Summer House Maintenance List (June, July and August) Oil garage-door opener and chain, garage door, and all door hinges. Spray and/or pull weeds Remove lint from inside and outside washer hoses and dryer vents. Clean kitchen exhaust fan filter. Clean refrigerator and freezer coils and empty and clean drip trays. Check the dishwasher for leaks. Check around kitchen and bathroom cabinets and around toilets/flapper for leaks. Replace interior and exterior faucet and shower head washers if needed. Seal tile grout. Prune trees and shrubs. Clean kitchen cabinets inside and out Bathrooms Clean showers/tubs Clean faucets/shower heads and sinks Fall House Maintenance List (September, October and November) Inspect leaf blower Inspect and redistribute gravel in driveway Rake leaves Have water softener checked/serviced. Have the forced-air heating system inspected by a professional. Schedule an inspection in late summer or early fall before the heating season begins. Check the fireplace for damage or hazards and clean fireplace flues. Seal cracks and gaps in windows and doors with caulk or weather stripping; replace if necessary. Swap old, drafty windows for more energy-efficient models. Touch up exterior siding and trim with paint. Inspect roofing for missing, loose, or damaged shingles and leaks. Power-wash windows and siding. Remove leaves and debris from gutters and downspouts. Mend cracks and gaps in the driveway and walkway. Drain and winterize exterior plumbing. Have the fireplace professionally inspected. Tune up major home appliances before the holidays. Repair or replace siding. Clean pipes and vents leading outside in and inside out Replace the batteries in smoke and carbon monoxide detectors. Clean the rugs. Clean window and door screens. Vacuum lint from the dryer vent. Inspect exterior door hardware; fix squeaky handles and loose locks. Check for frayed cords and wires. Drain and store hoses, and drain in-ground sprinkler systems. Wrap insulation around outdoor faucets and pipes in unheated garages. Check the water heater for leaks. Winter House Maintenance List (December, January and February) Cover air-conditioning unit. Check the basement for leaks during thaws. Inspect the roof, gutters, and downspouts for damage after storms. Vacuum bathroom exhaust fan grill. Vacuum refrigerator and freezer coils and empty and clean drip trays. Clean drains in sinks, tubs, showers, and dishwashers.","Home Maintenance List Hi all! I’m a newish homeowner and wanted to make sure that I’m covering my bases in regard to seasonal home maintenance. Would someone be willing to look at my list below and give me some feedback? Spring House Maintenance LIst (March April and May) Inspect roofing for missing, loose, or damaged shingles and leaks. Inspect lawn mower Inspect and redistribute gravel in driveway Clean window and door screens. Polish wood furniture and dust light fixtures. Refinish (stain and seal) and clean the deck. Power-wash windows and siding (Including painted parts of the house) Remove leaves and debris from gutters and downspouts. Replace the batteries in smoke and carbon monoxide detectors. Have a professional inspect and pump the septic tank. Inspect sink, toilet/flapper, shower, and bath caulking for deterioration. Vacuum lint from the dryer vent. Inspect the chimney for damage. Repair or replace caulking and weather stripping around windows, doors, and mechanicals. Remove the insulation from outdoor faucets and check sprinkler heads. Have an air-conditioning system serviced. Drain or flush the water heater. Fertilize and reseed lawn. Cut down wheat in front of the house. Clean kitchen counters and cabinets inside and out Summer House Maintenance List (June, July and August) Oil garage-door opener and chain, garage door, and all door hinges. Spray and/or pull weeds Remove lint from inside and outside washer hoses and dryer vents. Clean kitchen exhaust fan filter. Clean refrigerator and freezer coils and empty and clean drip trays. Check the dishwasher for leaks. Check around kitchen and bathroom cabinets and around toilets/flapper for leaks. Replace interior and exterior faucet and shower head washers if needed. Seal tile grout. Prune trees and shrubs. Clean kitchen cabinets inside and out Bathrooms Clean showers/tubs Clean faucets/shower heads and sinks Fall House Maintenance List (September, October and November) Inspect leaf blower Inspect and redistribute gravel in driveway Rake leaves Have water softener checked/serviced. Have the forced-air heating system inspected by a professional. Schedule an inspection in late summer or early fall before the heating season begins. Check the fireplace for damage or hazards and clean fireplace flues. Seal cracks and gaps in windows and doors with caulk or weather stripping; replace if necessary. Swap old, drafty windows for more energy-efficient models. Touch up exterior siding and trim with paint. Inspect roofing for missing, loose, or damaged shingles and leaks. Power-wash windows and siding. Remove leaves and debris from gutters and downspouts. Mend cracks and gaps in the driveway and walkway. Drain and winterize exterior plumbing. Have the fireplace professionally inspected. Tune up major home appliances before the holidays. Repair or replace siding. Clean pipes and vents leading outside in and inside out Replace the batteries in smoke and carbon monoxide detectors. Clean the rugs. Clean window and door screens. Vacuum lint from the dryer vent. Inspect exterior door hardware; fix squeaky handles and loose locks. Check for frayed cords and wires. Drain and store hoses, and drain in-ground sprinkler systems. Wrap insulation around outdoor faucets and pipes in unheated garages. Check the water heater for leaks. Winter House Maintenance List (December, January and February) Cover air-conditioning unit. Check the basement for leaks during thaws. Inspect the roof, gutters, and downspouts for damage after storms. Vacuum bathroom exhaust fan grill. Vacuum refrigerator and freezer coils and empty and clean drip trays. Clean drains in sinks, tubs, showers, and dishwashers.",https://www.reddit.com/r/HomeMaintenance/comments/164knjx/home_maintenance_list/,12,4,https://www.reddit.com/r/HomeMaintenance/comments/164knjx/home_maintenance_list/,loose trim,needs_review_urgent_signal,,manual_review_pending,,urgent_safety_risk,0.92,gas_or_carbon_monoxide:\bcarbon monoxide\b; fire_smoke_or_sparks:\bsmoke\b; contained_water_damage:\bleak(?:s|ing|ed)?\b; trade_system_issue:\bwater heater\b; cosmetic_or_minor_finish:\bpaint(?:ing|ed)?\b,"{""low_risk_diy"": 2.2, ""medium_risk_call_pro"": 4.0, ""urgent_safety_risk"": 7.5}",no,,,,,MR0082,urgent_safety_risk,1,Patrick,,
1bm082r,HomeMaintenance,2024-03-23T19:13:46+00:00,They pulled my oil tank because it was leaking.,"Hello, My oil tank was leaking and they pulled it out. I changed to an outside tank. Can I put a rubber mat over this area and use it for storage? Is there a way to pull the oil up from the concrete? Thanks","They pulled my oil tank because it was leaking. Hello, My oil tank was leaking and they pulled it out. I changed to an outside tank. Can I put a rubber mat over this area and use it for storage? Is there a way to pull the oil up from the concrete? Thanks",https://www.reddit.com/r/HomeMaintenance/comments/1bm082r/they_pulled_my_oil_tank_because_it_was_leaking/,36,36,https://i.redd.it/qm9xo8w9v4qc1.jpeg,oil change,needs_review_medium_signal,,manual_review_pending,,medium_risk_call_pro,0.80,contained_water_damage:\bleak(?:s|ing|ed)?\b,"{""medium_risk_call_pro"": 2.0}",no,,,,,MR0085,medium_risk_call_pro,1,Patrick,,
1tb73w3,HomeMaintenance,2026-05-12T16:41:10+00:00,Taking care of 3 season sunroom,"Recently purchased a home in Ontario Canada with a 3-season sunroom. It has a small electric fireplace that makes it somewhat usable on colder days/nights during the shoulder seasons, but we shut it down completely in the winter. The room also has large operable windows and a ceiling fan. We’re heading into our second summer with the space and I’m wondering if it makes sense to run a dehumidifier in there when it’s not actively being used. There’s a slight “sunroom smell” / mild mustiness to the space that I’d love to reduce, but there are no obvious signs of mold, leaks, or water issues. Part of my concern is that since this isn’t really a conditioned space, running a dehumidifier might just end up trying to dehumidify the outdoors too — especially with how drafty these rooms can be. Curious if anyone else with a 3-season room or sunroom has dealt with this. Do you run a dehumidifier? Keep windows cracked? Use fans? Lower blinds to block sun when not in use? Any tips for reducing that slightly musty smell without overdoing it?","Taking care of 3 season sunroom Recently purchased a home in Ontario Canada with a 3-season sunroom. It has a small electric fireplace that makes it somewhat usable on colder days/nights during the shoulder seasons, but we shut it down completely in the winter. The room also has large operable windows and a ceiling fan. We’re heading into our second summer with the space and I’m wondering if it makes sense to run a dehumidifier in there when it’s not actively being used. There’s a slight “sunroom smell” / mild mustiness to the space that I’d love to reduce, but there are no obvious signs of mold, leaks, or water issues. Part of my concern is that since this isn’t really a conditioned space, running a dehumidifier might just end up trying to dehumidify the outdoors too — especially with how drafty these rooms can be. Curious if anyone else with a 3-season room or sunroom has dealt with this. Do you run a dehumidifier? Keep windows cracked? Use fans? Lower blinds to block sun when not in use? Any tips for reducing that slightly musty smell without overdoing it?",https://www.reddit.com/r/HomeMaintenance/comments/1tb73w3/taking_care_of_3_season_sunroom/,3,2,https://i.redd.it/3r8og082jq0h1.jpeg,mold,needs_review_medium_signal,,manual_review_pending,,medium_risk_call_pro,0.95,contained_water_damage:\bleak(?:s|ing|ed)?\b; mold_or_foundation_concern:\bmold\b,"{""medium_risk_call_pro"": 4.0}",no,,,,,MR0091,medium_risk_call_pro,1,Patrick,,
1twywa7,MechanicAdvice,2026-06-04T20:04:26+00:00,Stubborn vibration issue on Honda Accord Euro Tourer CL7,"Hello there, I have the car in the title from 2006 with 2.0 I-VTEC K20A engine at 155HP at 223k kms/138k miles with a rotational scraping noise that's coming from driver's side wheel at low speeds and becomes boomy at high speeds. My initial thought was a bad wheel bearing but it also vibrates sometimes and the vibration goes away on its own. Vibration sometimes happens just at the steering wheel and travels to the car itself. Took it to a local shop and the gents said it was the brake disc being warped (not uncommon on hondas i've learned) so rubbing against the pads and caliper so they recommended a change of all of that. I am checking the temperature of the discs and pads after long drives and doesn't look like it's an issue anymore. I have a daily commute to work around 130kms/80 miles roundtrip so the car is never driven short distances or on bumpy roads and gets to the full temperature without issue at every drive. Now that brake disc, caliper and the pads are changed the noise and the occasional vibration is still there and I definitely am planning to take it somewhere else if that's the case. I can't find anything else that can be the cause of it but i am also not sure if bad wheel bearings can cause vibration, especially one that isn't permanent. Open to ideas and suggestions and thank you in advance.","Stubborn vibration issue on Honda Accord Euro Tourer CL7 Hello there, I have the car in the title from 2006 with 2.0 I-VTEC K20A engine at 155HP at 223k kms/138k miles with a rotational scraping noise that's coming from driver's side wheel at low speeds and becomes boomy at high speeds. My initial thought was a bad wheel bearing but it also vibrates sometimes and the vibration goes away on its own. Vibration sometimes happens just at the steering wheel and travels to the car itself. Took it to a local shop and the gents said it was the brake disc being warped (not uncommon on hondas i've learned) so rubbing against the pads and caliper so they recommended a change of all of that. I am checking the temperature of the discs and pads after long drives and doesn't look like it's an issue anymore. I have a daily commute to work around 130kms/80 miles roundtrip so the car is never driven short distances or on bumpy roads and gets to the full temperature without issue at every drive. Now that brake disc, caliper and the pads are changed the noise and the occasional vibration is still there and I definitely am planning to take it somewhere else if that's the case. I can't find anything else that can be the cause of it but i am also not sure if bad wheel bearings can cause vibration, especially one that isn't permanent. Open to ideas and suggestions and thank you in advance.",https://www.reddit.com/r/MechanicAdvice/comments/1twywa7/stubborn_vibration_issue_on_honda_accord_euro/,1,1,https://www.reddit.com/r/MechanicAdvice/comments/1twywa7/stubborn_vibration_issue_on_honda_accord_euro/,brake pads,needs_review_unclear,,manual_review_pending,,medium_risk_call_pro,0.80,vehicle_mechanical_system_issue:\bcalipers?\b,"{""medium_risk_call_pro"": 2.0}",no,,,,,MR0093,medium_risk_call_pro,1,Patrick,,
10ri5ky,homeowners,2023-02-02T05:43:37+00:00,mortgage servicing issue,"So yes, my loan got transferred from Mr.Cooper to these guys. Previous to that, I was awarded 18 months of HAF funding at 697.12 a month. But since Roundpoint raised my monthly payment I'm forced to wait for the HAF payment to come in before I pay the remainder from my bank account. Regarding the february payment what they did was put the entire 697.12 from haf into principal, and when I went to pay the rest of the monthly payment it has taken a long time to process because ""they had to get the money off principal"". I asked them to never do this again,to just put the money into suspense balance or something like that,but they said I'd need to sign off a form to do that. Last I heard from them the monthly payment should process before monday the 6th, even though I submitted payment on the 27th of january. Anyone heard of something like this before?","mortgage servicing issue So yes, my loan got transferred from Mr.Cooper to these guys. Previous to that, I was awarded 18 months of HAF funding at 697.12 a month. But since Roundpoint raised my monthly payment I'm forced to wait for the HAF payment to come in before I pay the remainder from my bank account. Regarding the february payment what they did was put the entire 697.12 from haf into principal, and when I went to pay the rest of the monthly payment it has taken a long time to process because ""they had to get the money off principal"". I asked them to never do this again,to just put the money into suspense balance or something like that,but they said I'd need to sign off a form to do that. Last I heard from them the monthly payment should process before monday the 6th, even though I submitted payment on the 27th of january. Anyone heard of something like this before?",https://www.reddit.com/r/homeowners/comments/10ri5ky/mortgage_servicing_issue/,1,3,https://www.reddit.com/r/homeowners/comments/10ri5ky/mortgage_servicing_issue/,suspension,needs_review_unclear,,manual_review_pending,,,0.00,no_labeling_function_matched,{},yes,,,,,MR0098,needs_human_review,1,Patrick,,
1tdbg35,HomeMaintenance,2026-05-14T21:11:23+00:00,Kitchen flooded into basement below. Landlord doesn't have someone coming for several days. How do we mitigate damage?,"EDIT: thank you so much everyone for all of your helpful advice! I am a bit stressed and struggling to respond to everything but I appreciate it a ton, thank you His brother in law installed our dishwasher. It managed to flood the entire kitchen (second floor) while we were out last night, and there's a large chunk of the ceiling in the garage that's split and sagging (ground floor) and it poured out of all of the light fixtures and also down the walls and light switches. **We turned off the breakers, shut off the water, and cleaned up the water as best as we could. We also opened windows and turned on fans.** Our landlord has called his brother in law (who as far as I know is not licensed for anything) to come take a look at the damage. The brother in law did not show up today and says something came up and he's busy. My main concern is there is extensive damage. We've sent videos and photos of everything but the landlord won't call a professional. I had extended mold exposure growing up and I'm not interested in another mold rodeo. I'm assuming the ceiling will have to be ripped out a bit, which obviously we can't do, but is there anything we can do in the meantime to inhibit mold growth? Thank you so much in advance!","Kitchen flooded into basement below. Landlord doesn't have someone coming for several days. How do we mitigate damage? EDIT: thank you so much everyone for all of your helpful advice! I am a bit stressed and struggling to respond to everything but I appreciate it a ton, thank you His brother in law installed our dishwasher. It managed to flood the entire kitchen (second floor) while we were out last night, and there's a large chunk of the ceiling in the garage that's split and sagging (ground floor) and it poured out of all of the light fixtures and also down the walls and light switches. **We turned off the breakers, shut off the water, and cleaned up the water as best as we could. We also opened windows and turned on fans.** Our landlord has called his brother in law (who as far as I know is not licensed for anything) to come take a look at the damage. The brother in law did not show up today and says something came up and he's busy. My main concern is there is extensive damage. We've sent videos and photos of everything but the landlord won't call a professional. I had extended mold exposure growing up and I'm not interested in another mold rodeo. I'm assuming the ceiling will have to be ripped out a bit, which obviously we can't do, but is there anything we can do in the meantime to inhibit mold growth? Thank you so much in advance!",https://www.reddit.com/r/HomeMaintenance/comments/1tdbg35/kitchen_flooded_into_basement_below_landlord/,746,196,https://v.redd.it/1e443n53561h1,mold,needs_review_urgent_signal,,manual_review_pending,,urgent_safety_risk,0.77,active_flooding_or_sewage:\bflooded\b; mold_or_foundation_concern:\bmold\b,"{""medium_risk_call_pro"": 2.0, ""urgent_safety_risk"": 3.0}",no,,,,,MR0101,urgent_safety_risk,1,Patrick,,
1tqs3iz,HomeImprovement,2026-05-29T05:29:28+00:00,almost finalised glossy white modular kitchen. one designer comment made me redo the entire spec,"Planning a modular kitchen for our place. spent 2 months designing, galley layout, glossy white shutters, breakfast counter, the works. Walked into a meeting with an interior designer for second-opinion (not even hiring her, just a friend's reco). she looked at my plan for 10 minutes and said one thing that changed everything: \*""if you live in india and cook indian food, glossy white kitchen is a no no.""\* i pushed back. she pulled up photos of 3 of her clients' kitchens 2 years post-install. all glossy white. all with visible smudges, oil discoloration near the hob, fingerprint patterns on every handle area. one had developed a yellow tint near the chimney. i went home and reconsidered. ended up restructuring: \- shutters → royale touche crystal matty+ (texture-matte, hides everything) \- back-splash → still glossy but in a darker shade (forgiving) \- breakfast counter top → matte solid surface \- handles → replaced cabinet-handle design with push-to-open (no handle area to smudge) design still looks premium. maintenance burden dropped by 70% on paper. anyone living with a glossy white indian kitchen long-term? did you find a way to make it work?","almost finalised glossy white modular kitchen. one designer comment made me redo the entire spec Planning a modular kitchen for our place. spent 2 months designing, galley layout, glossy white shutters, breakfast counter, the works. Walked into a meeting with an interior designer for second-opinion (not even hiring her, just a friend's reco). she looked at my plan for 10 minutes and said one thing that changed everything: \*""if you live in india and cook indian food, glossy white kitchen is a no no.""\* i pushed back. she pulled up photos of 3 of her clients' kitchens 2 years post-install. all glossy white. all with visible smudges, oil discoloration near the hob, fingerprint patterns on every handle area. one had developed a yellow tint near the chimney. i went home and reconsidered. ended up restructuring: \- shutters → royale touche crystal matty+ (texture-matte, hides everything) \- back-splash → still glossy but in a darker shade (forgiving) \- breakfast counter top → matte solid surface \- handles → replaced cabinet-handle design with push-to-open (no handle area to smudge) design still looks premium. maintenance burden dropped by 70% on paper. anyone living with a glossy white indian kitchen long-term? did you find a way to make it work?",https://www.reddit.com/r/HomeImprovement/comments/1tqs3iz/almost_finalised_glossy_white_modular_kitchen_one/,0,3,https://www.reddit.com/r/HomeImprovement/comments/1tqs3iz/almost_finalised_glossy_white_modular_kitchen_one/,oil change,needs_review_unclear,,manual_review_pending,,,0.00,no_labeling_function_matched,{},yes,,,,,MR0106,needs_human_review,1,Patrick,,
1jk2gcb,AskMechanics,2025-03-26T03:19:09+00:00,Safelite - damage to Bronco,"Hi everyone. This is my first time posting in here. I just had my windshield replaced (2021 Ford Bronco) due to a substantially large crack that spidered. Safelite came out yesterday and fixed it, or so I thought.. When I got in today, I noticed the wipers seemed ..off? They were not meeting how they normally would and leaving an area of the middle of the windshield still covered in water. At first glance, it appeared the wipers were on backwards. I switched the blades from the driver to the passenger side, but that still didn’t solve the issue. Upon further investigation, we noticed that the molding is lifted from the front of the car, in addition to scratches on both sides. I called Ford and they told me to come in and they would look at it, but they don’t usually fix windshield issues in house and refer out. I called Safelite, obviously furious. The best that they can do is send a tech out Thursday, but I need some advice as to what the problem could be before I have another issue when they return for a second time. Please help 🙏🏼","Safelite - damage to Bronco Hi everyone. This is my first time posting in here. I just had my windshield replaced (2021 Ford Bronco) due to a substantially large crack that spidered. Safelite came out yesterday and fixed it, or so I thought.. When I got in today, I noticed the wipers seemed ..off? They were not meeting how they normally would and leaving an area of the middle of the windshield still covered in water. At first glance, it appeared the wipers were on backwards. I switched the blades from the driver to the passenger side, but that still didn’t solve the issue. Upon further investigation, we noticed that the molding is lifted from the front of the car, in addition to scratches on both sides. I called Ford and they told me to come in and they would look at it, but they don’t usually fix windshield issues in house and refer out. I called Safelite, obviously furious. The best that they can do is send a tech out Thursday, but I need some advice as to what the problem could be before I have another issue when they return for a second time. Please help 🙏🏼",https://www.reddit.com/r/AskMechanics/comments/1jk2gcb/safelite_damage_to_bronco/,0,2,https://www.reddit.com/gallery/1jk2gcb,wiper blades,needs_review_unclear,,manual_review_pending,,low_risk_diy,0.82,cosmetic_or_minor_finish:\bscratch(?:es|ed)?\b,"{""low_risk_diy"": 2.2}",no,,,,,MR0116,low_risk_diy,1,Patrick,,
1bgigow,Plumbing,2024-03-16T22:53:40+00:00,What type of connection is this?,"3/4” water main is tapped for a water softener before it gets to the water heater. What type of fittings are these on the ends of the lines? Installing a water filter and planned on using pex, so I need to know what type of connector to use to go from this copper to the pex. If anybody can ID these I would be grateful. TIA.","What type of connection is this? 3/4” water main is tapped for a water softener before it gets to the water heater. What type of fittings are these on the ends of the lines? Installing a water filter and planned on using pex, so I need to know what type of connector to use to go from this copper to the pex. If anybody can ID these I would be grateful. TIA.",https://www.reddit.com/r/Plumbing/comments/1bgigow/what_type_of_connection_is_this/,1,10,https://www.reddit.com/gallery/1bgigow,fuel leak,needs_review_medium_signal,,manual_review_pending,,medium_risk_call_pro,0.80,trade_system_issue:\bwater heater\b,"{""medium_risk_call_pro"": 2.0}",no,,,,,MR0118,medium_risk_call_pro,1,Patrick,,
1nb4jj9,HomeMaintenance,2025-09-07T20:53:38+00:00,GFCI outlet no longer works,"I have a GFCI outlet in my utility room. The washer was plugged into it. I tried to plug in a GFCI tester, and when I did there was a large spark and the outlet no longer works. I unplugged the washer and tried to reserve the outlet, but no luck. The outlet made a beeping sound. How should I proceed, and are there any safety or fire risks with the outlet?","GFCI outlet no longer works I have a GFCI outlet in my utility room. The washer was plugged into it. I tried to plug in a GFCI tester, and when I did there was a large spark and the outlet no longer works. I unplugged the washer and tried to reserve the outlet, but no luck. The outlet made a beeping sound. How should I proceed, and are there any safety or fire risks with the outlet?",https://www.reddit.com/r/HomeMaintenance/comments/1nb4jj9/gfci_outlet_no_longer_works/,1,13,https://i.redd.it/2uobk22y2tnf1.jpeg,sparking outlet,needs_review_urgent_signal,,manual_review_pending,,urgent_safety_risk,0.82,fire_smoke_or_sparks:\bspark(?:s|ing|ed)?\b(?!\s+plugs?\b); trade_system_issue:\boutlets?\b,"{""medium_risk_call_pro"": 2.0, ""urgent_safety_risk"": 3.5}",no,,,,,MR0119,urgent_safety_risk,1,Patrick,,
1tlvb49,Plumbing,2026-05-23T23:18:55+00:00,Please help,"It has been consistently raining for about a week now and after particularly heavy rainfall last night, my basement flooded but cleared up after I manually triggered the float switch in my sump pump ( I believe it is a vertical float switch ). Water in the pit seems to remain at a high level, completely submerging the pump and keeping the float up all the time. It runs and drains if I go in and gently move the float switch, but it will fill right back up to that water level. The float switch does seem to move just fine on its own when the pit is actively draining and I already checked the check valve and that seems to be fine too. When the basement flooded, I discovered that someone had unplugged the sump pump :/ I don't know if that's an unrelated issue and the water level in the pit is due to water level in the ground from all the rain or if something is wrong with the sump pump","Please help It has been consistently raining for about a week now and after particularly heavy rainfall last night, my basement flooded but cleared up after I manually triggered the float switch in my sump pump ( I believe it is a vertical float switch ). Water in the pit seems to remain at a high level, completely submerging the pump and keeping the float up all the time. It runs and drains if I go in and gently move the float switch, but it will fill right back up to that water level. The float switch does seem to move just fine on its own when the pit is actively draining and I already checked the check valve and that seems to be fine too. When the basement flooded, I discovered that someone had unplugged the sump pump :/ I don't know if that's an unrelated issue and the water level in the pit is due to water level in the ground from all the rain or if something is wrong with the sump pump",https://www.reddit.com/r/Plumbing/comments/1tlvb49/please_help/,1,8,https://i.redd.it/7tzn49x10z2h1.jpeg,flooding,needs_review_urgent_signal,,manual_review_pending,,urgent_safety_risk,0.90,active_flooding_or_sewage:\bflooded\b,"{""urgent_safety_risk"": 3.0}",no,,,,,MR0137,urgent_safety_risk,1,Patrick,,
10enzoc,HomeImprovement,2023-01-17T21:23:43+00:00,Changing oil fueled boiler to natural gas.,"Hi, we live in NY and I’m looking to convert our radiator system which has a heating oil boiler over to a natural gas - or would consider electric. Anyone done this? Idea of costs? Things to look out for? Installing central heating/air in our 93 year old house not an option.","Changing oil fueled boiler to natural gas. Hi, we live in NY and I’m looking to convert our radiator system which has a heating oil boiler over to a natural gas - or would consider electric. Anyone done this? Idea of costs? Things to look out for? Installing central heating/air in our 93 year old house not an option.",https://www.reddit.com/r/HomeImprovement/comments/10enzoc/changing_oil_fueled_boiler_to_natural_gas/,2,3,https://www.reddit.com/r/HomeImprovement/comments/10enzoc/changing_oil_fueled_boiler_to_natural_gas/,oil change,needs_review_urgent_signal,,manual_review_pending,,urgent_safety_risk,0.92,gas_or_carbon_monoxide:\bnatural gas\b; vehicle_mechanical_system_issue:\bradiator\b,"{""medium_risk_call_pro"": 2.0, ""urgent_safety_risk"": 4.0}",no,,,,,MR0138,urgent_safety_risk,1,Patrick,,
1rmr6mg,Plumbing,2026-03-06T21:45:32+00:00,"Caulking a toilet, or changing the wax ring required?","The base of the toilet leaks water, if I leave it untouched for a few days a visible area of water like the one shown in the photo will appear. This is for a toilet in a commercial rental unit, and I will not be here for more than 2 years maximum. I asked the property manager to fix it and the answer was ""all units are as-is"". Can I just caulk around the base of the toilet? Or is it necessary to replace the wax ring? Again, I wont be here more than another 2 years. https://preview.redd.it/7mqvqeg5whng1.jpg?width=4284&format=pjpg&auto=webp&s=b0ba0e07d6e52bf074309171cc104c1bcefffa64 https://preview.redd.it/bwi7kl18whng1.jpg?width=4284&format=pjpg&auto=webp&s=0db5dcf79a57f3d589077e9c188a1537600e9e05","Caulking a toilet, or changing the wax ring required? The base of the toilet leaks water, if I leave it untouched for a few days a visible area of water like the one shown in the photo will appear. This is for a toilet in a commercial rental unit, and I will not be here for more than 2 years maximum. I asked the property manager to fix it and the answer was ""all units are as-is"". Can I just caulk around the base of the toilet? Or is it necessary to replace the wax ring? Again, I wont be here more than another 2 years. https://preview.redd.it/7mqvqeg5whng1.jpg?width=4284&format=pjpg&auto=webp&s=b0ba0e07d6e52bf074309171cc104c1bcefffa64 https://preview.redd.it/bwi7kl18whng1.jpg?width=4284&format=pjpg&auto=webp&s=0db5dcf79a57f3d589077e9c188a1537600e9e05",https://www.reddit.com/r/Plumbing/comments/1rmr6mg/caulking_a_toilet_or_changing_the_wax_ring/,0,12,https://www.reddit.com/r/Plumbing/comments/1rmr6mg/caulking_a_toilet_or_changing_the_wax_ring/,caulk,needs_review_medium_signal,,manual_review_pending,,medium_risk_call_pro,0.67,contained_water_damage:\bleak(?:s|ing|ed)?\b; cosmetic_or_minor_finish:\bcaulk(?:ing)?\b,"{""low_risk_diy"": 2.2, ""medium_risk_call_pro"": 2.0}",yes,,,,,MR0139,needs_human_review,1,Patrick,,
1o0lt7z,HomeMaintenance,2025-10-07T17:47:42+00:00,Roof replaced.. now what ?,Part of my roof was peeled off due to a tornado (MD). Now I have what looks like the tape coming off the ceiling. How do I properly reseal and paint over? Thank you,Roof replaced.. now what ? Part of my roof was peeled off due to a tornado (MD). Now I have what looks like the tape coming off the ceiling. How do I properly reseal and paint over? Thank you,https://www.reddit.com/r/HomeMaintenance/comments/1o0lt7z/roof_replaced_now_what/,1,2,https://www.reddit.com/gallery/1o0lt7z,paint peeling,needs_review_medium_signal,,manual_review_pending,,low_risk_diy,0.82,cosmetic_or_minor_finish:\bpaint(?:ing|ed)?\b,"{""low_risk_diy"": 2.2}",no,,,,,MR0145,low_risk_diy,1,Patrick,,
1tlhdi9,MechanicAdvice,2026-05-23T14:03:41+00:00,question: 2014 Chevy Equinox LTZ,"i just drove across country from cali back to chicago. i got my car checked out before i left and got fixed what needed. monday my check engine light turned off but then a few hours later turned off so i wasn’t too worried. however on wednesday the light came back on and while i was in stand still traffic my car was still in drive and my foot on the gas, when it started to move i tried to go and my car didn’t move. still in drive and the gas pedal was hard to go down. i just turned my car off and back on and it worked fine. about 30 minutes later the same thing happened and i had to turn my car off. i went to an o’reillys but the check light was off so they couldn’t pinpoint the actual issue and got the following errors. the man said he thinks it’ll be one of the last two..i want to take it in today and get it fixed but what price would i be looking at in terms of fixing this? also what would the problem be with it","question: 2014 Chevy Equinox LTZ i just drove across country from cali back to chicago. i got my car checked out before i left and got fixed what needed. monday my check engine light turned off but then a few hours later turned off so i wasn’t too worried. however on wednesday the light came back on and while i was in stand still traffic my car was still in drive and my foot on the gas, when it started to move i tried to go and my car didn’t move. still in drive and the gas pedal was hard to go down. i just turned my car off and back on and it worked fine. about 30 minutes later the same thing happened and i had to turn my car off. i went to an o’reillys but the check light was off so they couldn’t pinpoint the actual issue and got the following errors. the man said he thinks it’ll be one of the last two..i want to take it in today and get it fixed but what price would i be looking at in terms of fixing this? also what would the problem be with it",https://www.reddit.com/r/MechanicAdvice/comments/1tlhdi9/question_2014_chevy_equinox_ltz/,1,4,https://i.redd.it/onc3xmqz8w2h1.jpeg,brake pads,needs_review_unclear,,manual_review_pending,,medium_risk_call_pro,0.80,vehicle_mechanical_system_issue:\bcheck engine\b,"{""medium_risk_call_pro"": 2.0}",no,,,,,MR0153,medium_risk_call_pro,1,Patrick,,
1s3lwl5,Plumbing,2026-03-25T20:13:31+00:00,My foundation has sprung a leak,My faucets went dry and my foundation started flooding through a crack. Do i start making a hole where the crack is hoping the leak is underneath or what is the proper procedure. really need some advice thanks,My foundation has sprung a leak My faucets went dry and my foundation started flooding through a crack. Do i start making a hole where the crack is hoping the leak is underneath or what is the proper procedure. really need some advice thanks,https://www.reddit.com/r/Plumbing/comments/1s3lwl5/my_foundation_has_sprung_a_leak/,1,1,https://i.redd.it/1v6syst619rg1.jpeg,flooding,needs_review_urgent_signal,,manual_review_pending,,urgent_safety_risk,0.77,active_flooding_or_sewage:\bflooding\b; contained_water_damage:\bleak(?:s|ing|ed)?\b,"{""medium_risk_call_pro"": 2.0, ""urgent_safety_risk"": 3.0}",no,,,,,MR0154,urgent_safety_risk,1,Patrick,,
1nbbvc4,HomeImprovement,2025-09-08T02:22:37+00:00,Painted wall smells like ****,"Hi all, Looking for some troubleshooting help. We had our kids room painted about 6 months ago: three white walls and one blue feature wall. Upon drying in the first week, it was obvious the blue wall smelled “different” compared to the white walls. By week two, the three white walls stopped smelling of fresh paint entirely, but the blue wall kept giving off a strong odor. The smell wasn’t like normal paint VOCs. It was more like gas/propane/methane, almost a “biological” smell rather than chemical, think rotten eggs. For the first 2 months it came and went in intensity. By month 3 it seemed to disappear, but over the next 3 months the smell would return randomly. I’m not sure if it’s temperature- or light-related, but now at the 6-month mark the smell is back stronger than ever after about a month’s reprieve. Some extra context: • Only the blue wall smells, not the white ones. • the blue paint was brand new and the tin had/has no odor. • Room was ventilated well during painting and curing. • Smell seems to fluctuate with time. What’s the likely cause, are the fumes dangerous and what should I do about it? Please I’d appreciate any insight from the pros. Thank you kindly!","Painted wall smells like **** Hi all, Looking for some troubleshooting help. We had our kids room painted about 6 months ago: three white walls and one blue feature wall. Upon drying in the first week, it was obvious the blue wall smelled “different” compared to the white walls. By week two, the three white walls stopped smelling of fresh paint entirely, but the blue wall kept giving off a strong odor. The smell wasn’t like normal paint VOCs. It was more like gas/propane/methane, almost a “biological” smell rather than chemical, think rotten eggs. For the first 2 months it came and went in intensity. By month 3 it seemed to disappear, but over the next 3 months the smell would return randomly. I’m not sure if it’s temperature- or light-related, but now at the 6-month mark the smell is back stronger than ever after about a month’s reprieve. Some extra context: • Only the blue wall smells, not the white ones. • the blue paint was brand new and the tin had/has no odor. • Room was ventilated well during painting and curing. • Smell seems to fluctuate with time. What’s the likely cause, are the fumes dangerous and what should I do about it? Please I’d appreciate any insight from the pros. Thank you kindly!",https://www.reddit.com/r/HomeImprovement/comments/1nbbvc4/painted_wall_smells_like/,2,17,https://www.reddit.com/r/HomeImprovement/comments/1nbbvc4/painted_wall_smells_like/,gas smell,needs_review_low_signal,,manual_review_pending,,low_risk_diy,0.82,cosmetic_or_minor_finish:\bpaint(?:ing|ed)?\b,"{""low_risk_diy"": 2.2}",no,,,,,MR0155,low_risk_diy,1,Patrick,,
1rei3jp,MechanicAdvice,2026-02-25T16:33:18+00:00,Soft and 'sinking' pedal: Is it the master cylinder or brake booster or both?,"I have bled the brake lines twice (after recent pads and rotor replacements) now, using 2 persons method. Both times it would work great for a few days and then the problem of soft brakes would come up. And there is some inconsistency in how hard you need to press the brakes for the same amount of braking (even with the softness). Now I am suspecting this is more of a master cylinder or brake booster issue. I do not see any obvious leak but the front of the booster seems to have flakes (picture). I suspect this might still be master cylinder \[read something about seal failure due to too hard pressing the pedal during brake bleed\] or booster issue. Is there a way to identify with some certainty? Or should I bleed the brake lines with pressure Car is Mazda CX-5 2017 Grand Touring AWD Any help is appreciated. Thank you all. https://preview.redd.it/g289amao4olg1.jpg?width=3024&format=pjpg&auto=webp&s=aab86bfbb7b18862c30338fc7e947500a4f7583f https://preview.redd.it/q29q0mao4olg1.jpg?width=3024&format=pjpg&auto=webp&s=ebf2e82e9ee59d02c176a57436df850d4c20d6ba","Soft and 'sinking' pedal: Is it the master cylinder or brake booster or both? I have bled the brake lines twice (after recent pads and rotor replacements) now, using 2 persons method. Both times it would work great for a few days and then the problem of soft brakes would come up. And there is some inconsistency in how hard you need to press the brakes for the same amount of braking (even with the softness). Now I am suspecting this is more of a master cylinder or brake booster issue. I do not see any obvious leak but the front of the booster seems to have flakes (picture). I suspect this might still be master cylinder \[read something about seal failure due to too hard pressing the pedal during brake bleed\] or booster issue. Is there a way to identify with some certainty? Or should I bleed the brake lines with pressure Car is Mazda CX-5 2017 Grand Touring AWD Any help is appreciated. Thank you all. https://preview.redd.it/g289amao4olg1.jpg?width=3024&format=pjpg&auto=webp&s=aab86bfbb7b18862c30338fc7e947500a4f7583f https://preview.redd.it/q29q0mao4olg1.jpg?width=3024&format=pjpg&auto=webp&s=ebf2e82e9ee59d02c176a57436df850d4c20d6ba",https://www.reddit.com/r/MechanicAdvice/comments/1rei3jp/soft_and_sinking_pedal_is_it_the_master_cylinder/,2,12,https://www.reddit.com/r/MechanicAdvice/comments/1rei3jp/soft_and_sinking_pedal_is_it_the_master_cylinder/,brake failure,needs_review_medium_signal,,manual_review_pending,,medium_risk_call_pro,0.80,contained_water_damage:\bleak(?:s|ing|ed)?\b,"{""medium_risk_call_pro"": 2.0}",no,,,,,MR0160,medium_risk_call_pro,1,Patrick,,
1trmk3b,MechanicAdvice,2026-05-30T01:57:51+00:00,What’s the noise coming from?,"Lexus gs350 2014 V6. Could it be from the pads, rotors, or wheel bearings? The brakes don’t feel too bad and they don’t vibrate but they squeal a lot. I noticed when reversing my car makes a whistling noise now too. When I brake hard the car makes a rumbling noise.","What’s the noise coming from? Lexus gs350 2014 V6. Could it be from the pads, rotors, or wheel bearings? The brakes don’t feel too bad and they don’t vibrate but they squeal a lot. I noticed when reversing my car makes a whistling noise now too. When I brake hard the car makes a rumbling noise.",https://www.reddit.com/r/MechanicAdvice/comments/1trmk3b/whats_the_noise_coming_from/,1,1,https://v.redd.it/7wgqoeial64h1,brake pads,needs_review_unclear,,manual_review_pending,,medium_risk_call_pro,0.80,vehicle_mechanical_system_issue:\bwheel bearings?\b,"{""medium_risk_call_pro"": 2.0}",no,,,,,MR0162,medium_risk_call_pro,1,Patrick,,
17qwqrp,HomeImprovement,2023-11-08T21:52:02+00:00,Bad chemical? smell during bathroom reno.,"I'm having my bathroom remodeled from the studs out. The big tiles are in the shower. Nothing else is done. My contractor thinks the seal on the sink pipes was bad, so I taped them really well. I think the smell is better, but it's still pretty bad. It doesn't smell like sewer gas. I have a septic system for the first time so I'm unsure if that's the chemical smell I'm getting.","Bad chemical? smell during bathroom reno. I'm having my bathroom remodeled from the studs out. The big tiles are in the shower. Nothing else is done. My contractor thinks the seal on the sink pipes was bad, so I taped them really well. I think the smell is better, but it's still pretty bad. It doesn't smell like sewer gas. I have a septic system for the first time so I'm unsure if that's the chemical smell I'm getting.",https://www.reddit.com/r/HomeImprovement/comments/17qwqrp/bad_chemical_smell_during_bathroom_reno/,2,3,https://www.reddit.com/r/HomeImprovement/comments/17qwqrp/bad_chemical_smell_during_bathroom_reno/,gas smell,needs_review_unclear,,manual_review_pending,,medium_risk_call_pro,0.80,trade_system_issue:\bseptic\b,"{""medium_risk_call_pro"": 2.0}",no,,,,,MR0165,medium_risk_call_pro,1,Patrick,,
1pyqai3,HomeMaintenance,2025-12-29T16:12:57+00:00,first time home owner wood laminate floor repair,"the trim from the hallway to the kitchen was loose, I tripped over it and it completely came in attached,the trim is the same kind and finish of wood on the floor it looks like it was previously glued in place and broke cleanly from the floor, I figured a good short term solution would be to re glue it, I assume its supposed to be nailed into place? that would be a later thing but what type of glue do I need to use?","first time home owner wood laminate floor repair the trim from the hallway to the kitchen was loose, I tripped over it and it completely came in attached,the trim is the same kind and finish of wood on the floor it looks like it was previously glued in place and broke cleanly from the floor, I figured a good short term solution would be to re glue it, I assume its supposed to be nailed into place? that would be a later thing but what type of glue do I need to use?",https://www.reddit.com/r/HomeMaintenance/comments/1pyqai3/first_time_home_owner_wood_laminate_floor_repair/,2,2,https://www.reddit.com/r/HomeMaintenance/comments/1pyqai3/first_time_home_owner_wood_laminate_floor_repair/,loose trim,needs_review_low_signal,,manual_review_pending,,low_risk_diy,0.82,cosmetic_or_minor_finish:\btrim\b,"{""low_risk_diy"": 2.2}",no,,,,,MR0168,low_risk_diy,1,Patrick,,
1tkzmgi,Plumbing,2026-05-22T23:31:45+00:00,Opinion on council fault re plumbing repairs in council flat?,"I'm looking to make a complaint to the council (our landlord) re an ongoing issue we're having and I'm looking for an opinion on whether their response/the plumbers response was appropriate to the situation. I'm sorry it's long - tried to keep it brief while also keeping the details. I'm also sorry if this isn't an appropriate question here. Last Wednesday (13/5) we realised our bathroom sink was not draining, then shortly after realised our washing machine draining was causing water to backup our kitchen sink. We were scooping out the water and putting it down the toilet to stop it flooding onto the floor. My phoned the council repairs line around 9am, they classed it as an emergency and a plumber came round at 9.50am. This is where it goes downhill unfortunately. The plumber was apparently confused about how it was both bathroom and kitchen pipe, but poured some acid stuff down the kitchen sink and left, said he'd come back later to see if it worked. It didn't, and water started dripping from the pipe beneath the sink. 1pm comes around - the plumber hasn't came back, and disgusting waste water started filling up the sink and overflowing onto the kitchen floor/worktops etc and filling the washing machine. Far too fast to be able to catch with any number of buckets/basins anymore. As soon as it started, partner phoned repair line again and they said someone would come back. Used every single one of our towels to stop it spreading. The neighbour below us has also phoned by this point as it's coming through to his flat. Plumber didn't arrive until 2.45pm. He was ""stumped"" apparently as the ""stack wasn't where it should be"". 3pm they get a joiner working in a neighbouring flat to come up and tear all the wood out a large kitchen cupboard, they think they might access the stack from there. No luck, they reassemble the cupboard. Another plumber comes out, adamant the stack is behind the cupboard, they pull it apart again - it's still not there. 3.40pm - they decide the bath needs to be removed to access behind there. The plumber says it's a joiners job, the joiner says it a plumbers job, nobody removes it, the plumbers leave and say someone will be out to remove the bath and then they'll be back by 7pm. Nobody comes, we phone at 7, they say someone will be out when they're available. 8pm - we're flooding even worse, it's like a waterfall, electricity off because it's under appliances. We phone again and are told again someone will be out when they can be. 11pm - nobody comes out, the washing machine quite literally explodes open with water, and our living room carpets are now saturated in waste water. Downstairs neighbour who is elderly and disabled has no lights as it's flooding through his roof. We obviously phone again. We're up all night scooping water etc, spend a fortune on towels to try soak it up, but it was a bit like rearranging deck chairs on the titanic by this point. A contracted plumber comes at 8am, but can't do anything until the council plumber comes, which is after 11am. They finally locate the stack - actually accessed via a neighbours flat upstairs. In the end it WAS the plumbers role to remove the bath apparently. We had to move out while we made the place habitable again - moved back in Saturday and the bathroom sink is still blocked, so obviously still a blockage somewhere. Meanwhile the place absolutely stinks and we're not putting new carpets in when they might just flood again. Constant anxiety every time we hear draining water that there's about to be another flood. Phoned Saturday and told its not a plumbing emergency so ""might come over the weekend if we're in the ares"" but otherwise will be Monday - to cut the rest of the story short, a plumber came Wednesday, couldn't fix it, told us he'd put it down as an emergency but it's now the weekend again and nobody has fixed it. Opinions on how this has been handled?","Opinion on council fault re plumbing repairs in council flat? I'm looking to make a complaint to the council (our landlord) re an ongoing issue we're having and I'm looking for an opinion on whether their response/the plumbers response was appropriate to the situation. I'm sorry it's long - tried to keep it brief while also keeping the details. I'm also sorry if this isn't an appropriate question here. Last Wednesday (13/5) we realised our bathroom sink was not draining, then shortly after realised our washing machine draining was causing water to backup our kitchen sink. We were scooping out the water and putting it down the toilet to stop it flooding onto the floor. My phoned the council repairs line around 9am, they classed it as an emergency and a plumber came round at 9.50am. This is where it goes downhill unfortunately. The plumber was apparently confused about how it was both bathroom and kitchen pipe, but poured some acid stuff down the kitchen sink and left, said he'd come back later to see if it worked. It didn't, and water started dripping from the pipe beneath the sink. 1pm comes around - the plumber hasn't came back, and disgusting waste water started filling up the sink and overflowing onto the kitchen floor/worktops etc and filling the washing machine. Far too fast to be able to catch with any number of buckets/basins anymore. As soon as it started, partner phoned repair line again and they said someone would come back. Used every single one of our towels to stop it spreading. The neighbour below us has also phoned by this point as it's coming through to his flat. Plumber didn't arrive until 2.45pm. He was ""stumped"" apparently as the ""stack wasn't where it should be"". 3pm they get a joiner working in a neighbouring flat to come up and tear all the wood out a large kitchen cupboard, they think they might access the stack from there. No luck, they reassemble the cupboard. Another plumber comes out, adamant the stack is behind the cupboard, they pull it apart again - it's still not there. 3.40pm - they decide the bath needs to be removed to access behind there. The plumber says it's a joiners job, the joiner says it a plumbers job, nobody removes it, the plumbers leave and say someone will be out to remove the bath and then they'll be back by 7pm. Nobody comes, we phone at 7, they say someone will be out when they're available. 8pm - we're flooding even worse, it's like a waterfall, electricity off because it's under appliances. We phone again and are told again someone will be out when they can be. 11pm - nobody comes out, the washing machine quite literally explodes open with water, and our living room carpets are now saturated in waste water. Downstairs neighbour who is elderly and disabled has no lights as it's flooding through his roof. We obviously phone again. We're up all night scooping water etc, spend a fortune on towels to try soak it up, but it was a bit like rearranging deck chairs on the titanic by this point. A contracted plumber comes at 8am, but can't do anything until the council plumber comes, which is after 11am. They finally locate the stack - actually accessed via a neighbours flat upstairs. In the end it WAS the plumbers role to remove the bath apparently. We had to move out while we made the place habitable again - moved back in Saturday and the bathroom sink is still blocked, so obviously still a blockage somewhere. Meanwhile the place absolutely stinks and we're not putting new carpets in when they might just flood again. Constant anxiety every time we hear draining water that there's about to be another flood. Phoned Saturday and told its not a plumbing emergency so ""might come over the weekend if we're in the ares"" but otherwise will be Monday - to cut the rest of the story short, a plumber came Wednesday, couldn't fix it, told us he'd put it down as an emergency but it's now the weekend again and nobody has fixed it. Opinions on how this has been handled?",https://www.reddit.com/r/Plumbing/comments/1tkzmgi/opinion_on_council_fault_re_plumbing_repairs_in/,1,0,https://www.reddit.com/r/Plumbing/comments/1tkzmgi/opinion_on_council_fault_re_plumbing_repairs_in/,flooding,needs_review_urgent_signal,,manual_review_pending,,urgent_safety_risk,0.77,active_flooding_or_sewage:\bflooding\b; trade_system_issue:\bplumbing\b,"{""medium_risk_call_pro"": 2.0, ""urgent_safety_risk"": 3.0}",no,,,,,MR0169,urgent_safety_risk,1,Patrick,,
1tpmfbr,Plumbing,2026-05-27T23:33:46+00:00,How to fix loose toilet seat with no access to nut?,The toilet seat cover is loose and I’ve tried tightening the screws but it just keeps rotating. My toilet isn’t the ones where you have access to the nut on the bottom of the screw. It’s one full build. And I think I got the landlord special where they just put a shit ton of caulking on the left screw to tighten it but it’s come loose already. Should I buy anything for this or just ask my landlord to fix it?,How to fix loose toilet seat with no access to nut? The toilet seat cover is loose and I’ve tried tightening the screws but it just keeps rotating. My toilet isn’t the ones where you have access to the nut on the bottom of the screw. It’s one full build. And I think I got the landlord special where they just put a shit ton of caulking on the left screw to tighten it but it’s come loose already. Should I buy anything for this or just ask my landlord to fix it?,https://www.reddit.com/r/Plumbing/comments/1tpmfbr/how_to_fix_loose_toilet_seat_with_no_access_to_nut/,0,14,https://v.redd.it/m0au2v82mr3h1,caulk,needs_review_low_signal,,manual_review_pending,,low_risk_diy,0.82,cosmetic_or_minor_finish:\bcaulk(?:ing)?\b,"{""low_risk_diy"": 2.2}",no,,,,,MR0176,low_risk_diy,1,Patrick,,
1t01x6w,Plumbing,2026-04-30T16:50:15+00:00,AGM battery on old Basement Watchdog Special sump pump system?,We have a old Basement Watchdog Special sump pump system and it is time for a new battery. Basement Watchdog themself no longer sell a flooded replacement and only an AGM (and the product page says its not compatible with the non + unit like ours). I do know you can get a size 31 marine battery but the its for an older couple that its hard for them to get to and also they kept over filling the old one. I read that some people just use the Basement Watchdog AGM and it works. Is that a good idea? Unfortunately they do not just sell a new controller and you need to buy a whole new pump. If that is the only way I guess that's what we will do to have no need to refill anything. TLDR: AGM battery on older sump pump system designed for a flooded battery or whole new system?,AGM battery on old Basement Watchdog Special sump pump system? We have a old Basement Watchdog Special sump pump system and it is time for a new battery. Basement Watchdog themself no longer sell a flooded replacement and only an AGM (and the product page says its not compatible with the non + unit like ours). I do know you can get a size 31 marine battery but the its for an older couple that its hard for them to get to and also they kept over filling the old one. I read that some people just use the Basement Watchdog AGM and it works. Is that a good idea? Unfortunately they do not just sell a new controller and you need to buy a whole new pump. If that is the only way I guess that's what we will do to have no need to refill anything. TLDR: AGM battery on older sump pump system designed for a flooded battery or whole new system?,https://www.reddit.com/r/Plumbing/comments/1t01x6w/agm_battery_on_old_basement_watchdog_special_sump/,2,6,https://www.reddit.com/r/Plumbing/comments/1t01x6w/agm_battery_on_old_basement_watchdog_special_sump/,flooding,needs_review_urgent_signal,,manual_review_pending,,urgent_safety_risk,0.90,active_flooding_or_sewage:\bflooded\b,"{""urgent_safety_risk"": 3.0}",no,,,,,MR0183,urgent_safety_risk,1,Patrick,,
1grkk81,AskMechanics,2024-11-15T01:09:48+00:00,Wiper blade noise,I had the rubber parts replaced and ever since they’ve been making this noise at the end of the wipe. Looks like it’s sticking or something. Any fixes?,Wiper blade noise I had the rubber parts replaced and ever since they’ve been making this noise at the end of the wipe. Looks like it’s sticking or something. Any fixes?,https://www.reddit.com/r/AskMechanics/comments/1grkk81/wiper_blade_noise/,2,6,https://v.redd.it/gbc473zwty0e1,wiper blades,needs_review_unclear,,manual_review_pending,,,0.00,no_labeling_function_matched,{},yes,,,,,MR0185,needs_human_review,1,Patrick,,
1ijbere,AskMechanics,2025-02-06T19:44:20+00:00,This don’t feel right,"Mother took her truck to the shop located at the dealer she bought the truck from and the price they quoted her just doesn’t feel right to me, would it be better for her to take it to a shop rather than have them do it?","This don’t feel right Mother took her truck to the shop located at the dealer she bought the truck from and the price they quoted her just doesn’t feel right to me, would it be better for her to take it to a shop rather than have them do it?",https://www.reddit.com/r/AskMechanics/comments/1ijbere/this_dont_feel_right/,2,7,https://i.redd.it/b0tw9gefokhe1.jpeg,wiper blades,needs_review_unclear,,manual_review_pending,,,0.00,no_labeling_function_matched,{},yes,,,,,MR0188,needs_human_review,1,Patrick,,
dbym35,MechanicAdvice,2019-10-01T19:42:22+00:00,Vandalism or Road Puncture?,"Girlfriend woke up to a flat tire this morning, and looks a bit unusual to me. I know there's probably not a way to know for sure, but is this what a slashed tire looks like? Does it look like a puncture from debris in the road, or a blowout of an over/under inflated tire? This is a curb-side tire, a tear against the curb maybe? We've never had issues with vandalism in the time we've lived there. It's the front, passenger side tire of a toyota matrix, if that info is relevant. It was parked on the street. Thanks in advance for any opinions. https://preview.redd.it/bqu5qirrezp31.jpg?width=720&format=pjpg&auto=webp&s=9054495123861e8b576785b672b80c498d2c13c1","Vandalism or Road Puncture? Girlfriend woke up to a flat tire this morning, and looks a bit unusual to me. I know there's probably not a way to know for sure, but is this what a slashed tire looks like? Does it look like a puncture from debris in the road, or a blowout of an over/under inflated tire? This is a curb-side tire, a tear against the curb maybe? We've never had issues with vandalism in the time we've lived there. It's the front, passenger side tire of a toyota matrix, if that info is relevant. It was parked on the street. Thanks in advance for any opinions. https://preview.redd.it/bqu5qirrezp31.jpg?width=720&format=pjpg&auto=webp&s=9054495123861e8b576785b672b80c498d2c13c1",https://www.reddit.com/r/MechanicAdvice/comments/dbym35/vandalism_or_road_puncture/,1,4,https://www.reddit.com/r/MechanicAdvice/comments/dbym35/vandalism_or_road_puncture/,tire blowout,needs_review_unclear,,manual_review_pending,,,0.00,no_labeling_function_matched,{},yes,,,,,MR0196,needs_human_review,1,Patrick,,
1sph396,AskMechanics,2026-04-19T02:54:06+00:00,How do I unhook these Bosch wipers? Is this model recommended?,"I'm looking to replace the wiper blades that are at least a few old on a 2006 Honda Odyssey I am rehabbing after inheriting it. It had been sitting outside without movement for a few years. I got the car running again but the wiper blades need to be replaced. How do I detach this from the j-hook? All of the videos I see online appear to come with a lever or some adapter that houses it, but I can't find this one. Lastly, I noticed that the wipers are metal. Do these get reused? I purchased Michelin replacements from Costco (they were on sale) but noticed everything is soft plastic. Do I replace just the rubber/silicon part or the metal bracket? Is this Bosch model/brand recommended? Any guidance here would be greatly appreciated. New at this—thanks.","How do I unhook these Bosch wipers? Is this model recommended? I'm looking to replace the wiper blades that are at least a few old on a 2006 Honda Odyssey I am rehabbing after inheriting it. It had been sitting outside without movement for a few years. I got the car running again but the wiper blades need to be replaced. How do I detach this from the j-hook? All of the videos I see online appear to come with a lever or some adapter that houses it, but I can't find this one. Lastly, I noticed that the wipers are metal. Do these get reused? I purchased Michelin replacements from Costco (they were on sale) but noticed everything is soft plastic. Do I replace just the rubber/silicon part or the metal bracket? Is this Bosch model/brand recommended? Any guidance here would be greatly appreciated. New at this—thanks.",https://www.reddit.com/r/AskMechanics/comments/1sph396/how_do_i_unhook_these_bosch_wipers_is_this_model/,1,7,https://www.reddit.com/gallery/1sph396,wiper blades,needs_review_unclear,,manual_review_pending,,low_risk_diy,0.82,vehicle_low_risk_maintenance:\b(?:replace|replacing|change|changing|install|installing) (?:the )?wiper blades?\b,"{""low_risk_diy"": 2.2}",no,,,,,MR0198,low_risk_diy,1,Patrick,,
1m3airb,hvacadvice,2025-07-18T18:46:25+00:00,DAIKIN Mini Split Blower wheel!,"Ahhhh please help. I’m trying to remove the blower wheel to deep clean it. It’s loose on the left side but I’m not sure which screw is keeping it in on the right side. Do I remove the screw in the second photo that’s tucked in where the wires lead back to? Or in the third photo where the screw has turned green. If it’s either of those screws, how the heck am I supposed to unscrew them? Thanks! Trying to save myself $600!","DAIKIN Mini Split Blower wheel! Ahhhh please help. I’m trying to remove the blower wheel to deep clean it. It’s loose on the left side but I’m not sure which screw is keeping it in on the right side. Do I remove the screw in the second photo that’s tucked in where the wires lead back to? Or in the third photo where the screw has turned green. If it’s either of those screws, how the heck am I supposed to unscrew them? Thanks! Trying to save myself $600!",https://www.reddit.com/r/hvacadvice/comments/1m3airb/daikin_mini_split_blower_wheel/,0,13,https://www.reddit.com/gallery/1m3airb,wheel loose,needs_review_unclear,,manual_review_pending,,,0.00,no_labeling_function_matched,{},yes,,,,,MR0202,needs_human_review,1,Patrick,,
1s5f0nn,AskMechanics,2026-03-27T20:04:13+00:00,Transmission Maintenance Question,"Hey folks, Got a pretty silly question but need your help. I’m a good driver but bad car owner🥲 Mazda 3 BM 2016 1.5 automatic Today had my first change of the transmission fluid at around 64.4 k miles. Not due to any issues but mainly a long missed due time. Was watching the process: \- used fluid was dark-red with a definitive burn smell \- a magnet near the filter collected lots of metal parts (I assume smaller ones) - see the image above \- got around a gallon used fluid out; though, it was not enough when pouring in a new fluid (seems needs around 1.25-1.5) - I assume a part of used one vaporized over time \- software did not show any errors (except for some non-related due to the battery) To confirm, not sure how much time I had this low-level/quality fluid. At some point, I noticed when I was switching from P to D or R, some additional resistance was there (as if I parked on the hill and want to switch). So the silly question is - how bad this can be for the transmission and what is the best way to evaluate without disassembling it? Or would you rather recommend driving while paying more attention to the behavior (slipping, noise, etc.) and not missing next maintenance ever again?","Transmission Maintenance Question Hey folks, Got a pretty silly question but need your help. I’m a good driver but bad car owner🥲 Mazda 3 BM 2016 1.5 automatic Today had my first change of the transmission fluid at around 64.4 k miles. Not due to any issues but mainly a long missed due time. Was watching the process: \- used fluid was dark-red with a definitive burn smell \- a magnet near the filter collected lots of metal parts (I assume smaller ones) - see the image above \- got around a gallon used fluid out; though, it was not enough when pouring in a new fluid (seems needs around 1.25-1.5) - I assume a part of used one vaporized over time \- software did not show any errors (except for some non-related due to the battery) To confirm, not sure how much time I had this low-level/quality fluid. At some point, I noticed when I was switching from P to D or R, some additional resistance was there (as if I parked on the hill and want to switch). So the silly question is - how bad this can be for the transmission and what is the best way to evaluate without disassembling it? Or would you rather recommend driving while paying more attention to the behavior (slipping, noise, etc.) and not missing next maintenance ever again?",https://www.reddit.com/r/AskMechanics/comments/1s5f0nn/transmission_maintenance_question/,1,3,https://i.redd.it/zjcwqftc9nrg1.jpeg,transmission slipping,needs_review_unclear,,manual_review_pending,,medium_risk_call_pro,0.80,vehicle_mechanical_system_issue:\btransmission\b,"{""medium_risk_call_pro"": 2.0}",no,,,,,MR0209,medium_risk_call_pro,1,Patrick,,
1sh4lbf,AskMechanics,2026-04-09T22:34:31+00:00,Is this fixable or replacement required?,Made a rookie mistake today on my 2024 Corolla hybrid while changing the wiper blades. The arm sprung down while the blade was off and cracked the glass. I cannot feel this with my finger,Is this fixable or replacement required? Made a rookie mistake today on my 2024 Corolla hybrid while changing the wiper blades. The arm sprung down while the blade was off and cracked the glass. I cannot feel this with my finger,https://www.reddit.com/r/AskMechanics/comments/1sh4lbf/is_this_fixable_or_replacement_required/,1,9,https://i.redd.it/jva5d5q0s8ug1.jpeg,wiper blades,needs_review_unclear,,manual_review_pending,,low_risk_diy,0.82,vehicle_low_risk_maintenance:\b(?:replace|replacing|change|changing|install|installing) (?:the )?wiper blades?\b,"{""low_risk_diy"": 2.2}",no,,,,,MR0211,low_risk_diy,1,Patrick,,
1pio874,HomeMaintenance,2025-12-10T00:29:34+00:00,How to repair the wall after removing a trim,"I've removed the trims in my bathroom and wanted to ask how I should proceed with fixing the wall? Should I take a tool to scrape the peeling paint or sand it? I've never applied putty, but assuming that's the next step how thick or thin should the applied putty be? I watched a video and they talk about sealing when the drywall brown paper is visible. Do my pictures indicate I should do the same?","How to repair the wall after removing a trim I've removed the trims in my bathroom and wanted to ask how I should proceed with fixing the wall? Should I take a tool to scrape the peeling paint or sand it? I've never applied putty, but assuming that's the next step how thick or thin should the applied putty be? I watched a video and they talk about sealing when the drywall brown paper is visible. Do my pictures indicate I should do the same?",https://www.reddit.com/r/HomeMaintenance/comments/1pio874/how_to_repair_the_wall_after_removing_a_trim/,1,3,https://www.reddit.com/gallery/1pio874,paint peeling,needs_review_low_signal,,manual_review_pending,,low_risk_diy,0.82,cosmetic_or_minor_finish:\bpaint(?:ing|ed)?\b,"{""low_risk_diy"": 2.2}",no,,,,,MR0212,low_risk_diy,1,Patrick,,
1tu1nvr,MechanicAdvice,2026-06-01T18:44:06+00:00,Front brake caliper seizing after brake pad replacement,"Last weekend I replaced the front brake pads on my car. Since then I've noticed that after driving only about 10 km (6 miles), the brakes get extremely hot. The feels like it's dragging, there is a noticeable vibration/judder, and this only gets worse when I keep driving, the brake even started smoking. Today I took everything apart again to investigate. What I've checked so far: * The brake pads slide freely in the caliper bracket. * The slide pins move smoothly and are properly lubricated. * The caliper piston had only a very small amount of surface corrosion, which I cleaned up. * With the piston fully compressed, the caliper fits over the rotor without any issue. * The piston itself moves in and out fairly easily when the pads are removed. * I estimate the piston has to travel roughly 5 mm before it contacts the pad. The strange part is that after pumping the brakes a few times, the caliper starts gripping the rotor and won't release properly. I also tried opening the bleeder screw to see if there was residual hydraulic pressure in the system. Even with the bleeder open, the piston did not retract or release the rotor. The only way I could get enough clearance again was by forcing the piston back with a C-clamp. **Summary:** * Brakes seize after applying the brake pedal. * The drag becomes severe enough to cause vibration, loss of performance, and even smoke. * Pads slide freely. * Slide pins move freely. * Opening the bleeder screw does not release the brake. * Piston appears clean and moves reasonably well when unloaded. * Caliper installs easily over the rotor with new pads. * Pads measure about 17.5 mm total thickness (roughly 11 mm friction material), which seems normal for my 2003 trailblazer. This is only the second brake job I've done myself, so I'm running out of ideas. Based on the symptoms, what am I missing? Could the caliper piston or seal still be sticking internally even though it appears to move freely? Any advice would be greatly appreciated.","Front brake caliper seizing after brake pad replacement Last weekend I replaced the front brake pads on my car. Since then I've noticed that after driving only about 10 km (6 miles), the brakes get extremely hot. The feels like it's dragging, there is a noticeable vibration/judder, and this only gets worse when I keep driving, the brake even started smoking. Today I took everything apart again to investigate. What I've checked so far: * The brake pads slide freely in the caliper bracket. * The slide pins move smoothly and are properly lubricated. * The caliper piston had only a very small amount of surface corrosion, which I cleaned up. * With the piston fully compressed, the caliper fits over the rotor without any issue. * The piston itself moves in and out fairly easily when the pads are removed. * I estimate the piston has to travel roughly 5 mm before it contacts the pad. The strange part is that after pumping the brakes a few times, the caliper starts gripping the rotor and won't release properly. I also tried opening the bleeder screw to see if there was residual hydraulic pressure in the system. Even with the bleeder open, the piston did not retract or release the rotor. The only way I could get enough clearance again was by forcing the piston back with a C-clamp. **Summary:** * Brakes seize after applying the brake pedal. * The drag becomes severe enough to cause vibration, loss of performance, and even smoke. * Pads slide freely. * Slide pins move freely. * Opening the bleeder screw does not release the brake. * Piston appears clean and moves reasonably well when unloaded. * Caliper installs easily over the rotor with new pads. * Pads measure about 17.5 mm total thickness (roughly 11 mm friction material), which seems normal for my 2003 trailblazer. This is only the second brake job I've done myself, so I'm running out of ideas. Based on the symptoms, what am I missing? Could the caliper piston or seal still be sticking internally even though it appears to move freely? Any advice would be greatly appreciated.",https://www.reddit.com/r/MechanicAdvice/comments/1tu1nvr/front_brake_caliper_seizing_after_brake_pad/,2,10,https://www.reddit.com/r/MechanicAdvice/comments/1tu1nvr/front_brake_caliper_seizing_after_brake_pad/,brake pads,needs_review_urgent_signal,,manual_review_pending,,urgent_safety_risk,0.82,fire_smoke_or_sparks:\bsmoke\b; vehicle_mechanical_system_issue:\bbrake pads?\b,"{""medium_risk_call_pro"": 2.0, ""urgent_safety_risk"": 3.5}",no,,,,,MR0216,urgent_safety_risk,1,Patrick,,
j1085m,MechanicAdvice,2020-09-27T22:27:05+00:00,Do I need New tires if my car tire is bald?,"I did the penny test, 3/4 passed.. 1 the whole penny was visible.. What happens if i dont change my tire? A tire blowout?","Do I need New tires if my car tire is bald? I did the penny test, 3/4 passed.. 1 the whole penny was visible.. What happens if i dont change my tire? A tire blowout?",https://www.reddit.com/r/MechanicAdvice/comments/j1085m/do_i_need_new_tires_if_my_car_tire_is_bald/,0,4,https://www.reddit.com/r/MechanicAdvice/comments/j1085m/do_i_need_new_tires_if_my_car_tire_is_bald/,tire blowout,needs_review_unclear,,manual_review_pending,,urgent_safety_risk,0.95,vehicle_brake_wheel_or_steering_danger:\btire blowout\b,"{""urgent_safety_risk"": 3.5}",no,,,,,MR0217,urgent_safety_risk,1,Patrick,,
1t2543d,HomeMaintenance,2026-05-02T23:25:55+00:00,"Bubble on the ceiling, no water","Just noticed this bubble on our ceiling (1 story house), we had heavy rain yesterday and this morning in NW Florida. We poked to see if needed to be drained as it felt soft to the touch but no water came out and the drywall where the paint is peeled on the picture seems dry. Is it possible that we had water there and it dried in approx. 8 hours today? House is from 1980, popcorn ceiling, new roof installed before closing in november 2025. Should we call the roofer? Do they do inspections months after installing?","Bubble on the ceiling, no water Just noticed this bubble on our ceiling (1 story house), we had heavy rain yesterday and this morning in NW Florida. We poked to see if needed to be drained as it felt soft to the touch but no water came out and the drywall where the paint is peeled on the picture seems dry. Is it possible that we had water there and it dried in approx. 8 hours today? House is from 1980, popcorn ceiling, new roof installed before closing in november 2025. Should we call the roofer? Do they do inspections months after installing?",https://www.reddit.com/r/HomeMaintenance/comments/1t2543d/bubble_on_the_ceiling_no_water/,2,9,https://www.reddit.com/gallery/1t2543d,paint peeling,needs_review_medium_signal,,manual_review_pending,,low_risk_diy,0.82,cosmetic_or_minor_finish:\bpaint(?:ing|ed)?\b,"{""low_risk_diy"": 2.2}",no,,,,,MR0220,low_risk_diy,1,Patrick,,
1ssl3d4,AskMechanics,2026-04-22T13:11:26+00:00,2023 Kia Seltos SX Turbo w/ DCT-Transmisson Question,"I want to start with the fact I'm probably paranoid. 114k on this SUV, mostly highway driven til last year. The transmission has not overheated, not ever gotten above the 6 bars. (Hot is 10 bars) I'm noticing more shuddering between gears 1-3(varies and not consistent). Occasionally, it has slipped a gear. Had the transmission service done at 80k and then recently at 112k due to shuddering. The shop said since it's not overheating, losing gears, or throwing codes, that's what they recommended and they only got it to do what I said 1 time in the 3 days they had it. I noticed it more when the temp swings (we've been going from 80 degree days to 40 degree days lately). I'm letting it warm up before driving. I notice it less when it's warmed up (of course) but it still is shuddering, especially after a stop light. It's great once on the highway. At this point, idk if I'm going crazy, paranoid, or if I should just go to a dealership and see what they say. I worry they will end up telling me to do more than is needed, but I'm at a loss at this point. Is this a computer update issue or should I just prepare to replace the clutch pack?","2023 Kia Seltos SX Turbo w/ DCT-Transmisson Question I want to start with the fact I'm probably paranoid. 114k on this SUV, mostly highway driven til last year. The transmission has not overheated, not ever gotten above the 6 bars. (Hot is 10 bars) I'm noticing more shuddering between gears 1-3(varies and not consistent). Occasionally, it has slipped a gear. Had the transmission service done at 80k and then recently at 112k due to shuddering. The shop said since it's not overheating, losing gears, or throwing codes, that's what they recommended and they only got it to do what I said 1 time in the 3 days they had it. I noticed it more when the temp swings (we've been going from 80 degree days to 40 degree days lately). I'm letting it warm up before driving. I notice it less when it's warmed up (of course) but it still is shuddering, especially after a stop light. It's great once on the highway. At this point, idk if I'm going crazy, paranoid, or if I should just go to a dealership and see what they say. I worry they will end up telling me to do more than is needed, but I'm at a loss at this point. Is this a computer update issue or should I just prepare to replace the clutch pack?",https://www.reddit.com/r/AskMechanics/comments/1ssl3d4/2023_kia_seltos_sx_turbo_w_dcttransmisson_question/,1,1,https://www.reddit.com/r/AskMechanics/comments/1ssl3d4/2023_kia_seltos_sx_turbo_w_dcttransmisson_question/,transmission slipping,needs_review_unclear,,manual_review_pending,,medium_risk_call_pro,0.80,vehicle_mechanical_system_issue:\btransmission\b,"{""medium_risk_call_pro"": 2.0}",no,,,,,MR0225,medium_risk_call_pro,1,Patrick,,
1tiqn0x,AskMechanics,2026-05-20T16:20:59+00:00,Ford Focus Mk1 rear wiper issue — works with washer but not normally,"Hi everyone, I have a Ford Focus Mk1, probably 2002 or 2003, and I’m having an issue with the rear wiper. The problem first appeared in March. The rear wiper stopped working properly, and a mechanic told me it was probably the rear wiper motor. In April, I replaced the rear wiper motor with another used one. After that, it worked normally for a short time. However, after about 2–3 weeks, I tried to use the rear wiper again and noticed that the same problem had returned. Today I checked the relay. I swapped the horn relay with the rear wiper relay. The result was exactly the same: the rear wiper still behaves like in the video. The horn works normally with the relay that was previously used for the rear wiper, so I assume the relay itself is probably OK. One more detail: when I use the rear washer, the wiper seems to work normally. The issue happens when I try to use the rear wiper by itself. I can hear a click when operating the rear wiper, but it seems to come more from the stalk/steering column area. I’m not 100% sure if I’m hearing the relay or just the switch/stalk mechanism. Any advice on what to check next would be appreciated.","Ford Focus Mk1 rear wiper issue — works with washer but not normally Hi everyone, I have a Ford Focus Mk1, probably 2002 or 2003, and I’m having an issue with the rear wiper. The problem first appeared in March. The rear wiper stopped working properly, and a mechanic told me it was probably the rear wiper motor. In April, I replaced the rear wiper motor with another used one. After that, it worked normally for a short time. However, after about 2–3 weeks, I tried to use the rear wiper again and noticed that the same problem had returned. Today I checked the relay. I swapped the horn relay with the rear wiper relay. The result was exactly the same: the rear wiper still behaves like in the video. The horn works normally with the relay that was previously used for the rear wiper, so I assume the relay itself is probably OK. One more detail: when I use the rear washer, the wiper seems to work normally. The issue happens when I try to use the rear wiper by itself. I can hear a click when operating the rear wiper, but it seems to come more from the stalk/steering column area. I’m not 100% sure if I’m hearing the relay or just the switch/stalk mechanism. Any advice on what to check next would be appreciated.",https://www.reddit.com/r/AskMechanics/comments/1tiqn0x/ford_focus_mk1_rear_wiper_issue_works_with_washer/,1,10,https://v.redd.it/jz67vw6bib2h1,steering issue,needs_review_unclear,,manual_review_pending,,,0.00,no_labeling_function_matched,{},yes,,,,,MR0227,needs_human_review,1,Patrick,,
qmuosn,HomeImprovement,2021-11-04T21:09:19+00:00,What can I do to help DAP 33 set?,"I stripped a wood window sash and conditioned the rebate with a light application of linseed oil, and let it dry several days till the oil was cured. Then I reglazed the glass with DAP 33. That was about a month ago, the sash has spent about two weeks flat on my dining room table, and another two weeks propped up against the wall in my kitchen. The putty is still so soft that you can easily leave a fingerprint in it at the lightest touch, It doesn't seem to have skinned over at all. Any tips or suggestions on how to encourage it to skin over? I was prepared for it to take two to three weeks, as per the instructions, but now it's been four plus, with no apparent change. I would like to paint it and rehang the sash (and do several more, TBH) before really hard winter sets in. Cheers","What can I do to help DAP 33 set? I stripped a wood window sash and conditioned the rebate with a light application of linseed oil, and let it dry several days till the oil was cured. Then I reglazed the glass with DAP 33. That was about a month ago, the sash has spent about two weeks flat on my dining room table, and another two weeks propped up against the wall in my kitchen. The putty is still so soft that you can easily leave a fingerprint in it at the lightest touch, It doesn't seem to have skinned over at all. Any tips or suggestions on how to encourage it to skin over? I was prepared for it to take two to three weeks, as per the instructions, but now it's been four plus, with no apparent change. I would like to paint it and rehang the sash (and do several more, TBH) before really hard winter sets in. Cheers",https://www.reddit.com/r/HomeImprovement/comments/qmuosn/what_can_i_do_to_help_dap_33_set/,1,3,https://www.reddit.com/r/HomeImprovement/comments/qmuosn/what_can_i_do_to_help_dap_33_set/,oil change,needs_review_low_signal,,manual_review_pending,,low_risk_diy,0.82,cosmetic_or_minor_finish:\bpaint(?:ing|ed)?\b,"{""low_risk_diy"": 2.2}",no,,,,,MR0228,low_risk_diy,1,Patrick,,
1tps4r7,MechanicAdvice,2026-05-28T03:46:25+00:00,Screech sound even after replacing rotors and brake pads,"Hello, My car (2023 Hyundai Tucson, ~55k miles) was constantly screeching when I slowly came to a halt when driving. I took it to a shop I frequent for oil changes and they mentioned it's probably time to replace the front rotors and brake pads which I did. A few weeks go by, and I hear it again. I take it back and replace the back as well in hopes to fix it. A few days go by and the sound is back. The thing I noticed is that there's a ""pop"" sound when I slow down on the brakes, accelerate, or turn the steering wheel (rare). When this ""pop"" sound occurs, the screeching sound comes back. Does anyone know what this is and how to fix it?! The shop is confused as well on what this is. Thank you!","Screech sound even after replacing rotors and brake pads Hello, My car (2023 Hyundai Tucson, ~55k miles) was constantly screeching when I slowly came to a halt when driving. I took it to a shop I frequent for oil changes and they mentioned it's probably time to replace the front rotors and brake pads which I did. A few weeks go by, and I hear it again. I take it back and replace the back as well in hopes to fix it. A few days go by and the sound is back. The thing I noticed is that there's a ""pop"" sound when I slow down on the brakes, accelerate, or turn the steering wheel (rare). When this ""pop"" sound occurs, the screeching sound comes back. Does anyone know what this is and how to fix it?! The shop is confused as well on what this is. Thank you!",https://www.reddit.com/r/MechanicAdvice/comments/1tps4r7/screech_sound_even_after_replacing_rotors_and/,5,7,https://www.reddit.com/r/MechanicAdvice/comments/1tps4r7/screech_sound_even_after_replacing_rotors_and/,brake pads,needs_review_unclear,,manual_review_pending,,medium_risk_call_pro,0.80,vehicle_mechanical_system_issue:\bbrake pads?\b,"{""medium_risk_call_pro"": 2.0}",no,,,,,MR0229,medium_risk_call_pro,1,Patrick,,
1tbb557,HomeMaintenance,2026-05-12T18:58:49+00:00,Window molding on side of house rotting,"Good afternoon! I'm still pretty new to the home maintenance bit. The last time I cut my grass I decided to look up and noticed the paint coming off of the window molding, took a closer look and peeled a little to find the wood for the molding rotting. I've attached some pictures. Did the paint cause this or something else? Is it a piece of wood behind it that can be replaced and then put new molding on top of it? What's the black fabric looking stuff? Be easy on me, I want to be able to fix this myself as I'm pretty hands on and I like learning, I'm handy on vehicles but I have minimal experience with wood and houses.","Window molding on side of house rotting Good afternoon! I'm still pretty new to the home maintenance bit. The last time I cut my grass I decided to look up and noticed the paint coming off of the window molding, took a closer look and peeled a little to find the wood for the molding rotting. I've attached some pictures. Did the paint cause this or something else? Is it a piece of wood behind it that can be replaced and then put new molding on top of it? What's the black fabric looking stuff? Be easy on me, I want to be able to fix this myself as I'm pretty hands on and I like learning, I'm handy on vehicles but I have minimal experience with wood and houses.",https://www.reddit.com/r/HomeMaintenance/comments/1tbb557/window_molding_on_side_of_house_rotting/,2,13,https://www.reddit.com/gallery/1tbb557,mold,needs_review_low_signal,,manual_review_pending,,low_risk_diy,0.82,cosmetic_or_minor_finish:\bpaint(?:ing|ed)?\b,"{""low_risk_diy"": 2.2}",no,,,,,MR0231,low_risk_diy,1,Patrick,,
9mjlo1,MechanicAdvice,2018-10-08T22:36:54+00:00,"Tire Grade: Treadwear, traction, and temperature","When buying tires, three topics are important: 1. Treadwear (wear rate): 600 + is highest, higher number means higher wear rate. 2. Traction (wet breaking power): AA – C, AA is highest, higher letter means higher chance to stop on wet roads in less distance. 3. Temperature (heat tolerance): A – C, A is the highest, higher letter means, when there is high temperature, less chance for blowout, tread separation, or both. The tire makers are making many grades of tires because the market demands it. Instead of the highest levels on treadwear, traction, and temperature, why do people select the lower grade levels?","Tire Grade: Treadwear, traction, and temperature When buying tires, three topics are important: 1. Treadwear (wear rate): 600 + is highest, higher number means higher wear rate. 2. Traction (wet breaking power): AA – C, AA is highest, higher letter means higher chance to stop on wet roads in less distance. 3. Temperature (heat tolerance): A – C, A is the highest, higher letter means, when there is high temperature, less chance for blowout, tread separation, or both. The tire makers are making many grades of tires because the market demands it. Instead of the highest levels on treadwear, traction, and temperature, why do people select the lower grade levels?",https://www.reddit.com/r/MechanicAdvice/comments/9mjlo1/tire_grade_treadwear_traction_and_temperature/,17,20,https://www.reddit.com/r/MechanicAdvice/comments/9mjlo1/tire_grade_treadwear_traction_and_temperature/,tire blowout,needs_review_unclear,,manual_review_pending,,,0.00,no_labeling_function_matched,{},yes,,,,,MR0235,needs_human_review,1,Patrick,,
1ttwgcy,MechanicAdvice,2026-06-01T15:53:49+00:00,2012 Subaru Legacy 2.5 codes,I was changing the brakes on my wife's car and she has had abs light on for a while. I was told it could be her wheel speed sensors so I replaced them while I did her brakes. That was not the fix though so I got a good scanner and finally got codes for her lights. Can someone just point me in the right direction for a fix and what some of these mean.,2012 Subaru Legacy 2.5 codes I was changing the brakes on my wife's car and she has had abs light on for a while. I was told it could be her wheel speed sensors so I replaced them while I did her brakes. That was not the fix though so I got a good scanner and finally got codes for her lights. Can someone just point me in the right direction for a fix and what some of these mean.,https://www.reddit.com/r/MechanicAdvice/comments/1ttwgcy/2012_subaru_legacy_25_codes/,1,1,https://www.reddit.com/gallery/1ttwgcy,brake failure,needs_review_unclear,,manual_review_pending,,,0.00,no_labeling_function_matched,{},yes,,,,,MR0238,needs_human_review,1,Patrick,,
1t9hj6z,Plumbing,2026-05-10T20:10:47+00:00,"Gap between escutcheon plate, and tub spout?",Hi all: New moen setup here. Have a small gap between escutcheon and tub spout (better on the closer pic). The copper out of the wall is not bottoming out (cut just under 2.5 inches) and I've done all of the pushing and catching the set screw seems to accomplish. My incling is that the copper out of the wall is canted just a bit? Thoughts? Clear caulk? Ignore?,"Gap between escutcheon plate, and tub spout? Hi all: New moen setup here. Have a small gap between escutcheon and tub spout (better on the closer pic). The copper out of the wall is not bottoming out (cut just under 2.5 inches) and I've done all of the pushing and catching the set screw seems to accomplish. My incling is that the copper out of the wall is canted just a bit? Thoughts? Clear caulk? Ignore?",https://www.reddit.com/r/Plumbing/comments/1t9hj6z/gap_between_escutcheon_plate_and_tub_spout/,4,3,https://www.reddit.com/gallery/1t9hj6z,caulk,needs_review_low_signal,,manual_review_pending,,low_risk_diy,0.82,cosmetic_or_minor_finish:\bcaulk(?:ing)?\b,"{""low_risk_diy"": 2.2}",no,,,,,MR0250,low_risk_diy,1,Patrick,,
1t23fsd,DIY,2026-05-02T22:12:45+00:00,"Tried to replace a leaking p-trap on Saturday, flooded the cabinet and ruined my yoga mat","Saturday morning at 10:30, my neighbor Mike poked his head into my upstairs bathroom while I had a flashlight jammed in my mouth and one hand up the back of the cabinet. The yellow shop light was hanging from the towel rack, the old p-trap was crusted with brown gunk, and I'd picked up the replacement part the day before for $12. He stood there scrolling his phone and asked 'You sure you know what you're doing?' while a slow drip turned into a steady drip into my sneakers. The first plastic nut stripped after about 20 turns and then the whole cabinet filled with about an inch of brown water, which soaked into the plywood and my yoga mat so fast it felt unreal. It was not quick. What saved me halfway through the mess was thinking through steps out loud and forcing myself to slow down. Turn off the two shutoff valves under the sink first. Put a shallow bucket and a towel under the trap. Take the old part to the counter if you have to go to the hardware store so you dont buy the wrong size. If a nut isnt budging after a few turns, stop and grab channel-lock pliers and some gloves instead of just cranking harder. It ended up taking me two hours and six rolls of paper towels to clean and swap the trap, but the new threads fit and no more leaks. Pride bruised, yoga mat trashed, lesson learnt. Anyone else have a 'this will be five minutes' DIY that turned into a soggy disaster? Tell me your worst quick-fix stories, I need the validation and the laughs.","Tried to replace a leaking p-trap on Saturday, flooded the cabinet and ruined my yoga mat Saturday morning at 10:30, my neighbor Mike poked his head into my upstairs bathroom while I had a flashlight jammed in my mouth and one hand up the back of the cabinet. The yellow shop light was hanging from the towel rack, the old p-trap was crusted with brown gunk, and I'd picked up the replacement part the day before for $12. He stood there scrolling his phone and asked 'You sure you know what you're doing?' while a slow drip turned into a steady drip into my sneakers. The first plastic nut stripped after about 20 turns and then the whole cabinet filled with about an inch of brown water, which soaked into the plywood and my yoga mat so fast it felt unreal. It was not quick. What saved me halfway through the mess was thinking through steps out loud and forcing myself to slow down. Turn off the two shutoff valves under the sink first. Put a shallow bucket and a towel under the trap. Take the old part to the counter if you have to go to the hardware store so you dont buy the wrong size. If a nut isnt budging after a few turns, stop and grab channel-lock pliers and some gloves instead of just cranking harder. It ended up taking me two hours and six rolls of paper towels to clean and swap the trap, but the new threads fit and no more leaks. Pride bruised, yoga mat trashed, lesson learnt. Anyone else have a 'this will be five minutes' DIY that turned into a soggy disaster? Tell me your worst quick-fix stories, I need the validation and the laughs.",https://www.reddit.com/r/DIY/comments/1t23fsd/tried_to_replace_a_leaking_ptrap_on_saturday/,0,3,https://www.reddit.com/r/DIY/comments/1t23fsd/tried_to_replace_a_leaking_ptrap_on_saturday/,water leak,needs_review_urgent_signal,,manual_review_pending,,urgent_safety_risk,0.77,active_flooding_or_sewage:\bflooded\b; contained_water_damage:\bleak(?:s|ing|ed)?\b,"{""medium_risk_call_pro"": 2.0, ""urgent_safety_risk"": 3.0}",no,,,,,MR0251,urgent_safety_risk,1,Patrick,,
1o4vupl,AskMechanics,2025-10-12T17:56:28+00:00,Wiper blades,"I’m trying to put new Bosch wiper blades on my car, the drivers slide went on perfectly but the passenger side won’t click into place. The wiper blades should be the right ones and the old wipers broke when I took them off. Does anyone know what I should do.","Wiper blades I’m trying to put new Bosch wiper blades on my car, the drivers slide went on perfectly but the passenger side won’t click into place. The wiper blades should be the right ones and the old wipers broke when I took them off. Does anyone know what I should do.",https://www.reddit.com/r/AskMechanics/comments/1o4vupl/wiper_blades/,3,5,https://i.redd.it/uc6ky4v8zpuf1.jpeg,wiper blades,needs_review_unclear,,manual_review_pending,,,0.00,no_labeling_function_matched,{},yes,,,,,MR0257,needs_human_review,1,Patrick,,
tv95i3,HomeImprovement,2022-04-03T13:22:13+00:00,Wood beams: to seal or not to seal?,"Recently we did a giant home renovation that left a number of structural beams exposed. The beams are a combination of pine and douglas fir (DF sides + pine bottom to each beam). They are currently unsealed / unfinished. I do not want to stain them at all - want to leave the wood completely natural. BUT - is it a bad idea to leave them unsealed? Do I risk cracking in the future? They aren't solid beams - they are 3 2x8s (DF) with a 1/2"" pine bottom to cover the seams. If it is a bad idea, what is the most \*cost effective\* sealer that I can use on them that A, won't really change color (I do \*not\* want to darken the DF at all or it will look odd with the pine) and B, will have a super matt finish so it doesn't even look like there's a finish on it? I've had good results with oils in the past but I'm afraid those will darken the DF far too much & yellow the pine. Open to any and all suggestions!","Wood beams: to seal or not to seal? Recently we did a giant home renovation that left a number of structural beams exposed. The beams are a combination of pine and douglas fir (DF sides + pine bottom to each beam). They are currently unsealed / unfinished. I do not want to stain them at all - want to leave the wood completely natural. BUT - is it a bad idea to leave them unsealed? Do I risk cracking in the future? They aren't solid beams - they are 3 2x8s (DF) with a 1/2"" pine bottom to cover the seams. If it is a bad idea, what is the most \*cost effective\* sealer that I can use on them that A, won't really change color (I do \*not\* want to darken the DF at all or it will look odd with the pine) and B, will have a super matt finish so it doesn't even look like there's a finish on it? I've had good results with oils in the past but I'm afraid those will darken the DF far too much & yellow the pine. Open to any and all suggestions!",https://www.reddit.com/r/HomeImprovement/comments/tv95i3/wood_beams_to_seal_or_not_to_seal/,5,3,https://www.reddit.com/r/HomeImprovement/comments/tv95i3/wood_beams_to_seal_or_not_to_seal/,oil change,needs_review_urgent_signal,,manual_review_pending,,low_risk_diy,0.82,cosmetic_or_minor_finish:\bstain(?:ing|ed)?\b,"{""low_risk_diy"": 2.2}",no,,,,,MR0261,low_risk_diy,1,Patrick,,
15q3d66,hvacadvice,2023-08-13T16:31:39+00:00,Recurring HPS/LPS issue with vertical heat pump cooling in many units of a condo [Omega HRP 60],"Hey folks - at wit's end, so wondering if anybody has clever ideas! I'm not an expert, so definitely correct me or ask questions if thing in here don't make sense and thanks!!! **Context** * Two vertical heat pump AC/heat units in my home (5th floor in a \~45 unit condo). Living room is an Omega HRP 60, bedroom is an Omega HRP 30) * Since we moved in (two summers), both of them had intermittent LPS and HPS issues, I think typically starting with LPS issues that could fixed for a day or so at a time by just toggling the power, and at times HPS issues which couldn't be fixed this way (always shows the light within \~5 minutes of a reset, currently immediately) * We've had pros out to look 5 times now across two vendors. The HRP 30, which was HPS at the time, has not had more issues after they cleaned evaporator coils, but they have never found an issue with the HRP 60 that they can fix * Many other units in units in the building have similar issues dating back years, none have been fixed permanently to our knowledge, but attempts have included: 'changing some wires,' replacing the full unit, replacing the reversing valve (multiple times), replacing the TXV valve * Building-level, there has been maintenance of various types done on the roof units (whatever is up there), and wild speculation about it being related to water pressure issues We're not trying to DIY anything, and are willing to spend a functionally unlimited amount of money on this issue (e.g., if a $15K from-scratch replacement for my unit would fix this, I'd be overjoyed), but feel like we're bleeding money $250 at a time for people to come look at it, have no idea, and give up, so hoping we could get some ideas on potential causes that would help steer techs in the right direction to actually fix something. (Or learn if there's a specific building-level issue that might cause this). Thanks!! https://preview.redd.it/2ccegw3sswhb1.jpg?width=3024&format=pjpg&auto=webp&s=e42419068ae2e56d56ab2f82ddfe5d480b23d517 https://preview.redd.it/apks5spmswhb1.jpg?width=4032&format=pjpg&auto=webp&s=8b28ab0af849ca2f3ba8c90bf5f014cf13be4e0b","Recurring HPS/LPS issue with vertical heat pump cooling in many units of a condo [Omega HRP 60] Hey folks - at wit's end, so wondering if anybody has clever ideas! I'm not an expert, so definitely correct me or ask questions if thing in here don't make sense and thanks!!! **Context** * Two vertical heat pump AC/heat units in my home (5th floor in a \~45 unit condo). Living room is an Omega HRP 60, bedroom is an Omega HRP 30) * Since we moved in (two summers), both of them had intermittent LPS and HPS issues, I think typically starting with LPS issues that could fixed for a day or so at a time by just toggling the power, and at times HPS issues which couldn't be fixed this way (always shows the light within \~5 minutes of a reset, currently immediately) * We've had pros out to look 5 times now across two vendors. The HRP 30, which was HPS at the time, has not had more issues after they cleaned evaporator coils, but they have never found an issue with the HRP 60 that they can fix * Many other units in units in the building have similar issues dating back years, none have been fixed permanently to our knowledge, but attempts have included: 'changing some wires,' replacing the full unit, replacing the reversing valve (multiple times), replacing the TXV valve * Building-level, there has been maintenance of various types done on the roof units (whatever is up there), and wild speculation about it being related to water pressure issues We're not trying to DIY anything, and are willing to spend a functionally unlimited amount of money on this issue (e.g., if a $15K from-scratch replacement for my unit would fix this, I'd be overjoyed), but feel like we're bleeding money $250 at a time for people to come look at it, have no idea, and give up, so hoping we could get some ideas on potential causes that would help steer techs in the right direction to actually fix something. (Or learn if there's a specific building-level issue that might cause this). Thanks!! https://preview.redd.it/2ccegw3sswhb1.jpg?width=3024&format=pjpg&auto=webp&s=e42419068ae2e56d56ab2f82ddfe5d480b23d517 https://preview.redd.it/apks5spmswhb1.jpg?width=4032&format=pjpg&auto=webp&s=8b28ab0af849ca2f3ba8c90bf5f014cf13be4e0b",https://www.reddit.com/r/hvacadvice/comments/15q3d66/recurring_hpslps_issue_with_vertical_heat_pump/,2,7,https://www.reddit.com/r/hvacadvice/comments/15q3d66/recurring_hpslps_issue_with_vertical_heat_pump/,steering issue,needs_review_medium_signal,,manual_review_pending,,low_risk_diy,0.82,cosmetic_or_minor_finish:\bscratch(?:es|ed)?\b,"{""low_risk_diy"": 2.2}",no,,,,,MR0263,low_risk_diy,1,Patrick,,
1oyozon,HomeMaintenance,2025-11-16T15:46:42+00:00,What type of clear coat and what sheen to go with?,"I recently refinished the front entryway trim and moulding in my 125 year old home. The whole 1st floor is filled with what feels like miles of this same wood over all of the doorways, and sadly it was all painted white, probably 60 years ago or so. There are signs that the main entryway was painted at one point, but the previous owner peeled most of it (or perhaps it was never painted, and they sanded most of the old finish down to the bare wood). The first pic is after about 5 hours of work spread over 3 days of me going up grit levels to 220, using steel wool to get old flaky grime from the old laquer (or whatever was used as the original finish) peeled with Smart Strip I believe because they left it in the basement. The sections around the window were never sanded down to the wood, in addition to a strip of trim on a couple of the columns, which I don't totally mind, and decided to leave as is and stain around it. I'm going to use a Polyshades color to match the wood around the windows, since that product can go over existing clear coats. The last photo is after 2 coats of stain - Miniwax oil wood finish Red Chestnut 232. I'm pretty happy with the result, as it matches the color of my staircase directly across from the entryway, which was thankfully never painted. Anyhow, any comments, advice or critiques are welcome, but my goal is to figure out what top coat to use (Shellac, Polyurethane, laquer) over the stain and what sheen level to go with?","What type of clear coat and what sheen to go with? I recently refinished the front entryway trim and moulding in my 125 year old home. The whole 1st floor is filled with what feels like miles of this same wood over all of the doorways, and sadly it was all painted white, probably 60 years ago or so. There are signs that the main entryway was painted at one point, but the previous owner peeled most of it (or perhaps it was never painted, and they sanded most of the old finish down to the bare wood). The first pic is after about 5 hours of work spread over 3 days of me going up grit levels to 220, using steel wool to get old flaky grime from the old laquer (or whatever was used as the original finish) peeled with Smart Strip I believe because they left it in the basement. The sections around the window were never sanded down to the wood, in addition to a strip of trim on a couple of the columns, which I don't totally mind, and decided to leave as is and stain around it. I'm going to use a Polyshades color to match the wood around the windows, since that product can go over existing clear coats. The last photo is after 2 coats of stain - Miniwax oil wood finish Red Chestnut 232. I'm pretty happy with the result, as it matches the color of my staircase directly across from the entryway, which was thankfully never painted. Anyhow, any comments, advice or critiques are welcome, but my goal is to figure out what top coat to use (Shellac, Polyurethane, laquer) over the stain and what sheen level to go with?",https://www.reddit.com/r/HomeMaintenance/comments/1oyozon/what_type_of_clear_coat_and_what_sheen_to_go_with/,21,32,https://www.reddit.com/gallery/1oyozon,paint peeling,needs_review_low_signal,,manual_review_pending,,low_risk_diy,0.82,cosmetic_or_minor_finish:\bpaint(?:ing|ed)?\b,"{""low_risk_diy"": 2.2}",no,,,,,MR0265,low_risk_diy,1,Patrick,,
1svx5c2,AskMechanics,2026-04-26T04:09:12+00:00,Failing transmission help,"Hello yall! I own this car: 1993 Dodge Spirit 2.5l i4 with a 3 speed auto (hydraulic) and 110,000 miles. And over time, I've diagnosed these issues with my transmission. Keep in mind this stuff is on a fresh ATF+4 fill and new filter that I did myself. \- Occasional refusal to shift into 2nd along with holding onto 1st for too long, gets better with heat \- Occasional refusal to downshift into 1st, gets better with heat minimally \- Reverse clunks incredibly hard on cold, gets better with heat \- Bumpy 3rd gear, gets better with minimal heat, but too much heat causes refusal to shift into 3rd I did once try draining fluid to put Lucas stop slip, and that helped for a while, but started to not help anymore, so I drained some fluid and put back ATF+4, which still didn't change much. I then put in a Lucas detergent that (supposedly) cleans out the gunk, but that also seemed to fail. I am aware that the fluid has burnt again from shifting issues, but I want to know the best way to salvage this. I'm a poor college student that doesn't work a ton of hours, so a full replacement transmission isn't in the busget, nor is it worth it due to the car's value. My thought was maybe replacing the fluid with 2 bottles of Lucas stop slip and the rest ATF+4. I did maybe suspect it was throttle related, but I fixed the air hose that goes from the top of the block to the air intake system, so I know it doesn't have a vacuum leak. Any and all help is greatly appreciated!","Failing transmission help Hello yall! I own this car: 1993 Dodge Spirit 2.5l i4 with a 3 speed auto (hydraulic) and 110,000 miles. And over time, I've diagnosed these issues with my transmission. Keep in mind this stuff is on a fresh ATF+4 fill and new filter that I did myself. \- Occasional refusal to shift into 2nd along with holding onto 1st for too long, gets better with heat \- Occasional refusal to downshift into 1st, gets better with heat minimally \- Reverse clunks incredibly hard on cold, gets better with heat \- Bumpy 3rd gear, gets better with minimal heat, but too much heat causes refusal to shift into 3rd I did once try draining fluid to put Lucas stop slip, and that helped for a while, but started to not help anymore, so I drained some fluid and put back ATF+4, which still didn't change much. I then put in a Lucas detergent that (supposedly) cleans out the gunk, but that also seemed to fail. I am aware that the fluid has burnt again from shifting issues, but I want to know the best way to salvage this. I'm a poor college student that doesn't work a ton of hours, so a full replacement transmission isn't in the busget, nor is it worth it due to the car's value. My thought was maybe replacing the fluid with 2 bottles of Lucas stop slip and the rest ATF+4. I did maybe suspect it was throttle related, but I fixed the air hose that goes from the top of the block to the air intake system, so I know it doesn't have a vacuum leak. Any and all help is greatly appreciated!",https://www.reddit.com/r/AskMechanics/comments/1svx5c2/failing_transmission_help/,1,6,https://www.reddit.com/r/AskMechanics/comments/1svx5c2/failing_transmission_help/,transmission slipping,needs_review_medium_signal,,manual_review_pending,,medium_risk_call_pro,0.95,contained_water_damage:\bleak(?:s|ing|ed)?\b; vehicle_mechanical_system_issue:\btransmission\b,"{""medium_risk_call_pro"": 4.0}",no,,,,,MR0269,medium_risk_call_pro,1,Patrick,,
1snc7mr,Plumbing,2026-04-16T18:34:27+00:00,Please if someone can help me,I have people here from water company who seem to be a bit lost. I got a new hot water tank last Aug and put the ac on last night and this white pipe going straight down from tank flooded like crazy,Please if someone can help me I have people here from water company who seem to be a bit lost. I got a new hot water tank last Aug and put the ac on last night and this white pipe going straight down from tank flooded like crazy,https://www.reddit.com/r/Plumbing/comments/1snc7mr/please_if_someone_can_help_me/,0,14,https://www.reddit.com/gallery/1snc7mr,flooding,needs_review_urgent_signal,,manual_review_pending,,urgent_safety_risk,0.90,active_flooding_or_sewage:\bflooded\b,"{""urgent_safety_risk"": 3.0}",no,,,,,MR0273,urgent_safety_risk,1,Patrick,,
1s0spui,Plumbing,2026-03-22T18:09:06+00:00,How to install valves into this bathroom kitchen sink? (Pics included),First pic is the one in bathroom i dont see a valve at all to shut it off in case of flooding. Second and third pic is the valves under kitchen sink. One is old and rusty and the other is completely missing/ripped off. But no flooding. I live in a hoa where i have no main shut off line. Im worried about catastrophic flooding. Looks like the valves need replacing are old and rusty. And lookd like the bathroom one doesnt even have a valve. Please confirm. And any advice i should do just in case of leaks or flooding one day how do i shut off the water for that fixture. looks like only the kitchen i can shut it off. but not bathroom?,How to install valves into this bathroom kitchen sink? (Pics included) First pic is the one in bathroom i dont see a valve at all to shut it off in case of flooding. Second and third pic is the valves under kitchen sink. One is old and rusty and the other is completely missing/ripped off. But no flooding. I live in a hoa where i have no main shut off line. Im worried about catastrophic flooding. Looks like the valves need replacing are old and rusty. And lookd like the bathroom one doesnt even have a valve. Please confirm. And any advice i should do just in case of leaks or flooding one day how do i shut off the water for that fixture. looks like only the kitchen i can shut it off. but not bathroom?,https://www.reddit.com/r/Plumbing/comments/1s0spui/how_to_install_valves_into_this_bathroom_kitchen/,1,0,https://www.reddit.com/gallery/1s0spui,flooding,needs_review_urgent_signal,,manual_review_pending,,urgent_safety_risk,0.77,active_flooding_or_sewage:\bflooding\b; contained_water_damage:\bleak(?:s|ing|ed)?\b,"{""medium_risk_call_pro"": 2.0, ""urgent_safety_risk"": 3.0}",no,,,,,MR0277,urgent_safety_risk,1,Patrick,,
10onbse,HomeImprovement,2023-01-30T00:18:13+00:00,My LED Edison Bulbs die young.,"The advertising on the various LED bulbs I buy all reference LED bulbs having near decade long lifespans. I've tried Phillips, Ecosmart, Sylvania. And I seem to be replacing LED bulbs on the regular. I thought it could be cheap light switches, or poorly attached wire-nuts. The light switches are all fresh, mid-tier and installed carefully. A couple of 5 bulb [chandeliers] (https://www.homedepot.com/p/Hampton-Bay-Westwood-5-Light-Oil-Rubbed-Bronze-Chandelier-with-Frosted-White-Glass-Shades-IAY8115A-4/206058922) (the second chandelier is similar but the bulbs point down, and I don't know the make) I generally use 100 watt equivalents, and a soft white. I 've been going with dimmable bulbs in the hopes that it would make them ""electrically more rugged"", assuming that the dimming circuitry might ride out and voltage issues better. So far I'm feeling like I'm replacing lights far more often than I should. But maybe I'm an outlier on this. Has anyone out there had the issue, and found something that was a silver bullet, or even a lead bullet with reasonable caliber. I'm half tempted to swap the wire nuts out with wagu connectors, or swap out the fixtures in the kitchen entirely. The kitchen isn't the only spot, but those bulbs are more prominent than in a frosted ""[boob lamp](https://www.homedepot.com/p/13-in-2-Light-Oil-Rubbed-Bronze-Flush-Mount-EFG8012A-ORB/314009701)"" I have a Flight Tomorrow, So I probably won't be watching this like a hawk. EDIT: Changed markup, as I was using old.reddit.com markup in new.reddit.com","My LED Edison Bulbs die young. The advertising on the various LED bulbs I buy all reference LED bulbs having near decade long lifespans. I've tried Phillips, Ecosmart, Sylvania. And I seem to be replacing LED bulbs on the regular. I thought it could be cheap light switches, or poorly attached wire-nuts. The light switches are all fresh, mid-tier and installed carefully. A couple of 5 bulb [chandeliers] (https://www.homedepot.com/p/Hampton-Bay-Westwood-5-Light-Oil-Rubbed-Bronze-Chandelier-with-Frosted-White-Glass-Shades-IAY8115A-4/206058922) (the second chandelier is similar but the bulbs point down, and I don't know the make) I generally use 100 watt equivalents, and a soft white. I 've been going with dimmable bulbs in the hopes that it would make them ""electrically more rugged"", assuming that the dimming circuitry might ride out and voltage issues better. So far I'm feeling like I'm replacing lights far more often than I should. But maybe I'm an outlier on this. Has anyone out there had the issue, and found something that was a silver bullet, or even a lead bullet with reasonable caliber. I'm half tempted to swap the wire nuts out with wagu connectors, or swap out the fixtures in the kitchen entirely. The kitchen isn't the only spot, but those bulbs are more prominent than in a frosted ""[boob lamp](https://www.homedepot.com/p/13-in-2-Light-Oil-Rubbed-Bronze-Flush-Mount-EFG8012A-ORB/314009701)"" I have a Flight Tomorrow, So I probably won't be watching this like a hawk. EDIT: Changed markup, as I was using old.reddit.com markup in new.reddit.com",https://www.reddit.com/r/HomeImprovement/comments/10onbse/my_led_edison_bulbs_die_young/,1,5,https://www.reddit.com/r/HomeImprovement/comments/10onbse/my_led_edison_bulbs_die_young/,oil change,needs_review_unclear,,manual_review_pending,,,0.00,no_labeling_function_matched,{},yes,,,,,MR0278,needs_human_review,1,Patrick,,
15j62vy,DIY,2023-08-05T20:39:21+00:00,Weird outlet electrical issue,"So I am trying to install an over the range microwave, but I need to move an outlet from above the stove into the cabinet above. I checked the voltage on the outlet (120v), and then flipped the breaker. The outlet read (0V) and the light plugged into it turned off. Then I started to remove the receptacle. As I started to unscrew the hot side, it sparked and the lights went out in the kitchen. I went to check the breaker panel and nothing else had flipped. When I reconnected the hot side, the lights came back on. I am super confused! Any ideas why this outlet which I thought was off, still had a hot wire? I also am confused how it connected to the lights on a separate breaker? Honestly I am ready to just call an electrician! Thanks.","Weird outlet electrical issue So I am trying to install an over the range microwave, but I need to move an outlet from above the stove into the cabinet above. I checked the voltage on the outlet (120v), and then flipped the breaker. The outlet read (0V) and the light plugged into it turned off. Then I started to remove the receptacle. As I started to unscrew the hot side, it sparked and the lights went out in the kitchen. I went to check the breaker panel and nothing else had flipped. When I reconnected the hot side, the lights came back on. I am super confused! Any ideas why this outlet which I thought was off, still had a hot wire? I also am confused how it connected to the lights on a separate breaker? Honestly I am ready to just call an electrician! Thanks.",https://www.reddit.com/r/DIY/comments/15j62vy/weird_outlet_electrical_issue/,2,3,https://www.reddit.com/r/DIY/comments/15j62vy/weird_outlet_electrical_issue/,sparking outlet,needs_review_medium_signal,,manual_review_pending,,urgent_safety_risk,0.82,fire_smoke_or_sparks:\bspark(?:s|ing|ed)?\b(?!\s+plugs?\b); trade_system_issue:\bbreaker\b,"{""medium_risk_call_pro"": 2.0, ""urgent_safety_risk"": 3.5}",no,,,,,MR0280,urgent_safety_risk,1,Patrick,,
xn7n8m,Plumbing,2022-09-24T23:42:09+00:00,How close can PEX-A tube be to copper radiator pipe?,"Hi Everyone. I humbly come seeking some plumbing advice. I’m replacing some old 1/2” copper pipe (for potable water) with PEX-A. If I follow the same route that the old 1/2” copper pipe ran with the PEX-A, it comes into close proximity to a copper radiator pipe. With hangers/clamps, I can get about 1/2” of separation between the two pipes. Is this enough separation or is this too close to a heat source for the PEX-A? In doing some reading, 6” seems to be the minimum distance that PEX-A should be from a heat source. Does this sound right? If the 6” minimum is required, my thought is to simply transition from PEX to copper (so it will remain as two copper pipes in close proximity) and then transition back to PEX. My thought is that this will hopefully prevent me from having to do any crazy rerouting of the tubing. Any insight on this would be greatly appreciated! Additional information: - Pictures: https://imgur.com/a/Z46xKOf - New England area. United States - My pictures don’t include any suspension clamps where the PEX passes through the joist. These will be added, I just haven’t gotten there yet.","How close can PEX-A tube be to copper radiator pipe? Hi Everyone. I humbly come seeking some plumbing advice. I’m replacing some old 1/2” copper pipe (for potable water) with PEX-A. If I follow the same route that the old 1/2” copper pipe ran with the PEX-A, it comes into close proximity to a copper radiator pipe. With hangers/clamps, I can get about 1/2” of separation between the two pipes. Is this enough separation or is this too close to a heat source for the PEX-A? In doing some reading, 6” seems to be the minimum distance that PEX-A should be from a heat source. Does this sound right? If the 6” minimum is required, my thought is to simply transition from PEX to copper (so it will remain as two copper pipes in close proximity) and then transition back to PEX. My thought is that this will hopefully prevent me from having to do any crazy rerouting of the tubing. Any insight on this would be greatly appreciated! Additional information: - Pictures: https://imgur.com/a/Z46xKOf - New England area. United States - My pictures don’t include any suspension clamps where the PEX passes through the joist. These will be added, I just haven’t gotten there yet.",https://www.reddit.com/r/Plumbing/comments/xn7n8m/how_close_can_pexa_tube_be_to_copper_radiator_pipe/,2,3,https://www.reddit.com/r/Plumbing/comments/xn7n8m/how_close_can_pexa_tube_be_to_copper_radiator_pipe/,suspension,needs_review_medium_signal,,manual_review_pending,,medium_risk_call_pro,0.95,trade_system_issue:\bplumbing\b; vehicle_mechanical_system_issue:\bsuspension\b,"{""medium_risk_call_pro"": 4.0}",no,,,,,MR0281,medium_risk_call_pro,1,Patrick,,
1j7lly9,HomeMaintenance,2025-03-10T00:04:59+00:00,Rot in door frame,"I have a 1930s home that was flipped in 2005. I noticed rot in the door frame trim towards the bottom, it seems that water was seeping in between the wood and the mortar (because they never caulked it seems). [Here is what I found](https://imgur.com/a/dtCccSe). I cut out the rot area and then the trim ended getting loose (because they used regular nails that rotted away it appears). The wood behind the trim that is part of the frame is moist but once I scraped back the top layer felt solid. The very bottom of the wood felt moist, but I am not sure what to do about that. There is also a weird foam middle - I wonder if there is a wire run there. I'm trying to figure out what is the best way to move forward. My inclination is to 1. Use a wire brush and finish cleaning off any loose wet/wood 2. Use a product like [PC Products PC-Petrifier](https://www.amazon.com/gp/product/B00081FW1I/ref=ox_sc_act_title_1?smid=ATVPDKIKX0DER&th=1) on the wood that was behind the trim. 3. Replace the wood with new trim (though the old wood seems mostly solid too - not sure if I can reuse any of it? 4. Sand/Paint/Caulk between the mortar and wood Any thoughts? Thanks in advance","Rot in door frame I have a 1930s home that was flipped in 2005. I noticed rot in the door frame trim towards the bottom, it seems that water was seeping in between the wood and the mortar (because they never caulked it seems). [Here is what I found](https://imgur.com/a/dtCccSe). I cut out the rot area and then the trim ended getting loose (because they used regular nails that rotted away it appears). The wood behind the trim that is part of the frame is moist but once I scraped back the top layer felt solid. The very bottom of the wood felt moist, but I am not sure what to do about that. There is also a weird foam middle - I wonder if there is a wire run there. I'm trying to figure out what is the best way to move forward. My inclination is to 1. Use a wire brush and finish cleaning off any loose wet/wood 2. Use a product like [PC Products PC-Petrifier](https://www.amazon.com/gp/product/B00081FW1I/ref=ox_sc_act_title_1?smid=ATVPDKIKX0DER&th=1) on the wood that was behind the trim. 3. Replace the wood with new trim (though the old wood seems mostly solid too - not sure if I can reuse any of it? 4. Sand/Paint/Caulk between the mortar and wood Any thoughts? Thanks in advance",https://www.reddit.com/r/HomeMaintenance/comments/1j7lly9/rot_in_door_frame/,0,2,https://www.reddit.com/r/HomeMaintenance/comments/1j7lly9/rot_in_door_frame/,loose trim,needs_review_low_signal,,manual_review_pending,,low_risk_diy,0.82,cosmetic_or_minor_finish:\bpaint(?:ing|ed)?\b,"{""low_risk_diy"": 2.2}",no,,,,,MR0285,low_risk_diy,1,Patrick,,
1t3hzay,HomeImprovement,2026-05-04T13:37:59+00:00,"Bunch of bugs in basement bathroom in summer, none in winter","They’re about 2-3mm long with large wings. Last summer, I found maybe a hundred dead in the floor in my basement bathroom multiple times, which we usually keep closed. There weren’t any in the winter, and now they’re appearing again. Sometimes I get some sewer gas smell but I haven’t found any leaks anywhere. The basement bathroom isn’t used very often, only when we have guests staying with us which is rare. I’m worried a waste pipe may be cracked and is likely leaking into our vents, which are ducts in slab. Here are pics of the flies if that helps. https://imgur.com/a/UmM0Woi","Bunch of bugs in basement bathroom in summer, none in winter They’re about 2-3mm long with large wings. Last summer, I found maybe a hundred dead in the floor in my basement bathroom multiple times, which we usually keep closed. There weren’t any in the winter, and now they’re appearing again. Sometimes I get some sewer gas smell but I haven’t found any leaks anywhere. The basement bathroom isn’t used very often, only when we have guests staying with us which is rare. I’m worried a waste pipe may be cracked and is likely leaking into our vents, which are ducts in slab. Here are pics of the flies if that helps. https://imgur.com/a/UmM0Woi",https://www.reddit.com/r/HomeImprovement/comments/1t3hzay/bunch_of_bugs_in_basement_bathroom_in_summer_none/,1,2,https://www.reddit.com/r/HomeImprovement/comments/1t3hzay/bunch_of_bugs_in_basement_bathroom_in_summer_none/,gas smell,needs_review_urgent_signal,,manual_review_pending,,urgent_safety_risk,0.92,gas_or_carbon_monoxide:\bgas smell\b; contained_water_damage:\bleak(?:s|ing|ed)?\b,"{""medium_risk_call_pro"": 2.0, ""urgent_safety_risk"": 4.0}",no,,,,,MR0291,urgent_safety_risk,1,Patrick,,
1rd7u2y,Plumbing,2026-02-24T05:39:20+00:00,Gap between tile and tub spout. Caulk and send it or adjust?,"The gap is probably about 1/8 inch. It’s not a slip on it’s a threaded adapter so we need to un-solder and then re-solder. Should I just throw some clear cock in there or do I need to pull it all apart? I’m afraid if I turn it anymore, I would snap the elbow in the wall.","Gap between tile and tub spout. Caulk and send it or adjust? The gap is probably about 1/8 inch. It’s not a slip on it’s a threaded adapter so we need to un-solder and then re-solder. Should I just throw some clear cock in there or do I need to pull it all apart? I’m afraid if I turn it anymore, I would snap the elbow in the wall.",https://www.reddit.com/r/Plumbing/comments/1rd7u2y/gap_between_tile_and_tub_spout_caulk_and_send_it/,2,3,https://www.reddit.com/gallery/1rd7u2y,caulk,needs_review_low_signal,,manual_review_pending,,low_risk_diy,0.82,cosmetic_or_minor_finish:\bcaulk(?:ing)?\b,"{""low_risk_diy"": 2.2}",no,,,,,MR0292,low_risk_diy,1,Patrick,,
1ro7n3j,HomeMaintenance,2026-03-08T15:26:58+00:00,Paint peeling off the walls,"Hey there, I’m hoping for some advice. I moved into this house three years ago and painted the bathroom walls white. Over the past year, I noticed a bubble, went to remove, sand and repaint but noticed I could actually peel most of the paint right off the walls! I think the tan layer are the original drywall, (you can see the layers of the cardboard/brown paper in some areas where the paint pulled off deeply). I know this isn’t the right language and apologize for my poor description, but I was hoping to have some advice on how to treat these walls so that I could repaint again and have it stick, I guess? It happened to another bathroom, but I just sanded and wallpaper’d that one (but now that wallpaper is peeling off too!). Both bathrooms are toilet/sinks only with working fans for ventilation. Thank you for your help :)","Paint peeling off the walls Hey there, I’m hoping for some advice. I moved into this house three years ago and painted the bathroom walls white. Over the past year, I noticed a bubble, went to remove, sand and repaint but noticed I could actually peel most of the paint right off the walls! I think the tan layer are the original drywall, (you can see the layers of the cardboard/brown paper in some areas where the paint pulled off deeply). I know this isn’t the right language and apologize for my poor description, but I was hoping to have some advice on how to treat these walls so that I could repaint again and have it stick, I guess? It happened to another bathroom, but I just sanded and wallpaper’d that one (but now that wallpaper is peeling off too!). Both bathrooms are toilet/sinks only with working fans for ventilation. Thank you for your help :)",https://www.reddit.com/r/HomeMaintenance/comments/1ro7n3j/paint_peeling_off_the_walls/,12,13,https://www.reddit.com/gallery/1ro7n3j,paint peeling,needs_review_low_signal,,manual_review_pending,,low_risk_diy,0.82,cosmetic_or_minor_finish:\bpaint(?:ing|ed)?\b,"{""low_risk_diy"": 2.2}",no,,,,,MR0300,low_risk_diy,1,Patrick,,
1tcaxjj,Plumbing,2026-05-13T19:56:40+00:00,Correct way to install toilet?,I’ve had sewer gas smell coming into my bathroom and I think it was because of the toilet so I took it off and I want to reinstall it to prevent smells and leaks. My flange sits below the floor level. I currently have the black rubber spacer and then two white spacers sitting on top of that. It now sits slightly above the floor level. It seems to not be 100% level because of the subfloor. I am going to use caulk in between the spacers. Is this correct installation before I screw down the spacers and install the toilet? What size wax ring would be necessary for this?,Correct way to install toilet? I’ve had sewer gas smell coming into my bathroom and I think it was because of the toilet so I took it off and I want to reinstall it to prevent smells and leaks. My flange sits below the floor level. I currently have the black rubber spacer and then two white spacers sitting on top of that. It now sits slightly above the floor level. It seems to not be 100% level because of the subfloor. I am going to use caulk in between the spacers. Is this correct installation before I screw down the spacers and install the toilet? What size wax ring would be necessary for this?,https://www.reddit.com/r/Plumbing/comments/1tcaxjj/correct_way_to_install_toilet/,1,2,https://www.reddit.com/gallery/1tcaxjj,caulk,needs_review_urgent_signal,,manual_review_pending,,urgent_safety_risk,0.87,gas_or_carbon_monoxide:\bgas smell\b; contained_water_damage:\bleak(?:s|ing|ed)?\b; cosmetic_or_minor_finish:\bcaulk(?:ing)?\b,"{""low_risk_diy"": 2.2, ""medium_risk_call_pro"": 2.0, ""urgent_safety_risk"": 4.0}",no,,,,,MR0307,urgent_safety_risk,1,Patrick,,
3g6pey,DIY,2015-08-07T23:08:00+00:00,Request: Tips/tricks for moving 6 yds of dirt,"Tomorrow, I need to spread 6 yds of dirt...by hand. I have a wheel barrow. Does anyone have any brilliant ideas or experience in such a large task? Update: job is done. Thanks to all for advice. In the end, it was just plain hard work. I think the most important thing in moving large loads of material is to do so shortly after it gets delivered. The dirt was nice and loose, easy to scoop.","Request: Tips/tricks for moving 6 yds of dirt Tomorrow, I need to spread 6 yds of dirt...by hand. I have a wheel barrow. Does anyone have any brilliant ideas or experience in such a large task? Update: job is done. Thanks to all for advice. In the end, it was just plain hard work. I think the most important thing in moving large loads of material is to do so shortly after it gets delivered. The dirt was nice and loose, easy to scoop.",https://www.reddit.com/r/DIY/comments/3g6pey/request_tipstricks_for_moving_6_yds_of_dirt/,2,10,https://www.reddit.com/r/DIY/comments/3g6pey/request_tipstricks_for_moving_6_yds_of_dirt/,wheel loose,needs_review_unclear,,manual_review_pending,,,0.00,no_labeling_function_matched,{},yes,,,,,MR0309,needs_human_review,1,Patrick,,
1an80ah,DIY,2024-02-10T04:35:02+00:00,What kind of metal spring can I use to make my Logitech M90 Wired USB Mouse Wheel stronger and more firm?,"i have this [https://www.youtube.com/watch?v=LAU3K7LjMBc](https://www.youtube.com/watch?v=LAU3K7LjMBc) and just after 1 month of use, the wheel seems very loose and not so firm, just wondering if which metal spring i can use to replace it with, maybe a stronger one, and whats the name of it ?","What kind of metal spring can I use to make my Logitech M90 Wired USB Mouse Wheel stronger and more firm? i have this [https://www.youtube.com/watch?v=LAU3K7LjMBc](https://www.youtube.com/watch?v=LAU3K7LjMBc) and just after 1 month of use, the wheel seems very loose and not so firm, just wondering if which metal spring i can use to replace it with, maybe a stronger one, and whats the name of it ?",https://www.reddit.com/r/DIY/comments/1an80ah/what_kind_of_metal_spring_can_i_use_to_make_my/,0,5,https://www.reddit.com/r/DIY/comments/1an80ah/what_kind_of_metal_spring_can_i_use_to_make_my/,wheel loose,needs_review_unclear,,manual_review_pending,,,0.00,no_labeling_function_matched,{},yes,,,,,MR0313,needs_human_review,1,Patrick,,
1ttcsus,Plumbing,2026-06-01T00:51:33+00:00,aC/plumbing/P trap woes,"I live in an older apartment. Recently I had a not small flood coming from the leaking P trap underneath my AC. Management wouldn’t do ANYTHING at all until I started yelling. Their idea of fixing this compromised P trap is putting duct tape on it! All the noxious grey nasty goo got into my carpet- they died it but will not replace it OR the padding My AC I demanded to be cleaned. It was FULL of mold and nasty goo- bc my AC unit is not sealed properly - pilling in air around the cover , the duct where it attaches to ac is cracked My carpet makes my feet black to walk on it. I feel like crap all the time- irritated eyes , headaches, some wheezing so I moved to my living room to sleep. There’s a horrific dirty smell now permeating everything.im at my wits end! I’m going to call some people Monday but I want to know what will light a fire underneath them. This isn’t right, against code and I would be willing to bet she gets bonuses based on what she does not spend in maintenance! There is also this burbling that happens anytime people upstairs run water coming from my kitchen sink. It’s loud and that proceeded the 3 nasty blacking floods in the last month. They wouldn’t even seal the AC! Much less repair the likely clog in P trap underneath my AC","aC/plumbing/P trap woes I live in an older apartment. Recently I had a not small flood coming from the leaking P trap underneath my AC. Management wouldn’t do ANYTHING at all until I started yelling. Their idea of fixing this compromised P trap is putting duct tape on it! All the noxious grey nasty goo got into my carpet- they died it but will not replace it OR the padding My AC I demanded to be cleaned. It was FULL of mold and nasty goo- bc my AC unit is not sealed properly - pilling in air around the cover , the duct where it attaches to ac is cracked My carpet makes my feet black to walk on it. I feel like crap all the time- irritated eyes , headaches, some wheezing so I moved to my living room to sleep. There’s a horrific dirty smell now permeating everything.im at my wits end! I’m going to call some people Monday but I want to know what will light a fire underneath them. This isn’t right, against code and I would be willing to bet she gets bonuses based on what she does not spend in maintenance! There is also this burbling that happens anytime people upstairs run water coming from my kitchen sink. It’s loud and that proceeded the 3 nasty blacking floods in the last month. They wouldn’t even seal the AC! Much less repair the likely clog in P trap underneath my AC",https://www.reddit.com/r/Plumbing/comments/1ttcsus/acplumbingp_trap_woes/,3,1,https://www.reddit.com/gallery/1ttcsus,flooding,needs_review_urgent_signal,,manual_review_pending,,medium_risk_call_pro,0.95,contained_water_damage:\bleak(?:s|ing|ed)?\b; trade_system_issue:\bac unit\b; mold_or_foundation_concern:\bmold\b,"{""medium_risk_call_pro"": 6.0}",no,,,,,MR0319,medium_risk_call_pro,1,Patrick,,
1s7bjgw,Plumbing,2026-03-30T00:16:43+00:00,Pedestal Sinks & Caulking,Removed ugly caulk along top of a pedestal sink — do i need to recaulk after painting? Add a backsplash? Bond to the wall? I have no idea,Pedestal Sinks & Caulking Removed ugly caulk along top of a pedestal sink — do i need to recaulk after painting? Add a backsplash? Bond to the wall? I have no idea,https://www.reddit.com/r/Plumbing/comments/1s7bjgw/pedestal_sinks_caulking/,1,2,https://www.reddit.com/r/Plumbing/comments/1s7bjgw/pedestal_sinks_caulking/,caulk,needs_review_low_signal,,manual_review_pending,,low_risk_diy,0.82,cosmetic_or_minor_finish:\bpaint(?:ing|ed)?\b,"{""low_risk_diy"": 2.2}",no,,,,,MR0320,low_risk_diy,1,Patrick,,
1g8e32o,AskMechanics,2024-10-21T01:10:37+00:00,Am I being overcharged?,My Audi q5 went in for an oil change and the dealership said I need new motor mounts and upper guide link bushings. I’m going to get new quotes but any insight into how much I should expect for labour hours or what parts will cost? any more info about I can use to make it appear more like I know what I’m talking about so hopefully I’m not overcharged (I’m a woman so I’m sure it happens). If it helps I’m in the Dallas area.,Am I being overcharged? My Audi q5 went in for an oil change and the dealership said I need new motor mounts and upper guide link bushings. I’m going to get new quotes but any insight into how much I should expect for labour hours or what parts will cost? any more info about I can use to make it appear more like I know what I’m talking about so hopefully I’m not overcharged (I’m a woman so I’m sure it happens). If it helps I’m in the Dallas area.,https://www.reddit.com/r/AskMechanics/comments/1g8e32o/am_i_being_overcharged/,29,127,https://www.reddit.com/gallery/1g8e32o,wiper blades,needs_review_unclear,,manual_review_pending,,low_risk_diy,0.82,vehicle_low_risk_maintenance:\boil change\b,"{""low_risk_diy"": 2.2}",no,,,,,MR0326,low_risk_diy,1,Patrick,,
1c5mk4s,Plumbing,2024-04-16T17:53:18+00:00,Loose Tub Roman Tub,I bought a house with a Roman tub but the trim pieces are not in the best shape. My plan is to eventually remodel the entire bathroom. The faucet is loose. It is held by a set screw but there is quite a bit of play on it. Two questions: 1. What is the best way to tighten up so the faucet isn't just loose. The set screw keeps it from flying off or rotating but there is about 3/4 inch of vertical travel. I also want to avoid tearing off the side of the tub if possible. I believe it is a Moen faucet. 2. Can I use another faucet and just adapt to this existing plumbing or does everything have to be replaced?,Loose Tub Roman Tub I bought a house with a Roman tub but the trim pieces are not in the best shape. My plan is to eventually remodel the entire bathroom. The faucet is loose. It is held by a set screw but there is quite a bit of play on it. Two questions: 1. What is the best way to tighten up so the faucet isn't just loose. The set screw keeps it from flying off or rotating but there is about 3/4 inch of vertical travel. I also want to avoid tearing off the side of the tub if possible. I believe it is a Moen faucet. 2. Can I use another faucet and just adapt to this existing plumbing or does everything have to be replaced?,https://www.reddit.com/r/Plumbing/comments/1c5mk4s/loose_tub_roman_tub/,1,0,https://www.reddit.com/gallery/1c5mk4s,loose trim,needs_review_medium_signal,,manual_review_pending,,medium_risk_call_pro,0.67,trade_system_issue:\bplumbing\b; cosmetic_or_minor_finish:\btrim\b,"{""low_risk_diy"": 2.2, ""medium_risk_call_pro"": 2.0}",yes,,,,,MR0330,needs_human_review,1,Patrick,,
1pspsjg,HomeMaintenance,2025-12-22T03:55:31+00:00,Fixing up Failing faux tile,The faux tile wall of my bathtub is failing and starting to pull from the wall. The previous owners didn’t do a great job sealing from the top of the tile wall and seemed to just paint over the top without caulking. Should I be sanding down the paint that’s peeling up to do a proper caulk job after I glue behind the wall?,Fixing up Failing faux tile The faux tile wall of my bathtub is failing and starting to pull from the wall. The previous owners didn’t do a great job sealing from the top of the tile wall and seemed to just paint over the top without caulking. Should I be sanding down the paint that’s peeling up to do a proper caulk job after I glue behind the wall?,https://www.reddit.com/r/HomeMaintenance/comments/1pspsjg/fixing_up_failing_faux_tile/,1,4,https://www.reddit.com/gallery/1pspsjg,paint peeling,needs_review_low_signal,,manual_review_pending,,low_risk_diy,0.82,cosmetic_or_minor_finish:\bpaint(?:ing|ed)?\b,"{""low_risk_diy"": 2.2}",no,,,,,MR0332,low_risk_diy,1,Patrick,,
1t9kuhn,Plumbing,2026-05-10T22:23:38+00:00,Leaking shower drain,"Hi r/plumbing I have a Caspers Industries shower drain (ASTM F2665) on an acrylic shower pan that is leaking. I did a flood test and water pooled under the drain assembly below the pan. The pan exterior was completely dry so the pan itself seems fine. I noticed two things: there is a visible gap between the drain body and the locking nut from above, and the caulk around the outer drain flange had completely failed and I removed it. Photos attached of the gap, the assembly from below, and the pooling water location. The drain was disturbed when the pan was reinstalled during renovation. Is the gap the issue and can this be fixed without removing the pan? I'm wondering if the pipe wasn't pushed up far enough into the drain body before the locking nut was tightened, creating that gap. Would the fix be to loosen the nut, push the pipe up further, then retighten? Or is the rubber gasket itself failing and needs replacing? I'm hesitant to just overtighten the nut since the drain explicitly says do not overtighten. Access from below is limited but I can remove some wood framing to get better reach if needed. https://preview.redd.it/9ufuqccwyd0h1.jpg?width=2268&format=pjpg&auto=webp&s=5bc3600ffdb19cfec40d5419f1a2922b3271343a https://preview.redd.it/wbbwiccwyd0h1.jpg?width=3264&format=pjpg&auto=webp&s=e42740d527d3280124cde5433ab266da46bb67f9 https://preview.redd.it/j5bj0ccwyd0h1.jpg?width=4032&format=pjpg&auto=webp&s=4f9ae8f6e15ab2a1c50a9c580ca1cfd60bb816eb https://preview.redd.it/6jgrdo6yyd0h1.png?width=819&format=png&auto=webp&s=a12089363608465b27c5534b56a5fcc19ef99acb","Leaking shower drain Hi r/plumbing I have a Caspers Industries shower drain (ASTM F2665) on an acrylic shower pan that is leaking. I did a flood test and water pooled under the drain assembly below the pan. The pan exterior was completely dry so the pan itself seems fine. I noticed two things: there is a visible gap between the drain body and the locking nut from above, and the caulk around the outer drain flange had completely failed and I removed it. Photos attached of the gap, the assembly from below, and the pooling water location. The drain was disturbed when the pan was reinstalled during renovation. Is the gap the issue and can this be fixed without removing the pan? I'm wondering if the pipe wasn't pushed up far enough into the drain body before the locking nut was tightened, creating that gap. Would the fix be to loosen the nut, push the pipe up further, then retighten? Or is the rubber gasket itself failing and needs replacing? I'm hesitant to just overtighten the nut since the drain explicitly says do not overtighten. Access from below is limited but I can remove some wood framing to get better reach if needed. https://preview.redd.it/9ufuqccwyd0h1.jpg?width=2268&format=pjpg&auto=webp&s=5bc3600ffdb19cfec40d5419f1a2922b3271343a https://preview.redd.it/wbbwiccwyd0h1.jpg?width=3264&format=pjpg&auto=webp&s=e42740d527d3280124cde5433ab266da46bb67f9 https://preview.redd.it/j5bj0ccwyd0h1.jpg?width=4032&format=pjpg&auto=webp&s=4f9ae8f6e15ab2a1c50a9c580ca1cfd60bb816eb https://preview.redd.it/6jgrdo6yyd0h1.png?width=819&format=png&auto=webp&s=a12089363608465b27c5534b56a5fcc19ef99acb",https://www.reddit.com/r/Plumbing/comments/1t9kuhn/leaking_shower_drain/,1,2,https://www.reddit.com/r/Plumbing/comments/1t9kuhn/leaking_shower_drain/,caulk,needs_review_urgent_signal,,manual_review_pending,,medium_risk_call_pro,0.87,contained_water_damage:\bleak(?:s|ing|ed)?\b; trade_system_issue:\bplumbing\b; cosmetic_or_minor_finish:\bcaulk(?:ing)?\b,"{""low_risk_diy"": 2.2, ""medium_risk_call_pro"": 4.0}",no,,,,,MR0333,medium_risk_call_pro,1,Patrick,,
1cc5rg9,DIY,2024-04-24T18:30:42+00:00,Why would plugging in a tool while off trip the breaker?,"I have a 2nd hand wood shaper that I haven't used yet. First time plugging it in and I heard a buzz from the breaker (the switch on the machine was off) so I immediately unplugged it and sparks and smoke came out of the plug. The breaker did not trip but I assume it would have if I waited a couple seconds. For more info, I was plugging it into an extension cord that was already nearby instead of an outlet. The breaker and wiring is rated for 20 amps. The motor was already wired for 115V with a standard 3 prong plug. The motor draws 14 amps when wired for 115V. The switch was off. The forward/reverse switch on the motor was in Forward position. I have not tested anything yet (need to find my multimeter). I have not tried flipping the on/off or for/rev switches and plugging it back in as I don't want to cause any damage to the motor or breaker panel. The question is, why would the breaker/cord be pulling current if the motor was off? I'm thinking the on/off switch is bad or that the last owner wired it wrong.","Why would plugging in a tool while off trip the breaker? I have a 2nd hand wood shaper that I haven't used yet. First time plugging it in and I heard a buzz from the breaker (the switch on the machine was off) so I immediately unplugged it and sparks and smoke came out of the plug. The breaker did not trip but I assume it would have if I waited a couple seconds. For more info, I was plugging it into an extension cord that was already nearby instead of an outlet. The breaker and wiring is rated for 20 amps. The motor was already wired for 115V with a standard 3 prong plug. The motor draws 14 amps when wired for 115V. The switch was off. The forward/reverse switch on the motor was in Forward position. I have not tested anything yet (need to find my multimeter). I have not tried flipping the on/off or for/rev switches and plugging it back in as I don't want to cause any damage to the motor or breaker panel. The question is, why would the breaker/cord be pulling current if the motor was off? I'm thinking the on/off switch is bad or that the last owner wired it wrong.",https://www.reddit.com/r/DIY/comments/1cc5rg9/why_would_plugging_in_a_tool_while_off_trip_the/,1,12,https://i.redd.it/7guuk0hr0hwc1.jpeg,sparking outlet,needs_review_urgent_signal,,manual_review_pending,,urgent_safety_risk,0.82,fire_smoke_or_sparks:\bspark(?:s|ing|ed)?\b(?!\s+plugs?\b); trade_system_issue:\bbreaker\b,"{""medium_risk_call_pro"": 2.0, ""urgent_safety_risk"": 3.5}",no,,,,,MR0339,urgent_safety_risk,1,Patrick,,
1tdyr20,HomeImprovement,2026-05-15T14:55:16+00:00,Humidity rising in basement,"I'm looking for advice on how to find what may be a hidden water leak. Over the last week, our temperature and humidity sensor has shown an increase in humidity in our fully finished basement. It went from averaging about 55% to 60%. Not a big jump, I know, but we are serious about keeping it below 60% to keep mold and mildew down, and it's very rare for it to go that high. Additionaly, my parter (who is senstive to mold and mildew) is starting to react when she's in the basement. This is where our master bedroom is. It's also where our laundry is. There is also a full bathroom, but we only use the toilet and sink (never the shower or bath). With all this plumbing, and it being behind drywall, I'm worried we have a hidden leak. The weather here has been dry and sunny, with no precipitation, so I don't think it is coming from outside. In the mean time, we are running a dehumidifier. It initially took the hummidty level down to about 45%, but it comes back up when we don't run the dehumidifier. Any suggetions on how we might find a leak, without cutting drywall? EDIT: There is no AC in use, and the temp in the basement is pretty steady around 60F.","Humidity rising in basement I'm looking for advice on how to find what may be a hidden water leak. Over the last week, our temperature and humidity sensor has shown an increase in humidity in our fully finished basement. It went from averaging about 55% to 60%. Not a big jump, I know, but we are serious about keeping it below 60% to keep mold and mildew down, and it's very rare for it to go that high. Additionaly, my parter (who is senstive to mold and mildew) is starting to react when she's in the basement. This is where our master bedroom is. It's also where our laundry is. There is also a full bathroom, but we only use the toilet and sink (never the shower or bath). With all this plumbing, and it being behind drywall, I'm worried we have a hidden leak. The weather here has been dry and sunny, with no precipitation, so I don't think it is coming from outside. In the mean time, we are running a dehumidifier. It initially took the hummidty level down to about 45%, but it comes back up when we don't run the dehumidifier. Any suggetions on how we might find a leak, without cutting drywall? EDIT: There is no AC in use, and the temp in the basement is pretty steady around 60F.",https://www.reddit.com/r/HomeImprovement/comments/1tdyr20/humidity_rising_in_basement/,1,6,https://www.reddit.com/r/HomeImprovement/comments/1tdyr20/humidity_rising_in_basement/,leak,needs_review_medium_signal,,manual_review_pending,,medium_risk_call_pro,0.95,contained_water_damage:\bleak(?:s|ing|ed)?\b; trade_system_issue:\bplumbing\b; mold_or_foundation_concern:\bmold\b,"{""medium_risk_call_pro"": 6.0}",no,,,,,MR0343,medium_risk_call_pro,1,Patrick,,
16203os,HomeImprovement,2023-08-26T16:44:43+00:00,What is this,This pipe is under my deck. Leads into an addition that has no water of gas. There is a separate gas line that leads to the grill. The pipe to touch is easily moveable (pull push). There appears to be something that is not allowing it to be pulled out completely. Uncapped for at least 6 months. No smell coming from it. (Blue cord is a phone/broadband),What is this This pipe is under my deck. Leads into an addition that has no water of gas. There is a separate gas line that leads to the grill. The pipe to touch is easily moveable (pull push). There appears to be something that is not allowing it to be pulled out completely. Uncapped for at least 6 months. No smell coming from it. (Blue cord is a phone/broadband),https://www.reddit.com/r/HomeImprovement/comments/16203os/what_is_this/,1,4,https://i.redd.it/ygxs9849hhkb1.jpg,gas smell,needs_review_unclear,,manual_review_pending,,,0.00,no_labeling_function_matched,{},yes,,,,,MR0351,needs_human_review,1,Patrick,,
1t2p015,DIY,2026-05-03T15:46:36+00:00,Looking for leak detection system guidance,I’m looking for guidance on an inline leak detection system. We have a rental in an area that is prone to freezing and also vacant for weeks at a time. If a break or leak occurs I want something that will alert me and automatically shut the water off. I’m aware of the moen flo system. Is this the best? Are there other options? If I have basic plumbing skills is this diy?,Looking for leak detection system guidance I’m looking for guidance on an inline leak detection system. We have a rental in an area that is prone to freezing and also vacant for weeks at a time. If a break or leak occurs I want something that will alert me and automatically shut the water off. I’m aware of the moen flo system. Is this the best? Are there other options? If I have basic plumbing skills is this diy?,https://www.reddit.com/r/DIY/comments/1t2p015/looking_for_leak_detection_system_guidance/,3,6,https://www.reddit.com/r/DIY/comments/1t2p015/looking_for_leak_detection_system_guidance/,water leak,needs_review_medium_signal,,manual_review_pending,,medium_risk_call_pro,0.95,contained_water_damage:\bleak(?:s|ing|ed)?\b; trade_system_issue:\bplumbing\b,"{""medium_risk_call_pro"": 4.0}",no,,,,,MR0357,medium_risk_call_pro,1,Patrick,,
1of7och,HomeMaintenance,2025-10-24T19:54:27+00:00,Peeling Paint in Bathroom,Should I be concerned there’s either not enough ventilation in this bathroom or perhaps the wrong paint was used? Or is this likely some other issue all together?,Peeling Paint in Bathroom Should I be concerned there’s either not enough ventilation in this bathroom or perhaps the wrong paint was used? Or is this likely some other issue all together?,https://www.reddit.com/r/HomeMaintenance/comments/1of7och/peeling_paint_in_bathroom/,1,1,https://www.reddit.com/gallery/1of7och,paint peeling,needs_review_low_signal,,manual_review_pending,,low_risk_diy,0.82,cosmetic_or_minor_finish:\bpaint(?:ing|ed)?\b,"{""low_risk_diy"": 2.2}",no,,,,,MR0362,low_risk_diy,1,Patrick,,
1nh7h6t,AskMechanics,2025-09-15T00:24:52+00:00,Help with quote,"I own a 2015 Nissan Pathfinder. I took it in for an oil change at Nissan dealership. After multi-point inspection, it was recommended a bunch of service. I don’t understand much about cars and how much things should cost. I don’t want to be taken advantage of. I’m leaning towards getting the breaks serviced tomorrow. Are the prices fair?","Help with quote I own a 2015 Nissan Pathfinder. I took it in for an oil change at Nissan dealership. After multi-point inspection, it was recommended a bunch of service. I don’t understand much about cars and how much things should cost. I don’t want to be taken advantage of. I’m leaning towards getting the breaks serviced tomorrow. Are the prices fair?",https://www.reddit.com/r/AskMechanics/comments/1nh7h6t/help_with_quote/,1,7,https://i.redd.it/dqm40iq038pf1.jpeg,wiper blades,needs_review_unclear,,manual_review_pending,,low_risk_diy,0.82,vehicle_low_risk_maintenance:\boil change\b,"{""low_risk_diy"": 2.2}",no,,,,,MR0369,low_risk_diy,1,Patrick,,
1to750s,AskMechanics,2026-05-26T13:34:14+00:00,W212 E250 CGI engine stall issue (Official service center and 3rd party garage have no idea what's the root cause),"Hi, this is a last ditch effort to see if anybody has ideas on how to diagnose a few issues that have occured on my dad's car. He likes it a lot, but due to the malfunctions happening increasingly frequently, it's highly likely it'll be retired, which would be a shame. Year: 2009 Model: W212 E250 CGI Mileage: Under 90,000km (~56000 miles) Problems: First started occuring at very slow speeds, i.e. crawling to a stop at a stoplight. The car loses power steering, all dashboard lights come on, and the engine shuts off. Restarting the car seemingly fixes the issue, with dashboard lights back to normal. This then happened a few more times, all at very low speeds. After a while, it started happening at highway speeds as well, where the car would not respond to any accelerator input and slowly lost speed, where upon slowing down to around 10km/h (6 miles per hour) where the dashboard lights would all come on again and power steering became unavailable, but the issue seemed to always go away after stopping the car and restarting. However, recently, the issue happened at highways speeds 3 times in a row within 20 minutes, and upon restarting the engine, the errors of 1. ""Run Flat Indicator Inoperative"", 2. ""ESP Inoperative"", and 3. Yellow engine light came on, and would not be cleared after restarting like previous times. Additionally, when cruising at around 60km/h (~40 miles/h), a few kicks were felt from the engine, and the RPM gauge spiked accordingly. Diagnostic steps tried: The car has been to both the official service center and a 3rd party garage, where they ran OBD scans, but were not able to locate any relevant issues. As the stalling happened intermittently, it wasn't able to be reliably reproduced. I currently do not have access to an OBD scanner, so I can only mention my observations by eye: 1. The issue seems to happen at around 1-2k rpm, and so far has not happened while engine braking or under RPMs (above 2000) 2. Engine temperature has been out of normal range 3. The battery voltage has been checked to be normal at the garage 4. The fuses in the fuse box in the boot/ trunk of the car all appear to be intact and properly inserted I'm honestly completely out of ideas, searching online gave results suggesting issues with the wheel speed sensor or steering angle sensor, but I do not have a scanner on hand to confirm whether those errors are present. We do not have access to an empty parking lot/ large field to monitor sensors while trying to reproduce the issue, so would really appreciate if anybody that has heard of/ experienced this this issue can provide some pointers. My dad really likes the look of this car, and it makes me sad seeing him having to let go of it. Appreciate you taking the time to read through my post in advance.","W212 E250 CGI engine stall issue (Official service center and 3rd party garage have no idea what's the root cause) Hi, this is a last ditch effort to see if anybody has ideas on how to diagnose a few issues that have occured on my dad's car. He likes it a lot, but due to the malfunctions happening increasingly frequently, it's highly likely it'll be retired, which would be a shame. Year: 2009 Model: W212 E250 CGI Mileage: Under 90,000km (~56000 miles) Problems: First started occuring at very slow speeds, i.e. crawling to a stop at a stoplight. The car loses power steering, all dashboard lights come on, and the engine shuts off. Restarting the car seemingly fixes the issue, with dashboard lights back to normal. This then happened a few more times, all at very low speeds. After a while, it started happening at highway speeds as well, where the car would not respond to any accelerator input and slowly lost speed, where upon slowing down to around 10km/h (6 miles per hour) where the dashboard lights would all come on again and power steering became unavailable, but the issue seemed to always go away after stopping the car and restarting. However, recently, the issue happened at highways speeds 3 times in a row within 20 minutes, and upon restarting the engine, the errors of 1. ""Run Flat Indicator Inoperative"", 2. ""ESP Inoperative"", and 3. Yellow engine light came on, and would not be cleared after restarting like previous times. Additionally, when cruising at around 60km/h (~40 miles/h), a few kicks were felt from the engine, and the RPM gauge spiked accordingly. Diagnostic steps tried: The car has been to both the official service center and a 3rd party garage, where they ran OBD scans, but were not able to locate any relevant issues. As the stalling happened intermittently, it wasn't able to be reliably reproduced. I currently do not have access to an OBD scanner, so I can only mention my observations by eye: 1. The issue seems to happen at around 1-2k rpm, and so far has not happened while engine braking or under RPMs (above 2000) 2. Engine temperature has been out of normal range 3. The battery voltage has been checked to be normal at the garage 4. The fuses in the fuse box in the boot/ trunk of the car all appear to be intact and properly inserted I'm honestly completely out of ideas, searching online gave results suggesting issues with the wheel speed sensor or steering angle sensor, but I do not have a scanner on hand to confirm whether those errors are present. We do not have access to an empty parking lot/ large field to monitor sensors while trying to reproduce the issue, so would really appreciate if anybody that has heard of/ experienced this this issue can provide some pointers. My dad really likes the look of this car, and it makes me sad seeing him having to let go of it. Appreciate you taking the time to read through my post in advance.",https://www.reddit.com/r/AskMechanics/comments/1to750s/w212_e250_cgi_engine_stall_issue_official_service/,1,3,https://www.reddit.com/r/AskMechanics/comments/1to750s/w212_e250_cgi_engine_stall_issue_official_service/,steering issue,needs_review_unclear,,manual_review_pending,,,0.00,no_labeling_function_matched,{},yes,,,,,MR0373,needs_human_review,1,Patrick,,
1rec8gl,AskMechanics,2026-02-25T12:45:38+00:00,2012 Legacy Wiper Blade Removal,"Hi! My wiper blade was busted so I decided to buy a set to replace both front wipers tonight on my 2012 Legacy. For the life of me, I cannot figure out how to remove the existing blades without damaging the arm. I have watched countless tutorials and all of them mention a tab to pull up which my blades do not have. Another tutorial mentioned pulling down on a tab underneath a blade but I was unsuccessful with that too. I’m pretty lost and any advice would be appreciated. I’ve attached a few pics. Thanks a lot.","2012 Legacy Wiper Blade Removal Hi! My wiper blade was busted so I decided to buy a set to replace both front wipers tonight on my 2012 Legacy. For the life of me, I cannot figure out how to remove the existing blades without damaging the arm. I have watched countless tutorials and all of them mention a tab to pull up which my blades do not have. Another tutorial mentioned pulling down on a tab underneath a blade but I was unsuccessful with that too. I’m pretty lost and any advice would be appreciated. I’ve attached a few pics. Thanks a lot.",https://www.reddit.com/r/AskMechanics/comments/1rec8gl/2012_legacy_wiper_blade_removal/,1,2,https://www.reddit.com/gallery/1rec8gl,wiper blades,needs_review_unclear,,manual_review_pending,,,0.00,no_labeling_function_matched,{},yes,,,,,MR0378,needs_human_review,1,Patrick,,
1tsfbwx,HomeMaintenance,2026-05-30T23:48:59+00:00,Old window trim,My house was built in 1900 and I am repainting my exterior window trim for the first time since purchasing the home 6 years ago. At the top of each window is a piece of crown molding with a piece of flashing on the top of it and a piece of flashing on each side in the shape of the crown molding. The siding on the house is aluminum. Do the edges of all the flashing need to be sealed/caulked to the trim & siding?,Old window trim My house was built in 1900 and I am repainting my exterior window trim for the first time since purchasing the home 6 years ago. At the top of each window is a piece of crown molding with a piece of flashing on the top of it and a piece of flashing on each side in the shape of the crown molding. The siding on the house is aluminum. Do the edges of all the flashing need to be sealed/caulked to the trim & siding?,https://www.reddit.com/r/HomeMaintenance/comments/1tsfbwx/old_window_trim/,5,10,https://i.redd.it/i6zvaxrs3d4h1.jpeg,mold,needs_review_low_signal,,manual_review_pending,,low_risk_diy,0.82,cosmetic_or_minor_finish:\btrim\b,"{""low_risk_diy"": 2.2}",no,,,,,MR0384,low_risk_diy,1,Patrick,,
1qj38bd,MechanicAdvice,2026-01-21T16:52:44+00:00,Just a girl who’s 2017 Ford Fusion SE sounds like a trumpet and bounces at stoplights. (codes included),"Listen, cars that bounce may be for some people, but considering my car isn’t on bags, I don’t think that’s right. I’m a 25/F who has done light maintenance work in the past (think diagnosis, brake jobs, replacing sensors, oil changes, and once I replaced my entire front end suspension on my ‘04 Honda Element!), and I’m hoping y’all can help me decide what needs replacing on my 2017 Ford Fusion. Here are the codes O’reilly’s pulled for me: P2196 - O2 sensor signal biased/stuck rich - bank 1 sensor 1 P1450 - Unable to bleed up fuel tank vacuum U3003-15 - Battery Voltage - circuit voltage below threshold U2002-96 - Switch - component internal failure All the codes popped up within the same 15 mile trip. This is the first time any symptoms were noticed. Here’s the timeline of symptoms: • Started hearing a rhythmic fart noise while sitting at a light. I assumed it was a riced out car nearby, but it put me on edge. • Caught another light, and my car started bouncing pretty hard with more farting. • While turning right from the same light, my car died on me, and I was able to limp into a parking lot and restart the car. It started fine. • Swung by the mall to take care of errands since I was around the corner anyways and figured if I had to abandon my car, I wouldn’t get towed from the area. Was parked for about 45 minutes. Called my dad. • Was able to get to O’reilly’s about 3 miles away without incident • got the codes, and my battery tested. The battery was in good health but low charge. called my dad. • started the journey home, but caught a light and the car was farting as if i fed it 300 pounds of taco bell, and bouncing as if i was a cholo in the ‘80’s (said with love) • pulled over. called my dad again. collected myself and made a game plan to get home with minimal lights. • got home without incident despite catching several lights. Note: I did not get fuel recently and never top my gas off because I’ve heard that is bad for your car. So here’s what I think: I’ve read that Ford Fusions have shitty fuel purge valves, and I know the purge valve and O2 sensor work closely together. My plan was to replace the purge valve first, clear the code, and see what happens. The only thing that’s stopping me is that I don’t have the COMMON purge valve codes… but I know P1450 might mean the purge valve. I think the battery dying was an unfortunate coincidence. I was thinking it’s also possible that I might have a leak in one of the EVAP system hoses. I’m trying to not spend a lot of money as I am a poor (and cheap) grad student, and ideally will get it right the first time, so I will be doing the work myself if I can. My dad would help, but he lives across the country. Let me know what yall think.","Just a girl who’s 2017 Ford Fusion SE sounds like a trumpet and bounces at stoplights. (codes included) Listen, cars that bounce may be for some people, but considering my car isn’t on bags, I don’t think that’s right. I’m a 25/F who has done light maintenance work in the past (think diagnosis, brake jobs, replacing sensors, oil changes, and once I replaced my entire front end suspension on my ‘04 Honda Element!), and I’m hoping y’all can help me decide what needs replacing on my 2017 Ford Fusion. Here are the codes O’reilly’s pulled for me: P2196 - O2 sensor signal biased/stuck rich - bank 1 sensor 1 P1450 - Unable to bleed up fuel tank vacuum U3003-15 - Battery Voltage - circuit voltage below threshold U2002-96 - Switch - component internal failure All the codes popped up within the same 15 mile trip. This is the first time any symptoms were noticed. Here’s the timeline of symptoms: • Started hearing a rhythmic fart noise while sitting at a light. I assumed it was a riced out car nearby, but it put me on edge. • Caught another light, and my car started bouncing pretty hard with more farting. • While turning right from the same light, my car died on me, and I was able to limp into a parking lot and restart the car. It started fine. • Swung by the mall to take care of errands since I was around the corner anyways and figured if I had to abandon my car, I wouldn’t get towed from the area. Was parked for about 45 minutes. Called my dad. • Was able to get to O’reilly’s about 3 miles away without incident • got the codes, and my battery tested. The battery was in good health but low charge. called my dad. • started the journey home, but caught a light and the car was farting as if i fed it 300 pounds of taco bell, and bouncing as if i was a cholo in the ‘80’s (said with love) • pulled over. called my dad again. collected myself and made a game plan to get home with minimal lights. • got home without incident despite catching several lights. Note: I did not get fuel recently and never top my gas off because I’ve heard that is bad for your car. So here’s what I think: I’ve read that Ford Fusions have shitty fuel purge valves, and I know the purge valve and O2 sensor work closely together. My plan was to replace the purge valve first, clear the code, and see what happens. The only thing that’s stopping me is that I don’t have the COMMON purge valve codes… but I know P1450 might mean the purge valve. I think the battery dying was an unfortunate coincidence. I was thinking it’s also possible that I might have a leak in one of the EVAP system hoses. I’m trying to not spend a lot of money as I am a poor (and cheap) grad student, and ideally will get it right the first time, so I will be doing the work myself if I can. My dad would help, but he lives across the country. Let me know what yall think.",https://www.reddit.com/r/MechanicAdvice/comments/1qj38bd/just_a_girl_whos_2017_ford_fusion_se_sounds_like/,1,4,https://www.reddit.com/r/MechanicAdvice/comments/1qj38bd/just_a_girl_whos_2017_ford_fusion_se_sounds_like/,brake failure,needs_review_medium_signal,,manual_review_pending,,medium_risk_call_pro,0.95,contained_water_damage:\bleak(?:s|ing|ed)?\b; vehicle_mechanical_system_issue:\bsuspension\b,"{""medium_risk_call_pro"": 4.0}",no,,,,,MR0385,medium_risk_call_pro,1,Patrick,,
17ifobk,HomeImprovement,2023-10-28T15:05:35+00:00,How to find source of smell in house,"Hi everyone, I recently rented a home in one state while living in another. My mom went to the showing and had me on FaceTime for a property. I was interested in a couple of months ago. My mom found nothing alarming but one thing I noticed while I was on the phone was that I heard the showing agent say to someone in the background “yes it has that old wood smell.” After the showing, I asked my mom about it and she said she didn’t notice any smell. So I didn’t think too much of it. Fast forward to now. Last week, I came for the walk-through inspection, and immediately I noticed a weird smell. I asked the showing agent what the smell was and he said that he noticed it as well, but knows that the home was recently painted and the floors were recently refinished. I said, for sure it was not a paint snow, and he tried to say he thought it was due to the refinishing of the floors. OK, fine. I had a little bit of red flag because of the comment in the initial showing about “old wood smell.” To me, that indicates there was a smell before the floors were refinished. But, I was really busy, already signed the lease and figured when I moved in the next day, I would just wipe everything down, air out the house, and all would be good. I was wrong! I’ve been in the home for two days and I’m going crazy. While you can smell a faint smell throughout the house, it seems to be heavily concentrated in one room. It is the back of the house, and a family/bonus type room that leads out to the backyard. Also connected to it is the laundry room. This is the only carpeted room in the house. I started to think that maybe it was the carpet because it’s the only room with carpet and where the smell is most concentrated. I did smell the carpet lol and I don’t seem to smell the stench in the carpet. The smell: I honestly don’t know how to describe it other than extremely strong, pungent something. Almost like a mix of body odor, garlic, and must. It doesn’t smell like gas and it doesn’t smell like sewage at least to my nose. On the first day, being here, I reached out to the property management company, flagging the smell. They asked me to describe the smell, and I did, even though it’s hard to describe it. I told him I thought it could be the carpets at first, because it was just in this one room. They told me they were going to send out the steam cleaning people to investigate and that the vendor would call me to make an appointment. I never heard from anyone in 24 hours. The next day, as I was still smelling it in other rooms of the house Bentley, I emailed back saying that I don’t necessarily think it’s just carpets because I’m smelling it throughout the house. No one replied. All day yesterday I put out bowls of vinegar and baking soda to see if I could absorb the odor. I had all the windows open all day long. Towards the end of the day, in the stinky room, I did notice the smell slightly less, and I thought maybe I was making progress. However, when I closed everything up to go take a walk with my dog, upon re-entering, it was very concentrated again with the doors and windows closed. I started to feel overwhelmed and like I got a bad house so I emailed the maintenance people with the property management again and basically said that I feel like the house is unlivable due to the smell and that I’m worried about mold or other harmful things in the air that me, and my dog might be breathing in. I’m obviously waiting for them to reply to me and see what they offer to do but I don’t expect they will get back to me until Monday. I haven’t even slept in the house yet because I hate the smell. I have stayed with my mom the last two days. Maybe that’s dramatic but the smell is just so gross. What does anyone have any ideas of what the source of the smell could be? Or in these cases, does anyone know what people do to try to locate the source? This property management has not been the best with me. In terms of communication from the very beginning, so I don’t have high hopes that they are going to do much, but I hope I am wrong and will try to be optimistic. I have stopped unpacking because I am wondering if I will need to move out of this house. I’m concerned about losing my deposit and my first month rent if they don’t identify the source and fix it. Because I will leave if that is the case. Would anyone recommend that I hire someone independently to search for the smell or test air quality if they don’t do that? I was thinking I might have to do that to prove a case to get out of a lease? I’m in CA btw. I know that no one can tell me what the smell is but people in this sub always have great insight and advice, so just thought I would check here while I wait for our reply for the next few days. Thanks!","How to find source of smell in house Hi everyone, I recently rented a home in one state while living in another. My mom went to the showing and had me on FaceTime for a property. I was interested in a couple of months ago. My mom found nothing alarming but one thing I noticed while I was on the phone was that I heard the showing agent say to someone in the background “yes it has that old wood smell.” After the showing, I asked my mom about it and she said she didn’t notice any smell. So I didn’t think too much of it. Fast forward to now. Last week, I came for the walk-through inspection, and immediately I noticed a weird smell. I asked the showing agent what the smell was and he said that he noticed it as well, but knows that the home was recently painted and the floors were recently refinished. I said, for sure it was not a paint snow, and he tried to say he thought it was due to the refinishing of the floors. OK, fine. I had a little bit of red flag because of the comment in the initial showing about “old wood smell.” To me, that indicates there was a smell before the floors were refinished. But, I was really busy, already signed the lease and figured when I moved in the next day, I would just wipe everything down, air out the house, and all would be good. I was wrong! I’ve been in the home for two days and I’m going crazy. While you can smell a faint smell throughout the house, it seems to be heavily concentrated in one room. It is the back of the house, and a family/bonus type room that leads out to the backyard. Also connected to it is the laundry room. This is the only carpeted room in the house. I started to think that maybe it was the carpet because it’s the only room with carpet and where the smell is most concentrated. I did smell the carpet lol and I don’t seem to smell the stench in the carpet. The smell: I honestly don’t know how to describe it other than extremely strong, pungent something. Almost like a mix of body odor, garlic, and must. It doesn’t smell like gas and it doesn’t smell like sewage at least to my nose. On the first day, being here, I reached out to the property management company, flagging the smell. They asked me to describe the smell, and I did, even though it’s hard to describe it. I told him I thought it could be the carpets at first, because it was just in this one room. They told me they were going to send out the steam cleaning people to investigate and that the vendor would call me to make an appointment. I never heard from anyone in 24 hours. The next day, as I was still smelling it in other rooms of the house Bentley, I emailed back saying that I don’t necessarily think it’s just carpets because I’m smelling it throughout the house. No one replied. All day yesterday I put out bowls of vinegar and baking soda to see if I could absorb the odor. I had all the windows open all day long. Towards the end of the day, in the stinky room, I did notice the smell slightly less, and I thought maybe I was making progress. However, when I closed everything up to go take a walk with my dog, upon re-entering, it was very concentrated again with the doors and windows closed. I started to feel overwhelmed and like I got a bad house so I emailed the maintenance people with the property management again and basically said that I feel like the house is unlivable due to the smell and that I’m worried about mold or other harmful things in the air that me, and my dog might be breathing in. I’m obviously waiting for them to reply to me and see what they offer to do but I don’t expect they will get back to me until Monday. I haven’t even slept in the house yet because I hate the smell. I have stayed with my mom the last two days. Maybe that’s dramatic but the smell is just so gross. What does anyone have any ideas of what the source of the smell could be? Or in these cases, does anyone know what people do to try to locate the source? This property management has not been the best with me. In terms of communication from the very beginning, so I don’t have high hopes that they are going to do much, but I hope I am wrong and will try to be optimistic. I have stopped unpacking because I am wondering if I will need to move out of this house. I’m concerned about losing my deposit and my first month rent if they don’t identify the source and fix it. Because I will leave if that is the case. Would anyone recommend that I hire someone independently to search for the smell or test air quality if they don’t do that? I was thinking I might have to do that to prove a case to get out of a lease? I’m in CA btw. I know that no one can tell me what the smell is but people in this sub always have great insight and advice, so just thought I would check here while I wait for our reply for the next few days. Thanks!",https://www.reddit.com/r/HomeImprovement/comments/17ifobk/how_to_find_source_of_smell_in_house/,0,7,https://www.reddit.com/r/HomeImprovement/comments/17ifobk/how_to_find_source_of_smell_in_house/,gas smell,needs_review_medium_signal,,manual_review_pending,,urgent_safety_risk,0.87,gas_or_carbon_monoxide:\bsmell(?:s|ing)? (?:like )?gas\b; mold_or_foundation_concern:\bmold\b; cosmetic_or_minor_finish:\bpaint(?:ing|ed)?\b,"{""low_risk_diy"": 2.2, ""medium_risk_call_pro"": 2.0, ""urgent_safety_risk"": 4.0}",no,,,,,MR0387,urgent_safety_risk,1,Patrick,,
1tkwgeu,HomeMaintenance,2026-05-22T21:24:27+00:00,Ceiling repair,"I am renting. My friends and I threw a party and had hung up some decorations on the ceiling. The tape was supposed to be “paint friendly” but that wasn’t true. I now have 2 areas about 6 inches in length where the paint (and maybe some of the drywall?) peeled off? I provided a picture so you can get an idea. I’m trying to figure out what is a reasonable cost for repairs, and if I should hire a handyman myself, rather than use the apartment complex’s maintenance. I’m just worried it’ll be costly because of how difficult it will be to match the texture/paint. Any help would be greatly appreciated!!","Ceiling repair I am renting. My friends and I threw a party and had hung up some decorations on the ceiling. The tape was supposed to be “paint friendly” but that wasn’t true. I now have 2 areas about 6 inches in length where the paint (and maybe some of the drywall?) peeled off? I provided a picture so you can get an idea. I’m trying to figure out what is a reasonable cost for repairs, and if I should hire a handyman myself, rather than use the apartment complex’s maintenance. I’m just worried it’ll be costly because of how difficult it will be to match the texture/paint. Any help would be greatly appreciated!!",https://www.reddit.com/r/HomeMaintenance/comments/1tkwgeu/ceiling_repair/,1,2,https://i.redd.it/anp2prwpar2h1.jpeg,paint peeling,needs_review_low_signal,,manual_review_pending,,low_risk_diy,0.82,cosmetic_or_minor_finish:\bpaint(?:ing|ed)?\b,"{""low_risk_diy"": 2.2}",no,,,,,MR0389,low_risk_diy,1,Patrick,,
1tim30v,HomeImprovement,2026-05-20T13:41:31+00:00,Can you really install a basin faucet by yourself?,"Hello there! Do you think it’s possible to install a basic faucet by ourselves? It’s been weeks since our bathroom faucet started leaking, though. Since my younger brother loves fixing random things, he suddenly wants to replace it by himself 😭. I watched a few tutorials with him online, and it looked easy at first. However, it got quite overwhelming because they started mentioning various things like we’re supposed to know what any of that means. I saw a bunch of faucet sets on Alibaba, and some of them looked surprisingly modern. Now, I’m kinda nervous that he’ll accidentally flood the bathroom if he touches something wrong. Our mom will definitely scold us, you know 😭.","Can you really install a basin faucet by yourself? Hello there! Do you think it’s possible to install a basic faucet by ourselves? It’s been weeks since our bathroom faucet started leaking, though. Since my younger brother loves fixing random things, he suddenly wants to replace it by himself 😭. I watched a few tutorials with him online, and it looked easy at first. However, it got quite overwhelming because they started mentioning various things like we’re supposed to know what any of that means. I saw a bunch of faucet sets on Alibaba, and some of them looked surprisingly modern. Now, I’m kinda nervous that he’ll accidentally flood the bathroom if he touches something wrong. Our mom will definitely scold us, you know 😭.",https://www.reddit.com/r/HomeImprovement/comments/1tim30v/can_you_really_install_a_basin_faucet_by_yourself/,2,12,https://www.reddit.com/r/HomeImprovement/comments/1tim30v/can_you_really_install_a_basin_faucet_by_yourself/,leak,needs_review_urgent_signal,,manual_review_pending,,medium_risk_call_pro,0.80,contained_water_damage:\bleak(?:s|ing|ed)?\b,"{""medium_risk_call_pro"": 2.0}",no,,,,,MR0391,medium_risk_call_pro,1,Patrick,,
1azwjky,HomeImprovement,2024-02-25T19:30:34+00:00,Prepping for paint after Murphy’s oil?,"Hi all! We just closed on a mid 70s rancher, and we are in the process of completely repainting. The baseboards, trim, doors, and kitchen cabinets are wood and we are pretty sure they’ve been cleaned with Murphy’s oil continuously since the last couple moved here in the 80s. I would like to repaint these parts too, but how do I prep for paint with the oil patina? We took a magic eraser and a bunch of wet paper towels to a section of cabinets and it’s just yellowy brown coming off nonstop; the color of the cabinet isn’t changing so I don’t think we’re damaging the stain or color.","Prepping for paint after Murphy’s oil? Hi all! We just closed on a mid 70s rancher, and we are in the process of completely repainting. The baseboards, trim, doors, and kitchen cabinets are wood and we are pretty sure they’ve been cleaned with Murphy’s oil continuously since the last couple moved here in the 80s. I would like to repaint these parts too, but how do I prep for paint with the oil patina? We took a magic eraser and a bunch of wet paper towels to a section of cabinets and it’s just yellowy brown coming off nonstop; the color of the cabinet isn’t changing so I don’t think we’re damaging the stain or color.",https://www.reddit.com/r/HomeImprovement/comments/1azwjky/prepping_for_paint_after_murphys_oil/,1,2,https://www.reddit.com/r/HomeImprovement/comments/1azwjky/prepping_for_paint_after_murphys_oil/,oil change,needs_review_low_signal,,manual_review_pending,,low_risk_diy,0.82,cosmetic_or_minor_finish:\bpaint(?:ing|ed)?\b,"{""low_risk_diy"": 2.2}",no,,,,,MR0396,low_risk_diy,1,Patrick,,
1qiho5v,DIY,2026-01-20T23:44:14+00:00,My driveway still shows boot prints when it rains - can I take it further?,"A few years ago, I used regular Scotchguard to waterproof my hiking boots and sprayed them in the driveway. Fast forward to present, when it rains you can still see two perfect boot outlines. That got me thinking - can I use Scotchguard (or a similar product) to “paint” a design on my driveway that only appears when it rains? I’m less worried about how it’ll hold up and more about making it a slipping hazard or somehow damaging the concrete - like, does it need to breathe or something? All of the water-repellant products I can find seem to be for leak repair or serious weatherproofing. And weirdly enough (/s) there’s not really any answers or tutorials out there regarding whether or not I can Scotchguard my concrete driveway. Thoughts? Please be kind, I’m just desperately seeking whimsy where I can get it.","My driveway still shows boot prints when it rains - can I take it further? A few years ago, I used regular Scotchguard to waterproof my hiking boots and sprayed them in the driveway. Fast forward to present, when it rains you can still see two perfect boot outlines. That got me thinking - can I use Scotchguard (or a similar product) to “paint” a design on my driveway that only appears when it rains? I’m less worried about how it’ll hold up and more about making it a slipping hazard or somehow damaging the concrete - like, does it need to breathe or something? All of the water-repellant products I can find seem to be for leak repair or serious weatherproofing. And weirdly enough (/s) there’s not really any answers or tutorials out there regarding whether or not I can Scotchguard my concrete driveway. Thoughts? Please be kind, I’m just desperately seeking whimsy where I can get it.",https://www.reddit.com/r/DIY/comments/1qiho5v/my_driveway_still_shows_boot_prints_when_it_rains/,183,89,https://www.reddit.com/r/DIY/comments/1qiho5v/my_driveway_still_shows_boot_prints_when_it_rains/,water leak,needs_review_medium_signal,,manual_review_pending,,medium_risk_call_pro,0.67,contained_water_damage:\bleak(?:s|ing|ed)?\b; cosmetic_or_minor_finish:\bpaint(?:ing|ed)?\b,"{""low_risk_diy"": 2.2, ""medium_risk_call_pro"": 2.0}",yes,,,,,MR0398,needs_human_review,1,Patrick,,
