reddit_id,subreddit,created_utc,title,selftext,text,permalink,score,num_comments,url,source_query,review_hint,label,label_status,label_notes,auto_label,auto_label_confidence,auto_label_reason,auto_label_scores,needs_human_review,label_source,human_label,human_review_notes,audit_agrees,manual_review_id,review_bucket,assigned_reviewer_number,assigned_reviewer,human_confidence,reviewed_at
117oy59,askanelectrician,2023-02-21T00:06:38+00:00,Question about blown oven heating element,Some information. I rent a house. Today I was cooking on the stove and I turned on the oven to preheat it. I looked away and something popped with enough force to rattle the pan on top. When I looked there was smoke coming up from behind the range. I thought something was on fire. My daughter came out from her bedroom and said she heard a buzzing noise in her room. She thought I got electrocuted. My landlord sent one of her handymen and he’s going to replace the heating element on the oven but he can’t tell me why there was a buzzing noise in the bedroom when it happened. I’m worried if there is some electrical issue that caused this. Any ideas would be appreciated.,Question about blown oven heating element Some information. I rent a house. Today I was cooking on the stove and I turned on the oven to preheat it. I looked away and something popped with enough force to rattle the pan on top. When I looked there was smoke coming up from behind the range. I thought something was on fire. My daughter came out from her bedroom and said she heard a buzzing noise in her room. She thought I got electrocuted. My landlord sent one of her handymen and he’s going to replace the heating element on the oven but he can’t tell me why there was a buzzing noise in the bedroom when it happened. I’m worried if there is some electrical issue that caused this. Any ideas would be appreciated.,https://www.reddit.com/r/askanelectrician/comments/117oy59/question_about_blown_oven_heating_element/,1,0,https://www.reddit.com/r/askanelectrician/comments/117oy59/question_about_blown_oven_heating_element/,electrical issue,needs_review_urgent_signal,,manual_review_pending,,urgent_safety_risk,0.95,fire_smoke_or_sparks:\bsmoke\b,"{""urgent_safety_risk"": 3.5}",no,,,,,MR0001,urgent_safety_risk,3,Max,,
13e8w70,askanelectrician,2023-05-11T01:03:58+00:00,Need help diagnosing exterior outlets!,"Hi there! My wife and I just bought a house and I have found some issues with the electrical. None of our exterior outlets get any power to them, and the mailbox light and outlet also are dead. I had a veteran electrician come out to take a look at that and other things, and he told me he was 98% sure it was caused by a faulty GFCI outlet in the garage (that was getting power). So I took the old outlet out and installed a new one. I get power to that outlet, but still nothing to the other exterior outlets and mailbox. Am I missing something? I would like to DIY it if possible before calling an electrician back. Let me know if you need any more information, and thanks! Edit Update: I did a little poking around. I found a normal outlet in my garage that had 2 white and 1 black hooked to it. The other black was tucked away behind the outlet. There was also a conduit coming from the back of that box, outside my garage, and into the ground, and looks to be going to the mailbox area. When I reconnect that black wire so I have 2w 2b, it trips the GFCI outlet in the garage. So I assume one of the exterior outlets keeps tripping or is damaged, and in order to prevent the GFCI outlet from constantly tripping too, they just disconnected that black wire to cancel the circuit? If so, what do you guys suggest i do?","Need help diagnosing exterior outlets! Hi there! My wife and I just bought a house and I have found some issues with the electrical. None of our exterior outlets get any power to them, and the mailbox light and outlet also are dead. I had a veteran electrician come out to take a look at that and other things, and he told me he was 98% sure it was caused by a faulty GFCI outlet in the garage (that was getting power). So I took the old outlet out and installed a new one. I get power to that outlet, but still nothing to the other exterior outlets and mailbox. Am I missing something? I would like to DIY it if possible before calling an electrician back. Let me know if you need any more information, and thanks! Edit Update: I did a little poking around. I found a normal outlet in my garage that had 2 white and 1 black hooked to it. The other black was tucked away behind the outlet. There was also a conduit coming from the back of that box, outside my garage, and into the ground, and looks to be going to the mailbox area. When I reconnect that black wire so I have 2w 2b, it trips the GFCI outlet in the garage. So I assume one of the exterior outlets keeps tripping or is damaged, and in order to prevent the GFCI outlet from constantly tripping too, they just disconnected that black wire to cancel the circuit? If so, what do you guys suggest i do?",https://www.reddit.com/r/askanelectrician/comments/13e8w70/need_help_diagnosing_exterior_outlets/,1,5,https://www.reddit.com/r/askanelectrician/comments/13e8w70/need_help_diagnosing_exterior_outlets/,electrical issue,needs_review_medium_signal,,manual_review_pending,,medium_risk_call_pro,0.80,trade_system_issue:\boutlets?\b,"{""medium_risk_call_pro"": 2.0}",no,,,,,MR0002,medium_risk_call_pro,4,Manthan,,
17a7vxe,HomeImprovement,2023-10-17T20:30:28+00:00,Gas fireplace hissing sound,I have a Vermont castings Radiance natural gas fireplace. I replaced the pilot assembly and now I hear a hissing noise. I can’t really smell gas though? Any thoughts?,Gas fireplace hissing sound I have a Vermont castings Radiance natural gas fireplace. I replaced the pilot assembly and now I hear a hissing noise. I can’t really smell gas though? Any thoughts?,https://www.reddit.com/r/HomeImprovement/comments/17a7vxe/gas_fireplace_hissing_sound/,2,0,https://www.reddit.com/r/HomeImprovement/comments/17a7vxe/gas_fireplace_hissing_sound/,gas smell,needs_review_urgent_signal,,manual_review_pending,,urgent_safety_risk,0.95,gas_or_carbon_monoxide:\bsmell(?:s|ing)? (?:like )?gas\b,"{""urgent_safety_risk"": 4.0}",no,,,,,MR0003,urgent_safety_risk,2,Sarah,,
13os8iz,HomeImprovement,2023-05-22T14:18:57+00:00,Bad Smell in garage,"A few weeks ago our house was filled with a sulfur, rotten egg smell. Thinking it could be natural gas, I called the fire company and they came out. Luckily, they said it wasn’t a gas leak but most likely a sewer/plumbing issue. The smell went away, but then a week later it came back. We called a plumber and they said they couldn’t find any issues and that it might be a dead animal. We also were able to pin down that the smell was coming from the garage. We cleared out the garage and called an exterminator and they came out, couldn’t find anything, and stated that it’s not a dead animal as the smell would be constant. The smell went away again. Well last night the smell is back and I really don’t know what to do next. Has this happened to anyone else before? Any help is appreciated!!","Bad Smell in garage A few weeks ago our house was filled with a sulfur, rotten egg smell. Thinking it could be natural gas, I called the fire company and they came out. Luckily, they said it wasn’t a gas leak but most likely a sewer/plumbing issue. The smell went away, but then a week later it came back. We called a plumber and they said they couldn’t find any issues and that it might be a dead animal. We also were able to pin down that the smell was coming from the garage. We cleared out the garage and called an exterminator and they came out, couldn’t find anything, and stated that it’s not a dead animal as the smell would be constant. The smell went away again. Well last night the smell is back and I really don’t know what to do next. Has this happened to anyone else before? Any help is appreciated!!",https://www.reddit.com/r/HomeImprovement/comments/13os8iz/bad_smell_in_garage/,1,6,https://www.reddit.com/r/HomeImprovement/comments/13os8iz/bad_smell_in_garage/,gas smell,needs_review_urgent_signal,,manual_review_pending,,urgent_safety_risk,0.87,gas_or_carbon_monoxide:\bnatural gas\b; contained_water_damage:\bleak(?:s|ing|ed)?\b; trade_system_issue:\bplumbing\b,"{""medium_risk_call_pro"": 4.0, ""urgent_safety_risk"": 4.0}",yes,,,,,MR0004,needs_human_review,2,Sarah,,
1sp9hiq,DIY,2026-04-18T21:08:00+00:00,Rotting porch column,"https://imgur.com/a/yEHPoob Noticed a rotting porch column today while doing some yard work. It appears to made up of multiple boards put together. Most of it is solid, I poked it with a screw driver, but one of the pieces that make up the column is pretty rotten at the bottom, especially the bottom 8 inches or so. The right side if you are looking towards the house. I would guess that metal bracket on the bottom that broke allowed water to get in. Probably due to snow being piled there for seeming all winter. Can I just replace that rotten portion? Cut out 24” or so, just below the turned portion and replace with pressure treated? Water proof around the bottom and the broken bracket with something? Screw everything together, caulk, prime, and paint. I’d rather avoid replacing the entire post if I can. I don’t know what is above the post. Peeling back those aluminum trim pieces and getting it jacked up seems like something that may get squirrelly quickly. Aluminum trim has never gone well for me. If it does need to be replaced, what type of contractor? Siding / trim guy?","Rotting porch column https://imgur.com/a/yEHPoob Noticed a rotting porch column today while doing some yard work. It appears to made up of multiple boards put together. Most of it is solid, I poked it with a screw driver, but one of the pieces that make up the column is pretty rotten at the bottom, especially the bottom 8 inches or so. The right side if you are looking towards the house. I would guess that metal bracket on the bottom that broke allowed water to get in. Probably due to snow being piled there for seeming all winter. Can I just replace that rotten portion? Cut out 24” or so, just below the turned portion and replace with pressure treated? Water proof around the bottom and the broken bracket with something? Screw everything together, caulk, prime, and paint. I’d rather avoid replacing the entire post if I can. I don’t know what is above the post. Peeling back those aluminum trim pieces and getting it jacked up seems like something that may get squirrelly quickly. Aluminum trim has never gone well for me. If it does need to be replaced, what type of contractor? Siding / trim guy?",https://www.reddit.com/r/DIY/comments/1sp9hiq/rotting_porch_column/,8,5,https://www.reddit.com/r/DIY/comments/1sp9hiq/rotting_porch_column/,paint peeling,needs_review_low_signal,,manual_review_pending,,low_risk_diy,0.82,cosmetic_or_minor_finish:\bpaint(?:ing|ed)?\b,"{""low_risk_diy"": 2.2}",no,,,,,MR0005,low_risk_diy,1,Patrick,,
1sga7y4,DIY,2026-04-09T00:18:38+00:00,Painting a metal roof,"six years ago I repainted the roof and today while pressure washing it I saw some paint peeling off, mostly just a the corners where the ridges are. I used latex dtm primer and paint on the advice of the local paint store even though I thought oil paint would last longer. Once I've got it well prepped I'm going to redo the whole thing with oil paint. Unless someone can convince me that latex is better?","Painting a metal roof six years ago I repainted the roof and today while pressure washing it I saw some paint peeling off, mostly just a the corners where the ridges are. I used latex dtm primer and paint on the advice of the local paint store even though I thought oil paint would last longer. Once I've got it well prepped I'm going to redo the whole thing with oil paint. Unless someone can convince me that latex is better?",https://www.reddit.com/r/DIY/comments/1sga7y4/painting_a_metal_roof/,11,4,https://www.reddit.com/r/DIY/comments/1sga7y4/painting_a_metal_roof/,paint peeling,needs_review_medium_signal,,manual_review_pending,,low_risk_diy,0.82,cosmetic_or_minor_finish:\bpaint(?:ing|ed)?\b,"{""low_risk_diy"": 2.2}",no,,,,,MR0006,low_risk_diy,3,Max,,
1tlnpvr,HomeMaintenance,2026-05-23T18:09:37+00:00,Help with cracks in door frame and identifying what to paint with,"This is a picture of the frame around my front door. I believe this frame is made of wood. It feels softer than stone or concrete. There are some edges that are peeling away that also look like it’s likely wood. Assuming it is, how would I fill in these cracks? Would I just use wood filler? Additionally what would I paint over this with? The current paint appears to be matte and almost feels textured. It’s definitely paint as the side has some drops that dried.","Help with cracks in door frame and identifying what to paint with This is a picture of the frame around my front door. I believe this frame is made of wood. It feels softer than stone or concrete. There are some edges that are peeling away that also look like it’s likely wood. Assuming it is, how would I fill in these cracks? Would I just use wood filler? Additionally what would I paint over this with? The current paint appears to be matte and almost feels textured. It’s definitely paint as the side has some drops that dried.",https://www.reddit.com/r/HomeMaintenance/comments/1tlnpvr/help_with_cracks_in_door_frame_and_identifying/,1,4,https://i.redd.it/51tefz9ugx2h1.jpeg,paint peeling,needs_review_low_signal,,manual_review_pending,,low_risk_diy,0.82,cosmetic_or_minor_finish:\bpaint(?:ing|ed)?\b,"{""low_risk_diy"": 2.2}",no,,,,,MR0007,low_risk_diy,1,Patrick,,
1t94e4s,DIY,2026-05-10T11:28:26+00:00,How would you attach this FAMCO Hooded Wall to Brick Wall?,"Hello! I live in a townhome community with an HOA. I've been looking to replace my current hooded wall vent (attached to a half bath) with something a little more sturdy (the current one is flimsy plastic). In addition to replacing the wall vent, it'll give me an opportunity to (a) replace the 3in pipe with 4in to match a new exhaust fan and (b) make sure everything is airsealed and insulated (we had a brutally cold winter). I selected this [FAMCO Hooded Wall Vent](https://www.famcomfg.com/product/hooded-wall-vent-with-screen-and-damper-painted/?attribute_pa_size=fb-3inch&attribute_pa_color=48-black&utm_source=Google+Shopping&utm_medium=cpc&utm_campaign=Google+Shopping+Feed+XML&gad_source=1&gad_campaignid=17966818288&gbraid=0AAAAADlHjGeIh2oZ9fZ_v_fQ5GIx19LFT) because of its sturdy design and it matches the current design (this is an HOA requirement). However, I am perplexed with how to install it on an exterior brick wall. Perhaps I already know, I just need affirmation. I searched the internet, Reddit, and YouTube, on how to install vent hoods on brick. Many suggested securing with screws and I found many YouTube videos on how to do this. However, on the photos of the FAMCO vent I selected, I don't see screw holes. I looked on the specifications sheet and there’s no indication there are screw holes. I was also unable to find an installation manual on their website. I even contacted FAMCO asking for suggestions; they did not reply. I did find one YouTube video where the guy attempted to secure the vent on a brick wall with screws, but failed because he couldn’t drill into the brick ([Home RenoVision](https://youtu.be/jb3Elg2VmMQ?si=j1Dy7vgYBrziVc0Y)). So he ultimately decided to attach it with caulking—against his better judgement. So here’s my question. Can I just attach this wall vent to a brick wall with adhesive caulking? Any suggested caulking? I am also open to other wall vent hoods if anyone has any. It just has to be black and shaped like the FAMCO.","How would you attach this FAMCO Hooded Wall to Brick Wall? Hello! I live in a townhome community with an HOA. I've been looking to replace my current hooded wall vent (attached to a half bath) with something a little more sturdy (the current one is flimsy plastic). In addition to replacing the wall vent, it'll give me an opportunity to (a) replace the 3in pipe with 4in to match a new exhaust fan and (b) make sure everything is airsealed and insulated (we had a brutally cold winter). I selected this [FAMCO Hooded Wall Vent](https://www.famcomfg.com/product/hooded-wall-vent-with-screen-and-damper-painted/?attribute_pa_size=fb-3inch&attribute_pa_color=48-black&utm_source=Google+Shopping&utm_medium=cpc&utm_campaign=Google+Shopping+Feed+XML&gad_source=1&gad_campaignid=17966818288&gbraid=0AAAAADlHjGeIh2oZ9fZ_v_fQ5GIx19LFT) because of its sturdy design and it matches the current design (this is an HOA requirement). However, I am perplexed with how to install it on an exterior brick wall. Perhaps I already know, I just need affirmation. I searched the internet, Reddit, and YouTube, on how to install vent hoods on brick. Many suggested securing with screws and I found many YouTube videos on how to do this. However, on the photos of the FAMCO vent I selected, I don't see screw holes. I looked on the specifications sheet and there’s no indication there are screw holes. I was also unable to find an installation manual on their website. I even contacted FAMCO asking for suggestions; they did not reply. I did find one YouTube video where the guy attempted to secure the vent on a brick wall with screws, but failed because he couldn’t drill into the brick ([Home RenoVision](https://youtu.be/jb3Elg2VmMQ?si=j1Dy7vgYBrziVc0Y)). So he ultimately decided to attach it with caulking—against his better judgement. So here’s my question. Can I just attach this wall vent to a brick wall with adhesive caulking? Any suggested caulking? I am also open to other wall vent hoods if anyone has any. It just has to be black and shaped like the FAMCO.",https://www.reddit.com/r/DIY/comments/1t94e4s/how_would_you_attach_this_famco_hooded_wall_to/,3,4,https://www.reddit.com/r/DIY/comments/1t94e4s/how_would_you_attach_this_famco_hooded_wall_to/,caulk,needs_review_low_signal,,manual_review_pending,,low_risk_diy,0.82,cosmetic_or_minor_finish:\bpaint(?:ing|ed)?\b,"{""low_risk_diy"": 2.2}",no,,,,,MR0008,low_risk_diy,1,Patrick,,
195e3np,HomeImprovement,2024-01-13T03:16:43+00:00,Crawl space is too low under Addition - trying to understand what I need to do,"TL:DR - 1962 House has addition built and the crawl space is too low, preventing access. Excavation is the solution but is it worth it? Should I consider foundation checks - because it could very well be sinking… First time homeowner - learning all the big lessons early. Berating myself because I’ve second guessed myself constantly and have been paranoid about it all just falling down one of these days (thanks Anxiety). In the first year I’ve had to put a roof on (efff State Farm) and replaced the package unit (heat pump failed, decided to replace with the gas utility original to the house) Today I’ve noticed a sewer gas smell coming from the master bathroom. There’s a small gap around the shutoff valve and that’s where the smell is coming from - so my guess is something’s come loose under the floor. Problem is…. I can’t get to it through the crawl space. I’m a skinny guy and even I can’t fit there. It’s maybe 12” tall and there’s pipes and HVAC crisscrossing all over the entry point. I’m narrow enough to fit between the joists and go over it but if I get stuck I’d have to call the fire department to come cut me out. Looking for advice? Prayers? Idk. This bathroom was “fixed” as part of the sale so I’m reaching out to my old realtor to see if there’s any sort of warranty on it. Not holding out too much hope.. Sometimes I feel like I wasn’t advised very well on the front end - even if I do like the house…. I’m in SC, USA. Put out a few request for quotes already on crawlspace repairs/excavation/work. It’ll be expensive I know but if anyone else has had experience with this I’d love to hear your story.","Crawl space is too low under Addition - trying to understand what I need to do TL:DR - 1962 House has addition built and the crawl space is too low, preventing access. Excavation is the solution but is it worth it? Should I consider foundation checks - because it could very well be sinking… First time homeowner - learning all the big lessons early. Berating myself because I’ve second guessed myself constantly and have been paranoid about it all just falling down one of these days (thanks Anxiety). In the first year I’ve had to put a roof on (efff State Farm) and replaced the package unit (heat pump failed, decided to replace with the gas utility original to the house) Today I’ve noticed a sewer gas smell coming from the master bathroom. There’s a small gap around the shutoff valve and that’s where the smell is coming from - so my guess is something’s come loose under the floor. Problem is…. I can’t get to it through the crawl space. I’m a skinny guy and even I can’t fit there. It’s maybe 12” tall and there’s pipes and HVAC crisscrossing all over the entry point. I’m narrow enough to fit between the joists and go over it but if I get stuck I’d have to call the fire department to come cut me out. Looking for advice? Prayers? Idk. This bathroom was “fixed” as part of the sale so I’m reaching out to my old realtor to see if there’s any sort of warranty on it. Not holding out too much hope.. Sometimes I feel like I wasn’t advised very well on the front end - even if I do like the house…. I’m in SC, USA. Put out a few request for quotes already on crawlspace repairs/excavation/work. It’ll be expensive I know but if anyone else has had experience with this I’d love to hear your story.",https://www.reddit.com/r/HomeImprovement/comments/195e3np/crawl_space_is_too_low_under_addition_trying_to/,1,1,https://www.reddit.com/r/HomeImprovement/comments/195e3np/crawl_space_is_too_low_under_addition_trying_to/,gas smell,needs_review_urgent_signal,,manual_review_pending,,urgent_safety_risk,0.87,gas_or_carbon_monoxide:\bgas smell\b; trade_system_issue:\bhvac\b; mold_or_foundation_concern:\bcrawlspace\b,"{""medium_risk_call_pro"": 4.0, ""urgent_safety_risk"": 4.0}",yes,,,,,MR0009,needs_human_review,4,Manthan,,
187db7,DIY,2013-02-09T19:05:31+00:00,Advice on restoring an old drawing table,"Some background: A few years ago my girlfriend bought this gorgeous old drawing table from a semi-antique-semi-old-crap store. The only problem is that someone attached a whiteboard surface to the front of it, and not just with screws - they screwed and glued on the whiteboard as well as the trim around it. Here are some pictures: [Looks like nothing special here, but you can see the whiteboard and trim](http://r.u13.net/permatemp/drawingtable/IMG_20130209_121539.jpg) [The back](http://r.u13.net/permatemp/drawingtable/IMG_20130209_121522.jpg) - here you can start seeing its age a bit, and the awesome old hardware on it [The hardware](http://r.u13.net/permatemp/drawingtable/IMG_20130209_123012.jpg) that controls/locks/clamps the pivot - this is my favorite thing about it. It reminds me of a 120 year old warehouse/factory I used to work in [Vertical/elevation control](http://r.u13.net/permatemp/drawingtable/IMG_20130209_123018.jpg) - It's hard to see at the angle I took this picture, but in the vertical piece there is a long slot that allows the height of the table to be varied and locked with the cast knob sticking out Now to discuss some of the work I want to do, and how to accomplish it: [There are some cracks](http://r.u13.net/permatemp/drawingtable/IMG_20130209_123049.jpg) - 2 or 3 cracks, this is the biggest one. Most or all of them are separations in the tongue-and-groove construction of the board, but this one in particular actually has a split in the wood near the end [Here it is with the whiteboard removed/peeled off](http://r.u13.net/permatemp/drawingtable/IMG_20130209_122659.jpg) - You can see the black which I think is mostly from the glue used to attach the whiteboard or maybe something that someone previously attached to it (sigh) My goal is to strip all of this crap off, and finish the wood properly. I do a lot of DIY stuff, but haven't done much of anything with pretty wood (just light construction and mechanical work). This is where I need /r/DIY's help. [close-up of one end](http://r.u13.net/permatemp/drawingtable/IMG_20130209_122715.jpg) you can see this is where one of the tongue and grooves which is separating turns into an actual crack at the end. you can also see the surface of the board in some detail [Tongue and groove separation](http://r.u13.net/permatemp/drawingtable/IMG_20130209_122729.jpg) [The board is held to the frame](http://r.u13.net/permatemp/drawingtable/IMG_20130209_123025.jpg) with more awesome hardware. These clips are screwed into the board and go into a slot in the back frame of the board [Some promise](http://r.u13.net/permatemp/drawingtable/IMG_20130209_123641.jpg) of what lies underneath. I didn't do anything to this, it is just a cleaner area of what was underneath when I pulled the whiteboard off [last close-up](http://r.u13.net/permatemp/drawingtable/IMG_20130209_122745.jpg) of a section of the board So now that all said - I need some advice: * What is the best way to strip this glue off but not being so aggressive as to create pockmarks or uneveness in the drawing surface? * In the pictures of the end, you can see that some wood glue of some sort was used to hold the trim on the sides (in addition to screws - everything was screwed+glued) * Once the surface is stripped, what is the right finish to try and put on it to protect the surface? I think I would only do this to the front, since the unfinished other sides are in pretty good shape. * Regarding the cracks/tongue in groove which is pulling apart - do you recommed just leaving this, or should I try and pull apart the parts of the board where this is happening and repair the tongue in groove somehow? I don't have access woodworking tools (in an apartment in Chicago) to potentially cut new tongues/grooves in the boards :( I do have a good number of hand tools and am not opposed to buying more, and access to off-street space where I can work on this (and I have a basic 6 tool Dewalt 18V cordless tool set). I'm not opposed to buying the right tools to repair this, but it can't be something like a tablesaw :) * Anyone got any guesses about how old this might be? I'm guessing 80-100 years but that's loosely based on the fact that the age and hardware of it looks similar to what I saw in that old factory I used to work in. * Lastly, the original hardware which is used for the pivot is missing :( It came with some [1/4/20 nuts+bolts and fender washers](http://r.u13.net/permatemp/drawingtable/IMG_20130209_130114.jpg). I would really, really love to find some period-appropriate hardware to replace this! edit: I can provide more or higher resolution/better pictures easily enough edit: looks like Google is rate-limiting views of the pictures, re-hosting them in a few minutes","Advice on restoring an old drawing table Some background: A few years ago my girlfriend bought this gorgeous old drawing table from a semi-antique-semi-old-crap store. The only problem is that someone attached a whiteboard surface to the front of it, and not just with screws - they screwed and glued on the whiteboard as well as the trim around it. Here are some pictures: [Looks like nothing special here, but you can see the whiteboard and trim](http://r.u13.net/permatemp/drawingtable/IMG_20130209_121539.jpg) [The back](http://r.u13.net/permatemp/drawingtable/IMG_20130209_121522.jpg) - here you can start seeing its age a bit, and the awesome old hardware on it [The hardware](http://r.u13.net/permatemp/drawingtable/IMG_20130209_123012.jpg) that controls/locks/clamps the pivot - this is my favorite thing about it. It reminds me of a 120 year old warehouse/factory I used to work in [Vertical/elevation control](http://r.u13.net/permatemp/drawingtable/IMG_20130209_123018.jpg) - It's hard to see at the angle I took this picture, but in the vertical piece there is a long slot that allows the height of the table to be varied and locked with the cast knob sticking out Now to discuss some of the work I want to do, and how to accomplish it: [There are some cracks](http://r.u13.net/permatemp/drawingtable/IMG_20130209_123049.jpg) - 2 or 3 cracks, this is the biggest one. Most or all of them are separations in the tongue-and-groove construction of the board, but this one in particular actually has a split in the wood near the end [Here it is with the whiteboard removed/peeled off](http://r.u13.net/permatemp/drawingtable/IMG_20130209_122659.jpg) - You can see the black which I think is mostly from the glue used to attach the whiteboard or maybe something that someone previously attached to it (sigh) My goal is to strip all of this crap off, and finish the wood properly. I do a lot of DIY stuff, but haven't done much of anything with pretty wood (just light construction and mechanical work). This is where I need /r/DIY's help. [close-up of one end](http://r.u13.net/permatemp/drawingtable/IMG_20130209_122715.jpg) you can see this is where one of the tongue and grooves which is separating turns into an actual crack at the end. you can also see the surface of the board in some detail [Tongue and groove separation](http://r.u13.net/permatemp/drawingtable/IMG_20130209_122729.jpg) [The board is held to the frame](http://r.u13.net/permatemp/drawingtable/IMG_20130209_123025.jpg) with more awesome hardware. These clips are screwed into the board and go into a slot in the back frame of the board [Some promise](http://r.u13.net/permatemp/drawingtable/IMG_20130209_123641.jpg) of what lies underneath. I didn't do anything to this, it is just a cleaner area of what was underneath when I pulled the whiteboard off [last close-up](http://r.u13.net/permatemp/drawingtable/IMG_20130209_122745.jpg) of a section of the board So now that all said - I need some advice: * What is the best way to strip this glue off but not being so aggressive as to create pockmarks or uneveness in the drawing surface? * In the pictures of the end, you can see that some wood glue of some sort was used to hold the trim on the sides (in addition to screws - everything was screwed+glued) * Once the surface is stripped, what is the right finish to try and put on it to protect the surface? I think I would only do this to the front, since the unfinished other sides are in pretty good shape. * Regarding the cracks/tongue in groove which is pulling apart - do you recommed just leaving this, or should I try and pull apart the parts of the board where this is happening and repair the tongue in groove somehow? I don't have access woodworking tools (in an apartment in Chicago) to potentially cut new tongues/grooves in the boards :( I do have a good number of hand tools and am not opposed to buying more, and access to off-street space where I can work on this (and I have a basic 6 tool Dewalt 18V cordless tool set). I'm not opposed to buying the right tools to repair this, but it can't be something like a tablesaw :) * Anyone got any guesses about how old this might be? I'm guessing 80-100 years but that's loosely based on the fact that the age and hardware of it looks similar to what I saw in that old factory I used to work in. * Lastly, the original hardware which is used for the pivot is missing :( It came with some [1/4/20 nuts+bolts and fender washers](http://r.u13.net/permatemp/drawingtable/IMG_20130209_130114.jpg). I would really, really love to find some period-appropriate hardware to replace this! edit: I can provide more or higher resolution/better pictures easily enough edit: looks like Google is rate-limiting views of the pictures, re-hosting them in a few minutes",https://www.reddit.com/r/DIY/comments/187db7/advice_on_restoring_an_old_drawing_table/,3,2,https://www.reddit.com/r/DIY/comments/187db7/advice_on_restoring_an_old_drawing_table/,loose trim,needs_review_low_signal,,manual_review_pending,,low_risk_diy,0.82,cosmetic_or_minor_finish:\btrim\b,"{""low_risk_diy"": 2.2}",no,,,,,MR0010,low_risk_diy,2,Sarah,,
1qh6rrc,Plumbing,2026-01-19T15:13:27+00:00,Sealed cistern?,"As you can see, the previous owners have put sealant / filler / caulk behind the cistern. I’m not sure why they have, but are there issues with me removing the sealant? at the moment it’s stopping the lid from the cistern being removed as it’s stuck to the wall. update: maybe it’s not sealed. Maybe I need to take the push button of the lid first","Sealed cistern? As you can see, the previous owners have put sealant / filler / caulk behind the cistern. I’m not sure why they have, but are there issues with me removing the sealant? at the moment it’s stopping the lid from the cistern being removed as it’s stuck to the wall. update: maybe it’s not sealed. Maybe I need to take the push button of the lid first",https://www.reddit.com/r/Plumbing/comments/1qh6rrc/sealed_cistern/,3,6,https://www.reddit.com/gallery/1qh6rrc,caulk,needs_review_low_signal,,manual_review_pending,,low_risk_diy,0.82,cosmetic_or_minor_finish:\bcaulk(?:ing)?\b,"{""low_risk_diy"": 2.2}",no,,,,,MR0011,low_risk_diy,1,Patrick,,
1sn6lwm,Plumbing,2026-04-16T15:19:13+00:00,Puzzling issue with Burnham ES2 boiler after basement flood,"Had a flood in my basement and I need the heat on for remediation work. The plumber has been down for a month despite a couple different plumbers taking a look at it. The damper has been changed, and a new TACO control panel was put in yesterday. After the plumber left yesterday the system worked for at least 5 hours, but when I checked on it this morning I'm getting the same error code that we were getting before the new control panel install and the heat was off. Error code: E56. Any ideas how to approach this problem?","Puzzling issue with Burnham ES2 boiler after basement flood Had a flood in my basement and I need the heat on for remediation work. The plumber has been down for a month despite a couple different plumbers taking a look at it. The damper has been changed, and a new TACO control panel was put in yesterday. After the plumber left yesterday the system worked for at least 5 hours, but when I checked on it this morning I'm getting the same error code that we were getting before the new control panel install and the heat was off. Error code: E56. Any ideas how to approach this problem?",https://www.reddit.com/r/Plumbing/comments/1sn6lwm/puzzling_issue_with_burnham_es2_boiler_after/,1,1,https://www.reddit.com/gallery/1sn6lwm,flooding,needs_review_urgent_signal,,manual_review_pending,,urgent_safety_risk,0.90,active_flooding_or_sewage:\bbasement flood(?:ing|ed)?\b,"{""urgent_safety_risk"": 3.0}",no,,,,,MR0012,urgent_safety_risk,4,Manthan,,
1mnn9s6,HomeMaintenance,2025-08-11T19:53:37+00:00,Peeling paint by window,Can anyone please help me identify what is causing the peeling paint around my window? There is no damage above or below what’s shown in the picture anywhere else in the house. It is on the Third story of a 3 story townhouse built in 2014.,Peeling paint by window Can anyone please help me identify what is causing the peeling paint around my window? There is no damage above or below what’s shown in the picture anywhere else in the house. It is on the Third story of a 3 story townhouse built in 2014.,https://www.reddit.com/r/HomeMaintenance/comments/1mnn9s6/peeling_paint_by_window/,2,2,https://www.reddit.com/gallery/1mnn9s6,paint peeling,needs_review_low_signal,,manual_review_pending,,low_risk_diy,0.82,cosmetic_or_minor_finish:\bpaint(?:ing|ed)?\b,"{""low_risk_diy"": 2.2}",no,,,,,MR0013,low_risk_diy,4,Manthan,,
1c8t59p,DIY,2024-04-20T15:48:33+00:00,"Vinyl soffit panel, will it link like siding?","Not sure if I'm describing this right, but I have an 18"" wide soffit that needs new panels. I can't find anything in aluminum or vinyl that wide. I can get 12"" easy and cheap though. Can soffit panels can be put together like vinyl siding to turn it into a 24"" wide piece that I can trim down to the 18"" I need? This is for an un-insulated storage space tacked on to the side of a building. Imagine an overhang or carport with walls. The existing soffit got ripped loose somehow and now a squirrel is in the storage space making a mess. need to rip down the rest of the soffit to get the squirrel nest out and then replace it with something to keep the critter out. Appearance not too critical but I don't want it to look all methed up. appreciate any thoughts, construction is not my forte.","Vinyl soffit panel, will it link like siding? Not sure if I'm describing this right, but I have an 18"" wide soffit that needs new panels. I can't find anything in aluminum or vinyl that wide. I can get 12"" easy and cheap though. Can soffit panels can be put together like vinyl siding to turn it into a 24"" wide piece that I can trim down to the 18"" I need? This is for an un-insulated storage space tacked on to the side of a building. Imagine an overhang or carport with walls. The existing soffit got ripped loose somehow and now a squirrel is in the storage space making a mess. need to rip down the rest of the soffit to get the squirrel nest out and then replace it with something to keep the critter out. Appearance not too critical but I don't want it to look all methed up. appreciate any thoughts, construction is not my forte.",https://www.reddit.com/r/DIY/comments/1c8t59p/vinyl_soffit_panel_will_it_link_like_siding/,1,5,https://www.reddit.com/r/DIY/comments/1c8t59p/vinyl_soffit_panel_will_it_link_like_siding/,loose trim,needs_review_low_signal,,manual_review_pending,,low_risk_diy,0.82,cosmetic_or_minor_finish:\btrim\b,"{""low_risk_diy"": 2.2}",no,,,,,MR0014,low_risk_diy,1,Patrick,,
zyk88w,askanelectrician,2022-12-29T23:33:33+00:00,Question about an outlet/fuse box in my home?,I live in a small 1 b1b townhome and the other night I plugged my lamp into my outlet in the living room. It’s been plugged up there since I’ve moved in. As soon as it hit the outlet it sparked and flipped the breaker. I went to the box and flipped breaker back. Lights came back. I went back again to plug in the lamp and it sparked and flipped breaker again. But this time it would not let me reset the breaker. It sits in the middle resting and will not reset. Would that be my outlet or the fuse in the box?,Question about an outlet/fuse box in my home? I live in a small 1 b1b townhome and the other night I plugged my lamp into my outlet in the living room. It’s been plugged up there since I’ve moved in. As soon as it hit the outlet it sparked and flipped the breaker. I went to the box and flipped breaker back. Lights came back. I went back again to plug in the lamp and it sparked and flipped breaker again. But this time it would not let me reset the breaker. It sits in the middle resting and will not reset. Would that be my outlet or the fuse in the box?,https://www.reddit.com/r/askanelectrician/comments/zyk88w/question_about_an_outletfuse_box_in_my_home/,0,2,https://www.reddit.com/r/askanelectrician/comments/zyk88w/question_about_an_outletfuse_box_in_my_home/,sparking outlet,needs_review_medium_signal,,manual_review_pending,,urgent_safety_risk,0.82,fire_smoke_or_sparks:\bspark(?:s|ing|ed)?\b; trade_system_issue:\bbreaker\b,"{""medium_risk_call_pro"": 2.0, ""urgent_safety_risk"": 3.5}",no,,,,,MR0015,urgent_safety_risk,2,Sarah,,
1t7vu7c,HomeImprovement,2026-05-09T05:29:00+00:00,Creating a waterproof seal over a deteriorating brick chimney,"I have an old brick chimney with a metal smokestack in the middle for the heater. During heavy rains, the ground around this pillar always leaks in the basement. It is possible that water is getting through the heat vent, but I suspect the brick is just falling apart. I am trying to figure out a relatively simple way of sealing the crown. My current idea is to remove all lose layers of brick until I get to a solid layer and simply paint roof adhesive over everything. Would this work or will I run into issues down the road?","Creating a waterproof seal over a deteriorating brick chimney I have an old brick chimney with a metal smokestack in the middle for the heater. During heavy rains, the ground around this pillar always leaks in the basement. It is possible that water is getting through the heat vent, but I suspect the brick is just falling apart. I am trying to figure out a relatively simple way of sealing the crown. My current idea is to remove all lose layers of brick until I get to a solid layer and simply paint roof adhesive over everything. Would this work or will I run into issues down the road?",https://www.reddit.com/r/HomeImprovement/comments/1t7vu7c/creating_a_waterproof_seal_over_a_deteriorating/,3,5,https://www.reddit.com/r/HomeImprovement/comments/1t7vu7c/creating_a_waterproof_seal_over_a_deteriorating/,leak,needs_review_medium_signal,,manual_review_pending,,medium_risk_call_pro,0.67,contained_water_damage:\bleak(?:s|ing|ed)?\b; cosmetic_or_minor_finish:\bpaint(?:ing|ed)?\b,"{""low_risk_diy"": 2.2, ""medium_risk_call_pro"": 2.0}",yes,,,,,MR0016,needs_human_review,2,Sarah,,
1t6zwdm,HomeImprovement,2026-05-08T06:39:24+00:00,Hot water heater pressure relief valve needs replacing?,"I want to make sure im not missing anything and sanity check my approach to diagnosing this problem. The Problem My pressure relief valve on my water heater is leaking. I feel a light mist spraying out of it when I put my hand close. What iv done so far. Turn off the pilot light and run the hot water out of the tank via the bath tub. Result : leaked cold water instead of hot at the same rate. Turned the water off to the tank, drained the tank, removed the pressure relief valve and cleaned the hard water build up off it best I could, re installed it. Turned the water back on. Result: Soon as the water was back on it was leaking agian In my head this means the valve is faulty in some way and it needs to be replaced. Am I correct?","Hot water heater pressure relief valve needs replacing? I want to make sure im not missing anything and sanity check my approach to diagnosing this problem. The Problem My pressure relief valve on my water heater is leaking. I feel a light mist spraying out of it when I put my hand close. What iv done so far. Turn off the pilot light and run the hot water out of the tank via the bath tub. Result : leaked cold water instead of hot at the same rate. Turned the water off to the tank, drained the tank, removed the pressure relief valve and cleaned the hard water build up off it best I could, re installed it. Turned the water back on. Result: Soon as the water was back on it was leaking agian In my head this means the valve is faulty in some way and it needs to be replaced. Am I correct?",https://www.reddit.com/r/HomeImprovement/comments/1t6zwdm/hot_water_heater_pressure_relief_valve_needs/,1,4,https://www.reddit.com/r/HomeImprovement/comments/1t6zwdm/hot_water_heater_pressure_relief_valve_needs/,leak,needs_review_medium_signal,,manual_review_pending,,medium_risk_call_pro,0.95,contained_water_damage:\bleak(?:s|ing|ed)?\b; trade_system_issue:\bwater heater\b,"{""medium_risk_call_pro"": 4.0}",no,,,,,MR0017,medium_risk_call_pro,4,Manthan,,
1sez3pw,Plumbing,2026-04-07T15:23:18+00:00,Grout or caulk in cracks between shower wall/floor?,"I have two of these small cracks/gaps in the grout of my shower that I would like to fix, worried water may be leaking through. Is it best to caulk this with silicone? Or something else? I’ve owned the house for about a year so don’t know the full history of what was done to this shower","Grout or caulk in cracks between shower wall/floor? I have two of these small cracks/gaps in the grout of my shower that I would like to fix, worried water may be leaking through. Is it best to caulk this with silicone? Or something else? I’ve owned the house for about a year so don’t know the full history of what was done to this shower",https://www.reddit.com/r/Plumbing/comments/1sez3pw/grout_or_caulk_in_cracks_between_shower_wallfloor/,1,2,https://i.redd.it/f1hv5sl9dstg1.jpeg,caulk,needs_review_medium_signal,,manual_review_pending,,medium_risk_call_pro,0.67,contained_water_damage:\bleak(?:s|ing|ed)?\b; cosmetic_or_minor_finish:\bcaulk(?:ing)?\b,"{""low_risk_diy"": 2.2, ""medium_risk_call_pro"": 2.0}",yes,,,,,MR0018,needs_human_review,3,Max,,
1r6em0s,Plumbing,2026-02-16T16:42:04+00:00,Venting dilemma,"Alright so.. Ive labeled everything so dont have to write a book here.. Essentially im wondering your opinion, reddit, if I should plumb in a vent for the new shower line if its only 3.5 feet from the 4"" main which is going to have a new 3"" vent stack tied to it? Or do I just leave it and if i need to i can slap an AAV on it? Ive already filled it with water and the trap seems to hold but it does jump around when you flush the toilet upstairs. Im thinking that wont be an issue when i actually add in the 3"" vent though.. because the current venting in my house is definitely undersized as-is. Also, yeah i know my slope on my 4"" main is STEEP, its what i had to work with without replumbing all the way to my septic tank. Been using this setup for over a month now and no issues with drainage so im gonna call it good.","Venting dilemma Alright so.. Ive labeled everything so dont have to write a book here.. Essentially im wondering your opinion, reddit, if I should plumb in a vent for the new shower line if its only 3.5 feet from the 4"" main which is going to have a new 3"" vent stack tied to it? Or do I just leave it and if i need to i can slap an AAV on it? Ive already filled it with water and the trap seems to hold but it does jump around when you flush the toilet upstairs. Im thinking that wont be an issue when i actually add in the 3"" vent though.. because the current venting in my house is definitely undersized as-is. Also, yeah i know my slope on my 4"" main is STEEP, its what i had to work with without replumbing all the way to my septic tank. Been using this setup for over a month now and no issues with drainage so im gonna call it good.",https://www.reddit.com/r/Plumbing/comments/1r6em0s/venting_dilemma/,3,10,https://i.redd.it/4cq6m73ewvjg1.png,flooding,needs_review_unclear,,manual_review_pending,,medium_risk_call_pro,0.80,trade_system_issue:\bseptic\b,"{""medium_risk_call_pro"": 2.0}",no,,,,,MR0019,medium_risk_call_pro,3,Max,,
1tpezpz,HomeImprovement,2026-05-27T18:55:31+00:00,cracked tile under toilet?,"i'm sorry if this post doesn't fit this sub i was vacuuming when i noticed small cracks in the tile at the base of the toilet. i do not think they were here previously. they were brown and they lead into a dark/wet spot in the grout. i wiped them down to see what they were and that's when i found out they were cracks the only thing that has changed lately was that we had a family member over for a week who would flush with the other button (we have a weird dual flush toilet) when we don't usually do that. also, he is a bit on the heavier side, and has some trouble moving because he is old, so it's possible he could've landed with a mild amount of force which could crack the tile, but i feel like that's unlikely. is this a cause for concern? is the toilet leaking? is this easy to fix at home? we've had a lot of plumbing issues in the past and we just want some peace images: [https://imgur.com/a/ILvguTd](https://imgur.com/a/ILvguTd) thank you to anyone who can provide any information.","cracked tile under toilet? i'm sorry if this post doesn't fit this sub i was vacuuming when i noticed small cracks in the tile at the base of the toilet. i do not think they were here previously. they were brown and they lead into a dark/wet spot in the grout. i wiped them down to see what they were and that's when i found out they were cracks the only thing that has changed lately was that we had a family member over for a week who would flush with the other button (we have a weird dual flush toilet) when we don't usually do that. also, he is a bit on the heavier side, and has some trouble moving because he is old, so it's possible he could've landed with a mild amount of force which could crack the tile, but i feel like that's unlikely. is this a cause for concern? is the toilet leaking? is this easy to fix at home? we've had a lot of plumbing issues in the past and we just want some peace images: [https://imgur.com/a/ILvguTd](https://imgur.com/a/ILvguTd) thank you to anyone who can provide any information.",https://www.reddit.com/r/HomeImprovement/comments/1tpezpz/cracked_tile_under_toilet/,1,3,https://www.reddit.com/r/HomeImprovement/comments/1tpezpz/cracked_tile_under_toilet/,leak,needs_review_medium_signal,,manual_review_pending,,medium_risk_call_pro,0.87,contained_water_damage:\bleak(?:s|ing|ed)?\b; trade_system_issue:\bplumbing\b; cosmetic_or_minor_finish:\bgrout\b,"{""low_risk_diy"": 2.2, ""medium_risk_call_pro"": 4.0}",no,,,,,MR0020,medium_risk_call_pro,2,Sarah,,
1thzafk,HomeMaintenance,2026-05-19T20:28:09+00:00,"Window ACs and Mold, we gotta talk","So like a nieve little homeowner, every summer I would just throw the window ACs from the basement into the windows when it got hot, turned them on and go about my day. Did that for years no problem. Then I learned about mold - inspected mine and they were all mold factories. I googled how I clean them and I literally no joke had to take the entire thing apart just to try and deep clean the inside of them I would do that and then 3 months later, molds back again. I would throw out the old ACs and buy new ones and then 4 months later, molds in the new ones. It seems like it literally never ends and you can never win if you want 100% mold free I don’t even think it’s possible. I know for a fact that no one is getting a tool set out and disassembling their entire AC every year just to clean it out , I mean just think about grandma or grandpa who have used the same window AC for 15 years Am I just going to have to accept fate that AC = Some form of mold, even minor?","Window ACs and Mold, we gotta talk So like a nieve little homeowner, every summer I would just throw the window ACs from the basement into the windows when it got hot, turned them on and go about my day. Did that for years no problem. Then I learned about mold - inspected mine and they were all mold factories. I googled how I clean them and I literally no joke had to take the entire thing apart just to try and deep clean the inside of them I would do that and then 3 months later, molds back again. I would throw out the old ACs and buy new ones and then 4 months later, molds in the new ones. It seems like it literally never ends and you can never win if you want 100% mold free I don’t even think it’s possible. I know for a fact that no one is getting a tool set out and disassembling their entire AC every year just to clean it out , I mean just think about grandma or grandpa who have used the same window AC for 15 years Am I just going to have to accept fate that AC = Some form of mold, even minor?",https://www.reddit.com/r/HomeMaintenance/comments/1thzafk/window_acs_and_mold_we_gotta_talk/,1,4,https://www.reddit.com/r/HomeMaintenance/comments/1thzafk/window_acs_and_mold_we_gotta_talk/,mold,needs_review_medium_signal,,manual_review_pending,,medium_risk_call_pro,0.80,mold_or_foundation_concern:\bmold\b,"{""medium_risk_call_pro"": 2.0}",no,,,,,MR0021,medium_risk_call_pro,2,Sarah,,
17qbg28,HomeImprovement,2023-11-08T02:23:06+00:00,Stove not working correctly,"I recently bought a house, and while it worked during the inspection, my stove now won’t light. It clicks, I see a spark and smell gas, and sometimes see a small flame. But the burners won’t light themselves. I can light it with a match, but the flames don’t get that big and some of the burners will go out if I turn it to medium heat. It’s a brand new stove and clean throughout. Any suggestions?","Stove not working correctly I recently bought a house, and while it worked during the inspection, my stove now won’t light. It clicks, I see a spark and smell gas, and sometimes see a small flame. But the burners won’t light themselves. I can light it with a match, but the flames don’t get that big and some of the burners will go out if I turn it to medium heat. It’s a brand new stove and clean throughout. Any suggestions?",https://www.reddit.com/r/HomeImprovement/comments/17qbg28/stove_not_working_correctly/,1,7,https://www.reddit.com/r/HomeImprovement/comments/17qbg28/stove_not_working_correctly/,gas smell,needs_review_urgent_signal,,manual_review_pending,,urgent_safety_risk,0.95,gas_or_carbon_monoxide:\bsmell(?:s|ing)? (?:like )?gas\b; fire_smoke_or_sparks:\bspark(?:s|ing|ed)?\b,"{""urgent_safety_risk"": 7.5}",no,,,,,MR0022,urgent_safety_risk,2,Sarah,,
1ohkg6j,HomeMaintenance,2025-10-27T17:18:10+00:00,Window trim swelled/popped out?,"Hey so I sat down on the couch today and this trim seemed like it swelled/popped out. The trim feels solid, not loose when I tried pushing it back in etc. The silicone or whatever they used to connect it or seal it seems solid and unmoved as well. Doesnt seem to have any other damage around the wall or the window that’s consistent with a sudden swelling. It’s one of those moments where you look at something and it doesn’t look right but can’t say for certain because you don’t remember if it was always like that. Anyways my question is should I get this checked out? Once again there doesn’t seem to be any damage, no loose trim or seal, everything feels solid(as solid as a heavy house could feel). Maybe I’m overthinking it idk just wanted a second opinion lol","Window trim swelled/popped out? Hey so I sat down on the couch today and this trim seemed like it swelled/popped out. The trim feels solid, not loose when I tried pushing it back in etc. The silicone or whatever they used to connect it or seal it seems solid and unmoved as well. Doesnt seem to have any other damage around the wall or the window that’s consistent with a sudden swelling. It’s one of those moments where you look at something and it doesn’t look right but can’t say for certain because you don’t remember if it was always like that. Anyways my question is should I get this checked out? Once again there doesn’t seem to be any damage, no loose trim or seal, everything feels solid(as solid as a heavy house could feel). Maybe I’m overthinking it idk just wanted a second opinion lol",https://www.reddit.com/r/HomeMaintenance/comments/1ohkg6j/window_trim_swelledpopped_out/,1,3,https://www.reddit.com/gallery/1ohkg6j,loose trim,needs_review_low_signal,,manual_review_pending,,low_risk_diy,0.82,cosmetic_or_minor_finish:\btrim\b,"{""low_risk_diy"": 2.2}",no,,,,,MR0023,low_risk_diy,1,Patrick,,
1qv74vw,HomeMaintenance,2026-02-03T22:55:37+00:00,What do I do here?,"Deep cleaning the bathroom, and we found this wasn’t just peeling paint… I figure water has been following the tub seam to the wall, which means my first step is preventative: caulk the seam so water flows down the wall instead of following the seam. But, what do I do next? How do I repair the wall? Behind the hole is tub flashing. That mold is luckily surface deep and my pocket knife scraped most of it off. We have treated it with Lysol bathroom spray that claims to kill black mold on contact.","What do I do here? Deep cleaning the bathroom, and we found this wasn’t just peeling paint… I figure water has been following the tub seam to the wall, which means my first step is preventative: caulk the seam so water flows down the wall instead of following the seam. But, what do I do next? How do I repair the wall? Behind the hole is tub flashing. That mold is luckily surface deep and my pocket knife scraped most of it off. We have treated it with Lysol bathroom spray that claims to kill black mold on contact.",https://www.reddit.com/r/HomeMaintenance/comments/1qv74vw/what_do_i_do_here/,6,7,https://www.reddit.com/gallery/1qv74vw,paint peeling,needs_review_medium_signal,,manual_review_pending,,medium_risk_call_pro,0.67,mold_or_foundation_concern:\bmold\b; cosmetic_or_minor_finish:\bpaint(?:ing|ed)?\b,"{""low_risk_diy"": 2.2, ""medium_risk_call_pro"": 2.0}",yes,,,,,MR0024,needs_human_review,4,Manthan,,
15uoblf,HomeImprovement,2023-08-18T15:53:42+00:00,Help! Mystery Paint Thinner Smell in House,"Hi everyone! I really need any advice or recommendations on what to do with my house. One week ago, the house started smelling like paint thinner. The day before the smell, the air conditioning stopped being cold. The hvac people came and fixed the ac (saying it was a broken capacitor, but not related to the paint thinner smell). The smell got worse the following days. The smell is throughout the house, but the strongest in the kitchen. It is specifically strong inside one of the kitchen drawers (3 drawers down from the sink and dishwasher). Right outside from the drawer is the pipe where the sump pump from the basement pumps out the water. I don't smell it coming from the ac vents. The basement doesn't have much of the smell at all, though some spots have it, but I think that's from opening the door to go down there. I haven't had any painting done in the house in years, so no new paint or paint thinner in the house in a long time. Here is what I have done so far: - Had gas company come: they said it wasn't a gas leak and everything looks fine from their end - Had hvac people come back out to see if ac leak could be the issue: they said freon is odorless and isn't what I'm smelling. I really had to push the guy to still check. He said things look fine with the ac - Noticed the p trap under the kitchen sink was leaking: had that replaced, aired out house for 2 days, but the smell is still coming out strong - had a mold testing company come: they did air quality tests and nothing was showing as elevated (seems outside air was showing worse than inside) - Had a contractor come and take part of the cabinet out and break into the back to see if possible rodents or decay: found nothing - checked where the sump pump was and no wetness on walls or ceiling going up - took apart outside window frame to see if mold, but nothing was moldy or damp Ever since breaking into the cabinet and drawer, the smell isn't as strong in that one area, but it is still present in the house, so it seems like it was getting trapped and concentrated there but is now flowing without obstacles. I've moved into a hotel, as I don't want to take any risks with not knowing what this is. I have been getting slight headaches when I go back to the house. I don't know what to do next. It's so strange and such a mystery. I researched online and tried everything I can think of. If any of you have experienced this or have any ideas, please let me know! I appreciate it!","Help! Mystery Paint Thinner Smell in House Hi everyone! I really need any advice or recommendations on what to do with my house. One week ago, the house started smelling like paint thinner. The day before the smell, the air conditioning stopped being cold. The hvac people came and fixed the ac (saying it was a broken capacitor, but not related to the paint thinner smell). The smell got worse the following days. The smell is throughout the house, but the strongest in the kitchen. It is specifically strong inside one of the kitchen drawers (3 drawers down from the sink and dishwasher). Right outside from the drawer is the pipe where the sump pump from the basement pumps out the water. I don't smell it coming from the ac vents. The basement doesn't have much of the smell at all, though some spots have it, but I think that's from opening the door to go down there. I haven't had any painting done in the house in years, so no new paint or paint thinner in the house in a long time. Here is what I have done so far: - Had gas company come: they said it wasn't a gas leak and everything looks fine from their end - Had hvac people come back out to see if ac leak could be the issue: they said freon is odorless and isn't what I'm smelling. I really had to push the guy to still check. He said things look fine with the ac - Noticed the p trap under the kitchen sink was leaking: had that replaced, aired out house for 2 days, but the smell is still coming out strong - had a mold testing company come: they did air quality tests and nothing was showing as elevated (seems outside air was showing worse than inside) - Had a contractor come and take part of the cabinet out and break into the back to see if possible rodents or decay: found nothing - checked where the sump pump was and no wetness on walls or ceiling going up - took apart outside window frame to see if mold, but nothing was moldy or damp Ever since breaking into the cabinet and drawer, the smell isn't as strong in that one area, but it is still present in the house, so it seems like it was getting trapped and concentrated there but is now flowing without obstacles. I've moved into a hotel, as I don't want to take any risks with not knowing what this is. I have been getting slight headaches when I go back to the house. I don't know what to do next. It's so strange and such a mystery. I researched online and tried everything I can think of. If any of you have experienced this or have any ideas, please let me know! I appreciate it!",https://www.reddit.com/r/HomeImprovement/comments/15uoblf/help_mystery_paint_thinner_smell_in_house/,3,3,https://www.reddit.com/r/HomeImprovement/comments/15uoblf/help_mystery_paint_thinner_smell_in_house/,gas smell,needs_review_medium_signal,,manual_review_pending,,medium_risk_call_pro,0.92,contained_water_damage:\bleak(?:s|ing|ed)?\b; trade_system_issue:\bhvac\b; mold_or_foundation_concern:\bmold\b; cosmetic_or_minor_finish:\bpaint(?:ing|ed)?\b,"{""low_risk_diy"": 2.2, ""medium_risk_call_pro"": 6.0}",no,,,,,MR0025,medium_risk_call_pro,1,Patrick,,
p1xehv,askanelectrician,2021-08-10T20:20:00+00:00,Question about bizarre electrical problem with PC,"I hope this is the right place for this question. I didn't see anything in the rules indicating otherwise. I had a problem with my PC and it's a problem that I still can't find an answer to anywhere. I recently built a PC and I was basically done with the whole thing. I had it sitting on a desk on my upstairs floor. It was using an 850 Watt Corsair power supply. Everything was working perfectly fine. I opened up a software called to CrystalDiskInfo, which tells the user information about any drives that are in that system. I noticed that some of my drives were running hotter than they should have been. Makes sense, the PC was on the second floor of a non air conditioned house during a heatwave. I decided to move the PC to the basement where I could work on it without worrying about the hard drives and SSDs heating up. I reach around to the back of the tower and I SHUT THE POWER SUPPLY OFF. I take the PC, monitor, keyboard, and mouse down stairs. I plugged the monitor in. I plugged the monitor into the PC with a video cable and turned the monitor on. Then I tried to plug the PC in. The power supply has three prongs, the center one being a ground. The power supply was completely off which means there should be no current in the system. When I plugged the PC/power supply in for the first time, the room instantly went dark. My father was sure that it had to be a coincidence since he was confident the outlet I plugged the PC in to was on another circuit. That seemed odd to me for two reasons. The first being that I previously already had a different PC down there and it worked perfectly fine when it was there. The second being that the PSU switch was in the off position, meaning it should matter zip where it's plugged into as it's not using any electricity. So we reset the breaker and go back to the basement. I plug the PC in a second time, the room goes dark again. My father's getting pissed now because he was adamant that the outlet I was plugging the PC into was on a different breaker. So we went around the house and discovered that the outlet was on the same breaker as everything else in the basement along with a fan, a treadmill, a mini-fridge, tv, dvd drive, a laptop, and a big fridge upstairs. We unplugged the big fridge and plugged it into another outlet on a different circuit and we reset the breaker. I plugged the PC in for a third time and this time the room DIDN'T go dark but sparks shot out of the back of my graphics card (where the monitor is plugged into via DVI cable). The monitor was now flashing grey and black. I unplugged the PS/power supply. The monitor was still flashing so I unplugged it. I can not find a single instance of this same thing happening on the internet. There's things similar that other people have experience but nothing like this. Power supplies that are made by a reputable brand and are TURNED OFF don't just send tons of electricity to a graphics card in a PC that's not even turned on. At first I thought that maybe the power supply failed. But that would mean every single safety feature in that power supply from the power button, to the internal breaker and switch, to the AC and DC isolation, to the over current and over voltage protection failed. That's not likely. I did start to think that maybe the monitor was what killed it. It makes sense. There was a patina of soot and smoke all around the DVI connector on the PC including INSIDE the connector itself. The monitor was powered on and connected to the PC via a DVI cable. The metal in that cable was touching the metal graphics card rear i/o bracket which in turn was touching the metal of the PC case which in turn was touching the metal sidewalls of the power supply which are connected to the ground prong on the connector. The ground key inside the power plug itself looks kind of burnt inside where the hot and return keys both look clean. That all matches with the possibility of the monitor sending tons of electricity through the DVI cable, electricity which had no where to go until I plugged that grounded power supply cable in. But this doesn't make sense. I have been searching this problem for weeks and have not once ever read of someone's monitor doing this. It was a 2008 Samsung monitor. And DVI only has a 5V that it uses to wake the monitor. I read somewhere someone said ""You would be hard pressed to get that much sparking from 5V"" or something like that. Any similar stories to this I see, the comments are saying that ""You should check to see what's grounded inside the PC"" which doesn't make any sense to me either because those similar stories, those people's PCs were also off and the PSU switch was off. I'm just trying the figure out how this was possible. I don't have the equipment to test my outlets and what not.","Question about bizarre electrical problem with PC I hope this is the right place for this question. I didn't see anything in the rules indicating otherwise. I had a problem with my PC and it's a problem that I still can't find an answer to anywhere. I recently built a PC and I was basically done with the whole thing. I had it sitting on a desk on my upstairs floor. It was using an 850 Watt Corsair power supply. Everything was working perfectly fine. I opened up a software called to CrystalDiskInfo, which tells the user information about any drives that are in that system. I noticed that some of my drives were running hotter than they should have been. Makes sense, the PC was on the second floor of a non air conditioned house during a heatwave. I decided to move the PC to the basement where I could work on it without worrying about the hard drives and SSDs heating up. I reach around to the back of the tower and I SHUT THE POWER SUPPLY OFF. I take the PC, monitor, keyboard, and mouse down stairs. I plugged the monitor in. I plugged the monitor into the PC with a video cable and turned the monitor on. Then I tried to plug the PC in. The power supply has three prongs, the center one being a ground. The power supply was completely off which means there should be no current in the system. When I plugged the PC/power supply in for the first time, the room instantly went dark. My father was sure that it had to be a coincidence since he was confident the outlet I plugged the PC in to was on another circuit. That seemed odd to me for two reasons. The first being that I previously already had a different PC down there and it worked perfectly fine when it was there. The second being that the PSU switch was in the off position, meaning it should matter zip where it's plugged into as it's not using any electricity. So we reset the breaker and go back to the basement. I plug the PC in a second time, the room goes dark again. My father's getting pissed now because he was adamant that the outlet I was plugging the PC into was on a different breaker. So we went around the house and discovered that the outlet was on the same breaker as everything else in the basement along with a fan, a treadmill, a mini-fridge, tv, dvd drive, a laptop, and a big fridge upstairs. We unplugged the big fridge and plugged it into another outlet on a different circuit and we reset the breaker. I plugged the PC in for a third time and this time the room DIDN'T go dark but sparks shot out of the back of my graphics card (where the monitor is plugged into via DVI cable). The monitor was now flashing grey and black. I unplugged the PS/power supply. The monitor was still flashing so I unplugged it. I can not find a single instance of this same thing happening on the internet. There's things similar that other people have experience but nothing like this. Power supplies that are made by a reputable brand and are TURNED OFF don't just send tons of electricity to a graphics card in a PC that's not even turned on. At first I thought that maybe the power supply failed. But that would mean every single safety feature in that power supply from the power button, to the internal breaker and switch, to the AC and DC isolation, to the over current and over voltage protection failed. That's not likely. I did start to think that maybe the monitor was what killed it. It makes sense. There was a patina of soot and smoke all around the DVI connector on the PC including INSIDE the connector itself. The monitor was powered on and connected to the PC via a DVI cable. The metal in that cable was touching the metal graphics card rear i/o bracket which in turn was touching the metal of the PC case which in turn was touching the metal sidewalls of the power supply which are connected to the ground prong on the connector. The ground key inside the power plug itself looks kind of burnt inside where the hot and return keys both look clean. That all matches with the possibility of the monitor sending tons of electricity through the DVI cable, electricity which had no where to go until I plugged that grounded power supply cable in. But this doesn't make sense. I have been searching this problem for weeks and have not once ever read of someone's monitor doing this. It was a 2008 Samsung monitor. And DVI only has a 5V that it uses to wake the monitor. I read somewhere someone said ""You would be hard pressed to get that much sparking from 5V"" or something like that. Any similar stories to this I see, the comments are saying that ""You should check to see what's grounded inside the PC"" which doesn't make any sense to me either because those similar stories, those people's PCs were also off and the PSU switch was off. I'm just trying the figure out how this was possible. I don't have the equipment to test my outlets and what not.",https://www.reddit.com/r/askanelectrician/comments/p1xehv/question_about_bizarre_electrical_problem_with_pc/,2,5,https://www.reddit.com/r/askanelectrician/comments/p1xehv/question_about_bizarre_electrical_problem_with_pc/,sparking outlet,needs_review_urgent_signal,,manual_review_pending,,urgent_safety_risk,0.82,fire_smoke_or_sparks:\bspark(?:s|ing|ed)?\b; trade_system_issue:\bbreaker\b,"{""medium_risk_call_pro"": 2.0, ""urgent_safety_risk"": 3.5}",no,,,,,MR0026,urgent_safety_risk,2,Sarah,,
eyb1yt,askanelectrician,2020-02-03T18:05:09+00:00,Light switch/outlet combo help!,"I have an old outlet/light combo. I updated all my outlets to newer/fresher white outlets. I got this below. https://www.homedepot.com/p/Leviton-Decora-15-Amp-Tamper-Resistant-Combo-Switch-and-Outlet-White-R62-T5625-0WS/202027001 I went to install this and my breaker keeps popping/ sparking. Would that be due to the break away fin? I didn’t remove anything and just found out that a fin could be the cause maybe an hour ago? Kind of clueless, but I switched every other outlet in my house and had no problem. I put the wires where they were on the old outlets exactly on the new outlets and switches. I put a black and white wire to the top switch I put a black and white wire to the outlet *Just as they had been in the previous switch/combo* On back of the old outlet it says, 15a-125v 10a-250v 10a-125v 5A-250V. Do I need something other than the link above?","Light switch/outlet combo help! I have an old outlet/light combo. I updated all my outlets to newer/fresher white outlets. I got this below. https://www.homedepot.com/p/Leviton-Decora-15-Amp-Tamper-Resistant-Combo-Switch-and-Outlet-White-R62-T5625-0WS/202027001 I went to install this and my breaker keeps popping/ sparking. Would that be due to the break away fin? I didn’t remove anything and just found out that a fin could be the cause maybe an hour ago? Kind of clueless, but I switched every other outlet in my house and had no problem. I put the wires where they were on the old outlets exactly on the new outlets and switches. I put a black and white wire to the top switch I put a black and white wire to the outlet *Just as they had been in the previous switch/combo* On back of the old outlet it says, 15a-125v 10a-250v 10a-125v 5A-250V. Do I need something other than the link above?",https://www.reddit.com/r/askanelectrician/comments/eyb1yt/light_switchoutlet_combo_help/,1,5,https://www.reddit.com/r/askanelectrician/comments/eyb1yt/light_switchoutlet_combo_help/,sparking outlet,needs_review_urgent_signal,,manual_review_pending,,urgent_safety_risk,0.82,fire_smoke_or_sparks:\bspark(?:s|ing|ed)?\b; trade_system_issue:\bbreaker\b,"{""medium_risk_call_pro"": 2.0, ""urgent_safety_risk"": 3.5}",no,,,,,MR0027,urgent_safety_risk,3,Max,,
1t5we0a,DIY,2026-05-07T01:33:13+00:00,Tips for DWV Water Test,I've redone my bathroom's DWV to PVC and will be water testing it for leaks. I'm going to use a balloon seal for my clean out tee and will cap off the rest of my pipes. I'm going to fill it with water from a threaded connection in another San tee I have for my sink. This is the first time I'm doing this kind of test since I'm a homeowner and a bit nervous. Anyone have any tips?,Tips for DWV Water Test I've redone my bathroom's DWV to PVC and will be water testing it for leaks. I'm going to use a balloon seal for my clean out tee and will cap off the rest of my pipes. I'm going to fill it with water from a threaded connection in another San tee I have for my sink. This is the first time I'm doing this kind of test since I'm a homeowner and a bit nervous. Anyone have any tips?,https://www.reddit.com/r/DIY/comments/1t5we0a/tips_for_dwv_water_test/,3,1,https://www.reddit.com/r/DIY/comments/1t5we0a/tips_for_dwv_water_test/,water leak,needs_review_medium_signal,,manual_review_pending,,medium_risk_call_pro,0.80,contained_water_damage:\bleak(?:s|ing|ed)?\b,"{""medium_risk_call_pro"": 2.0}",no,,,,,MR0028,medium_risk_call_pro,3,Max,,
131l7mu,askanelectrician,2023-04-28T08:00:07+00:00,So this just happened... melted in half service wire,"I recently experienced an alarming incident with a wire near my property and wanted to share the details with you all. [After a brief shower of sparks, it appears one of the wires has melted itself in half](https://preview.redd.it/5og0oxfn0lwa1.jpg?width=4032&format=pjpg&auto=webp&s=63ab7f62ad8b453063137f88407a7b03be0be58f) **Event Breakdown:** 1. Sparks observed near the tree-line by some lines (possibly high-voltage) adjacent to, but not directly connected to, the wire in question. 2. A couple of milliseconds later, the wire sparks and becomes severed. 3. A few minutes pass, and power seems to be functioning, but I proceed to turn off all 240V breakers and 110V appliances as a precaution. 4. I contact the city emergency electrical dispatch to inform them of the situation. As far as I know, I am technically responsible for this line that connects to my house. However, I suspect that a surge or another issue under the city's responsibility might have caused the problem. The sparks and the manner in which the wire failed seem to support this theory. **Important Observation:** The electrical poles within a one-block radius appear to be missing their grounding wires, likely due to copper theft. I find it quite surprising that no fuse blew and, instead, enough power was sent through the steel wire to completely melt it. Are there any safety concerns I should be aware of with my current power supply? Is there any advice, aside from waiting for the night-dispatch team to review the situation? It's been around three hours since I first notified the city, and they must be busy with higher-priority incidents. I appreciate any insights or suggestions you can provide. Thanks in advance for your help. edit: update - service came out and replaced all the wires. They don't think anything was wrong upstream, but rather the cables were just old. Thoughs? https://preview.redd.it/la33h1gyznwa1.jpg?width=3024&format=pjpg&auto=webp&s=93966a1ca6b38f2421a3e1d5f7203675bd759071 &#x200B;","So this just happened... melted in half service wire I recently experienced an alarming incident with a wire near my property and wanted to share the details with you all. [After a brief shower of sparks, it appears one of the wires has melted itself in half](https://preview.redd.it/5og0oxfn0lwa1.jpg?width=4032&format=pjpg&auto=webp&s=63ab7f62ad8b453063137f88407a7b03be0be58f) **Event Breakdown:** 1. Sparks observed near the tree-line by some lines (possibly high-voltage) adjacent to, but not directly connected to, the wire in question. 2. A couple of milliseconds later, the wire sparks and becomes severed. 3. A few minutes pass, and power seems to be functioning, but I proceed to turn off all 240V breakers and 110V appliances as a precaution. 4. I contact the city emergency electrical dispatch to inform them of the situation. As far as I know, I am technically responsible for this line that connects to my house. However, I suspect that a surge or another issue under the city's responsibility might have caused the problem. The sparks and the manner in which the wire failed seem to support this theory. **Important Observation:** The electrical poles within a one-block radius appear to be missing their grounding wires, likely due to copper theft. I find it quite surprising that no fuse blew and, instead, enough power was sent through the steel wire to completely melt it. Are there any safety concerns I should be aware of with my current power supply? Is there any advice, aside from waiting for the night-dispatch team to review the situation? It's been around three hours since I first notified the city, and they must be busy with higher-priority incidents. I appreciate any insights or suggestions you can provide. Thanks in advance for your help. edit: update - service came out and replaced all the wires. They don't think anything was wrong upstream, but rather the cables were just old. Thoughs? https://preview.redd.it/la33h1gyznwa1.jpg?width=3024&format=pjpg&auto=webp&s=93966a1ca6b38f2421a3e1d5f7203675bd759071 &#x200B;",https://www.reddit.com/r/askanelectrician/comments/131l7mu/so_this_just_happened_melted_in_half_service_wire/,0,3,https://www.reddit.com/r/askanelectrician/comments/131l7mu/so_this_just_happened_melted_in_half_service_wire/,electrical issue,needs_review_urgent_signal,,manual_review_pending,,urgent_safety_risk,0.95,fire_smoke_or_sparks:\bspark(?:s|ing|ed)?\b,"{""urgent_safety_risk"": 3.5}",no,,,,,MR0029,urgent_safety_risk,3,Max,,
1suqzu4,Plumbing,2026-04-24T20:19:19+00:00,Leak coming from upstairs bathroom after being sick all month taking multiple showers a day,I ran the shower and also ran bath to fill up the over flow but there’s no obvious leak when looking at it. There are droplets just sitting on the bottom of the bath drain pipes and under the overflow trap but nothing obviously leaking while running. There are a few cracks along the tub and floor where I feel there should be more caulk. Any ideas? Thanks,Leak coming from upstairs bathroom after being sick all month taking multiple showers a day I ran the shower and also ran bath to fill up the over flow but there’s no obvious leak when looking at it. There are droplets just sitting on the bottom of the bath drain pipes and under the overflow trap but nothing obviously leaking while running. There are a few cracks along the tub and floor where I feel there should be more caulk. Any ideas? Thanks,https://www.reddit.com/r/Plumbing/comments/1suqzu4/leak_coming_from_upstairs_bathroom_after_being/,1,12,https://v.redd.it/4r12mfli57xg1,caulk,needs_review_medium_signal,,manual_review_pending,,medium_risk_call_pro,0.67,contained_water_damage:\bleak(?:s|ing|ed)?\b; cosmetic_or_minor_finish:\bcaulk(?:ing)?\b,"{""low_risk_diy"": 2.2, ""medium_risk_call_pro"": 2.0}",yes,,,,,MR0030,needs_human_review,2,Sarah,,
1odj0on,HomeMaintenance,2025-10-22T20:07:51+00:00,How would you fix/repair this?,We recently got our garage doors replaced and when the weather stripping was removed it peeled up some of the paint around the frame. The previous owners were “caulk happy” around the entire house and the exterior was no exception and these parts by the garage almost look like they’re melting due to the excessive caulking and then painting. We’ve let it be but since the garage door peeled the paint up I don’t want to leave the wood exposed and figure I should just fix it all at once. Thanks!!,How would you fix/repair this? We recently got our garage doors replaced and when the weather stripping was removed it peeled up some of the paint around the frame. The previous owners were “caulk happy” around the entire house and the exterior was no exception and these parts by the garage almost look like they’re melting due to the excessive caulking and then painting. We’ve let it be but since the garage door peeled the paint up I don’t want to leave the wood exposed and figure I should just fix it all at once. Thanks!!,https://www.reddit.com/r/HomeMaintenance/comments/1odj0on/how_would_you_fixrepair_this/,0,4,https://www.reddit.com/gallery/1odj0on,paint peeling,needs_review_low_signal,,manual_review_pending,,low_risk_diy,0.82,cosmetic_or_minor_finish:\bpaint(?:ing|ed)?\b,"{""low_risk_diy"": 2.2}",no,,,,,MR0031,low_risk_diy,4,Manthan,,
10ttlsw,HomeImprovement,2023-02-04T22:42:52+00:00,Just moved into rural home. Replacing LP gas stove. Should we change to electric?(complications)_,"We just moved into a home in rural Indiana. The current stovetop/oven is LP gas. It is old and needs to be replaced - the oven doesn't work but the stovetop does. When we walked in, we smelled some gas. We pulled it away from the wall, and there was no gas shutoff. I found the shutoff for the stove in the garage. The smell is gone. I guess the options for getting a new one are: 1. Have a gas repairman install the shutoff and check the line for leaks. Then install new gas stove 2. Have electrician come out and put in a 220 (?) and get an electric stove/oven Thoughts about which would be the better route? Thanks.","Just moved into rural home. Replacing LP gas stove. Should we change to electric?(complications)_ We just moved into a home in rural Indiana. The current stovetop/oven is LP gas. It is old and needs to be replaced - the oven doesn't work but the stovetop does. When we walked in, we smelled some gas. We pulled it away from the wall, and there was no gas shutoff. I found the shutoff for the stove in the garage. The smell is gone. I guess the options for getting a new one are: 1. Have a gas repairman install the shutoff and check the line for leaks. Then install new gas stove 2. Have electrician come out and put in a 220 (?) and get an electric stove/oven Thoughts about which would be the better route? Thanks.",https://www.reddit.com/r/HomeImprovement/comments/10ttlsw/just_moved_into_rural_home_replacing_lp_gas_stove/,0,27,https://www.reddit.com/r/HomeImprovement/comments/10ttlsw/just_moved_into_rural_home_replacing_lp_gas_stove/,gas smell,needs_review_medium_signal,,manual_review_pending,,medium_risk_call_pro,0.80,contained_water_damage:\bleak(?:s|ing|ed)?\b,"{""medium_risk_call_pro"": 2.0}",no,,,,,MR0032,medium_risk_call_pro,4,Manthan,,
1sr8mws,HomeMaintenance,2026-04-21T00:52:05+00:00,Is this a DIY? Where to start?,"Hello! First time home owner. The pipe in the picture is dripping and pooled in the garage by the heater, causing mold. The extent of the water isn’t any farther than the picture. The pipe is at knee high. Any advice or wisdom would be appreciated! Don’t know if I would have to cut and replace the drywall but I’m guessing so? Also I’ll have to figure something out to make the water actually go down the drain","Is this a DIY? Where to start? Hello! First time home owner. The pipe in the picture is dripping and pooled in the garage by the heater, causing mold. The extent of the water isn’t any farther than the picture. The pipe is at knee high. Any advice or wisdom would be appreciated! Don’t know if I would have to cut and replace the drywall but I’m guessing so? Also I’ll have to figure something out to make the water actually go down the drain",https://www.reddit.com/r/HomeMaintenance/comments/1sr8mws/is_this_a_diy_where_to_start/,2,4,https://www.reddit.com/gallery/1sr8mws,mold,needs_review_medium_signal,,manual_review_pending,,medium_risk_call_pro,0.80,mold_or_foundation_concern:\bmold\b,"{""medium_risk_call_pro"": 2.0}",no,,,,,MR0033,medium_risk_call_pro,3,Max,,
1tbwrr2,HomeImprovement,2026-05-13T11:26:21+00:00,Leaking tub spout even after replacement? What am I missing,"So I put a new shower head, tub spout, and shower handle (turn on thing) a few months ago. It leaked a little before. But the leaking has got really bad over the last 2 months. I thought maybe it was the shower turn on lever because it has an option to switch from tub to shower (no one uses the bath function). Or I thought maybe it was the cartridge or valve behind it? Other posts on here though make it sounds as though if it's only coming from the tub spout it's not either of those and would be something with the spout? It's one of those simple clockwise spin on spouts and nothing seemed wrong with the installation that's why I figured it was not that. Any insight on what to do? If people think it's the valve I'll just call a plumber I am not doing that. If it's a cartridge or people think the spout I am willing to tackle it. I read a bunch of other similar posts here and I felt like those answers either did not make sense to me or did not work. I can add pics in the comments if needed.","Leaking tub spout even after replacement? What am I missing So I put a new shower head, tub spout, and shower handle (turn on thing) a few months ago. It leaked a little before. But the leaking has got really bad over the last 2 months. I thought maybe it was the shower turn on lever because it has an option to switch from tub to shower (no one uses the bath function). Or I thought maybe it was the cartridge or valve behind it? Other posts on here though make it sounds as though if it's only coming from the tub spout it's not either of those and would be something with the spout? It's one of those simple clockwise spin on spouts and nothing seemed wrong with the installation that's why I figured it was not that. Any insight on what to do? If people think it's the valve I'll just call a plumber I am not doing that. If it's a cartridge or people think the spout I am willing to tackle it. I read a bunch of other similar posts here and I felt like those answers either did not make sense to me or did not work. I can add pics in the comments if needed.",https://www.reddit.com/r/HomeImprovement/comments/1tbwrr2/leaking_tub_spout_even_after_replacement_what_am/,1,5,https://www.reddit.com/r/HomeImprovement/comments/1tbwrr2/leaking_tub_spout_even_after_replacement_what_am/,leak,needs_review_medium_signal,,manual_review_pending,,medium_risk_call_pro,0.80,contained_water_damage:\bleak(?:s|ing|ed)?\b,"{""medium_risk_call_pro"": 2.0}",no,,,,,MR0034,medium_risk_call_pro,3,Max,,
vvrwv5,askanelectrician,2022-07-10T13:50:47+00:00,Can an electrical short to a device also damage the wall outlet?,"I posted about this story yesterday, but had a different follow-up question today. Long story short, I think some water may have gotten into my Samsung phone's USB port and I didn't realize it. Moments afterward I plugged it into a non-GFCI wall outlet (whoops), via a fast-charge 12v/2amp adapter, and I don't think the tip of the USB connector was completely flush with the phone, so the metal tip was slightly exposed. A few minutes later I picked up my phone, and my pinky finger brushed against the exposed part, and I got an immediate shock to my finger. It felt quite tingly afterward, and even this morning still feels a little weird, but I asked a nurse and she told me I had nothing to worry about and likely just got a minor electrical burn. After this I tried a different charger/cable and the phone would not charge. I also tried connecting it to a different electrical outlet in my kitchen (GFCI protected) and same deal, no charge at all. So I let the phone power off overnight and hoped for the best, but this morning I tried connecting the phone again, and it still will not charge via USB. When I plug it in the phone doesn't even recognize that a power source is connected. However, the tip of the USB cord (the area that inserts into the phone) gets extremely hot very quickly. I reached out to a friend in IT who told me if the USB input on the phone was damp yesterday, it may have prevented the electrical charge from being delivered to the phone, and then when I touched it with my finger it delivered the full 12v charge to me and simultaneously fried the capacitor on the phone. He said the tip of the cable is getting hot now because the capacitor is fried, so the electrical current isn't being delivered to the phone, and the heat is just building up in the cable because it has ""nowhere else to go"". Luckily the wireless charger seems to be working so I have a short-term solution to power on my phone, but I guess my question now is: if the device did indeed cause an electrical short, is there any way that the actual wall outlet could have also been damaged, or would I have known immediately? I'm assuming there would have been sparks/smoke/fire/etc., right? I just want to make sure it's safe to continue to use the wall outlet and there's no conceivable way the short to the phone could have caused any ""hidden damage"" to the outlet that could place it at a risk of causing other devices to get fried. I do have the wireless charger plugged in right now and it seems to be working, but just wanted to double check with the experts. Thanks!!","Can an electrical short to a device also damage the wall outlet? I posted about this story yesterday, but had a different follow-up question today. Long story short, I think some water may have gotten into my Samsung phone's USB port and I didn't realize it. Moments afterward I plugged it into a non-GFCI wall outlet (whoops), via a fast-charge 12v/2amp adapter, and I don't think the tip of the USB connector was completely flush with the phone, so the metal tip was slightly exposed. A few minutes later I picked up my phone, and my pinky finger brushed against the exposed part, and I got an immediate shock to my finger. It felt quite tingly afterward, and even this morning still feels a little weird, but I asked a nurse and she told me I had nothing to worry about and likely just got a minor electrical burn. After this I tried a different charger/cable and the phone would not charge. I also tried connecting it to a different electrical outlet in my kitchen (GFCI protected) and same deal, no charge at all. So I let the phone power off overnight and hoped for the best, but this morning I tried connecting the phone again, and it still will not charge via USB. When I plug it in the phone doesn't even recognize that a power source is connected. However, the tip of the USB cord (the area that inserts into the phone) gets extremely hot very quickly. I reached out to a friend in IT who told me if the USB input on the phone was damp yesterday, it may have prevented the electrical charge from being delivered to the phone, and then when I touched it with my finger it delivered the full 12v charge to me and simultaneously fried the capacitor on the phone. He said the tip of the cable is getting hot now because the capacitor is fried, so the electrical current isn't being delivered to the phone, and the heat is just building up in the cable because it has ""nowhere else to go"". Luckily the wireless charger seems to be working so I have a short-term solution to power on my phone, but I guess my question now is: if the device did indeed cause an electrical short, is there any way that the actual wall outlet could have also been damaged, or would I have known immediately? I'm assuming there would have been sparks/smoke/fire/etc., right? I just want to make sure it's safe to continue to use the wall outlet and there's no conceivable way the short to the phone could have caused any ""hidden damage"" to the outlet that could place it at a risk of causing other devices to get fried. I do have the wireless charger plugged in right now and it seems to be working, but just wanted to double check with the experts. Thanks!!",https://www.reddit.com/r/askanelectrician/comments/vvrwv5/can_an_electrical_short_to_a_device_also_damage/,0,2,https://www.reddit.com/r/askanelectrician/comments/vvrwv5/can_an_electrical_short_to_a_device_also_damage/,sparking outlet,needs_review_urgent_signal,,manual_review_pending,,urgent_safety_risk,0.82,fire_smoke_or_sparks:\bspark(?:s|ing|ed)?\b; trade_system_issue:\boutlets?\b,"{""medium_risk_call_pro"": 2.0, ""urgent_safety_risk"": 3.5}",no,,,,,MR0035,urgent_safety_risk,4,Manthan,,
1n972mw,HomeMaintenance,2025-09-05T14:39:32+00:00,Refinishing Stairs,"The previous owners slapped a bunch of black paint on our stair railings. It didn't take long for it to all start chipping away and peeling off. We decided we wanted to take it back to wood. I've never done this before so I've been doing research on parts of it. The hand rail itself is tedious to sand but I've got a detail sander and I don't mind using a palm sander. What I'm feeling overwhelmed by is the wood the spindles connect to at the bottom. I've been taking my time, trying to do it right. How perfect does this need to be before I apply a dark stain over it? I know I've got work to go but advice and feedback are appreciated. (The spindles themselves are just going to get a rough sand and repainted so please ignore them.)","Refinishing Stairs The previous owners slapped a bunch of black paint on our stair railings. It didn't take long for it to all start chipping away and peeling off. We decided we wanted to take it back to wood. I've never done this before so I've been doing research on parts of it. The hand rail itself is tedious to sand but I've got a detail sander and I don't mind using a palm sander. What I'm feeling overwhelmed by is the wood the spindles connect to at the bottom. I've been taking my time, trying to do it right. How perfect does this need to be before I apply a dark stain over it? I know I've got work to go but advice and feedback are appreciated. (The spindles themselves are just going to get a rough sand and repainted so please ignore them.)",https://www.reddit.com/r/HomeMaintenance/comments/1n972mw/refinishing_stairs/,3,2,https://www.reddit.com/gallery/1n972mw,paint peeling,needs_review_low_signal,,manual_review_pending,,low_risk_diy,0.82,cosmetic_or_minor_finish:\bpaint(?:ing|ed)?\b,"{""low_risk_diy"": 2.2}",no,,,,,MR0036,low_risk_diy,2,Sarah,,
1th1pmr,HomeMaintenance,2026-05-18T21:22:05+00:00,Water damage in the basement,"I moved into my house just over a year ago. Last spring, there was a very small (quarter sized) discolouration in this corner. I cleaned it with Moldex and monitored it over the summer/fall without incident. We've had a very rainy spring here and while cleaning this room, I found mold on the wall by the baseboard. It also looks like there's water coming in from a nearby window. My questions: 1) is the window the most likely source of this? 2) what's my remediation process here and can I DIY some/all of it (limited income) 3) are there things I can do to reduce the likelihood of water coming through the window in the future? Any advice is appreciated. Water damage is a new frontier for me 🫠","Water damage in the basement I moved into my house just over a year ago. Last spring, there was a very small (quarter sized) discolouration in this corner. I cleaned it with Moldex and monitored it over the summer/fall without incident. We've had a very rainy spring here and while cleaning this room, I found mold on the wall by the baseboard. It also looks like there's water coming in from a nearby window. My questions: 1) is the window the most likely source of this? 2) what's my remediation process here and can I DIY some/all of it (limited income) 3) are there things I can do to reduce the likelihood of water coming through the window in the future? Any advice is appreciated. Water damage is a new frontier for me 🫠",https://www.reddit.com/r/HomeMaintenance/comments/1th1pmr/water_damage_in_the_basement/,1,2,https://www.reddit.com/gallery/1th1pmr,mold,needs_review_medium_signal,,manual_review_pending,,medium_risk_call_pro,0.87,contained_water_damage:\bwater damage(?:d)?\b; mold_or_foundation_concern:\bmold\b; cosmetic_or_minor_finish:\bbaseboard\b,"{""low_risk_diy"": 2.2, ""medium_risk_call_pro"": 4.0}",no,,,,,MR0037,medium_risk_call_pro,1,Patrick,,
vd8gg0,askanelectrician,2022-06-16T00:01:36+00:00,Baseboard heater questions,"Our garage doubles as a rec space but gets chilly, so I bought a 1,000w 208v baseboard heater thinking that I could throw a plug onto it and plug it into an old 208v dryer outlet that is no longer used. I didn't see until after the purchase that it ""requires a hard-wire installation"". A few questions: - Is it actually dangerous to put a 6 foot cord on this? Why else would it require hard-wiring? - Since the baseboard only calls for two hots and a ground, should I just cap the neutral wire on the cord? - Since my heater only draws 4.8 amps, can I use 14 gauge wire for the cord? or would that create a fire hazard because a malfunction of the device might cause it to try to draw more amps and fry the cord? - Last but not least: my dad tried to wire it himself but said it kept cutting off after starting. It looked like he wired it correctly but I redid his work just to make sure everything had good contact. When I tried it last night, it started kicking out heat but also started smoking quite a bit, so I turned it off and inspected it. I didn't see any damage to the unit, and I read online that it's normal for baseboard heaters to smoke on first use. Any pro-tips for how to safely test a device that smokes during normal operation? Do you seriously just let it run until you see melting, sparks, and/or fire? Thanks for any guidance!","Baseboard heater questions Our garage doubles as a rec space but gets chilly, so I bought a 1,000w 208v baseboard heater thinking that I could throw a plug onto it and plug it into an old 208v dryer outlet that is no longer used. I didn't see until after the purchase that it ""requires a hard-wire installation"". A few questions: - Is it actually dangerous to put a 6 foot cord on this? Why else would it require hard-wiring? - Since the baseboard only calls for two hots and a ground, should I just cap the neutral wire on the cord? - Since my heater only draws 4.8 amps, can I use 14 gauge wire for the cord? or would that create a fire hazard because a malfunction of the device might cause it to try to draw more amps and fry the cord? - Last but not least: my dad tried to wire it himself but said it kept cutting off after starting. It looked like he wired it correctly but I redid his work just to make sure everything had good contact. When I tried it last night, it started kicking out heat but also started smoking quite a bit, so I turned it off and inspected it. I didn't see any damage to the unit, and I read online that it's normal for baseboard heaters to smoke on first use. Any pro-tips for how to safely test a device that smokes during normal operation? Do you seriously just let it run until you see melting, sparks, and/or fire? Thanks for any guidance!",https://www.reddit.com/r/askanelectrician/comments/vd8gg0/baseboard_heater_questions/,1,5,https://www.reddit.com/r/askanelectrician/comments/vd8gg0/baseboard_heater_questions/,sparking outlet,needs_review_urgent_signal,,manual_review_pending,,urgent_safety_risk,0.82,fire_smoke_or_sparks:\bspark(?:s|ing|ed)?\b; trade_system_issue:\boutlets?\b; cosmetic_or_minor_finish:\bbaseboard\b,"{""low_risk_diy"": 2.2, ""medium_risk_call_pro"": 2.0, ""urgent_safety_risk"": 3.5}",no,,,,,MR0038,urgent_safety_risk,4,Manthan,,
1qctvm4,DIY,2026-01-14T17:43:29+00:00,Adding a room to my basement,"So long story short, we want to add a room to our basement but the basement has a tenancy to leak after a hard rain or in the spring when the snow melts. The basement has a perimeter trench that allows water to move to the sump pump. Unfortunately it’s an electric pump so if we lose power the basement floods. The question is what can I use to keep the water out of the new room? I was thinking a brick wall about a foot tall then finish with standard wood frame and drywall. I’m not familiar with brick work or water barriers so I’m looking for any advice to keep the water out of our new room. Side note: we rent so certain things our landlord won’t do. Like hire a guy or replace the sump pump with a hydro pump. Edit: we do have permission from the landlord. He is paying for the materials but I’m doing the work.","Adding a room to my basement So long story short, we want to add a room to our basement but the basement has a tenancy to leak after a hard rain or in the spring when the snow melts. The basement has a perimeter trench that allows water to move to the sump pump. Unfortunately it’s an electric pump so if we lose power the basement floods. The question is what can I use to keep the water out of the new room? I was thinking a brick wall about a foot tall then finish with standard wood frame and drywall. I’m not familiar with brick work or water barriers so I’m looking for any advice to keep the water out of our new room. Side note: we rent so certain things our landlord won’t do. Like hire a guy or replace the sump pump with a hydro pump. Edit: we do have permission from the landlord. He is paying for the materials but I’m doing the work.",https://www.reddit.com/r/DIY/comments/1qctvm4/adding_a_room_to_my_basement/,0,12,https://www.reddit.com/r/DIY/comments/1qctvm4/adding_a_room_to_my_basement/,water leak,needs_review_medium_signal,,manual_review_pending,,medium_risk_call_pro,0.80,contained_water_damage:\bleak(?:s|ing|ed)?\b,"{""medium_risk_call_pro"": 2.0}",no,,,,,MR0039,medium_risk_call_pro,4,Manthan,,
1r89ot1,Plumbing,2026-02-18T17:40:24+00:00,Sudden issues,"Hi so , we are getting a restroom remodeled. We live in a modular home so basically a mobile home. We also recently changed the food disposal and some pipe under neath the sink. We also emptied out the septic tank and they check the leach. I mention all of this because we all of a sudden are having issues with running the water through the kitchen sink and using the washer and flushing a toilet at the same time. It cause the water to flood and it’s not clear why. We ran a snake and we used a cleaning bladder and the pipes are clear . The guys working on our restroom said that we have I think he said 2 inch pipes and they’re too small to handle all that pressure but idk I feel like it used to not happen but maybe we never noticed because we don’t always use all things at the same time. Im not sure. I feel like I should be able to wash dishes while my clothes washes. Idk","Sudden issues Hi so , we are getting a restroom remodeled. We live in a modular home so basically a mobile home. We also recently changed the food disposal and some pipe under neath the sink. We also emptied out the septic tank and they check the leach. I mention all of this because we all of a sudden are having issues with running the water through the kitchen sink and using the washer and flushing a toilet at the same time. It cause the water to flood and it’s not clear why. We ran a snake and we used a cleaning bladder and the pipes are clear . The guys working on our restroom said that we have I think he said 2 inch pipes and they’re too small to handle all that pressure but idk I feel like it used to not happen but maybe we never noticed because we don’t always use all things at the same time. Im not sure. I feel like I should be able to wash dishes while my clothes washes. Idk",https://www.reddit.com/r/Plumbing/comments/1r89ot1/sudden_issues/,4,6,https://www.reddit.com/r/Plumbing/comments/1r89ot1/sudden_issues/,flooding,needs_review_urgent_signal,,manual_review_pending,,medium_risk_call_pro,0.80,trade_system_issue:\bseptic\b,"{""medium_risk_call_pro"": 2.0}",no,,,,,MR0040,medium_risk_call_pro,1,Patrick,,
1tc62o6,DIY,2026-05-13T17:11:31+00:00,Outdoor spigot cracked and leaked water through downstairs bathroom (drywall),"I noticed/cleaned it asap and put in a fan and dehumidifier which will be running for a week or 2 straight. I don't see any sagging or weak spots, just a little discoloring around where the HVAC vent came out and the exhaust vent. Am I probably ok since I caught this and hopefully dried this ASAP?","Outdoor spigot cracked and leaked water through downstairs bathroom (drywall) I noticed/cleaned it asap and put in a fan and dehumidifier which will be running for a week or 2 straight. I don't see any sagging or weak spots, just a little discoloring around where the HVAC vent came out and the exhaust vent. Am I probably ok since I caught this and hopefully dried this ASAP?",https://www.reddit.com/r/DIY/comments/1tc62o6/outdoor_spigot_cracked_and_leaked_water_through/,16,9,https://www.reddit.com/r/DIY/comments/1tc62o6/outdoor_spigot_cracked_and_leaked_water_through/,water leak,needs_review_medium_signal,,manual_review_pending,,medium_risk_call_pro,0.95,contained_water_damage:\bleak(?:s|ing|ed)?\b; trade_system_issue:\bhvac\b,"{""medium_risk_call_pro"": 4.0}",no,,,,,MR0041,medium_risk_call_pro,2,Sarah,,
1rj9l4e,Plumbing,2026-03-02T23:54:30+00:00,Bathtub Shifted Help,"So I guess my bathtub broke free from the caulk holding it in place. Is the right answer to just scrape the caulk, move the tub, and caulk it again? What’s the best way to keep it from moving?","Bathtub Shifted Help So I guess my bathtub broke free from the caulk holding it in place. Is the right answer to just scrape the caulk, move the tub, and caulk it again? What’s the best way to keep it from moving?",https://www.reddit.com/r/Plumbing/comments/1rj9l4e/bathtub_shifted_help/,1,2,https://i.redd.it/rbyqormmzpmg1.jpeg,caulk,needs_review_low_signal,,manual_review_pending,,low_risk_diy,0.82,cosmetic_or_minor_finish:\bcaulk(?:ing)?\b,"{""low_risk_diy"": 2.2}",no,,,,,MR0042,low_risk_diy,3,Max,,
m1booa,askanelectrician,2021-03-09T17:37:43+00:00,Ungrounded outlet causing sparks in HDMI,Hello I recently purchased a home that has ungrounded outlets in the older section. In one room I attempted to use my laptop connected to a screen via HDMI port. When I went to plug the HDMI into my computer it caused sparks and ruined the cord (luckily not the laptop) and blew the fuse in that part of the house. If I installed a GFCI outlet would that fix the issue or just cause the outlet to trip and I still wouldn't be able to use the screen? What course of action do you recommend?,Ungrounded outlet causing sparks in HDMI Hello I recently purchased a home that has ungrounded outlets in the older section. In one room I attempted to use my laptop connected to a screen via HDMI port. When I went to plug the HDMI into my computer it caused sparks and ruined the cord (luckily not the laptop) and blew the fuse in that part of the house. If I installed a GFCI outlet would that fix the issue or just cause the outlet to trip and I still wouldn't be able to use the screen? What course of action do you recommend?,https://www.reddit.com/r/askanelectrician/comments/m1booa/ungrounded_outlet_causing_sparks_in_hdmi/,1,10,https://www.reddit.com/r/askanelectrician/comments/m1booa/ungrounded_outlet_causing_sparks_in_hdmi/,sparking outlet,needs_review_urgent_signal,,manual_review_pending,,urgent_safety_risk,0.82,fire_smoke_or_sparks:\bspark(?:s|ing|ed)?\b; trade_system_issue:\boutlets?\b,"{""medium_risk_call_pro"": 2.0, ""urgent_safety_risk"": 3.5}",no,,,,,MR0043,urgent_safety_risk,1,Patrick,,
11rf7gk,askanelectrician,2023-03-14T23:02:57+00:00,Confused and maybe worried?,"So we had a breaker spark at me when I turned it back on the other day, thought it was bad so I changed it out. Today none of the outlets in that room work and the new breaker is sparking when I try to turn it on. I check the wiring from the main to the room, all visually good. So, I do some other elimination: I unplug everything, breaker sparks. I pull all the outlets out of the walls, breaker sparks. I unhook every outlet, breaker turns on. Sweet, must be a bad outlet somewhere. I start hooking them back up one at a time, flipping the switch after everyone. I get them all hooked back up, breaker on. Huh, ok, not a bad outlet? I start putting the outlets back in their boxes, one at a time, thinking maybe something isn’t happy with the wires…nope, all good. Now I’ve got everything hooked back up, breaker on, everything that’s plugged in turned on and functioning, so I have no clue what the original issue was…any insights?","Confused and maybe worried? So we had a breaker spark at me when I turned it back on the other day, thought it was bad so I changed it out. Today none of the outlets in that room work and the new breaker is sparking when I try to turn it on. I check the wiring from the main to the room, all visually good. So, I do some other elimination: I unplug everything, breaker sparks. I pull all the outlets out of the walls, breaker sparks. I unhook every outlet, breaker turns on. Sweet, must be a bad outlet somewhere. I start hooking them back up one at a time, flipping the switch after everyone. I get them all hooked back up, breaker on. Huh, ok, not a bad outlet? I start putting the outlets back in their boxes, one at a time, thinking maybe something isn’t happy with the wires…nope, all good. Now I’ve got everything hooked back up, breaker on, everything that’s plugged in turned on and functioning, so I have no clue what the original issue was…any insights?",https://www.reddit.com/r/askanelectrician/comments/11rf7gk/confused_and_maybe_worried/,18,5,https://www.reddit.com/r/askanelectrician/comments/11rf7gk/confused_and_maybe_worried/,sparking outlet,needs_review_urgent_signal,,manual_review_pending,,urgent_safety_risk,0.82,fire_smoke_or_sparks:\bspark(?:s|ing|ed)?\b; trade_system_issue:\bbreaker\b,"{""medium_risk_call_pro"": 2.0, ""urgent_safety_risk"": 3.5}",no,,,,,MR0044,urgent_safety_risk,2,Sarah,,
1shzdrl,HomeMaintenance,2026-04-10T21:11:56+00:00,"Took these photos of the ceiling in my apartment. I was concerned for mold, maintenance said not mold but a poor paint job where 2 different white paints were used and one is “bleeding through”. Is that true or does this look like mold?",,"Took these photos of the ceiling in my apartment. I was concerned for mold, maintenance said not mold but a poor paint job where 2 different white paints were used and one is “bleeding through”. Is that true or does this look like mold?",https://www.reddit.com/r/HomeMaintenance/comments/1shzdrl/took_these_photos_of_the_ceiling_in_my_apartment/,1,1,https://www.reddit.com/gallery/1shzcb8,mold,needs_review_medium_signal,,manual_review_pending,,medium_risk_call_pro,0.67,mold_or_foundation_concern:\bmold\b; cosmetic_or_minor_finish:\bpaint(?:ing|ed)?\b,"{""low_risk_diy"": 2.2, ""medium_risk_call_pro"": 2.0}",yes,,,,,MR0045,needs_human_review,1,Patrick,,
12ws6h3,askanelectrician,2023-04-23T22:11:30+00:00,Reading on the drop and bonding wires.,"Early April the electric company was FINALLY able to come over and finish our upgrade from a 65amp to a 200amp (it only took them over a year). The work they had done was strictly outside. Lately our internet has been wonky (cutting out, losing connection). I finally got around to calling our servicer and they sent someone out on Tuesday to look at the problem. The guy said he fixed the issue and we shouldn’t have anymore problems but to contact them if we did. We had maaaaybe one good day (I’m being generous) but tacked up the crudy connection to the weather so I waited till Friday to contact the servicer. On Friday, the servicer was able to run some tests as I was contacting them via messaging and as able to give them specific times when the connection was slow or disconnected. Through those tests, they concluded the “issue is based on the signal that are (sic) coming into your home.” Ok, fine, send another technician out. So the technician arrived today and I told him what’s been going on and for the life of me, I have no idea why the upgrade to our box came up, but told him about it. He went outside for a bit then came back and checked the inside. He came back and said he can’t fix the problem as it was “unsafe conditions because there was .75 amps on the drop and bonding wire” (copied from the technicians notes) and that we should hire an electrician to come and fix the issue. Questions: *Is this something the electrical company could have done when they were finishing the upgrade? -If not, what could have caused the positive reading? *Could it have been the other technician from our servicer (the guy from Tuesday was only inside)?","Reading on the drop and bonding wires. Early April the electric company was FINALLY able to come over and finish our upgrade from a 65amp to a 200amp (it only took them over a year). The work they had done was strictly outside. Lately our internet has been wonky (cutting out, losing connection). I finally got around to calling our servicer and they sent someone out on Tuesday to look at the problem. The guy said he fixed the issue and we shouldn’t have anymore problems but to contact them if we did. We had maaaaybe one good day (I’m being generous) but tacked up the crudy connection to the weather so I waited till Friday to contact the servicer. On Friday, the servicer was able to run some tests as I was contacting them via messaging and as able to give them specific times when the connection was slow or disconnected. Through those tests, they concluded the “issue is based on the signal that are (sic) coming into your home.” Ok, fine, send another technician out. So the technician arrived today and I told him what’s been going on and for the life of me, I have no idea why the upgrade to our box came up, but told him about it. He went outside for a bit then came back and checked the inside. He came back and said he can’t fix the problem as it was “unsafe conditions because there was .75 amps on the drop and bonding wire” (copied from the technicians notes) and that we should hire an electrician to come and fix the issue. Questions: *Is this something the electrical company could have done when they were finishing the upgrade? -If not, what could have caused the positive reading? *Could it have been the other technician from our servicer (the guy from Tuesday was only inside)?",https://www.reddit.com/r/askanelectrician/comments/12ws6h3/reading_on_the_drop_and_bonding_wires/,2,4,https://www.reddit.com/r/askanelectrician/comments/12ws6h3/reading_on_the_drop_and_bonding_wires/,electrical issue,needs_review_unclear,,manual_review_pending,,,0.00,no_labeling_function_matched,{},yes,,,,,MR0046,needs_human_review,1,Patrick,,
114lb9d,HomeImprovement,2023-02-17T14:14:13+00:00,Options for outside gas can storage without a shed,"Hi all. I'm looking for a storage option for a filled 5 gallon gas can that doesn't involve a shed. I was keeping it in my garage, but I started smelling gas fumes inside my house. Does anyone know if something like [this would work](https://www.amazon.com/KETER-City-Gallon-Resin-Accessories/dp/B086X47D2T?ref_=ast_sto_dp&th=1). If not, what is a good option. Thanks in advance!","Options for outside gas can storage without a shed Hi all. I'm looking for a storage option for a filled 5 gallon gas can that doesn't involve a shed. I was keeping it in my garage, but I started smelling gas fumes inside my house. Does anyone know if something like [this would work](https://www.amazon.com/KETER-City-Gallon-Resin-Accessories/dp/B086X47D2T?ref_=ast_sto_dp&th=1). If not, what is a good option. Thanks in advance!",https://www.reddit.com/r/HomeImprovement/comments/114lb9d/options_for_outside_gas_can_storage_without_a_shed/,2,17,https://www.reddit.com/r/HomeImprovement/comments/114lb9d/options_for_outside_gas_can_storage_without_a_shed/,gas smell,needs_review_unclear,,manual_review_pending,,urgent_safety_risk,0.95,gas_or_carbon_monoxide:\bsmell(?:s|ing)? (?:like )?gas\b,"{""urgent_safety_risk"": 4.0}",no,,,,,MR0047,urgent_safety_risk,2,Sarah,,
1s6qzsp,Plumbing,2026-03-29T09:54:22+00:00,Behind washing machine just started pouring water. What is this and should I call a plumber?,"I heard water running and discovered this tube is pouring water into what appears to be a drain. This is behind the washing machine. The house is six years old. The air conditioning is not running, so this is not a condensation drain; and the condensation drain from the AC dumps into the sink on the opposing wall. It is a steady full stream and just started pouring water. I’ve lived here at the full six years and have never seen this before. Should I be concerned that something is flooding somewhere? There’s no water on the floor or behind the washer. That is not mold, just leftover construction dust. Edit/update: the plumber who installed the water softener stated yes, it is the water softener running a regeneration cycle to clean the system and it will happen every 1700 gallons of water or every two weeks whatever comes first and will run for about an hour. All is good – normal and anticipated. I’ve never been awake and in the living room in the middle of the night to hear the water running. Thanks for all the helpful suggestions, I was getting concerned and did not want to wake up any plumbers in the middle of the night.","Behind washing machine just started pouring water. What is this and should I call a plumber? I heard water running and discovered this tube is pouring water into what appears to be a drain. This is behind the washing machine. The house is six years old. The air conditioning is not running, so this is not a condensation drain; and the condensation drain from the AC dumps into the sink on the opposing wall. It is a steady full stream and just started pouring water. I’ve lived here at the full six years and have never seen this before. Should I be concerned that something is flooding somewhere? There’s no water on the floor or behind the washer. That is not mold, just leftover construction dust. Edit/update: the plumber who installed the water softener stated yes, it is the water softener running a regeneration cycle to clean the system and it will happen every 1700 gallons of water or every two weeks whatever comes first and will run for about an hour. All is good – normal and anticipated. I’ve never been awake and in the living room in the middle of the night to hear the water running. Thanks for all the helpful suggestions, I was getting concerned and did not want to wake up any plumbers in the middle of the night.",https://www.reddit.com/r/Plumbing/comments/1s6qzsp/behind_washing_machine_just_started_pouring_water/,7,23,https://i.redd.it/0ec8a3gdiyrg1.jpeg,flooding,needs_review_urgent_signal,,manual_review_pending,,urgent_safety_risk,0.77,active_flooding_or_sewage:\bflooding\b; mold_or_foundation_concern:\bmold\b,"{""medium_risk_call_pro"": 2.0, ""urgent_safety_risk"": 3.0}",no,,,,,MR0048,urgent_safety_risk,4,Manthan,,
1rnbqpv,HomeMaintenance,2026-03-07T14:46:34+00:00,Help!! Work Office,I was adding these tiles to my office so I can add pictures of my family. I went to remove one of them so I could fix the positioning and the paint peeled. How do I fix this???,Help!! Work Office I was adding these tiles to my office so I can add pictures of my family. I went to remove one of them so I could fix the positioning and the paint peeled. How do I fix this???,https://www.reddit.com/r/HomeMaintenance/comments/1rnbqpv/help_work_office/,2,2,https://www.reddit.com/gallery/1rnbqpv,paint peeling,needs_review_low_signal,,manual_review_pending,,low_risk_diy,0.82,cosmetic_or_minor_finish:\bpaint(?:ing|ed)?\b,"{""low_risk_diy"": 2.2}",no,,,,,MR0049,low_risk_diy,1,Patrick,,
10bxwhd,HomeImprovement,2023-01-14T20:04:35+00:00,"Brand new gas oven installed, broiler turned on instead of baking","Hello, I recently had a renovation done in my kitchen. With this I purchased a brand new gas oven and range. The workers who came connected the new oven/stove and put it in place between the new cabinets. That was yesterday. Today I went to use the oven for the first time. I put it on to preheat at 400 degrees. A few seconds later, two things happened: first, I smelled gas. Second, instead of the oven turning on, it looked like the broiler turned on (the part below the oven, I think that’s the broiler?). Is there something I can do to fix this or do I have to call the contractor to send the workers again? Has it not been set up properly? Are we in danger with the gas? Thank you","Brand new gas oven installed, broiler turned on instead of baking Hello, I recently had a renovation done in my kitchen. With this I purchased a brand new gas oven and range. The workers who came connected the new oven/stove and put it in place between the new cabinets. That was yesterday. Today I went to use the oven for the first time. I put it on to preheat at 400 degrees. A few seconds later, two things happened: first, I smelled gas. Second, instead of the oven turning on, it looked like the broiler turned on (the part below the oven, I think that’s the broiler?). Is there something I can do to fix this or do I have to call the contractor to send the workers again? Has it not been set up properly? Are we in danger with the gas? Thank you",https://www.reddit.com/r/HomeImprovement/comments/10bxwhd/brand_new_gas_oven_installed_broiler_turned_on/,0,8,https://www.reddit.com/r/HomeImprovement/comments/10bxwhd/brand_new_gas_oven_installed_broiler_turned_on/,gas smell,needs_review_unclear,,manual_review_pending,,,0.00,no_labeling_function_matched,{},yes,,,,,MR0050,needs_human_review,4,Manthan,,
1rswac6,Plumbing,2026-03-13T18:58:25+00:00,Caked up outside drain causing basement flooding,"I have an outside drain (under the water in this pic) that I believe is caked up with mud and sediment. The door at the bottom of these stairs leads to my basement. The (lack of) draining is causing flooding in the basement due to heavy rains through the door to the right-hand-side. Is this something you recommend I use this Bauer tool to clear? FWIW. It’s an almost 70 year old house that I’ve lived in for about 11 years. I’ve never used a tool like this before but is it even worth the effort, or just call a specialist?","Caked up outside drain causing basement flooding I have an outside drain (under the water in this pic) that I believe is caked up with mud and sediment. The door at the bottom of these stairs leads to my basement. The (lack of) draining is causing flooding in the basement due to heavy rains through the door to the right-hand-side. Is this something you recommend I use this Bauer tool to clear? FWIW. It’s an almost 70 year old house that I’ve lived in for about 11 years. I’ve never used a tool like this before but is it even worth the effort, or just call a specialist?",https://www.reddit.com/r/Plumbing/comments/1rswac6/caked_up_outside_drain_causing_basement_flooding/,9,33,https://www.reddit.com/gallery/1rswac6,flooding,needs_review_urgent_signal,,manual_review_pending,,urgent_safety_risk,0.90,active_flooding_or_sewage:\bflooding\b,"{""urgent_safety_risk"": 3.0}",no,,,,,MR0051,urgent_safety_risk,3,Max,,
1umy0v,DIY,2014-01-07T17:42:44+00:00,My Epoxy Garage Project -- Steps And What I Learned Along The Way,"**Edit: not sure why the steps formatting is coming out funny. Apologies for the odd formatting of the detailed steps** First off, I'm not very handy. I've done a lot of research and learned some things along the way. Here's my journey and I hope it helps others who are considering doing something similar. **IMAGES:** http://imgur.com/a/C6rqK#0 **EPOXY:** I had an old 2 car concrete garage floor with few inch tall foundation lips on the left and right sides of the garage floor. The sqft was approx 400 sqft excluding the concrete lips on the left and right sides. There were alot of grease spots on the floor and some parts might have been sealed. This was performed in southern california in the winter when temps were highs of 70’s and lows of 40’s. **General Steps:** (power washed between steps 1-3) 1. Grind all the concrete floor 2. Degrease left over oil marks 3. light acid etch with mild scrubbing 4. concrete patching 5. gentle sanding on concrete patch + spot clean dusty spots 6. epoxy 7. clear coat **Most of the Materials:** Sherwin Williams Macropoxy 646-100 (custom color tinted) Valspar granite flakes (grey, white, black) 10 oz Rust-oleum clear coat professional grade solvent based Rust-oleum epoxy concrete patcher Generic Muriatic Acid Generic Concrete Degreaser Electric Power Washer 1400 psi Large Floor Squeegee Stiff Brush Floor grinder Hand grinder Gas Mask or some full face protection Painting materials / buckets **Detailed Steps:** * 1. First I rented a floor stripper from home depot for about $120. It was very heavy to lift into the car. It creates A LOT of dust, so I used a gas mask to cover my face and kept the floor very wet to keep the dust from going everywhere in the air. The downside is it created all this concrete mud that washed down into the gutter and spread out to all my neighbors’ gutters, spreading it everywhere. It was a big hassle to clean up all the concrete mud since it did not wash down the gutter easily. NOTE: The floor stripper takes some strength! When it first starts up, if you are not prepared it will jump out of your hands. It took some practice to get used to and find a technique that did not require a lot of strength in the long run. Also, it came with a shop vac port which turned out to be pretty useless. Keep the floor wet was much much more effective at reducing airborne concrete dust. After the floor stripper, i used a hand grinder with a diamond wheel to grind down very rough and uneven areas on the concrete foundation’s lip that stuck up to the edges of the wall as well as get to the tight spots that the floor stripper could not get to. The hand grinder generated MUCH more airborne dust than the floor grinder. This is largely because 1) I could not keep those areas very wet since they were close to drywall and 2) the hand grinder ate away at the concrete MUCH faster than the floor stripper, generating much more dust. * 2. At this point the floor looked very white and smooth to the touch. I could feel the concrete pores open with little concrete dust in the way. I used some generic degreaser for the thick oil spots. After i washed it out, I did a water absorption test to make sure it the oil was not going to be a bonding issue for the epoxy. I splashed some water onto the oil spot and onto a clean spot near it. I watched how fast the water absorbed into the concrete. They both absorbed pretty much the same, so i was satisfied with the degrease. * 3. There were still some cracks and areas that did not look like powdery white concrete. Since acid etching is cheap, but labor intensive, but opted to do a quick acid etch around the floor. I didn’t bother scrubbing very hard since the floor was already ground up. Just an acid rinse and repeat. * 4. I used the “rust-oleum” epoxy concrete patcher kit. One kit was enough to do 1 big crack running across my 2 car garage. I did not anticipate how long it took to put in the concrete patcher and how FAST it dries! I definitely needed a 2nd pair of hands to quickly patch the floor since those kits have a pot life of about 20-30 minutes before it hardens. We split up the work between the two of us. Each one of us had throw away plastic putty knives. We first used a skinny putty knife and globbed on the patching into the cracks. We used a downward stroke to help push in all the putty. Before it all hardened, we came back with a much wider putty knife to smooth what was left over from the small putty knife. * 5. We let the floor dry and rest for another 3 nights before we started to epoxy. During this time, we lightly sanded with some sand paper sponges on the concrete patched areas. We heard that the glossy finish of the epoxy concrete patcher makes it harder for the epoxy to stick to, and shows through on your first coat. This is what we heard, can’t really verify it. Either way, we lightly sanded it until it wasn’t super glossy and just slightly dull. Then we wiped it with a wet towel to pick up the sand particles. Some of the patching showed through the epoxy paint when everything was finished, but it was more of a texture issue than it was seeing the patching below it. More flakes help hide issues with texture. A very OCD person could spend more money to get extra patching to fill it in more and smooth it out. * 6. My wife and I started early in the morning for the epoxy process. The epoxy was very thick and difficult to paint onto the concrete. We regretted not using more concrete patching on our corners/foundation lips. Those foundation lips had many little holes and a few big holes. We spent a very long time trying to fill those holes with epoxy. For one, when we used a brush stroke, it would pick up loose dirt in those pockets, which meant we had to glob on more epoxy. Secondly, trying to get the viscous epoxy into those holes took a lot of effort to stuff it into vertical holes. Halfway through, we realized that we were wasting a ton of epoxy on the concrete side walls due to dirt and the holes. I stopped epoxying and used my shop vac on the remaining holes/crevices which helped a ton. I also ran back out to the sherwin williams store and picked up another set of epoxy because I knew we were wasting too much. I mixed the 2nd set of epoxy in a separate 5 gallon bucket and let it “sweat” while we finished all the trimming. Once the sweating was done, we mixed the old epoxy with the new epoxy to make sure the colors were close enough to being the same. We trimmed everything first with brushes, then did the rolling. People warn against that due to roller marks being more obvious, but we didn’t notice any signs of that. It could be that it was not a hot day and we moved fast, but brushing everything first was fine. When we started to roll, it was very strenuous at first since the concrete was very porous and absorbed everything. I rolled a little and then I flaked in small areas using small amounts and tossing it vertically upward. Since we mixed two sets of epoxy together (good enough for double a 2 car garage technically), I regret that we did not roll on more of the epoxy thicker. We did it too thin and when we were done rolling, we had some left over. We did not realize how thin the epoxy was in some areas until the next day. This led us to realize that we needed another coat of epoxy since there were obvious spots of very thin epoxy. We got another set and laid it on very thick. However, we ended up doing it too thick because again, when we got near the garage door exit, we were running out of epoxy and squeezing everything out that we could. We were still too thin. Don't forget to remove the tape while it is still wet! We removed tape after brushing and before starting the rolling. * 7. When we did the clear coat, i realized a mistake in my epoxy process. We should have done the 2nd coat starting in the opposite direction to ensure the thickness of the floor would be about the same. So for the clear coat, we started on the opposite side and laid it on thick. The clear coat was VERY watery compared to the normal epoxy. We were able to brush it and roll it on very thin. it was easy to apply, but hard to see where it was on. We did it at night with alot of garage lighting to give us a reflection/glare to make it easier to see. Still, it was hard to tell where we missed any spots. **Everything turned out great and I’m satisfied! Some notes:** -old paintbrushes for epoxy worked fine for us. Some people say you need to use the “natural brushes” or expensive ones. We used expensive ones, but they kept shedding hairs just like the cheap ones. I ended up using a cheap one too and it worked just as well, if not better than the expensive ones. -big plastic bucket for flakes. It was very useful to have a bigger plastic bucket for flakes. This made it a lot easier to reach in there and grab a consistent handful of flakes and throw it out like birdseed. -having some large sheets of cardboard was very helpful for my staging area. The epoxy gets everywhere. -Someone looking to do this cheap could probably do it for less than $200 if they cut out the grinding and use only ONE coat of epoxy. Power washing can be done with a cheap power washer rental or buy/return if that suits you. Not sure how long it would last though, and $200 does not leave much room for error. -From what I’ve learned, avoid “water-based” epoxy kits that you see in big box stores. Look for solvent based kits. Water based are around 50% solids. you want more solids. Solvent based ones are only about $20~ more expensive compared to water based and they are around 70% solids. $100 kits vs. $120 kits? The difference is tiny and you get a big jump in solids. Rust-oleum’s “industrial” grade or “professional” grade is a solvent based one that has about the same make up as the sherwin williams macropoxy formula. They are both about 70% solids. I’m no expert, but I’d say they are about equivalent in quality. Some people mentioned very high end epoxies that are 100% solids, but those jump suddenly to $300-500 for a kit. From what I know, it’s way more important to prep it right than it is to get better quality epoxies if you want it to last. -I intend to use rubber mats for the tires to rest on. I hear that the #1 cause of epoxies wearing out is due to car tires driving back and forth overtime picking up the epoxy. **Things I would do differently:** -The grinding I would probably skip. my concrete was not in that bad of shape and it made the project more expensive by about $120. the worst part though was the clean up afterward. The dust inside the garage was not a big deal. I sealed off my water heater / heater with plastic sheeting to keep the dust out (i turned it all off of course), but cleaning up the dust was a problem. I washed the concrete dust down the driveway, but it turned into this concrete mud. This concrete mud washed down for like 6 houses to the storm drain, but some concrete mud was lining the street for all 6 houses. If any of the cars drove into their driveway, the tires would pick up the concrete mud and get it everywhere. A neighbor promptly complained the next morning and I immediately started to clean it up. It took me 3 hours to clean and wash down all the mud. In reality, it would have only taken me about 30 minutes after i figured out the good technique. Spraying it with a hose down the gutter while using a broom to agitate the mud into the water stream worked pretty well. Still, this is something to think about if you have a strict HOA. -I wish I had gotten a shroud dust cover for the hand grinder. 90% of the airborne dust came from the angle grinder, and a shroud cover with a shop vac would have helped alot. -I would have concrete patched up nearly all holes/cracks on the sides of the concrete foundation. It would have been pricey though as I think i would have needed 4 $20 sets of the patch kits to do all of my floor -If I were to do it again, I would definitely shopvac the crevices and corners one last time right before the epoxy. -I would sift out the tiny flake dust before flaking. You see, the flakes i bought had big flakes up top, and tiny flake dust at the bottom. When I was first flaking the garage, I started with big flakes at the top. Eventually near the end of the garage flaking, I had A LOT more flake dust I was tossing at the end. If you want consistently large flakes, use a pasta strainer to sift out the tiny flakes. -Investing in a pair of strap on spiked shoes and a squeegee might have been a better idea. I’ve seen videos/forums talking about using spiked shoes and a squeegee is the way to go. I’d say I agree with them that it’s probably a better method. It would definitely be faster and easier to check for uneven spots. That was the thing that got me, which was I could see some uneven spots, but I can’t do anything about it because it’s too far away and I can’t walk over the epoxy. I can imagine squeegeeing it though could have issues if you don’t have a steady hand. -I would have done a 2nd coat starting on the opposite side of the garage that I started with for the 1st coat. This would have made sure my thin spots got filled appropriately.","My Epoxy Garage Project -- Steps And What I Learned Along The Way **Edit: not sure why the steps formatting is coming out funny. Apologies for the odd formatting of the detailed steps** First off, I'm not very handy. I've done a lot of research and learned some things along the way. Here's my journey and I hope it helps others who are considering doing something similar. **IMAGES:** http://imgur.com/a/C6rqK#0 **EPOXY:** I had an old 2 car concrete garage floor with few inch tall foundation lips on the left and right sides of the garage floor. The sqft was approx 400 sqft excluding the concrete lips on the left and right sides. There were alot of grease spots on the floor and some parts might have been sealed. This was performed in southern california in the winter when temps were highs of 70’s and lows of 40’s. **General Steps:** (power washed between steps 1-3) 1. Grind all the concrete floor 2. Degrease left over oil marks 3. light acid etch with mild scrubbing 4. concrete patching 5. gentle sanding on concrete patch + spot clean dusty spots 6. epoxy 7. clear coat **Most of the Materials:** Sherwin Williams Macropoxy 646-100 (custom color tinted) Valspar granite flakes (grey, white, black) 10 oz Rust-oleum clear coat professional grade solvent based Rust-oleum epoxy concrete patcher Generic Muriatic Acid Generic Concrete Degreaser Electric Power Washer 1400 psi Large Floor Squeegee Stiff Brush Floor grinder Hand grinder Gas Mask or some full face protection Painting materials / buckets **Detailed Steps:** * 1. First I rented a floor stripper from home depot for about $120. It was very heavy to lift into the car. It creates A LOT of dust, so I used a gas mask to cover my face and kept the floor very wet to keep the dust from going everywhere in the air. The downside is it created all this concrete mud that washed down into the gutter and spread out to all my neighbors’ gutters, spreading it everywhere. It was a big hassle to clean up all the concrete mud since it did not wash down the gutter easily. NOTE: The floor stripper takes some strength! When it first starts up, if you are not prepared it will jump out of your hands. It took some practice to get used to and find a technique that did not require a lot of strength in the long run. Also, it came with a shop vac port which turned out to be pretty useless. Keep the floor wet was much much more effective at reducing airborne concrete dust. After the floor stripper, i used a hand grinder with a diamond wheel to grind down very rough and uneven areas on the concrete foundation’s lip that stuck up to the edges of the wall as well as get to the tight spots that the floor stripper could not get to. The hand grinder generated MUCH more airborne dust than the floor grinder. This is largely because 1) I could not keep those areas very wet since they were close to drywall and 2) the hand grinder ate away at the concrete MUCH faster than the floor stripper, generating much more dust. * 2. At this point the floor looked very white and smooth to the touch. I could feel the concrete pores open with little concrete dust in the way. I used some generic degreaser for the thick oil spots. After i washed it out, I did a water absorption test to make sure it the oil was not going to be a bonding issue for the epoxy. I splashed some water onto the oil spot and onto a clean spot near it. I watched how fast the water absorbed into the concrete. They both absorbed pretty much the same, so i was satisfied with the degrease. * 3. There were still some cracks and areas that did not look like powdery white concrete. Since acid etching is cheap, but labor intensive, but opted to do a quick acid etch around the floor. I didn’t bother scrubbing very hard since the floor was already ground up. Just an acid rinse and repeat. * 4. I used the “rust-oleum” epoxy concrete patcher kit. One kit was enough to do 1 big crack running across my 2 car garage. I did not anticipate how long it took to put in the concrete patcher and how FAST it dries! I definitely needed a 2nd pair of hands to quickly patch the floor since those kits have a pot life of about 20-30 minutes before it hardens. We split up the work between the two of us. Each one of us had throw away plastic putty knives. We first used a skinny putty knife and globbed on the patching into the cracks. We used a downward stroke to help push in all the putty. Before it all hardened, we came back with a much wider putty knife to smooth what was left over from the small putty knife. * 5. We let the floor dry and rest for another 3 nights before we started to epoxy. During this time, we lightly sanded with some sand paper sponges on the concrete patched areas. We heard that the glossy finish of the epoxy concrete patcher makes it harder for the epoxy to stick to, and shows through on your first coat. This is what we heard, can’t really verify it. Either way, we lightly sanded it until it wasn’t super glossy and just slightly dull. Then we wiped it with a wet towel to pick up the sand particles. Some of the patching showed through the epoxy paint when everything was finished, but it was more of a texture issue than it was seeing the patching below it. More flakes help hide issues with texture. A very OCD person could spend more money to get extra patching to fill it in more and smooth it out. * 6. My wife and I started early in the morning for the epoxy process. The epoxy was very thick and difficult to paint onto the concrete. We regretted not using more concrete patching on our corners/foundation lips. Those foundation lips had many little holes and a few big holes. We spent a very long time trying to fill those holes with epoxy. For one, when we used a brush stroke, it would pick up loose dirt in those pockets, which meant we had to glob on more epoxy. Secondly, trying to get the viscous epoxy into those holes took a lot of effort to stuff it into vertical holes. Halfway through, we realized that we were wasting a ton of epoxy on the concrete side walls due to dirt and the holes. I stopped epoxying and used my shop vac on the remaining holes/crevices which helped a ton. I also ran back out to the sherwin williams store and picked up another set of epoxy because I knew we were wasting too much. I mixed the 2nd set of epoxy in a separate 5 gallon bucket and let it “sweat” while we finished all the trimming. Once the sweating was done, we mixed the old epoxy with the new epoxy to make sure the colors were close enough to being the same. We trimmed everything first with brushes, then did the rolling. People warn against that due to roller marks being more obvious, but we didn’t notice any signs of that. It could be that it was not a hot day and we moved fast, but brushing everything first was fine. When we started to roll, it was very strenuous at first since the concrete was very porous and absorbed everything. I rolled a little and then I flaked in small areas using small amounts and tossing it vertically upward. Since we mixed two sets of epoxy together (good enough for double a 2 car garage technically), I regret that we did not roll on more of the epoxy thicker. We did it too thin and when we were done rolling, we had some left over. We did not realize how thin the epoxy was in some areas until the next day. This led us to realize that we needed another coat of epoxy since there were obvious spots of very thin epoxy. We got another set and laid it on very thick. However, we ended up doing it too thick because again, when we got near the garage door exit, we were running out of epoxy and squeezing everything out that we could. We were still too thin. Don't forget to remove the tape while it is still wet! We removed tape after brushing and before starting the rolling. * 7. When we did the clear coat, i realized a mistake in my epoxy process. We should have done the 2nd coat starting in the opposite direction to ensure the thickness of the floor would be about the same. So for the clear coat, we started on the opposite side and laid it on thick. The clear coat was VERY watery compared to the normal epoxy. We were able to brush it and roll it on very thin. it was easy to apply, but hard to see where it was on. We did it at night with alot of garage lighting to give us a reflection/glare to make it easier to see. Still, it was hard to tell where we missed any spots. **Everything turned out great and I’m satisfied! Some notes:** -old paintbrushes for epoxy worked fine for us. Some people say you need to use the “natural brushes” or expensive ones. We used expensive ones, but they kept shedding hairs just like the cheap ones. I ended up using a cheap one too and it worked just as well, if not better than the expensive ones. -big plastic bucket for flakes. It was very useful to have a bigger plastic bucket for flakes. This made it a lot easier to reach in there and grab a consistent handful of flakes and throw it out like birdseed. -having some large sheets of cardboard was very helpful for my staging area. The epoxy gets everywhere. -Someone looking to do this cheap could probably do it for less than $200 if they cut out the grinding and use only ONE coat of epoxy. Power washing can be done with a cheap power washer rental or buy/return if that suits you. Not sure how long it would last though, and $200 does not leave much room for error. -From what I’ve learned, avoid “water-based” epoxy kits that you see in big box stores. Look for solvent based kits. Water based are around 50% solids. you want more solids. Solvent based ones are only about $20~ more expensive compared to water based and they are around 70% solids. $100 kits vs. $120 kits? The difference is tiny and you get a big jump in solids. Rust-oleum’s “industrial” grade or “professional” grade is a solvent based one that has about the same make up as the sherwin williams macropoxy formula. They are both about 70% solids. I’m no expert, but I’d say they are about equivalent in quality. Some people mentioned very high end epoxies that are 100% solids, but those jump suddenly to $300-500 for a kit. From what I know, it’s way more important to prep it right than it is to get better quality epoxies if you want it to last. -I intend to use rubber mats for the tires to rest on. I hear that the #1 cause of epoxies wearing out is due to car tires driving back and forth overtime picking up the epoxy. **Things I would do differently:** -The grinding I would probably skip. my concrete was not in that bad of shape and it made the project more expensive by about $120. the worst part though was the clean up afterward. The dust inside the garage was not a big deal. I sealed off my water heater / heater with plastic sheeting to keep the dust out (i turned it all off of course), but cleaning up the dust was a problem. I washed the concrete dust down the driveway, but it turned into this concrete mud. This concrete mud washed down for like 6 houses to the storm drain, but some concrete mud was lining the street for all 6 houses. If any of the cars drove into their driveway, the tires would pick up the concrete mud and get it everywhere. A neighbor promptly complained the next morning and I immediately started to clean it up. It took me 3 hours to clean and wash down all the mud. In reality, it would have only taken me about 30 minutes after i figured out the good technique. Spraying it with a hose down the gutter while using a broom to agitate the mud into the water stream worked pretty well. Still, this is something to think about if you have a strict HOA. -I wish I had gotten a shroud dust cover for the hand grinder. 90% of the airborne dust came from the angle grinder, and a shroud cover with a shop vac would have helped alot. -I would have concrete patched up nearly all holes/cracks on the sides of the concrete foundation. It would have been pricey though as I think i would have needed 4 $20 sets of the patch kits to do all of my floor -If I were to do it again, I would definitely shopvac the crevices and corners one last time right before the epoxy. -I would sift out the tiny flake dust before flaking. You see, the flakes i bought had big flakes up top, and tiny flake dust at the bottom. When I was first flaking the garage, I started with big flakes at the top. Eventually near the end of the garage flaking, I had A LOT more flake dust I was tossing at the end. If you want consistently large flakes, use a pasta strainer to sift out the tiny flakes. -Investing in a pair of strap on spiked shoes and a squeegee might have been a better idea. I’ve seen videos/forums talking about using spiked shoes and a squeegee is the way to go. I’d say I agree with them that it’s probably a better method. It would definitely be faster and easier to check for uneven spots. That was the thing that got me, which was I could see some uneven spots, but I can’t do anything about it because it’s too far away and I can’t walk over the epoxy. I can imagine squeegeeing it though could have issues if you don’t have a steady hand. -I would have done a 2nd coat starting on the opposite side of the garage that I started with for the 1st coat. This would have made sure my thin spots got filled appropriately.",https://www.reddit.com/r/DIY/comments/1umy0v/my_epoxy_garage_project_steps_and_what_i_learned/,39,20,https://www.reddit.com/r/DIY/comments/1umy0v/my_epoxy_garage_project_steps_and_what_i_learned/,loose trim,needs_review_medium_signal,,manual_review_pending,,medium_risk_call_pro,0.67,trade_system_issue:\bwater heater\b; cosmetic_or_minor_finish:\bpaint(?:ing|ed)?\b,"{""low_risk_diy"": 2.2, ""medium_risk_call_pro"": 2.0}",yes,,,,,MR0052,needs_human_review,2,Sarah,,
1tn66vd,DIY,2026-05-25T11:20:55+00:00,my deposit is being held hostage by my walls and i just need a shelf,"renting means every time i want to put something on a wall i have to do a full risk assessment. drill anything and suddenly i'm having a conversation with my landlord i don't want to have been trying adhesive shelves as the obvious workaround but the results have been mixed at best. first one held for two months then came down at 3am taking a chunk of paint with it, which felt like a personal attack. second one never fully committed to the wall from day one and just slowly peeled away like it was reconsidering its life choices the weight limit thing is also apparently very real and very easy to ignore until it isn't just need something that holds a reasonable amount without destroying the wall when i eventually move out. bathroom and kitchen mostly, so moisture is probably a factor nobody puts in the product description has anyone found adhesive shelves that actually stick long term without redecorating the wall on the way out","my deposit is being held hostage by my walls and i just need a shelf renting means every time i want to put something on a wall i have to do a full risk assessment. drill anything and suddenly i'm having a conversation with my landlord i don't want to have been trying adhesive shelves as the obvious workaround but the results have been mixed at best. first one held for two months then came down at 3am taking a chunk of paint with it, which felt like a personal attack. second one never fully committed to the wall from day one and just slowly peeled away like it was reconsidering its life choices the weight limit thing is also apparently very real and very easy to ignore until it isn't just need something that holds a reasonable amount without destroying the wall when i eventually move out. bathroom and kitchen mostly, so moisture is probably a factor nobody puts in the product description has anyone found adhesive shelves that actually stick long term without redecorating the wall on the way out",https://www.reddit.com/r/DIY/comments/1tn66vd/my_deposit_is_being_held_hostage_by_my_walls_and/,0,12,https://www.reddit.com/r/DIY/comments/1tn66vd/my_deposit_is_being_held_hostage_by_my_walls_and/,paint peeling,needs_review_low_signal,,manual_review_pending,,low_risk_diy,0.82,cosmetic_or_minor_finish:\bpaint(?:ing|ed)?\b,"{""low_risk_diy"": 2.2}",no,,,,,MR0053,low_risk_diy,3,Max,,
1sclvx0,Plumbing,2026-04-04T21:53:22+00:00,Name of flush valve gasket/general leaking toilet advice,"Howdy everyone, 3 questions and then some backstory: 1) What is this gasket called? It's a 3inch gasket that goes between the flush mechanism and the tank (it's not the tank to bowl gasket) 2) Is it worth it to replace this gasket or would I be better off buying a whole new flush valve assembly/kit? 3) Would I be better off trying to caulk the hell out of the gasket to prevent the leaking since I already have caulk? So basically I initially replaced the screw fastener thingies that hold the tank in place to the bowl because it looked like the water was leaking from the left one. Turns out it was coming from higher up and just happened to be dripping from there. After replacement, I bought a new tank to bowl gasket thinking that was what was leaking. Nope. Might return it, but my old tank to bowl gasket was crusty and old anyway so I might keep it. Now I find myself in this situation where I can't find what this part is even called so I can't simply buy a replacement. I just need advice, thanks y'all.","Name of flush valve gasket/general leaking toilet advice Howdy everyone, 3 questions and then some backstory: 1) What is this gasket called? It's a 3inch gasket that goes between the flush mechanism and the tank (it's not the tank to bowl gasket) 2) Is it worth it to replace this gasket or would I be better off buying a whole new flush valve assembly/kit? 3) Would I be better off trying to caulk the hell out of the gasket to prevent the leaking since I already have caulk? So basically I initially replaced the screw fastener thingies that hold the tank in place to the bowl because it looked like the water was leaking from the left one. Turns out it was coming from higher up and just happened to be dripping from there. After replacement, I bought a new tank to bowl gasket thinking that was what was leaking. Nope. Might return it, but my old tank to bowl gasket was crusty and old anyway so I might keep it. Now I find myself in this situation where I can't find what this part is even called so I can't simply buy a replacement. I just need advice, thanks y'all.",https://www.reddit.com/r/Plumbing/comments/1sclvx0/name_of_flush_valve_gasketgeneral_leaking_toilet/,1,2,https://www.reddit.com/gallery/1sclvx0,caulk,needs_review_medium_signal,,manual_review_pending,,medium_risk_call_pro,0.67,contained_water_damage:\bleak(?:s|ing|ed)?\b; cosmetic_or_minor_finish:\bcaulk(?:ing)?\b,"{""low_risk_diy"": 2.2, ""medium_risk_call_pro"": 2.0}",yes,,,,,MR0054,needs_human_review,2,Sarah,,
10menrb,askanelectrician,2023-01-27T06:58:49+00:00,Got a doozy for ya; giant metal structure wrapped in extension cord,"Be me: live in an apartment where the landlords created a giant mezzanine structure out of what is presumably intumescent painted steel, with 2"" plywood sheets for the flooring. It's absolutely, terrifyingly not up to code, in any way whatsoever. I didn't always worry about it so much. I thought it was cool and industrial looking and was happy it added a lot of space to our unit. Then I started to worry about certain things as I learned more about various residential safety codes and proper construction. One of those things I've begun to worry about is the risk of electrical shock. There is a really long extension cord running up there, plugged into a regular 120v outlet on the main floor, to provide power up there since there are no electrical outlets up there. We plugged in an uninterrupted power supply up there, which powers a PC, monitors, a LED lighting setup, and some other small devices. This is my partner's office/studio. I worry that if somehow a wire gets exposed and touches this structure that it will electrify the entire thing, or that the extension cord might overheat and start a fire. We've been using this setup for 4 years now with no problems, but it's time to address potential issues like this. This is definitely stupid and I know the easiest solution is to just not have live wires all over this thing, but that's not really an option for us. We both work from home and we're kind of stuck with this until we're able to afford to move. The extension cord is long, at least 50'. That's the minimum length to reach where my partner's equipment is set up. It's a polarized 3-prong, but I'm not sure what gauge it is. It was there when we first moved in. I think it's rated for outdoor use. It looks like it's in good condition the whole length, and to my knowledge it has never even gotten warm much less hot. What I'd love to know is if there are any options for running power up there that are safer than this, or that might save our asses if this cord somehow electrified the structure. Should we get a heavy duty extension cord, something that's a thicker gauge than this one? Should we get a GFCI outlet adapter that we can plug this cord into? Something like [this](https://www.amazon.com/TRC-Southwire-14650013-6-120-Volt-1800-Watts/dp/B000XU5MEG/ref=sr_1_11?crid=ZJ9XQF3WXD7G&keywords=gfci+extension+cord&qid=1674789322&sprefix=gfci%2Caps%2C203&sr=8-11)? Is there a way to wire something that might set off some kind of alarm if it ever did become electrified? I know the proper solution is to have a certified electrician wire an actual outlet up there, but I'm not sure we'll be able to get our landlords to agree to do that. There's always the option of going to a tenant's union or rent board with the city, but that could mean the entire structure would need to come down and our home would be unlivable during that and we wouldn't have enough space after. I'm very open to creative and safe solutions. I know this isn't an ideal setup, but I'm trying to learn here and am pretty much exhausted by this sort of thing so please be kind :)","Got a doozy for ya; giant metal structure wrapped in extension cord Be me: live in an apartment where the landlords created a giant mezzanine structure out of what is presumably intumescent painted steel, with 2"" plywood sheets for the flooring. It's absolutely, terrifyingly not up to code, in any way whatsoever. I didn't always worry about it so much. I thought it was cool and industrial looking and was happy it added a lot of space to our unit. Then I started to worry about certain things as I learned more about various residential safety codes and proper construction. One of those things I've begun to worry about is the risk of electrical shock. There is a really long extension cord running up there, plugged into a regular 120v outlet on the main floor, to provide power up there since there are no electrical outlets up there. We plugged in an uninterrupted power supply up there, which powers a PC, monitors, a LED lighting setup, and some other small devices. This is my partner's office/studio. I worry that if somehow a wire gets exposed and touches this structure that it will electrify the entire thing, or that the extension cord might overheat and start a fire. We've been using this setup for 4 years now with no problems, but it's time to address potential issues like this. This is definitely stupid and I know the easiest solution is to just not have live wires all over this thing, but that's not really an option for us. We both work from home and we're kind of stuck with this until we're able to afford to move. The extension cord is long, at least 50'. That's the minimum length to reach where my partner's equipment is set up. It's a polarized 3-prong, but I'm not sure what gauge it is. It was there when we first moved in. I think it's rated for outdoor use. It looks like it's in good condition the whole length, and to my knowledge it has never even gotten warm much less hot. What I'd love to know is if there are any options for running power up there that are safer than this, or that might save our asses if this cord somehow electrified the structure. Should we get a heavy duty extension cord, something that's a thicker gauge than this one? Should we get a GFCI outlet adapter that we can plug this cord into? Something like [this](https://www.amazon.com/TRC-Southwire-14650013-6-120-Volt-1800-Watts/dp/B000XU5MEG/ref=sr_1_11?crid=ZJ9XQF3WXD7G&keywords=gfci+extension+cord&qid=1674789322&sprefix=gfci%2Caps%2C203&sr=8-11)? Is there a way to wire something that might set off some kind of alarm if it ever did become electrified? I know the proper solution is to have a certified electrician wire an actual outlet up there, but I'm not sure we'll be able to get our landlords to agree to do that. There's always the option of going to a tenant's union or rent board with the city, but that could mean the entire structure would need to come down and our home would be unlivable during that and we wouldn't have enough space after. I'm very open to creative and safe solutions. I know this isn't an ideal setup, but I'm trying to learn here and am pretty much exhausted by this sort of thing so please be kind :)",https://www.reddit.com/r/askanelectrician/comments/10menrb/got_a_doozy_for_ya_giant_metal_structure_wrapped/,0,2,https://www.reddit.com/r/askanelectrician/comments/10menrb/got_a_doozy_for_ya_giant_metal_structure_wrapped/,electrical issue,needs_review_medium_signal,,manual_review_pending,,medium_risk_call_pro,0.67,trade_system_issue:\boutlets?\b; cosmetic_or_minor_finish:\bpaint(?:ing|ed)?\b,"{""low_risk_diy"": 2.2, ""medium_risk_call_pro"": 2.0}",yes,,,,,MR0055,needs_human_review,2,Sarah,,
ywb1u3,askanelectrician,2022-11-15T22:05:29+00:00,Dropped drywall behind wall with wiring...,"I was patching a wall after removing a recessed medicine cabinet and dropped a piece of drywall (about 6"" x 18"") behind the wall. There are wires running behind the wall. I wasn't able to reach the drywall to remove it. Could this create a dangerous situation in term of the wiring?","Dropped drywall behind wall with wiring... I was patching a wall after removing a recessed medicine cabinet and dropped a piece of drywall (about 6"" x 18"") behind the wall. There are wires running behind the wall. I wasn't able to reach the drywall to remove it. Could this create a dangerous situation in term of the wiring?",https://www.reddit.com/r/askanelectrician/comments/ywb1u3/dropped_drywall_behind_wall_with_wiring/,1,3,https://www.reddit.com/r/askanelectrician/comments/ywb1u3/dropped_drywall_behind_wall_with_wiring/,drywall patch,needs_review_medium_signal,,manual_review_pending,,medium_risk_call_pro,0.80,trade_system_issue:\bwiring\b,"{""medium_risk_call_pro"": 2.0}",no,,,,,MR0056,medium_risk_call_pro,4,Manthan,,
hqv6gm,askanelectrician,2020-07-14T04:50:32+00:00,"Plugged in dryer cord to outlet, outlet sparked, now nothing in the laundry room/adjacent room has power","I know next to nothing about electrical stuff, but I know enough to check the circuit breaker box and see if the breaker is tripped. It didn’t look like it was, but I tried turning it off and back on anyway.. went back in laundry room and nothing had changed, everything’s still out of power. Any ideas? I’ve tried the only thing I sorta know how to do and wording it in google search isn’t exactly much help.","Plugged in dryer cord to outlet, outlet sparked, now nothing in the laundry room/adjacent room has power I know next to nothing about electrical stuff, but I know enough to check the circuit breaker box and see if the breaker is tripped. It didn’t look like it was, but I tried turning it off and back on anyway.. went back in laundry room and nothing had changed, everything’s still out of power. Any ideas? I’ve tried the only thing I sorta know how to do and wording it in google search isn’t exactly much help.",https://www.reddit.com/r/askanelectrician/comments/hqv6gm/plugged_in_dryer_cord_to_outlet_outlet_sparked/,1,4,https://www.reddit.com/r/askanelectrician/comments/hqv6gm/plugged_in_dryer_cord_to_outlet_outlet_sparked/,sparking outlet,needs_review_medium_signal,,manual_review_pending,,urgent_safety_risk,0.82,fire_smoke_or_sparks:\bspark(?:s|ing|ed)?\b; trade_system_issue:\bbreaker\b,"{""medium_risk_call_pro"": 2.0, ""urgent_safety_risk"": 3.5}",no,,,,,MR0057,urgent_safety_risk,2,Sarah,,
1twblia,HomeImprovement,2026-06-04T03:17:37+00:00,What is this part of the window called,"[https://imgur.com/a/gK4n6w7](https://imgur.com/a/gK4n6w7) Just had a random massive storm where the rain came horizontal and this window started leaking from the circled part All other windows has that bottom part covered, but I do not know the name of that part lmao","What is this part of the window called [https://imgur.com/a/gK4n6w7](https://imgur.com/a/gK4n6w7) Just had a random massive storm where the rain came horizontal and this window started leaking from the circled part All other windows has that bottom part covered, but I do not know the name of that part lmao",https://www.reddit.com/r/HomeImprovement/comments/1twblia/what_is_this_part_of_the_window_called/,4,2,https://www.reddit.com/r/HomeImprovement/comments/1twblia/what_is_this_part_of_the_window_called/,leak,needs_review_medium_signal,,manual_review_pending,,medium_risk_call_pro,0.80,contained_water_damage:\bleak(?:s|ing|ed)?\b,"{""medium_risk_call_pro"": 2.0}",no,,,,,MR0058,medium_risk_call_pro,2,Sarah,,
zaqauk,HomeImprovement,2022-12-02T16:19:47+00:00,Smell of gas,Occasionally smell gas in house. Has anyone called national grid for this? What is the procedure? Do they knock down walls and fix the leak or do they pinpoint the source and task u to find a contractor?,Smell of gas Occasionally smell gas in house. Has anyone called national grid for this? What is the procedure? Do they knock down walls and fix the leak or do they pinpoint the source and task u to find a contractor?,https://www.reddit.com/r/HomeImprovement/comments/zaqauk/smell_of_gas/,1,3,https://www.reddit.com/r/HomeImprovement/comments/zaqauk/smell_of_gas/,gas smell,needs_review_urgent_signal,,manual_review_pending,,urgent_safety_risk,0.92,gas_or_carbon_monoxide:\bsmell(?:s|ing)? (?:like )?gas\b; contained_water_damage:\bleak(?:s|ing|ed)?\b,"{""medium_risk_call_pro"": 2.0, ""urgent_safety_risk"": 4.0}",no,,,,,MR0059,urgent_safety_risk,1,Patrick,,
1sr1uaf,DIY,2026-04-20T20:24:47+00:00,"Bottom window trim, caulk or no?","[https://imgur.com/a/J4Wy8Oj](https://imgur.com/a/J4Wy8Oj) I have a window leak i am trying to diagnose but in the meantime I noticed the entire exterior window trim is caulked around with silicone, even the bottom. I used a utility knife to remove the paint and found clear silicone under. I cut about an inch off to expose the trim. This is a 70+ yr old house and there is no proper flashing, so we just rely on sealing and hope for no intrusion for these old houses. I always hear bottom trim should be left uncaulked for drainage. Should I remove the entire bottom caulking and leave the wood exposed for drainage? Or is that typically for PVC trim that has a drain channel.","Bottom window trim, caulk or no? [https://imgur.com/a/J4Wy8Oj](https://imgur.com/a/J4Wy8Oj) I have a window leak i am trying to diagnose but in the meantime I noticed the entire exterior window trim is caulked around with silicone, even the bottom. I used a utility knife to remove the paint and found clear silicone under. I cut about an inch off to expose the trim. This is a 70+ yr old house and there is no proper flashing, so we just rely on sealing and hope for no intrusion for these old houses. I always hear bottom trim should be left uncaulked for drainage. Should I remove the entire bottom caulking and leave the wood exposed for drainage? Or is that typically for PVC trim that has a drain channel.",https://www.reddit.com/r/DIY/comments/1sr1uaf/bottom_window_trim_caulk_or_no/,4,3,https://www.reddit.com/r/DIY/comments/1sr1uaf/bottom_window_trim_caulk_or_no/,caulk,needs_review_medium_signal,,manual_review_pending,,medium_risk_call_pro,0.67,contained_water_damage:\bleak(?:s|ing|ed)?\b; cosmetic_or_minor_finish:\bpaint(?:ing|ed)?\b,"{""low_risk_diy"": 2.2, ""medium_risk_call_pro"": 2.0}",yes,,,,,MR0060,needs_human_review,2,Sarah,,
1th6ka4,HomeImprovement,2026-05-19T00:25:13+00:00,We’re noticing water during heavy rain on interior concrete slab by exterior wall. Next Steps?,"Hi all, During heavy rain, we were noticing water on the slab by this corner wall. [See Pictures Here.](https://imgur.com/a/CNwnPUQ) This whole section of the house was an addition from the 70s, it was originally a sun room. I posted pictures from the inside and out. I know I’ll need gutters for the future, but I’m just wondering next steps. Not too rushed bc it doesn’t rain much where we live. I know I’ll probably have to remove the wood paneling to see behind that. On the outside I’m assuming it’s leaking bc of the joint between the brick, the concrete slab, and the garage wall. Do I remove the concrete between the brick and concrete slab and reseal? Same thing for the wall? It’s an older home, from 1950s. Rest of the house is raised foundation.","We’re noticing water during heavy rain on interior concrete slab by exterior wall. Next Steps? Hi all, During heavy rain, we were noticing water on the slab by this corner wall. [See Pictures Here.](https://imgur.com/a/CNwnPUQ) This whole section of the house was an addition from the 70s, it was originally a sun room. I posted pictures from the inside and out. I know I’ll need gutters for the future, but I’m just wondering next steps. Not too rushed bc it doesn’t rain much where we live. I know I’ll probably have to remove the wood paneling to see behind that. On the outside I’m assuming it’s leaking bc of the joint between the brick, the concrete slab, and the garage wall. Do I remove the concrete between the brick and concrete slab and reseal? Same thing for the wall? It’s an older home, from 1950s. Rest of the house is raised foundation.",https://www.reddit.com/r/HomeImprovement/comments/1th6ka4/were_noticing_water_during_heavy_rain_on_interior/,3,2,https://www.reddit.com/r/HomeImprovement/comments/1th6ka4/were_noticing_water_during_heavy_rain_on_interior/,leak,needs_review_medium_signal,,manual_review_pending,,medium_risk_call_pro,0.80,contained_water_damage:\bleak(?:s|ing|ed)?\b,"{""medium_risk_call_pro"": 2.0}",no,,,,,MR0061,medium_risk_call_pro,1,Patrick,,
z7ur2v,HomeImprovement,2022-11-29T13:55:39+00:00,Foul rotting/mulch-like smell outside of house - Only appears in colder months?,"Moved into my house a little over a year ago. While doing yard work late last year (late fall/early winter) I noticed one spot near my garage had a very strong mulch-like smell but more sour and a much stronger, more displeasing odor. I didn't think anything of it and it eventually went away. The whole rest of this year went by and the smell never came back the whole spring or summer. Now, it is back as of yesterday and even worse than it was last year. It's really an offensive smell and borderline makes me gag. I can't figure out what it might be. First thought was something died in a bush and it's rotting, but I can't see anything. Other than that, I have no clue. It's simply right outside my garage in the vicinity of a bush (this plant has no odor) and a downspout connected to an underground drain. It's not natural gas (and nowhere near the gas line), not fresh mulch (haven't put any down this year), and can't be traced to a fairly specific spot. Any thoughts?","Foul rotting/mulch-like smell outside of house - Only appears in colder months? Moved into my house a little over a year ago. While doing yard work late last year (late fall/early winter) I noticed one spot near my garage had a very strong mulch-like smell but more sour and a much stronger, more displeasing odor. I didn't think anything of it and it eventually went away. The whole rest of this year went by and the smell never came back the whole spring or summer. Now, it is back as of yesterday and even worse than it was last year. It's really an offensive smell and borderline makes me gag. I can't figure out what it might be. First thought was something died in a bush and it's rotting, but I can't see anything. Other than that, I have no clue. It's simply right outside my garage in the vicinity of a bush (this plant has no odor) and a downspout connected to an underground drain. It's not natural gas (and nowhere near the gas line), not fresh mulch (haven't put any down this year), and can't be traced to a fairly specific spot. Any thoughts?",https://www.reddit.com/r/HomeImprovement/comments/z7ur2v/foul_rottingmulchlike_smell_outside_of_house_only/,3,3,https://www.reddit.com/r/HomeImprovement/comments/z7ur2v/foul_rottingmulchlike_smell_outside_of_house_only/,gas smell,needs_review_urgent_signal,,manual_review_pending,,urgent_safety_risk,0.95,gas_or_carbon_monoxide:\bnatural gas\b,"{""urgent_safety_risk"": 4.0}",no,,,,,MR0062,urgent_safety_risk,4,Manthan,,
1tg609h,HomeImprovement,2026-05-17T23:57:30+00:00,Drywall in ceiling exposed to water - should I replace or not?,"I had a water leak due to what I am pretty confident was a leaking shower valve cartridge in an upstairs bathroom directly above my first floor bedroom. The shower valve cartridge had been replaced and no more leaking has been observed. However, I have a few areas on the ceiling that are now “yellowed” due to the water exposure along with a ceiling fan that is full of water and was where most of the water escaped from (enough water came out of the fan that I needed a bucket to catch it all). I know I need to replace the ceiling fan since it was exposed to lots of water, but do I need to cut out the water exposed drywall in the ceiling? (My biggest concern is possible mold growing on the backside of the ceiling. I believe the quick and cheap way is to just use a kilz type primer product where the stains are and then paint versus replacing the drywall.) Thank you!","Drywall in ceiling exposed to water - should I replace or not? I had a water leak due to what I am pretty confident was a leaking shower valve cartridge in an upstairs bathroom directly above my first floor bedroom. The shower valve cartridge had been replaced and no more leaking has been observed. However, I have a few areas on the ceiling that are now “yellowed” due to the water exposure along with a ceiling fan that is full of water and was where most of the water escaped from (enough water came out of the fan that I needed a bucket to catch it all). I know I need to replace the ceiling fan since it was exposed to lots of water, but do I need to cut out the water exposed drywall in the ceiling? (My biggest concern is possible mold growing on the backside of the ceiling. I believe the quick and cheap way is to just use a kilz type primer product where the stains are and then paint versus replacing the drywall.) Thank you!",https://www.reddit.com/r/HomeImprovement/comments/1tg609h/drywall_in_ceiling_exposed_to_water_should_i/,2,1,https://www.reddit.com/r/HomeImprovement/comments/1tg609h/drywall_in_ceiling_exposed_to_water_should_i/,leak,needs_review_medium_signal,,manual_review_pending,,medium_risk_call_pro,0.87,contained_water_damage:\bleak(?:s|ing|ed)?\b; mold_or_foundation_concern:\bmold\b; cosmetic_or_minor_finish:\bpaint(?:ing|ed)?\b,"{""low_risk_diy"": 2.2, ""medium_risk_call_pro"": 4.0}",no,,,,,MR0063,medium_risk_call_pro,3,Max,,
1sgwunu,Plumbing,2026-04-09T17:49:33+00:00,What is this?,"This is my kitchen sink, the side not connected to the disposal. Anytime I pour a pot's worth of water down this drain it comes out this little pipe extension and floods the cabinet. Can I cap this off?","What is this? This is my kitchen sink, the side not connected to the disposal. Anytime I pour a pot's worth of water down this drain it comes out this little pipe extension and floods the cabinet. Can I cap this off?",https://www.reddit.com/r/Plumbing/comments/1sgwunu/what_is_this/,4,8,https://i.redd.it/e0botsg6d7ug1.jpeg,flooding,needs_review_unclear,,manual_review_pending,,,0.00,no_labeling_function_matched,{},yes,,,,,MR0064,needs_human_review,1,Patrick,,
1soi9gg,HomeMaintenance,2026-04-18T00:15:56+00:00,Drier is no longer screaming,"Following up on https://www.reddit.com/r/HomeMaintenance/s/ZwzZ5W474z - the demons have been vanquished. The thing was worryingly filthy inside. I cleaned it out, replaced the belt, and lubricated all the rollers. It seems fixed! Thanks to the people who gave me advice before. I’m a bit worried it was a fire hazard in its prior state. I don’t understand how it was so filthy. I clean the lint trap every time. I clean the exhaust every spring and it’s not that dirty.","Drier is no longer screaming Following up on https://www.reddit.com/r/HomeMaintenance/s/ZwzZ5W474z - the demons have been vanquished. The thing was worryingly filthy inside. I cleaned it out, replaced the belt, and lubricated all the rollers. It seems fixed! Thanks to the people who gave me advice before. I’m a bit worried it was a fire hazard in its prior state. I don’t understand how it was so filthy. I clean the lint trap every time. I clean the exhaust every spring and it’s not that dirty.",https://www.reddit.com/r/HomeMaintenance/comments/1soi9gg/drier_is_no_longer_screaming/,3,2,https://www.reddit.com/gallery/1soi9gg,mold,needs_review_unclear,,manual_review_pending,,urgent_safety_risk,0.95,fire_smoke_or_sparks:\bfire hazard\b,"{""urgent_safety_risk"": 3.5}",no,,,,,MR0065,urgent_safety_risk,1,Patrick,,
1s06ols,Plumbing,2026-03-21T23:55:35+00:00,Hydraulic fuse for sump pump discharge?,"My sump pump discharge froze this winter. The underground path is about 100' of 1.5"" PVC, and definitely not pitched down the whole way to the storm drain. I installed this rubber T-fitting and a 10' extension to get me through the winter (1st picture). Now it is spring, so I removed the extension and put on a PVC plug with no glue (2nd picture). It seals fine. I even backed it off \~1/2"" to be a little looser (the left blue line is full on). Does not leak. In fact, I can hear suction in it, and feel it when I try to pull off the plug (it literally tries to suck it on tighter when the pump cycles). What I want this to be is a ""hydraulic fuse"". I'm hoping that next time the underground path freezes, the plug will blow out and my basement won't flood. Then when I walk by and notice it eventually, I'll put the 10' extension back on again. Can this work?","Hydraulic fuse for sump pump discharge? My sump pump discharge froze this winter. The underground path is about 100' of 1.5"" PVC, and definitely not pitched down the whole way to the storm drain. I installed this rubber T-fitting and a 10' extension to get me through the winter (1st picture). Now it is spring, so I removed the extension and put on a PVC plug with no glue (2nd picture). It seals fine. I even backed it off \~1/2"" to be a little looser (the left blue line is full on). Does not leak. In fact, I can hear suction in it, and feel it when I try to pull off the plug (it literally tries to suck it on tighter when the pump cycles). What I want this to be is a ""hydraulic fuse"". I'm hoping that next time the underground path freezes, the plug will blow out and my basement won't flood. Then when I walk by and notice it eventually, I'll put the 10' extension back on again. Can this work?",https://www.reddit.com/r/Plumbing/comments/1s06ols/hydraulic_fuse_for_sump_pump_discharge/,21,10,https://www.reddit.com/gallery/1s06ols,flooding,needs_review_urgent_signal,,manual_review_pending,,medium_risk_call_pro,0.80,contained_water_damage:\bleak(?:s|ing|ed)?\b,"{""medium_risk_call_pro"": 2.0}",no,,,,,MR0066,medium_risk_call_pro,2,Sarah,,
1sanzg3,Plumbing,2026-04-02T17:32:39+00:00,Mother's home: Basement Watchdog Sub Pump System,"Hello, I'm at my mother's. when she to get her laundry there was flooding around the sub pump so I went to check it out. The battery was dead, so I plugged a boat battery into it and it instantly sucked the water down. now that I got that out of the way, I could see what she had: It looks like a larger ""watchdog pump"" with a smaller ""Watchdog special"" hooked to it. I reset the switch at the outlet and the main pump began to run and gurgle but it instantly tripped, and the watchdog special began to do the work. I can't get the main pump to run without tripping the surge protected outlet it's plugged into. right now, I just have the watchdog special plugged in so it will charge my battery, but I have the main pump AC plug and the ""watchdog duel float controller"" unplugged. is this an electrical problem in my mother's basement? I know it's an older home, and she even has the older style 3 prong dryer.","Mother's home: Basement Watchdog Sub Pump System Hello, I'm at my mother's. when she to get her laundry there was flooding around the sub pump so I went to check it out. The battery was dead, so I plugged a boat battery into it and it instantly sucked the water down. now that I got that out of the way, I could see what she had: It looks like a larger ""watchdog pump"" with a smaller ""Watchdog special"" hooked to it. I reset the switch at the outlet and the main pump began to run and gurgle but it instantly tripped, and the watchdog special began to do the work. I can't get the main pump to run without tripping the surge protected outlet it's plugged into. right now, I just have the watchdog special plugged in so it will charge my battery, but I have the main pump AC plug and the ""watchdog duel float controller"" unplugged. is this an electrical problem in my mother's basement? I know it's an older home, and she even has the older style 3 prong dryer.",https://www.reddit.com/r/Plumbing/comments/1sanzg3/mothers_home_basement_watchdog_sub_pump_system/,1,2,https://www.reddit.com/gallery/1sanzg3,flooding,needs_review_urgent_signal,,manual_review_pending,,urgent_safety_risk,0.77,active_flooding_or_sewage:\bflooding\b; trade_system_issue:\boutlets?\b,"{""medium_risk_call_pro"": 2.0, ""urgent_safety_risk"": 3.0}",no,,,,,MR0067,urgent_safety_risk,1,Patrick,,
1r5wakr,HomeMaintenance,2026-02-16T01:34:29+00:00,Peeling ceiling paint around bathroom fan + brown staining — moisture issue? Best fix order?,"Hey all — looking for homeowner advice on the right way to fix this so it doesn’t come back. (Keeps coming back) Pic attached: ceiling paint is peeling and bubbling around the bathroom exhaust fan housing, with some brown staining. It’s flaking in sheets in a few spots and the drywall surface looks soft in at least one area.","Peeling ceiling paint around bathroom fan + brown staining — moisture issue? Best fix order? Hey all — looking for homeowner advice on the right way to fix this so it doesn’t come back. (Keeps coming back) Pic attached: ceiling paint is peeling and bubbling around the bathroom exhaust fan housing, with some brown staining. It’s flaking in sheets in a few spots and the drywall surface looks soft in at least one area.",https://www.reddit.com/r/HomeMaintenance/comments/1r5wakr/peeling_ceiling_paint_around_bathroom_fan_brown/,2,1,https://i.redd.it/6rvk6wftfrjg1.jpeg,paint peeling,needs_review_low_signal,,manual_review_pending,,low_risk_diy,0.82,cosmetic_or_minor_finish:\bpaint(?:ing|ed)?\b,"{""low_risk_diy"": 2.2}",no,,,,,MR0068,low_risk_diy,1,Patrick,,
1qw096w,HomeMaintenance,2026-02-04T20:40:29+00:00,Help me figure out what to do with this wall-- do it myself or hire out?,"Hi everyone! I have a wall (**8.5 ft** tall by **11 ft** wide) that had one wall with long pieces of wood nailed to it that was then painted over. We carefully removed the wood, but some of the pieces still peeled away the drywall mud and we were left with this (*see photos*). My goal is to smooth this out and then paint it off-white, to match the other walls in the room. Do you think this is an easy fix for a complete -- rather clueless -- beginner? Or should I hire out? And if I do, what do you think is a fair price for this kind of job in Texas?","Help me figure out what to do with this wall-- do it myself or hire out? Hi everyone! I have a wall (**8.5 ft** tall by **11 ft** wide) that had one wall with long pieces of wood nailed to it that was then painted over. We carefully removed the wood, but some of the pieces still peeled away the drywall mud and we were left with this (*see photos*). My goal is to smooth this out and then paint it off-white, to match the other walls in the room. Do you think this is an easy fix for a complete -- rather clueless -- beginner? Or should I hire out? And if I do, what do you think is a fair price for this kind of job in Texas?",https://www.reddit.com/r/HomeMaintenance/comments/1qw096w/help_me_figure_out_what_to_do_with_this_wall_do/,0,18,https://www.reddit.com/gallery/1qw096w,paint peeling,needs_review_low_signal,,manual_review_pending,,low_risk_diy,0.82,cosmetic_or_minor_finish:\bpaint(?:ing|ed)?\b,"{""low_risk_diy"": 2.2}",no,,,,,MR0069,low_risk_diy,2,Sarah,,
1tnnnex,HomeMaintenance,2026-05-25T22:13:58+00:00,exterior window sill paint help,i painted over the bottom window sill twice already in two years because it keeps turning out like this after maybe months. I used Kilz mold and mildew to prime then used exterior paint ontop for a second coat. Any ideas what im doing wrong? This is NC,exterior window sill paint help i painted over the bottom window sill twice already in two years because it keeps turning out like this after maybe months. I used Kilz mold and mildew to prime then used exterior paint ontop for a second coat. Any ideas what im doing wrong? This is NC,https://www.reddit.com/r/HomeMaintenance/comments/1tnnnex/exterior_window_sill_paint_help/,1,1,https://www.reddit.com/gallery/1tnnnex,mold,needs_review_medium_signal,,manual_review_pending,,medium_risk_call_pro,0.67,mold_or_foundation_concern:\bmold\b; cosmetic_or_minor_finish:\bpaint(?:ing|ed)?\b,"{""low_risk_diy"": 2.2, ""medium_risk_call_pro"": 2.0}",yes,,,,,MR0070,needs_human_review,4,Manthan,,
1t99so8,HomeMaintenance,2026-05-10T15:20:58+00:00,New to DIY….Trim,"New to DIY and just looking for a little advice. I recently built a shiplap wall and want to use corner molding because my shiplap corners didn’t turn out the greatest. The issue I’m running into is that the trim and the corner molding don’t line up very well. I was thinking about either using paintable caulk to help blend everything together, or possibly cutting out the covered part and mounting the corner molding on the thicker part of the base instead. I just didn’t know if there’s a better solution or if anyone has any ideas. I attached a picture of what I’m talking about. I know the picture isn’t of the actual shiplap wall since I haven’t installed the trim on it yet, but it shows the base trim and corner molding I’m planning to use. Any advice would be greatly appreciated!","New to DIY….Trim New to DIY and just looking for a little advice. I recently built a shiplap wall and want to use corner molding because my shiplap corners didn’t turn out the greatest. The issue I’m running into is that the trim and the corner molding don’t line up very well. I was thinking about either using paintable caulk to help blend everything together, or possibly cutting out the covered part and mounting the corner molding on the thicker part of the base instead. I just didn’t know if there’s a better solution or if anyone has any ideas. I attached a picture of what I’m talking about. I know the picture isn’t of the actual shiplap wall since I haven’t installed the trim on it yet, but it shows the base trim and corner molding I’m planning to use. Any advice would be greatly appreciated!",https://www.reddit.com/r/HomeMaintenance/comments/1t99so8/new_to_diytrim/,1,4,https://i.redd.it/sartl7cxub0h1.jpeg,mold,needs_review_low_signal,,manual_review_pending,,low_risk_diy,0.82,cosmetic_or_minor_finish:\btrim\b,"{""low_risk_diy"": 2.2}",no,,,,,MR0071,low_risk_diy,3,Max,,
1tuqnlc,HomeImprovement,2026-06-02T13:15:40+00:00,Water leaking around window frame - Help!,"We’ve lived in our house for 6 years now. We had a roof leak issue within the first few months of moving in but got that fixed and never had any water intrusion issues after that until now. We have a window at the bottom of our steps that all of a sudden started leaking water around the frame and separating from the wall. This happened sometime while we were out of town for a week and it rained like crazy where we live while we were gone. There was some brown dried residue on the windowsill when we got back and I thought it was from our cat puking, but now I’m thinking it was from water leaking in and pudding on the sill! I also noticed the window started pulling away from the interior wall/frame at the top and right side. It doesn’t look like it pulled away at all on the left side. The window is under the covered front patio, so it’s not like rain was hitting it and getting in. I’m thinking there’s a different issue with improper sealing somewhere else and this is just where the water is going to? We have vinyl siding if that helps narrow anything down. I’m a pretty handy person, but I’ve never dealt with windows or vinyl siding before, and water intrusion isn’t something I want to try to fix and screw up. I can fix the interior portion, but need help on the exterior and wondering who I should call - window company, siding company, handyman? Any recommendations on what could cause this and who to call to fix it would be greatly appreciated! Reference photos: https://imgur.com/a/1QcDVct","Water leaking around window frame - Help! We’ve lived in our house for 6 years now. We had a roof leak issue within the first few months of moving in but got that fixed and never had any water intrusion issues after that until now. We have a window at the bottom of our steps that all of a sudden started leaking water around the frame and separating from the wall. This happened sometime while we were out of town for a week and it rained like crazy where we live while we were gone. There was some brown dried residue on the windowsill when we got back and I thought it was from our cat puking, but now I’m thinking it was from water leaking in and pudding on the sill! I also noticed the window started pulling away from the interior wall/frame at the top and right side. It doesn’t look like it pulled away at all on the left side. The window is under the covered front patio, so it’s not like rain was hitting it and getting in. I’m thinking there’s a different issue with improper sealing somewhere else and this is just where the water is going to? We have vinyl siding if that helps narrow anything down. I’m a pretty handy person, but I’ve never dealt with windows or vinyl siding before, and water intrusion isn’t something I want to try to fix and screw up. I can fix the interior portion, but need help on the exterior and wondering who I should call - window company, siding company, handyman? Any recommendations on what could cause this and who to call to fix it would be greatly appreciated! Reference photos: https://imgur.com/a/1QcDVct",https://www.reddit.com/r/HomeImprovement/comments/1tuqnlc/water_leaking_around_window_frame_help/,1,3,https://www.reddit.com/r/HomeImprovement/comments/1tuqnlc/water_leaking_around_window_frame_help/,leak,needs_review_medium_signal,,manual_review_pending,,medium_risk_call_pro,0.80,contained_water_damage:\bleak(?:s|ing|ed)?\b,"{""medium_risk_call_pro"": 2.0}",no,,,,,MR0072,medium_risk_call_pro,4,Manthan,,
1tg1ixq,Plumbing,2026-05-17T20:53:46+00:00,Drain hose to new washer into NEW house is overflowing when doing laundry help!,"First of all, im a woman that is clueless with this kind of stufff. I don’t even know if a plumber would help this problem. It’s a brand new manufactured home, there shouldn’t be any gunk or shit blocked in the pipe. I’ve tried moving the hose where it’s not too deep. I’m currently having to gorilla tape the hose to a storage tub to drain into. I can’t start a load and do things around house without worrying it’s gonna overfill tub and flood (again). Lordy please help. 😭 I sit and watched it and it’s almost like it fills up too hard and fast and comes back up. Cause it eventually drains in pipe, I’ve paused the drain process before it overflows. I hear the pipe fill up then pause it and it goes down. Thank you in advance.","Drain hose to new washer into NEW house is overflowing when doing laundry help! First of all, im a woman that is clueless with this kind of stufff. I don’t even know if a plumber would help this problem. It’s a brand new manufactured home, there shouldn’t be any gunk or shit blocked in the pipe. I’ve tried moving the hose where it’s not too deep. I’m currently having to gorilla tape the hose to a storage tub to drain into. I can’t start a load and do things around house without worrying it’s gonna overfill tub and flood (again). Lordy please help. 😭 I sit and watched it and it’s almost like it fills up too hard and fast and comes back up. Cause it eventually drains in pipe, I’ve paused the drain process before it overflows. I hear the pipe fill up then pause it and it goes down. Thank you in advance.",https://www.reddit.com/r/Plumbing/comments/1tg1ixq/drain_hose_to_new_washer_into_new_house_is/,28,27,https://www.reddit.com/gallery/1tg1ixq,flooding,needs_review_urgent_signal,,manual_review_pending,,,0.00,no_labeling_function_matched,{},yes,,,,,MR0073,needs_human_review,3,Max,,
102qk1c,HomeImprovement,2023-01-04T01:53:23+00:00,Sewer gas smell in two separate rooms,"Hesitating on calling the plumber on this one since the general advice seems to be “if you smell sewer gas, just run your water.” But since that’s not working so far: We have a sewer gas smell in two bathrooms on two levels. One in the basement, where the smell is coming from the bathtub drain. In the upstairs bathroom, it’s coming from the P trap under the sink (this bathroom is brand new, so I don’t think it’s an issue with the P trap). The bathtub downstairs is pretty old and used less often, but we still run it now and then. All the other sinks/tubs/toilets in the house seem fine. I’ve run water in both places where we’re having the issue, and it seems to clear up for a bit before coming back. I’ve also noticed that the tub downstairs is draining slowly. Anything else besides we could try before calling a pro? And any idea why this issue would show up in two separate places at the same time, but not others?","Sewer gas smell in two separate rooms Hesitating on calling the plumber on this one since the general advice seems to be “if you smell sewer gas, just run your water.” But since that’s not working so far: We have a sewer gas smell in two bathrooms on two levels. One in the basement, where the smell is coming from the bathtub drain. In the upstairs bathroom, it’s coming from the P trap under the sink (this bathroom is brand new, so I don’t think it’s an issue with the P trap). The bathtub downstairs is pretty old and used less often, but we still run it now and then. All the other sinks/tubs/toilets in the house seem fine. I’ve run water in both places where we’re having the issue, and it seems to clear up for a bit before coming back. I’ve also noticed that the tub downstairs is draining slowly. Anything else besides we could try before calling a pro? And any idea why this issue would show up in two separate places at the same time, but not others?",https://www.reddit.com/r/HomeImprovement/comments/102qk1c/sewer_gas_smell_in_two_separate_rooms/,2,2,https://www.reddit.com/r/HomeImprovement/comments/102qk1c/sewer_gas_smell_in_two_separate_rooms/,gas smell,needs_review_urgent_signal,,manual_review_pending,,urgent_safety_risk,0.95,gas_or_carbon_monoxide:\bgas smell\b,"{""urgent_safety_risk"": 4.0}",no,,,,,MR0074,urgent_safety_risk,4,Manthan,,
1t3tu7y,HomeImprovement,2026-05-04T20:34:15+00:00,Leaking Dishwasher,I have an Amana dishwasher (the model number is adb1500awb) that leaks every time it's used. It seems as though there's more water outside the dishwasher than inside. I've seen online that people say to clear the filer and drain hose so yesterday I got in the thing and took it apart. I couldn't find a filter but was able to clean some stuff out the drain hose (didn't look like enough to cause a blockage). Well the dang thing is still leaking. I don't really have the expenses to go and buy a new one but I don't know if there's anything else I can do to help save my bank account. Does anyone know what else I can try to do?,Leaking Dishwasher I have an Amana dishwasher (the model number is adb1500awb) that leaks every time it's used. It seems as though there's more water outside the dishwasher than inside. I've seen online that people say to clear the filer and drain hose so yesterday I got in the thing and took it apart. I couldn't find a filter but was able to clean some stuff out the drain hose (didn't look like enough to cause a blockage). Well the dang thing is still leaking. I don't really have the expenses to go and buy a new one but I don't know if there's anything else I can do to help save my bank account. Does anyone know what else I can try to do?,https://www.reddit.com/r/HomeImprovement/comments/1t3tu7y/leaking_dishwasher/,0,5,https://www.reddit.com/r/HomeImprovement/comments/1t3tu7y/leaking_dishwasher/,leak,needs_review_medium_signal,,manual_review_pending,,medium_risk_call_pro,0.80,contained_water_damage:\bleak(?:s|ing|ed)?\b,"{""medium_risk_call_pro"": 2.0}",no,,,,,MR0075,medium_risk_call_pro,4,Manthan,,
1tbzl64,HomeImprovement,2026-05-13T13:24:48+00:00,Window Wells Questions,"Just bought our first house. Inspector said there were some stains on the concrete walls of the basement meaning there has been water leaking in, in the past. But everything was dry and still is currently dry. I told him my biggest worry was water flooding the basement, as there is no sump pump and our plan is to eventually finish the basement. His recommendation was to put covers on the window wells, and then add dirt around the perimeter of the house on a slope leading away from the house. Then to put some sort of water resistant mesh down on top of the dirt, and then layer gravel on that. Does this seem like the correct way to go? And if so, is there anything I should know before attempting this myself? Is there a distance the slope should be leading away from the house? As in, is the slope leading one foot away from the foundation enough? Should it be 2 feet? 3 feet? The gutters connect to pipes that go underground and lead away from the property. But I am not sure if there is any sort of water drainage other than the gutters, around the foundation. Also considering replacing all the window wells at the same time. As I will not be putting new covers on rusted out metal wells that are already falling apart.","Window Wells Questions Just bought our first house. Inspector said there were some stains on the concrete walls of the basement meaning there has been water leaking in, in the past. But everything was dry and still is currently dry. I told him my biggest worry was water flooding the basement, as there is no sump pump and our plan is to eventually finish the basement. His recommendation was to put covers on the window wells, and then add dirt around the perimeter of the house on a slope leading away from the house. Then to put some sort of water resistant mesh down on top of the dirt, and then layer gravel on that. Does this seem like the correct way to go? And if so, is there anything I should know before attempting this myself? Is there a distance the slope should be leading away from the house? As in, is the slope leading one foot away from the foundation enough? Should it be 2 feet? 3 feet? The gutters connect to pipes that go underground and lead away from the property. But I am not sure if there is any sort of water drainage other than the gutters, around the foundation. Also considering replacing all the window wells at the same time. As I will not be putting new covers on rusted out metal wells that are already falling apart.",https://www.reddit.com/r/HomeImprovement/comments/1tbzl64/window_wells_questions/,6,4,https://www.reddit.com/r/HomeImprovement/comments/1tbzl64/window_wells_questions/,leak,needs_review_urgent_signal,,manual_review_pending,,urgent_safety_risk,0.77,active_flooding_or_sewage:\bflooding\b; contained_water_damage:\bleak(?:s|ing|ed)?\b,"{""medium_risk_call_pro"": 2.0, ""urgent_safety_risk"": 3.0}",no,,,,,MR0076,urgent_safety_risk,2,Sarah,,
1soa3eq,DIY,2026-04-17T18:56:57+00:00,How should I handle this bathroom sink caulk?,"I painted my the wall above my bathroom sink but I was afraid to paint the existing clear caulk that's on there. Is clear caulk generally paintable, or should I scrape it out and recaulk it? If I re-caulk it should I just do white or clear again?","How should I handle this bathroom sink caulk? I painted my the wall above my bathroom sink but I was afraid to paint the existing clear caulk that's on there. Is clear caulk generally paintable, or should I scrape it out and recaulk it? If I re-caulk it should I just do white or clear again?",https://www.reddit.com/r/DIY/comments/1soa3eq/how_should_i_handle_this_bathroom_sink_caulk/,2,4,https://www.reddit.com/r/DIY/comments/1soa3eq/how_should_i_handle_this_bathroom_sink_caulk/,caulk,needs_review_low_signal,,manual_review_pending,,low_risk_diy,0.82,cosmetic_or_minor_finish:\bpaint(?:ing|ed)?\b,"{""low_risk_diy"": 2.2}",no,,,,,MR0077,low_risk_diy,3,Max,,
113ijsm,askanelectrician,2023-02-16T05:03:57+00:00,Can anyone offer insight into what probably happened to my oven tonight?,"First of all, to be clear, I don't intend to DIY this -- I'll be contacting my apartment complex office with a maintenance request-- but I just want to understand what happened. The bottom heating element in my oven (electric, GE, about 4 years old) seems to have failed, but it happened a lot differently from what I've experienced before with other ovens. I was baking tonight and the oven had been on for a while, when all of the sudden it started making a loud sort of rumbling/humming noise. For a second i thought it was my garbage disposal, but then in the oven window (the oven light was off) there was a strong white light and i think a saw a spark or two. I turned off the oven and it stopped. Towards the back of the heating element it looks a little rough in texture with a few bits of white on it, but that's all i notice that looks different. In the past, I've seen heating elements fail with a pop and then the element just breaks at the weak spot -- replace the element and everything is fine. But I'm worried about that hum and white light. Was that an electrical malfunction maybe? A wiring issue? Is there anything special i should be looking for to make sure it is still safe to use? The apartment maintenance team aren't electricians or anything and they spend most of their time on landscaping, so I'd feel more comfortable getting an electrician's take on this whole thing.","Can anyone offer insight into what probably happened to my oven tonight? First of all, to be clear, I don't intend to DIY this -- I'll be contacting my apartment complex office with a maintenance request-- but I just want to understand what happened. The bottom heating element in my oven (electric, GE, about 4 years old) seems to have failed, but it happened a lot differently from what I've experienced before with other ovens. I was baking tonight and the oven had been on for a while, when all of the sudden it started making a loud sort of rumbling/humming noise. For a second i thought it was my garbage disposal, but then in the oven window (the oven light was off) there was a strong white light and i think a saw a spark or two. I turned off the oven and it stopped. Towards the back of the heating element it looks a little rough in texture with a few bits of white on it, but that's all i notice that looks different. In the past, I've seen heating elements fail with a pop and then the element just breaks at the weak spot -- replace the element and everything is fine. But I'm worried about that hum and white light. Was that an electrical malfunction maybe? A wiring issue? Is there anything special i should be looking for to make sure it is still safe to use? The apartment maintenance team aren't electricians or anything and they spend most of their time on landscaping, so I'd feel more comfortable getting an electrician's take on this whole thing.",https://www.reddit.com/r/askanelectrician/comments/113ijsm/can_anyone_offer_insight_into_what_probably/,0,1,https://www.reddit.com/r/askanelectrician/comments/113ijsm/can_anyone_offer_insight_into_what_probably/,electrical issue,needs_review_urgent_signal,,manual_review_pending,,urgent_safety_risk,0.82,fire_smoke_or_sparks:\bspark(?:s|ing|ed)?\b; trade_system_issue:\bwiring\b,"{""medium_risk_call_pro"": 2.0, ""urgent_safety_risk"": 3.5}",no,,,,,MR0078,urgent_safety_risk,4,Manthan,,
lr6u15,askanelectrician,2021-02-24T07:36:15+00:00,"Dryer sparked when plugging in, outlets no longer work","Hello, my dryer was unplugged and when I plugged it back in there was a large, loud spark from the outlet. The breaker did not trip. I turned the breaker off/on and when it was flipped on the dryer outlet sparked again, though smaller. The washer and dryer were probably touching slightly, which they usually are not. The washer will not work, and the washer will not work either. The outlet for the washer shows no power with a plug in meter (didn't test the dryer outlet because I didn't want to plug the meter into it). Any ideas on what happened and what needs to happen now to get this fixed? Are the washer and dryer going to be ruined? The water heater is in the same room and has it's own switch in the breaker box -- will it be affected too?","Dryer sparked when plugging in, outlets no longer work Hello, my dryer was unplugged and when I plugged it back in there was a large, loud spark from the outlet. The breaker did not trip. I turned the breaker off/on and when it was flipped on the dryer outlet sparked again, though smaller. The washer and dryer were probably touching slightly, which they usually are not. The washer will not work, and the washer will not work either. The outlet for the washer shows no power with a plug in meter (didn't test the dryer outlet because I didn't want to plug the meter into it). Any ideas on what happened and what needs to happen now to get this fixed? Are the washer and dryer going to be ruined? The water heater is in the same room and has it's own switch in the breaker box -- will it be affected too?",https://www.reddit.com/r/askanelectrician/comments/lr6u15/dryer_sparked_when_plugging_in_outlets_no_longer/,1,13,https://www.reddit.com/r/askanelectrician/comments/lr6u15/dryer_sparked_when_plugging_in_outlets_no_longer/,sparking outlet,needs_review_urgent_signal,,manual_review_pending,,urgent_safety_risk,0.82,fire_smoke_or_sparks:\bspark(?:s|ing|ed)?\b; trade_system_issue:\bwater heater\b,"{""medium_risk_call_pro"": 2.0, ""urgent_safety_risk"": 3.5}",no,,,,,MR0079,urgent_safety_risk,4,Manthan,,
krap8j,askanelectrician,2021-01-05T23:27:04+00:00,Round Peg Square Hole,"Old house. My landlord is a slumlord and ain't gonna do nothing here. The back porch has an overhead service box that had a crushed (and sparking!) light socket dangling by the wires - I wish I'd gotten a picture before I threw it away, but this is after I removed the offending light socket and [started to put in a porcelain one](https://i.imgur.com/sglxlOQ.png). The rusted screws broke off in there, and I'm pretty sure that faceplate was for an outlet, anyway. The only faceplate I found at the hardware store that had proper holes drilled [was this one](https://i.imgur.com/XzzG5qm.png), but it's holes weren't threaded. This tells me that I'm probably not supposed to do what I'm trying to do. Or that I need a new hardware store - but I think light enclosures should be round, no? I'm not going to be able to change the service box to round (is that what those enclosures are called?), and my slumlord isn't going to either. Is there such a faceplate I could slap in there? Or should I thread those holes and proceed? Get a different light socket? Or give up with the entire idea? Thanks, y'all!","Round Peg Square Hole Old house. My landlord is a slumlord and ain't gonna do nothing here. The back porch has an overhead service box that had a crushed (and sparking!) light socket dangling by the wires - I wish I'd gotten a picture before I threw it away, but this is after I removed the offending light socket and [started to put in a porcelain one](https://i.imgur.com/sglxlOQ.png). The rusted screws broke off in there, and I'm pretty sure that faceplate was for an outlet, anyway. The only faceplate I found at the hardware store that had proper holes drilled [was this one](https://i.imgur.com/XzzG5qm.png), but it's holes weren't threaded. This tells me that I'm probably not supposed to do what I'm trying to do. Or that I need a new hardware store - but I think light enclosures should be round, no? I'm not going to be able to change the service box to round (is that what those enclosures are called?), and my slumlord isn't going to either. Is there such a faceplate I could slap in there? Or should I thread those holes and proceed? Get a different light socket? Or give up with the entire idea? Thanks, y'all!",https://www.reddit.com/r/askanelectrician/comments/krap8j/round_peg_square_hole/,3,9,https://www.reddit.com/r/askanelectrician/comments/krap8j/round_peg_square_hole/,sparking outlet,needs_review_urgent_signal,,manual_review_pending,,urgent_safety_risk,0.82,fire_smoke_or_sparks:\bspark(?:s|ing|ed)?\b; trade_system_issue:\boutlets?\b,"{""medium_risk_call_pro"": 2.0, ""urgent_safety_risk"": 3.5}",no,,,,,MR0080,urgent_safety_risk,1,Patrick,,
1twzv8k,HomeMaintenance,2026-06-04T20:40:31+00:00,Removing overhead cabinets above fridge.,"We've been wanting to replace our fridge for a while, but the cabinets over the fridge area restrict us greatly for how big a fridge we can get (68""). We barely use the cabinets above. Anyone have experience taking these down? Is it a hard job? Looks somewhat possible based on the molding and screws.","Removing overhead cabinets above fridge. We've been wanting to replace our fridge for a while, but the cabinets over the fridge area restrict us greatly for how big a fridge we can get (68""). We barely use the cabinets above. Anyone have experience taking these down? Is it a hard job? Looks somewhat possible based on the molding and screws.",https://www.reddit.com/r/HomeMaintenance/comments/1twzv8k/removing_overhead_cabinets_above_fridge/,2,6,https://i.redd.it/0krpi02qub5h1.jpeg,mold,needs_review_unclear,,manual_review_pending,,,0.00,no_labeling_function_matched,{},yes,,,,,MR0081,needs_human_review,3,Max,,
1tc02um,DIY,2026-05-13T13:43:24+00:00,Painting window frames but rental friendly?,"I'm going to move soon, renting the apartment but I still want a cool and pretty home. currently everything is white with woodchip wallpaper. but worst of all are the window frames. I absolutely despise white window frames. I want to paint them but I don't think my landlord would like that so I need a removable method. i thought about just covering the whole thing in frog tape and peeling it off eventually when I move out, but I don't know how long that'll last - if at all. I don't want to make the effort only for the tape to unstick itself after 3 days. any ideas are highly appreciated. thanks in advance :>","Painting window frames but rental friendly? I'm going to move soon, renting the apartment but I still want a cool and pretty home. currently everything is white with woodchip wallpaper. but worst of all are the window frames. I absolutely despise white window frames. I want to paint them but I don't think my landlord would like that so I need a removable method. i thought about just covering the whole thing in frog tape and peeling it off eventually when I move out, but I don't know how long that'll last - if at all. I don't want to make the effort only for the tape to unstick itself after 3 days. any ideas are highly appreciated. thanks in advance :>",https://www.reddit.com/r/DIY/comments/1tc02um/painting_window_frames_but_rental_friendly/,0,11,https://www.reddit.com/r/DIY/comments/1tc02um/painting_window_frames_but_rental_friendly/,paint peeling,needs_review_low_signal,,manual_review_pending,,low_risk_diy,0.82,cosmetic_or_minor_finish:\bpaint(?:ing|ed)?\b,"{""low_risk_diy"": 2.2}",no,,,,,MR0082,low_risk_diy,4,Manthan,,
1tdyr20,HomeImprovement,2026-05-15T14:55:16+00:00,Humidity rising in basement,"I'm looking for advice on how to find what may be a hidden water leak. Over the last week, our temperature and humidity sensor has shown an increase in humidity in our fully finished basement. It went from averaging about 55% to 60%. Not a big jump, I know, but we are serious about keeping it below 60% to keep mold and mildew down, and it's very rare for it to go that high. Additionaly, my parter (who is senstive to mold and mildew) is starting to react when she's in the basement. This is where our master bedroom is. It's also where our laundry is. There is also a full bathroom, but we only use the toilet and sink (never the shower or bath). With all this plumbing, and it being behind drywall, I'm worried we have a hidden leak. The weather here has been dry and sunny, with no precipitation, so I don't think it is coming from outside. In the mean time, we are running a dehumidifier. It initially took the hummidty level down to about 45%, but it comes back up when we don't run the dehumidifier. Any suggetions on how we might find a leak, without cutting drywall? EDIT: There is no AC in use, and the temp in the basement is pretty steady around 60F.","Humidity rising in basement I'm looking for advice on how to find what may be a hidden water leak. Over the last week, our temperature and humidity sensor has shown an increase in humidity in our fully finished basement. It went from averaging about 55% to 60%. Not a big jump, I know, but we are serious about keeping it below 60% to keep mold and mildew down, and it's very rare for it to go that high. Additionaly, my parter (who is senstive to mold and mildew) is starting to react when she's in the basement. This is where our master bedroom is. It's also where our laundry is. There is also a full bathroom, but we only use the toilet and sink (never the shower or bath). With all this plumbing, and it being behind drywall, I'm worried we have a hidden leak. The weather here has been dry and sunny, with no precipitation, so I don't think it is coming from outside. In the mean time, we are running a dehumidifier. It initially took the hummidty level down to about 45%, but it comes back up when we don't run the dehumidifier. Any suggetions on how we might find a leak, without cutting drywall? EDIT: There is no AC in use, and the temp in the basement is pretty steady around 60F.",https://www.reddit.com/r/HomeImprovement/comments/1tdyr20/humidity_rising_in_basement/,1,6,https://www.reddit.com/r/HomeImprovement/comments/1tdyr20/humidity_rising_in_basement/,leak,needs_review_medium_signal,,manual_review_pending,,medium_risk_call_pro,0.95,contained_water_damage:\bleak(?:s|ing|ed)?\b; trade_system_issue:\bplumbing\b; mold_or_foundation_concern:\bmold\b,"{""medium_risk_call_pro"": 6.0}",no,,,,,MR0083,medium_risk_call_pro,2,Sarah,,
1tl38ca,Plumbing,2026-05-23T02:10:40+00:00,Shower niche smells like sulfur,"Hello. I live in an apartment and noticed my shower niche smells like sulfur, specifically where the caulk seal looks like it's failing. Definitely going to have maintenance in after the weekend, but wanted to see what it could possibly be and ask. Thanks everyone in advance","Shower niche smells like sulfur Hello. I live in an apartment and noticed my shower niche smells like sulfur, specifically where the caulk seal looks like it's failing. Definitely going to have maintenance in after the weekend, but wanted to see what it could possibly be and ask. Thanks everyone in advance",https://www.reddit.com/r/Plumbing/comments/1tl38ca/shower_niche_smells_like_sulfur/,3,0,https://i.redd.it/21f1b43sps2h1.jpeg,caulk,needs_review_low_signal,,manual_review_pending,,low_risk_diy,0.82,cosmetic_or_minor_finish:\bcaulk(?:ing)?\b,"{""low_risk_diy"": 2.2}",no,,,,,MR0084,low_risk_diy,3,Max,,
1si3dqv,Plumbing,2026-04-10T23:56:44+00:00,Why is this leaking?,This is under my sink in my bathroom. First time trying to replace my double vanity/ sink myself. Nothing leaking out of the P trap or faucet connections just out of the part shown in the first photo. In the second photo I show how I put silicone caulking under the stopper. I don't understand why it is leaking. The sink right next to it is fine and has been fine for a week now. Could it be a defective part?,Why is this leaking? This is under my sink in my bathroom. First time trying to replace my double vanity/ sink myself. Nothing leaking out of the P trap or faucet connections just out of the part shown in the first photo. In the second photo I show how I put silicone caulking under the stopper. I don't understand why it is leaking. The sink right next to it is fine and has been fine for a week now. Could it be a defective part?,https://www.reddit.com/r/Plumbing/comments/1si3dqv/why_is_this_leaking/,15,51,https://www.reddit.com/gallery/1si3dqv,caulk,needs_review_medium_signal,,manual_review_pending,,medium_risk_call_pro,0.67,contained_water_damage:\bleak(?:s|ing|ed)?\b; cosmetic_or_minor_finish:\bcaulk(?:ing)?\b,"{""low_risk_diy"": 2.2, ""medium_risk_call_pro"": 2.0}",yes,,,,,MR0085,needs_human_review,1,Patrick,,
1o0lt7z,HomeMaintenance,2025-10-07T17:47:42+00:00,Roof replaced.. now what ?,Part of my roof was peeled off due to a tornado (MD). Now I have what looks like the tape coming off the ceiling. How do I properly reseal and paint over? Thank you,Roof replaced.. now what ? Part of my roof was peeled off due to a tornado (MD). Now I have what looks like the tape coming off the ceiling. How do I properly reseal and paint over? Thank you,https://www.reddit.com/r/HomeMaintenance/comments/1o0lt7z/roof_replaced_now_what/,1,2,https://www.reddit.com/gallery/1o0lt7z,paint peeling,needs_review_medium_signal,,manual_review_pending,,low_risk_diy,0.82,cosmetic_or_minor_finish:\bpaint(?:ing|ed)?\b,"{""low_risk_diy"": 2.2}",no,,,,,MR0086,low_risk_diy,3,Max,,
xufyka,askanelectrician,2022-10-03T10:44:57+00:00,how concerned should I be?,"I knocked over a glass of water and a bit splashed onto some plugged in wall sockets. Saw some sparking behind the outlet switches, could see and hear it for a good 10 seconds at least. Other than that, nothing happened, and all appliances plugged in were working just fine... I wiped off any water that could be seen and unplugged the sockets in the hopes they will air dry. Bit worried that damage is done though, do I need to get someone to come in? How long should I wait before plugging everything back in?","how concerned should I be? I knocked over a glass of water and a bit splashed onto some plugged in wall sockets. Saw some sparking behind the outlet switches, could see and hear it for a good 10 seconds at least. Other than that, nothing happened, and all appliances plugged in were working just fine... I wiped off any water that could be seen and unplugged the sockets in the hopes they will air dry. Bit worried that damage is done though, do I need to get someone to come in? How long should I wait before plugging everything back in?",https://www.reddit.com/r/askanelectrician/comments/xufyka/how_concerned_should_i_be/,1,2,https://www.reddit.com/r/askanelectrician/comments/xufyka/how_concerned_should_i_be/,sparking outlet,needs_review_urgent_signal,,manual_review_pending,,urgent_safety_risk,0.82,fire_smoke_or_sparks:\bspark(?:s|ing|ed)?\b; trade_system_issue:\boutlets?\b,"{""medium_risk_call_pro"": 2.0, ""urgent_safety_risk"": 3.5}",no,,,,,MR0087,urgent_safety_risk,4,Manthan,,
120234k,askanelectrician,2023-03-23T23:50:43+00:00,Several burnt electrical sockets in house,"We moved in several months ago and immediately noticed several sockets absolutely TOASTED - blackened, browned, some even with discoloration past the outlet covering. We haven't plugged anything to those for obvious safety concerns. We also haven't noticed any strange electrical happenings in the house. Is this potentially a serious issue that we need an electrician for, or can we just replace the outlets without worry?","Several burnt electrical sockets in house We moved in several months ago and immediately noticed several sockets absolutely TOASTED - blackened, browned, some even with discoloration past the outlet covering. We haven't plugged anything to those for obvious safety concerns. We also haven't noticed any strange electrical happenings in the house. Is this potentially a serious issue that we need an electrician for, or can we just replace the outlets without worry?",https://www.reddit.com/r/askanelectrician/comments/120234k/several_burnt_electrical_sockets_in_house/,2,5,https://www.reddit.com/r/askanelectrician/comments/120234k/several_burnt_electrical_sockets_in_house/,electrical issue,needs_review_medium_signal,,manual_review_pending,,medium_risk_call_pro,0.80,trade_system_issue:\boutlets?\b,"{""medium_risk_call_pro"": 2.0}",no,,,,,MR0088,medium_risk_call_pro,1,Patrick,,
1t8rtw1,HomeImprovement,2026-05-10T00:29:59+00:00,Cash out refi: what should I focus on before appraisal,"So I'm working on my house (actually it's a mobile home). When we bought it we intended to mortgage it and use our savings to fix it up. Then the mortgage company bailed because of a roof leak, so we bought it with cash and just have struggled with money ever since. Anyway, it's been two years and the roof is fixed so there isn't any structural damage that they know of. We need a loan to be able to finish the house, and we've had an extremely difficult time getting any sort of personal loan or home improvement loan even though we had credit in the 750's, never missed a payment on anything ever, low debt to income ratio, etc. It's because we're low income. So I want to refinance the house. Since we bought it we've done a ton of work: put new siding, insulation, and sheetrock on one side of the house, replaced all the kitchen cabinets and sink, redid most of the plumbing and electrical, gutted the bathroom and rebuilt it with a better layout and two new closets (including one for the washer and dryer so they aren't in the bathroom anymore and have proper hookups that are up to code), replaced all the appliances with new stainless steel models, installed a bathroom fan with ducts, replaced the roof and added 6"" eaves all around the house, replaced all the paneling in the kid's room with sheetrock, and installed a new heat pump to replace our electric furnace (the furnace is still there in case it gets too cold). I feel like our house should be worth quite a bit more now, but I read that having your house appraised with unfinished work really damages the value. The exterior is only half finished, but I need a loan to finish it. I do think I can finish a few smaller interior projects with cash before the appraisal though. I'm planning to finish the sheetrock in the bathroom, and probably replace the floor and tile the countertop in there, since I already have all the paint, mud, and tile needed. So I just have to buy a few sheets of sheetrock and lvp and we're good. However I have several other unfinished projects : the kitchen cabinets and sink are done besides a few simple details, but one wall is unfinished sheetrock, the other walls are paneling, and part of the ceiling is cut open. Should I try to sheetrock and paint some of it? I'm not sure I can realistically afford to, but I don't want to be forced to pay for an appraisal just to be told my house is worth nothing because it's half done. 🤷🏻‍♀️ TLDR: What projects do I need to be completely finished before I can get a loan besides the bathroom? Do I need to sheetrock my entire hallway and kitchen? Or will my major improvements to the bones of the house be enough to offset the unfinished cosmetic things I can't afford to finish before getting the loan?","Cash out refi: what should I focus on before appraisal So I'm working on my house (actually it's a mobile home). When we bought it we intended to mortgage it and use our savings to fix it up. Then the mortgage company bailed because of a roof leak, so we bought it with cash and just have struggled with money ever since. Anyway, it's been two years and the roof is fixed so there isn't any structural damage that they know of. We need a loan to be able to finish the house, and we've had an extremely difficult time getting any sort of personal loan or home improvement loan even though we had credit in the 750's, never missed a payment on anything ever, low debt to income ratio, etc. It's because we're low income. So I want to refinance the house. Since we bought it we've done a ton of work: put new siding, insulation, and sheetrock on one side of the house, replaced all the kitchen cabinets and sink, redid most of the plumbing and electrical, gutted the bathroom and rebuilt it with a better layout and two new closets (including one for the washer and dryer so they aren't in the bathroom anymore and have proper hookups that are up to code), replaced all the appliances with new stainless steel models, installed a bathroom fan with ducts, replaced the roof and added 6"" eaves all around the house, replaced all the paneling in the kid's room with sheetrock, and installed a new heat pump to replace our electric furnace (the furnace is still there in case it gets too cold). I feel like our house should be worth quite a bit more now, but I read that having your house appraised with unfinished work really damages the value. The exterior is only half finished, but I need a loan to finish it. I do think I can finish a few smaller interior projects with cash before the appraisal though. I'm planning to finish the sheetrock in the bathroom, and probably replace the floor and tile the countertop in there, since I already have all the paint, mud, and tile needed. So I just have to buy a few sheets of sheetrock and lvp and we're good. However I have several other unfinished projects : the kitchen cabinets and sink are done besides a few simple details, but one wall is unfinished sheetrock, the other walls are paneling, and part of the ceiling is cut open. Should I try to sheetrock and paint some of it? I'm not sure I can realistically afford to, but I don't want to be forced to pay for an appraisal just to be told my house is worth nothing because it's half done. 🤷🏻‍♀️ TLDR: What projects do I need to be completely finished before I can get a loan besides the bathroom? Do I need to sheetrock my entire hallway and kitchen? Or will my major improvements to the bones of the house be enough to offset the unfinished cosmetic things I can't afford to finish before getting the loan?",https://www.reddit.com/r/HomeImprovement/comments/1t8rtw1/cash_out_refi_what_should_i_focus_on_before/,2,4,https://www.reddit.com/r/HomeImprovement/comments/1t8rtw1/cash_out_refi_what_should_i_focus_on_before/,leak,needs_review_urgent_signal,,manual_review_pending,,urgent_safety_risk,0.77,structural_danger:\bstructural damage\b; contained_water_damage:\bleak(?:s|ing|ed)?\b; trade_system_issue:\bfurnace\b; cosmetic_or_minor_finish:\bpaint(?:ing|ed)?\b,"{""low_risk_diy"": 2.2, ""medium_risk_call_pro"": 4.0, ""urgent_safety_risk"": 3.0}",yes,,,,,MR0089,needs_human_review,4,Manthan,,
13d863t,askanelectrician,2023-05-09T22:24:25+00:00,Bathroom rewiring,"Renovating my bathroom, it currently has a vanity light and a shower light on a single switch. I was planning on adding a fan, wiring it to the shower light, and putting these on a separate switch. First photo is of the current box for the vanity light (light / wires are removed there) and second is of my plan for the new wiring. I had a more electrical minded friend help me out with a truth table / diagram as well. You may notice there are multiple extra wires in the actual photo vs diagram. One powers 3 ceiling lights (2 of which are ceiling fans as well), and another one I honestly have not been able to figure out where it terminates as all other lights and outlets on the circuit are working as expected (and the ceiling fixtures are of course non-operational). There is an additional lone black wire to the right that had been partially shoved into the box but was not actually connected to anything. My first task was understanding where the actual power was coming from and this is my main issue. I turned off the breaker, disconnected the wires (as shown) and turned the breaker back on to test which were live. None are showing any voltage whatsoever. So I'm here asking electricians if a): there is something I'm overlooking or can test out here or b): its ok to locate the main entry for this circuit's wiring and cut it to splice in a new line for this (I would of course enclose this in a box etc and probably do additional research around that process) Thanks for any insights, advice, and knowledge or resources other than telling me I'm going to kill my entire (non-existant) family if I don't immediately call a professional 🙃","Bathroom rewiring Renovating my bathroom, it currently has a vanity light and a shower light on a single switch. I was planning on adding a fan, wiring it to the shower light, and putting these on a separate switch. First photo is of the current box for the vanity light (light / wires are removed there) and second is of my plan for the new wiring. I had a more electrical minded friend help me out with a truth table / diagram as well. You may notice there are multiple extra wires in the actual photo vs diagram. One powers 3 ceiling lights (2 of which are ceiling fans as well), and another one I honestly have not been able to figure out where it terminates as all other lights and outlets on the circuit are working as expected (and the ceiling fixtures are of course non-operational). There is an additional lone black wire to the right that had been partially shoved into the box but was not actually connected to anything. My first task was understanding where the actual power was coming from and this is my main issue. I turned off the breaker, disconnected the wires (as shown) and turned the breaker back on to test which were live. None are showing any voltage whatsoever. So I'm here asking electricians if a): there is something I'm overlooking or can test out here or b): its ok to locate the main entry for this circuit's wiring and cut it to splice in a new line for this (I would of course enclose this in a box etc and probably do additional research around that process) Thanks for any insights, advice, and knowledge or resources other than telling me I'm going to kill my entire (non-existant) family if I don't immediately call a professional 🙃",https://www.reddit.com/r/askanelectrician/comments/13d863t/bathroom_rewiring/,0,1,https://www.reddit.com/gallery/13d863t,electrical issue,needs_review_medium_signal,,manual_review_pending,,medium_risk_call_pro,0.80,trade_system_issue:\bbreaker\b,"{""medium_risk_call_pro"": 2.0}",no,,,,,MR0090,medium_risk_call_pro,3,Max,,
1trugc5,HomeImprovement,2026-05-30T08:46:22+00:00,Water heater leaking from top,https://imgur.com/a/RYaEGbY The water was pooled around where the cold water enters before I dried it up. We just got this installed last year.,Water heater leaking from top https://imgur.com/a/RYaEGbY The water was pooled around where the cold water enters before I dried it up. We just got this installed last year.,https://www.reddit.com/r/HomeImprovement/comments/1trugc5/water_heater_leaking_from_top/,1,3,https://www.reddit.com/r/HomeImprovement/comments/1trugc5/water_heater_leaking_from_top/,leak,needs_review_medium_signal,,manual_review_pending,,medium_risk_call_pro,0.95,contained_water_damage:\bleak(?:s|ing|ed)?\b; trade_system_issue:\bwater heater\b,"{""medium_risk_call_pro"": 4.0}",no,,,,,MR0091,medium_risk_call_pro,2,Sarah,,
1sq1it9,Plumbing,2026-04-19T18:49:44+00:00,Update: need advice on plumbing issues in new build,"I had previously posted about how I was having plumbing issues in our new build that we've been living in for about 7 months (it's still under warranty). Shower drains and toilets would back up, gurgling in drains and toilets, etc. The plumbing company that put in the plumbing had come out about 10 times to unclog the pipes but never found an issue and blamed us saying we were putting paper towels in the toilet (we weren't). We've had 2 floods so far due to this (bathroom flooded and the 2 rooms that join it flooded). The builder sided with the plumbing company and wouldn't do anything saying it was our fault (wouldn't replace the floors and we asked to get a different plumbing company come look at it and they wouldn't). We recently had another flood, the plumbing company came out again and when my husband was standing over their shoulder watching the camera with them suddenly they found the issue, the grade is wrong. They said it was barely off (is that even a thing?) and that's why they didn't detect it sooner. So instead of digging it up and fixing it they are trying to install high flow toilets and they are ""very confident"" this will fix the drains backing up issue. My question is, will it fix the issue or are they just wasting their time with it? Also, I assume their work was inspected while the house was being built and we had a home inspection before we bought the house. Isn't this something they should have caught? It seems like a major issue. Any advice on who to contact or how to proceed would be appreciated. We wouldn't have bought the house if we knew it didn't even have functioning plumbing.","Update: need advice on plumbing issues in new build I had previously posted about how I was having plumbing issues in our new build that we've been living in for about 7 months (it's still under warranty). Shower drains and toilets would back up, gurgling in drains and toilets, etc. The plumbing company that put in the plumbing had come out about 10 times to unclog the pipes but never found an issue and blamed us saying we were putting paper towels in the toilet (we weren't). We've had 2 floods so far due to this (bathroom flooded and the 2 rooms that join it flooded). The builder sided with the plumbing company and wouldn't do anything saying it was our fault (wouldn't replace the floors and we asked to get a different plumbing company come look at it and they wouldn't). We recently had another flood, the plumbing company came out again and when my husband was standing over their shoulder watching the camera with them suddenly they found the issue, the grade is wrong. They said it was barely off (is that even a thing?) and that's why they didn't detect it sooner. So instead of digging it up and fixing it they are trying to install high flow toilets and they are ""very confident"" this will fix the drains backing up issue. My question is, will it fix the issue or are they just wasting their time with it? Also, I assume their work was inspected while the house was being built and we had a home inspection before we bought the house. Isn't this something they should have caught? It seems like a major issue. Any advice on who to contact or how to proceed would be appreciated. We wouldn't have bought the house if we knew it didn't even have functioning plumbing.",https://www.reddit.com/r/Plumbing/comments/1sq1it9/update_need_advice_on_plumbing_issues_in_new_build/,1,9,https://www.reddit.com/r/Plumbing/comments/1sq1it9/update_need_advice_on_plumbing_issues_in_new_build/,flooding,needs_review_urgent_signal,,manual_review_pending,,urgent_safety_risk,0.77,active_flooding_or_sewage:\bflooded\b; trade_system_issue:\bplumbing\b,"{""medium_risk_call_pro"": 2.0, ""urgent_safety_risk"": 3.0}",no,,,,,MR0092,urgent_safety_risk,4,Manthan,,
1st6n2h,DIY,2026-04-23T03:00:43+00:00,Problem with Sprinklers,Hopefully the right sub for this. When I turn A on it fills about halfway up with water. A couple hours later B also fills up with water. My lawn guy who can’t come out for a few weeks says the pipe at the bottom of A has a leak and needs to be replaced. Does this sound correct? I think A is about 3-4 feet deep. If I dig it out how hard is it to replace the valve at the bottom? I have done some minor pipe repair in the past.,Problem with Sprinklers Hopefully the right sub for this. When I turn A on it fills about halfway up with water. A couple hours later B also fills up with water. My lawn guy who can’t come out for a few weeks says the pipe at the bottom of A has a leak and needs to be replaced. Does this sound correct? I think A is about 3-4 feet deep. If I dig it out how hard is it to replace the valve at the bottom? I have done some minor pipe repair in the past.,https://www.reddit.com/r/DIY/comments/1st6n2h/problem_with_sprinklers/,11,9,https://i.redd.it/8gkjed5dvuwg1.jpeg,water leak,needs_review_medium_signal,,manual_review_pending,,medium_risk_call_pro,0.80,contained_water_damage:\bleak(?:s|ing|ed)?\b,"{""medium_risk_call_pro"": 2.0}",no,,,,,MR0093,medium_risk_call_pro,2,Sarah,,
1q0nu33,DIY,2025-12-31T21:25:33+00:00,Renovated Powder Bath (novice/beginner),"[Before](https://preview.redd.it/k1ufx1obwlag1.png?width=1024&format=png&auto=webp&s=803d16b68785eebc7ecf9b62bf631a32e916e323) [Before](https://preview.redd.it/espbk1obwlag1.jpg?width=3024&format=pjpg&auto=webp&s=ad62227bde8c9786dbaa4c0f537e511ff966bc82) [Skim Coating](https://preview.redd.it/u2mrsj1iwlag1.jpg?width=3024&format=pjpg&auto=webp&s=10f1c3a398836db13e0f0c5ba39ab78a5dac9df0) [Beadboard size testing](https://preview.redd.it/mf52z8eqwlag1.jpg?width=3024&format=pjpg&auto=webp&s=c44a113de9a2e04a23a689ab5d53eb8dd28d3a3a) [Cutting around pipes. Glued the missing square piece below after.](https://preview.redd.it/3orthrvswlag1.jpg?width=3024&format=pjpg&auto=webp&s=7907fd0a1f15f480a0bae59a7926a58e820179e1) [Primer and paint](https://preview.redd.it/8jpvdkqxwlag1.jpg?width=3024&format=pjpg&auto=webp&s=2b38d45c90da6f092b0c4b8f9cae8daf8fb15bbb) [Guide line for wallpaper](https://preview.redd.it/hw2v6y7zwlag1.jpg?width=3024&format=pjpg&auto=webp&s=de95e0ea384a959a34d4fca756ddea323363e754) [After](https://preview.redd.it/1xtsfrv3xlag1.jpg?width=3024&format=pjpg&auto=webp&s=ee7467f40eaf7be5e59cdf060304655b62913e9c) [After](https://preview.redd.it/ajla4mj5xlag1.jpg?width=3024&format=pjpg&auto=webp&s=fc045ea53a1da1d3345cdb7239cb91ec1160722c) [After \(notice the cut out leaf above door to cover seam\)](https://preview.redd.it/bti5mpf7xlag1.jpg?width=3024&format=pjpg&auto=webp&s=8600f64012d8ce0ef9b6bd95fa2dd2f36ae09486) Finally tackled our powder bathroom as an amateur tinkerer and did it all ourselves! I'll break down the steps and then link to the products I was able to source. I replaced the light scone, faucet, towel/tp holders, and toilet handle last year when I already knew the theme, so this big chunk of the work was mostly the walls. **1. Measured everything** 4-5x over and over again. The bathroom was fine as it was so changing every square inch was daunting. I usually cut corners but this time took the time and patience to try and do it correctly. Along the way I realized no wall or corner was square in this 20 year old house so it was going to take some fine tuning to make sure stuff fit. **2. Purchased the wallpaper and cut the bead board and chair railing** at Home Depot. The guy at the cutting station noted how banged up some of the corners were so he took 70% off the whole thing. Was only about $20 for the boards total — not bad! For the wallpaper, it was pretty pricey (like $700 ish) but I googled a coupon code and found one that took off 60% to make it a bit more reasonable. I needed 9 72"" sheets for this project. **3. Skim coated the walls.** This was the first part that really scared me. I really wanted to cut this corner by wallpapering over orange peel but everyone said the walls needed to be smooth and clean first, and this was the best way. Again Home Depot crew helped break down my situation and got me the pre-mixed mud. Also bought the trowel, bucket, some and cleaning sponges. Shit got REAL dusty so a mask is suggested. **4. Premiered the walls, bead board, and chair railing.** Explained to the guy in the paint department what I was doing and he suggested KILZ primer for the bead board, walls, and chair rail. It dried in about 20 min and was good to go. **5. Painted the bead board and chair railing**. Just used a roller and it only took one coat! **6. Installed the peel-and-stick wallpaper**. This was the part I was most scared of. Lots of choices of patterns, thicknesses, brands, and types of adhesion. Peel-and-stick seemed the easiest, but everyone online said it would be a paid. The wallpaper brand I bought suggested using a bottle of E-Z Hang and that made the whole thing bearable. It basically provided a slimy thin layer under the sticky wallpaper so I can slide it around. The version of wallpaper I bought needed to butt up against the edges so EZ Hang made it possible to get the seams really tight, but some of the wall is still just barely visible. One of my regrets. Most tutorials on YouTube suggested taking a piece in the corner, overlapping the corner by an inch, using a straight edge to mark the opposite long end, and then starting your first piece along that straight edge. When I finally hung everything on the wall and came back to that corner though, it was a little warped and that one inch was difficult to work with. If I were to redo it I would have left 2-3 inches overhang instead. Live and learn I guess. My room ended up connecting above the bathroom door, but I needed 2 pieces to connect in the middle. Luckily with my pattern and the fact it was peel-and-stick like a thick sticker, I cut out leaves from the pattern and placed them over the seams. Looks flawless and professional there in the spot I thought would look the worst. Little win for that one. **7. Installed the bead board panels.** This was fun because I had an excuse for a new tool — 2"" brad nailer. When I loosely put all the boards in place is when the not-square walls became an issue. I just used a rotary sander attached to a shop vac to trim down the corners and edges where needed until they all fit snuggly. Then I glued on a bunch of liquid nails and brad-nailed into all the studs, top and bottoms of the boards, and a couple in between the studs where some of the boards bowed. **THIS IS WHERE I HAD A BIG MESS UP**. I left the pocket door fully open, so when I nailed in the bead board along the wall of the pocket door, the brads went through the door and nailed it open. I felt like a major idiot. Luckily they only went in about 1/16th of an inch. To solve this, I took a long metal straight edge, slid it between the door and the wall and over the nails, and whacked it with a hammer to bend the nails down. They were sticking so far out of the back of the dry wall that they actually bent down far enough to let the door smoothly slide past. Could have been much worse. **Make sure you have shorter nails for those pocket door walls!** **8. Finally, I installed the chair railing.** The angles I cut weren't perfect 45º so again I used a sander until they fit snuggly. Then some wall spackle to fill in the gaps. Then light sand and painted when it was cleaned and dried. Ta-da! Looks a lot different and I'm proud to have taken on a little piece of my home. I think if I were to do anything else to polish this it would be adding painted quarter round on the top corners all the way around to cover where the wallpaper meets the ceiling, but for now I'm just going to enjoy the New Year. Here's the list of products: 1. [Wallpaper](https://ondecor.com/products/botanical-wallpaper-layered-banana-leaves-black-gold-c444?_pos=1&_sid=eefd3d27e&_ss=r) 2. [Beadboard](https://www.homedepot.com/p/EUCATILE-3-16-in-x-32-in-x-48-in-White-True-Bead-Wainscot-Panel-975-891/205669197) 3. [Chair railing](https://www.homedepot.com/p/Builders-Choice-256-9-16-in-x-1-17-27-in-Primed-MDF-Casing-Sold-by-Linear-Foot-F320158RL/206069364) 4. [Sconce](https://lights.com/products/carlisle-2-light-vanity-matte-black-brushed-brass?variant=41461276082241) 5. [Faucet](https://www.homedepot.com/p/KOHLER-Cursiva-4-in-Centerset-Double-Handle-Bathroom-Faucet-in-Vibrant-Brushed-Moderne-Brass-R30578-4D-2MB/315091336) 6. [Toilet holder (same style as towel holder)](https://www.homedepot.com/p/KOHLER-Cursiva-Wall-Mount-Single-Post-Toilet-Paper-Holder-in-Vibrant-Brushed-Modern-Brass-K-R26688-2MB/319144615?MERCH=REC-_-fbt_test-_-319144536-_-1-_-n/a-_-n/a-_-n/a-_-n/a-_-n/a) 7. [Paint (""Peppercorn"" by Behr)](https://www.homedepot.com/pep/BEHR-PREMIUM-PLUS-1-qt-PPU18-01-Cracked-Pepper-Satin-Enamel-Low-Odor-Interior-Paint-Primer-730004/310986223)","Renovated Powder Bath (novice/beginner) [Before](https://preview.redd.it/k1ufx1obwlag1.png?width=1024&format=png&auto=webp&s=803d16b68785eebc7ecf9b62bf631a32e916e323) [Before](https://preview.redd.it/espbk1obwlag1.jpg?width=3024&format=pjpg&auto=webp&s=ad62227bde8c9786dbaa4c0f537e511ff966bc82) [Skim Coating](https://preview.redd.it/u2mrsj1iwlag1.jpg?width=3024&format=pjpg&auto=webp&s=10f1c3a398836db13e0f0c5ba39ab78a5dac9df0) [Beadboard size testing](https://preview.redd.it/mf52z8eqwlag1.jpg?width=3024&format=pjpg&auto=webp&s=c44a113de9a2e04a23a689ab5d53eb8dd28d3a3a) [Cutting around pipes. Glued the missing square piece below after.](https://preview.redd.it/3orthrvswlag1.jpg?width=3024&format=pjpg&auto=webp&s=7907fd0a1f15f480a0bae59a7926a58e820179e1) [Primer and paint](https://preview.redd.it/8jpvdkqxwlag1.jpg?width=3024&format=pjpg&auto=webp&s=2b38d45c90da6f092b0c4b8f9cae8daf8fb15bbb) [Guide line for wallpaper](https://preview.redd.it/hw2v6y7zwlag1.jpg?width=3024&format=pjpg&auto=webp&s=de95e0ea384a959a34d4fca756ddea323363e754) [After](https://preview.redd.it/1xtsfrv3xlag1.jpg?width=3024&format=pjpg&auto=webp&s=ee7467f40eaf7be5e59cdf060304655b62913e9c) [After](https://preview.redd.it/ajla4mj5xlag1.jpg?width=3024&format=pjpg&auto=webp&s=fc045ea53a1da1d3345cdb7239cb91ec1160722c) [After \(notice the cut out leaf above door to cover seam\)](https://preview.redd.it/bti5mpf7xlag1.jpg?width=3024&format=pjpg&auto=webp&s=8600f64012d8ce0ef9b6bd95fa2dd2f36ae09486) Finally tackled our powder bathroom as an amateur tinkerer and did it all ourselves! I'll break down the steps and then link to the products I was able to source. I replaced the light scone, faucet, towel/tp holders, and toilet handle last year when I already knew the theme, so this big chunk of the work was mostly the walls. **1. Measured everything** 4-5x over and over again. The bathroom was fine as it was so changing every square inch was daunting. I usually cut corners but this time took the time and patience to try and do it correctly. Along the way I realized no wall or corner was square in this 20 year old house so it was going to take some fine tuning to make sure stuff fit. **2. Purchased the wallpaper and cut the bead board and chair railing** at Home Depot. The guy at the cutting station noted how banged up some of the corners were so he took 70% off the whole thing. Was only about $20 for the boards total — not bad! For the wallpaper, it was pretty pricey (like $700 ish) but I googled a coupon code and found one that took off 60% to make it a bit more reasonable. I needed 9 72"" sheets for this project. **3. Skim coated the walls.** This was the first part that really scared me. I really wanted to cut this corner by wallpapering over orange peel but everyone said the walls needed to be smooth and clean first, and this was the best way. Again Home Depot crew helped break down my situation and got me the pre-mixed mud. Also bought the trowel, bucket, some and cleaning sponges. Shit got REAL dusty so a mask is suggested. **4. Premiered the walls, bead board, and chair railing.** Explained to the guy in the paint department what I was doing and he suggested KILZ primer for the bead board, walls, and chair rail. It dried in about 20 min and was good to go. **5. Painted the bead board and chair railing**. Just used a roller and it only took one coat! **6. Installed the peel-and-stick wallpaper**. This was the part I was most scared of. Lots of choices of patterns, thicknesses, brands, and types of adhesion. Peel-and-stick seemed the easiest, but everyone online said it would be a paid. The wallpaper brand I bought suggested using a bottle of E-Z Hang and that made the whole thing bearable. It basically provided a slimy thin layer under the sticky wallpaper so I can slide it around. The version of wallpaper I bought needed to butt up against the edges so EZ Hang made it possible to get the seams really tight, but some of the wall is still just barely visible. One of my regrets. Most tutorials on YouTube suggested taking a piece in the corner, overlapping the corner by an inch, using a straight edge to mark the opposite long end, and then starting your first piece along that straight edge. When I finally hung everything on the wall and came back to that corner though, it was a little warped and that one inch was difficult to work with. If I were to redo it I would have left 2-3 inches overhang instead. Live and learn I guess. My room ended up connecting above the bathroom door, but I needed 2 pieces to connect in the middle. Luckily with my pattern and the fact it was peel-and-stick like a thick sticker, I cut out leaves from the pattern and placed them over the seams. Looks flawless and professional there in the spot I thought would look the worst. Little win for that one. **7. Installed the bead board panels.** This was fun because I had an excuse for a new tool — 2"" brad nailer. When I loosely put all the boards in place is when the not-square walls became an issue. I just used a rotary sander attached to a shop vac to trim down the corners and edges where needed until they all fit snuggly. Then I glued on a bunch of liquid nails and brad-nailed into all the studs, top and bottoms of the boards, and a couple in between the studs where some of the boards bowed. **THIS IS WHERE I HAD A BIG MESS UP**. I left the pocket door fully open, so when I nailed in the bead board along the wall of the pocket door, the brads went through the door and nailed it open. I felt like a major idiot. Luckily they only went in about 1/16th of an inch. To solve this, I took a long metal straight edge, slid it between the door and the wall and over the nails, and whacked it with a hammer to bend the nails down. They were sticking so far out of the back of the dry wall that they actually bent down far enough to let the door smoothly slide past. Could have been much worse. **Make sure you have shorter nails for those pocket door walls!** **8. Finally, I installed the chair railing.** The angles I cut weren't perfect 45º so again I used a sander until they fit snuggly. Then some wall spackle to fill in the gaps. Then light sand and painted when it was cleaned and dried. Ta-da! Looks a lot different and I'm proud to have taken on a little piece of my home. I think if I were to do anything else to polish this it would be adding painted quarter round on the top corners all the way around to cover where the wallpaper meets the ceiling, but for now I'm just going to enjoy the New Year. Here's the list of products: 1. [Wallpaper](https://ondecor.com/products/botanical-wallpaper-layered-banana-leaves-black-gold-c444?_pos=1&_sid=eefd3d27e&_ss=r) 2. [Beadboard](https://www.homedepot.com/p/EUCATILE-3-16-in-x-32-in-x-48-in-White-True-Bead-Wainscot-Panel-975-891/205669197) 3. [Chair railing](https://www.homedepot.com/p/Builders-Choice-256-9-16-in-x-1-17-27-in-Primed-MDF-Casing-Sold-by-Linear-Foot-F320158RL/206069364) 4. [Sconce](https://lights.com/products/carlisle-2-light-vanity-matte-black-brushed-brass?variant=41461276082241) 5. [Faucet](https://www.homedepot.com/p/KOHLER-Cursiva-4-in-Centerset-Double-Handle-Bathroom-Faucet-in-Vibrant-Brushed-Moderne-Brass-R30578-4D-2MB/315091336) 6. [Toilet holder (same style as towel holder)](https://www.homedepot.com/p/KOHLER-Cursiva-Wall-Mount-Single-Post-Toilet-Paper-Holder-in-Vibrant-Brushed-Modern-Brass-K-R26688-2MB/319144615?MERCH=REC-_-fbt_test-_-319144536-_-1-_-n/a-_-n/a-_-n/a-_-n/a-_-n/a) 7. [Paint (""Peppercorn"" by Behr)](https://www.homedepot.com/pep/BEHR-PREMIUM-PLUS-1-qt-PPU18-01-Cracked-Pepper-Satin-Enamel-Low-Odor-Interior-Paint-Primer-730004/310986223)",https://www.reddit.com/r/DIY/comments/1q0nu33/renovated_powder_bath_novicebeginner/,22,0,https://www.reddit.com/r/DIY/comments/1q0nu33/renovated_powder_bath_novicebeginner/,loose trim,needs_review_low_signal,,manual_review_pending,,low_risk_diy,0.82,cosmetic_or_minor_finish:\bpaint(?:ing|ed)?\b,"{""low_risk_diy"": 2.2}",no,,,,,MR0094,low_risk_diy,2,Sarah,,
1323q36,askanelectrician,2023-04-28T17:27:32+00:00,4 way switch help,"Hi everyone. I ran into an issue that has me stumped! I replaced 2 3-way switches and 1 4-way switch that controls stairway lights on the first, second and throw floor of the house. I tested the switches and they worked. Then I shut off the breaker so I could screw the switches back into the electrical box. When I turned on the breaker, none of the lights work when I flip the switches. I checked all the wires to see if one was broken but I can’t see any issues. Any help is appreciated! Not sure what would cause all the lights on those switches to stop working. When I turn in the breaker, there is power going to the common wires.","4 way switch help Hi everyone. I ran into an issue that has me stumped! I replaced 2 3-way switches and 1 4-way switch that controls stairway lights on the first, second and throw floor of the house. I tested the switches and they worked. Then I shut off the breaker so I could screw the switches back into the electrical box. When I turned on the breaker, none of the lights work when I flip the switches. I checked all the wires to see if one was broken but I can’t see any issues. Any help is appreciated! Not sure what would cause all the lights on those switches to stop working. When I turn in the breaker, there is power going to the common wires.",https://www.reddit.com/r/askanelectrician/comments/1323q36/4_way_switch_help/,0,4,https://www.reddit.com/r/askanelectrician/comments/1323q36/4_way_switch_help/,electrical issue,needs_review_medium_signal,,manual_review_pending,,medium_risk_call_pro,0.80,trade_system_issue:\bbreaker\b,"{""medium_risk_call_pro"": 2.0}",no,,,,,MR0095,medium_risk_call_pro,4,Manthan,,
1tw4ev1,DIY,2026-06-03T22:09:57+00:00,Room smells like rotten fruit after painting and caulking?,"I am not sure if it is due to the paint, but I cannot find any other culprit. I started painting about a week ago and have been doing it little by little every day. Yesterday I didn't do anything though. I sanded, primed and used paint. Some areas are just sanded down, some painted and some only primed as I have bot finished yet. I have also caulked. To me it smells like cloud berry jam, if you have ver tried that. Very particular sweet and sour smell like fruit going bad. But when I try to smell the cupboards they just smells chemically, like paint basically. So I have no idea what it can be anymore. The paint and primer are all new. The kitchen itself is very old though. I googled and most posts talk about the paint being or contaminated. But it is completely new so it seems hard to believe. The caulk was new and is latex. Maybe I painted over it too quickly? Any ideas of what I can do to fix it? The only other thing is that it has been warm in the apartment ss it is summer, can it be the warmth affecting the paint?","Room smells like rotten fruit after painting and caulking? I am not sure if it is due to the paint, but I cannot find any other culprit. I started painting about a week ago and have been doing it little by little every day. Yesterday I didn't do anything though. I sanded, primed and used paint. Some areas are just sanded down, some painted and some only primed as I have bot finished yet. I have also caulked. To me it smells like cloud berry jam, if you have ver tried that. Very particular sweet and sour smell like fruit going bad. But when I try to smell the cupboards they just smells chemically, like paint basically. So I have no idea what it can be anymore. The paint and primer are all new. The kitchen itself is very old though. I googled and most posts talk about the paint being or contaminated. But it is completely new so it seems hard to believe. The caulk was new and is latex. Maybe I painted over it too quickly? Any ideas of what I can do to fix it? The only other thing is that it has been warm in the apartment ss it is summer, can it be the warmth affecting the paint?",https://www.reddit.com/r/DIY/comments/1tw4ev1/room_smells_like_rotten_fruit_after_painting_and/,71,45,https://www.reddit.com/r/DIY/comments/1tw4ev1/room_smells_like_rotten_fruit_after_painting_and/,caulk,needs_review_low_signal,,manual_review_pending,,low_risk_diy,0.82,cosmetic_or_minor_finish:\bpaint(?:ing|ed)?\b,"{""low_risk_diy"": 2.2}",no,,,,,MR0096,low_risk_diy,3,Max,,
1t85r06,DIY,2026-05-09T13:58:14+00:00,How to fix siding that goes directly into a slab?,"Previous owners of my house had a sunroom built on a concrete slab in the siding just butts up against the concrete at the bottom resulting in swelling and rot. Other than just continually smearing a bunch of caulk on it, what is the ""correct"" way to address this?","How to fix siding that goes directly into a slab? Previous owners of my house had a sunroom built on a concrete slab in the siding just butts up against the concrete at the bottom resulting in swelling and rot. Other than just continually smearing a bunch of caulk on it, what is the ""correct"" way to address this?",https://www.reddit.com/r/DIY/comments/1t85r06/how_to_fix_siding_that_goes_directly_into_a_slab/,6,5,https://www.reddit.com/r/DIY/comments/1t85r06/how_to_fix_siding_that_goes_directly_into_a_slab/,caulk,needs_review_low_signal,,manual_review_pending,,low_risk_diy,0.82,cosmetic_or_minor_finish:\bcaulk(?:ing)?\b,"{""low_risk_diy"": 2.2}",no,,,,,MR0097,low_risk_diy,4,Manthan,,
yve8yd,HomeImprovement,2022-11-14T22:08:46+00:00,Cannot find source of natural gas smell?,"Hi all, I'm not able to pinpoint the source of a natural gas leak in my basement. I have a new, 2 year old gas-fired furnace and hot water tank (maybe 10 years old) next to each other in the corner of the basement. Mounted next to this at high level, I have a combination natural gas/propane/CO detector which has \*never\* sounded an alarm/gone off. I also have CO detectors on every floor. In the morning sometimes, I can smell the natural gas at the top of the stairwell landing leading into the basement, and other times I can smell it faintly when the furnace is cycling on/off. One time when I detected the smell, I called over the gas company to take a look and they couldn't detect a leak from the furnace. The furnace vents horizontally through the side wall (new opening/exhaust) and the gas-fired hot water tank vents vertically up to the chimney on the roof. We had a roofer who re-roofed the entire roof last summer and I suspect he covered up the chimney siding with tar paper. So it's possible that the furnace is not venting/exhausting properly and that the gas cycles back down through the chimney if there is some obstruction on the chimney (such as the tar paper) which prevents the gas from venting properly. Just wondering if anyone has ideas on what I could try next to find the source of the problem? Certainly I should try to go on the roof to see if the chimney is obstructed in any way but looking for other suggestions also. Thanks!","Cannot find source of natural gas smell? Hi all, I'm not able to pinpoint the source of a natural gas leak in my basement. I have a new, 2 year old gas-fired furnace and hot water tank (maybe 10 years old) next to each other in the corner of the basement. Mounted next to this at high level, I have a combination natural gas/propane/CO detector which has \*never\* sounded an alarm/gone off. I also have CO detectors on every floor. In the morning sometimes, I can smell the natural gas at the top of the stairwell landing leading into the basement, and other times I can smell it faintly when the furnace is cycling on/off. One time when I detected the smell, I called over the gas company to take a look and they couldn't detect a leak from the furnace. The furnace vents horizontally through the side wall (new opening/exhaust) and the gas-fired hot water tank vents vertically up to the chimney on the roof. We had a roofer who re-roofed the entire roof last summer and I suspect he covered up the chimney siding with tar paper. So it's possible that the furnace is not venting/exhausting properly and that the gas cycles back down through the chimney if there is some obstruction on the chimney (such as the tar paper) which prevents the gas from venting properly. Just wondering if anyone has ideas on what I could try next to find the source of the problem? Certainly I should try to go on the roof to see if the chimney is obstructed in any way but looking for other suggestions also. Thanks!",https://www.reddit.com/r/HomeImprovement/comments/yve8yd/cannot_find_source_of_natural_gas_smell/,4,9,https://www.reddit.com/r/HomeImprovement/comments/yve8yd/cannot_find_source_of_natural_gas_smell/,gas smell,needs_review_urgent_signal,,manual_review_pending,,urgent_safety_risk,0.87,gas_or_carbon_monoxide:\bgas smell\b; contained_water_damage:\bleak(?:s|ing|ed)?\b; trade_system_issue:\bfurnace\b,"{""medium_risk_call_pro"": 4.0, ""urgent_safety_risk"": 4.0}",yes,,,,,MR0098,needs_human_review,2,Sarah,,
1tij9de,Plumbing,2026-05-20T11:49:10+00:00,Is this a no-caulk shower pan?,This shower drain is pretty gross. I want to remove this stuff since it looks like it's not doing anything but I'm not sure if it's a no-caulk shower pan or not.,Is this a no-caulk shower pan? This shower drain is pretty gross. I want to remove this stuff since it looks like it's not doing anything but I'm not sure if it's a no-caulk shower pan or not.,https://www.reddit.com/r/Plumbing/comments/1tij9de/is_this_a_nocaulk_shower_pan/,1,1,https://www.reddit.com/gallery/1tij9de,caulk,needs_review_low_signal,,manual_review_pending,,low_risk_diy,0.82,cosmetic_or_minor_finish:\bcaulk(?:ing)?\b,"{""low_risk_diy"": 2.2}",no,,,,,MR0099,low_risk_diy,1,Patrick,,
1t6pnh1,HomeMaintenance,2026-05-07T22:29:50+00:00,Moisture Intrusion,"Purchased the home in February. Was removing a shelf that was connected to the basement wall in the corner. Tore it out and found it like this. The back of the shelf was rotted, but it has since dried out. There are a few other places on this part of the basement that have water intrusion, but not this bad. Mold test was clear and there’s no musty smell. The neighbors informed me that years ago there was a flood cause by a neighbor two streets up that threw his lawn clipping into the city owned drain. It formed a dam and eventually burst and sent the water flowing down. I’m guessing during the flooding the water was absorbed through the wood and was dried out eventually. The wall is not damp, nor has there been any actual water spotted in the basement. It has also rained the past two days. I have had two dehumidifiers running since February. The yard slopes away from the house. I’m going to clear out my gutters and ensure the downspouts are clean as well. I have a feeling they’re causing the issue. I have not witnessed any water pooling outside by the house either. Today I had a basement remediation company come out and quote me 20k for adding water guards, a sump pump, wallie lining, and a built in dehumidifier. He never mentioned the gutters once. I’m feeling like all of this is overkill/he’s trying to maximize sales. I’m guessing ensuring the gutters are draining farther away would do the trick. If not I can reassess at a later date/cracks appear/basement floods. Is there anything I am overlooking or should be aware of? Thanks for any assistance!","Moisture Intrusion Purchased the home in February. Was removing a shelf that was connected to the basement wall in the corner. Tore it out and found it like this. The back of the shelf was rotted, but it has since dried out. There are a few other places on this part of the basement that have water intrusion, but not this bad. Mold test was clear and there’s no musty smell. The neighbors informed me that years ago there was a flood cause by a neighbor two streets up that threw his lawn clipping into the city owned drain. It formed a dam and eventually burst and sent the water flowing down. I’m guessing during the flooding the water was absorbed through the wood and was dried out eventually. The wall is not damp, nor has there been any actual water spotted in the basement. It has also rained the past two days. I have had two dehumidifiers running since February. The yard slopes away from the house. I’m going to clear out my gutters and ensure the downspouts are clean as well. I have a feeling they’re causing the issue. I have not witnessed any water pooling outside by the house either. Today I had a basement remediation company come out and quote me 20k for adding water guards, a sump pump, wallie lining, and a built in dehumidifier. He never mentioned the gutters once. I’m feeling like all of this is overkill/he’s trying to maximize sales. I’m guessing ensuring the gutters are draining farther away would do the trick. If not I can reassess at a later date/cracks appear/basement floods. Is there anything I am overlooking or should be aware of? Thanks for any assistance!",https://www.reddit.com/r/HomeMaintenance/comments/1t6pnh1/moisture_intrusion/,3,3,https://i.redd.it/d1l96zlpkszg1.jpeg,mold,needs_review_urgent_signal,,manual_review_pending,,urgent_safety_risk,0.77,active_flooding_or_sewage:\bflooding\b; contained_water_damage:\bwater intrusion\b; mold_or_foundation_concern:\bmold\b,"{""medium_risk_call_pro"": 4.0, ""urgent_safety_risk"": 3.0}",yes,,,,,MR0100,needs_human_review,2,Sarah,,
12ykqrn,askanelectrician,2023-04-25T14:17:10+00:00,My house started to have short circuit problem,"My house rarely has any electrical issues, however, it was when my neighbor (one house away from my house) started to renovate their house to add one more additional floor. My plug socket for powering up peripherals started to smell smoke/burnt smell sometimes, my light started to flicker, my ceiling fans started to become slower or turned off all the way. Is this due to insufficient electrical supplied to my house since my neighbor hoard extra electric? May I know your opinion and suggestion for my problem, I am have zero knowledge regarding this. ps: I am lacking funds to call for personal electrician to do inspection","My house started to have short circuit problem My house rarely has any electrical issues, however, it was when my neighbor (one house away from my house) started to renovate their house to add one more additional floor. My plug socket for powering up peripherals started to smell smoke/burnt smell sometimes, my light started to flicker, my ceiling fans started to become slower or turned off all the way. Is this due to insufficient electrical supplied to my house since my neighbor hoard extra electric? May I know your opinion and suggestion for my problem, I am have zero knowledge regarding this. ps: I am lacking funds to call for personal electrician to do inspection",https://www.reddit.com/r/askanelectrician/comments/12ykqrn/my_house_started_to_have_short_circuit_problem/,1,11,https://www.reddit.com/r/askanelectrician/comments/12ykqrn/my_house_started_to_have_short_circuit_problem/,electrical issue,needs_review_urgent_signal,,manual_review_pending,,urgent_safety_risk,0.95,fire_smoke_or_sparks:\bsmoke\b,"{""urgent_safety_risk"": 3.5}",no,,,,,MR0101,urgent_safety_risk,1,Patrick,,
1pmzq0b,DIY,2025-12-15T05:39:55+00:00,Bathroom wall paint bubble at tub,"Wall base at tub appears to bubble. Obviously it’s getting wet, is this something that can be easily fix with just replacing the drywall? What would be the likely cause, leak behind the tile or just water splashing out? Hoping I don’t have to replace the entire tiled wall. TIA","Bathroom wall paint bubble at tub Wall base at tub appears to bubble. Obviously it’s getting wet, is this something that can be easily fix with just replacing the drywall? What would be the likely cause, leak behind the tile or just water splashing out? Hoping I don’t have to replace the entire tiled wall. TIA",https://www.reddit.com/r/DIY/comments/1pmzq0b/bathroom_wall_paint_bubble_at_tub/,1,4,https://i.redd.it/6t482yc62b7g1.jpeg,water leak,needs_review_medium_signal,,manual_review_pending,,medium_risk_call_pro,0.67,contained_water_damage:\bleak(?:s|ing|ed)?\b; cosmetic_or_minor_finish:\bpaint(?:ing|ed)?\b,"{""low_risk_diy"": 2.2, ""medium_risk_call_pro"": 2.0}",yes,,,,,MR0102,needs_human_review,4,Manthan,,
164odlz,HomeImprovement,2023-08-29T17:16:56+00:00,Fence installers hit gas line,"I had fence workers remove an old fence and install a new one. When installing, they hit a gas line and we could smell it clearly. We are in New Jersey. The installers are calling the gas company PSEG. Anybody have experience with this? Who pays to get it fixed? How long does it take? Thank you! EDIT: Update - we actually get gas from the Elizabeth Gas company. They were fantastic. They came over immediately and did a quick inspection of the site. They brought a reader inside the house and in the basement to see if there was seepage. Another team, fix the problem. Separately - they spotted a hole in a piece of wood in the foundation and advise we seal it. They also found an old gas line for gas dryers that was turned off but the outlet was open. They showed that and plugged it. After turning the gas line on - they verified that the water heater, heater, and the kitchen were working fine. Nothing was charged to us, but the fence company may get a fine. Thank you everybody for all the advise!","Fence installers hit gas line I had fence workers remove an old fence and install a new one. When installing, they hit a gas line and we could smell it clearly. We are in New Jersey. The installers are calling the gas company PSEG. Anybody have experience with this? Who pays to get it fixed? How long does it take? Thank you! EDIT: Update - we actually get gas from the Elizabeth Gas company. They were fantastic. They came over immediately and did a quick inspection of the site. They brought a reader inside the house and in the basement to see if there was seepage. Another team, fix the problem. Separately - they spotted a hole in a piece of wood in the foundation and advise we seal it. They also found an old gas line for gas dryers that was turned off but the outlet was open. They showed that and plugged it. After turning the gas line on - they verified that the water heater, heater, and the kitchen were working fine. Nothing was charged to us, but the fence company may get a fine. Thank you everybody for all the advise!",https://www.reddit.com/r/HomeImprovement/comments/164odlz/fence_installers_hit_gas_line/,2,4,https://www.reddit.com/r/HomeImprovement/comments/164odlz/fence_installers_hit_gas_line/,gas smell,needs_review_medium_signal,,manual_review_pending,,medium_risk_call_pro,0.80,trade_system_issue:\bwater heater\b,"{""medium_risk_call_pro"": 2.0}",no,,,,,MR0103,medium_risk_call_pro,1,Patrick,,
1tl2wys,Plumbing,2026-05-23T01:56:44+00:00,This doesn't seam normal,"My dishwasher has been smelling a bit lately and I noticed I had standing water here. I'm assuming this isn't normal. Is there any ideas of what could be causing it. It doesn't flood, just has a little water under the filter for the drain","This doesn't seam normal My dishwasher has been smelling a bit lately and I noticed I had standing water here. I'm assuming this isn't normal. Is there any ideas of what could be causing it. It doesn't flood, just has a little water under the filter for the drain",https://www.reddit.com/r/Plumbing/comments/1tl2wys/this_doesnt_seam_normal/,3,3,https://i.redd.it/shsphtqans2h1.jpeg,flooding,needs_review_urgent_signal,,manual_review_pending,,,0.00,no_labeling_function_matched,{},yes,,,,,MR0104,needs_human_review,4,Manthan,,
1pspsjg,HomeMaintenance,2025-12-22T03:55:31+00:00,Fixing up Failing faux tile,The faux tile wall of my bathtub is failing and starting to pull from the wall. The previous owners didn’t do a great job sealing from the top of the tile wall and seemed to just paint over the top without caulking. Should I be sanding down the paint that’s peeling up to do a proper caulk job after I glue behind the wall?,Fixing up Failing faux tile The faux tile wall of my bathtub is failing and starting to pull from the wall. The previous owners didn’t do a great job sealing from the top of the tile wall and seemed to just paint over the top without caulking. Should I be sanding down the paint that’s peeling up to do a proper caulk job after I glue behind the wall?,https://www.reddit.com/r/HomeMaintenance/comments/1pspsjg/fixing_up_failing_faux_tile/,1,4,https://www.reddit.com/gallery/1pspsjg,paint peeling,needs_review_low_signal,,manual_review_pending,,low_risk_diy,0.82,cosmetic_or_minor_finish:\bpaint(?:ing|ed)?\b,"{""low_risk_diy"": 2.2}",no,,,,,MR0105,low_risk_diy,2,Sarah,,
n2w8vl,askanelectrician,2021-05-02T01:29:07+00:00,Every Time I plug in my Lamp it trips the breaker - even when the lamp is switched off.,"I made rewired an old Keystone K109 metal projector into a table lamp. Its awesome, looks great and has worked well for years. For the past two years its been plugged into a smart outlet and goes on at 6pm and shuts off at 10 pm every night. Then it stopped working. I switched the bulb - not the issue. I thought maybe it was the smart outlet - not the issue. So I plugged it directly in to the outlet and it tripped the breaker. &#x200B; I turned off both the toggle switch on the light bulb as well as the master power to the lamp (rewired the ""light on and fan on"" toggle to bring power to the lamp. I even removed the light bulb and it keeps tripping the breaker where ever I plug it in. I'm guessing maybe some wires are touching that shouldnt be, and maybe it isnt grounded (its only a two prong plug as its an old projector. - before they reach the master on-off switch? Any help is greatly appreciated! Thank you :) Edit: Also wanted to add - probably because all the sparks, one of the prongs looks a bit chipped away/melted - could that cause subsequent trips? Thanks all!","Every Time I plug in my Lamp it trips the breaker - even when the lamp is switched off. I made rewired an old Keystone K109 metal projector into a table lamp. Its awesome, looks great and has worked well for years. For the past two years its been plugged into a smart outlet and goes on at 6pm and shuts off at 10 pm every night. Then it stopped working. I switched the bulb - not the issue. I thought maybe it was the smart outlet - not the issue. So I plugged it directly in to the outlet and it tripped the breaker. &#x200B; I turned off both the toggle switch on the light bulb as well as the master power to the lamp (rewired the ""light on and fan on"" toggle to bring power to the lamp. I even removed the light bulb and it keeps tripping the breaker where ever I plug it in. I'm guessing maybe some wires are touching that shouldnt be, and maybe it isnt grounded (its only a two prong plug as its an old projector. - before they reach the master on-off switch? Any help is greatly appreciated! Thank you :) Edit: Also wanted to add - probably because all the sparks, one of the prongs looks a bit chipped away/melted - could that cause subsequent trips? Thanks all!",https://www.reddit.com/r/askanelectrician/comments/n2w8vl/every_time_i_plug_in_my_lamp_it_trips_the_breaker/,2,2,https://www.reddit.com/r/askanelectrician/comments/n2w8vl/every_time_i_plug_in_my_lamp_it_trips_the_breaker/,sparking outlet,needs_review_urgent_signal,,manual_review_pending,,urgent_safety_risk,0.82,fire_smoke_or_sparks:\bspark(?:s|ing|ed)?\b; trade_system_issue:\bbreaker\b,"{""medium_risk_call_pro"": 2.0, ""urgent_safety_risk"": 3.5}",no,,,,,MR0106,urgent_safety_risk,3,Max,,
1t00lja,HomeMaintenance,2026-04-30T16:03:00+00:00,Advice on how to repair this exterior door? (Renter),"For context, I am a renter of this property. It is a pretty old home, I believe around 1890. This is relevant because (though I’m not 100%) I’m pretty sure the paint here is lead. There was a lead disclosure clause in my lease, and though the landlord said he has not found any, in my experience that just means he hasn’t looked. Anyways, a pane on the window is cracked and the paint on the exterior side is peeling badly and honestly kinda gross looking. Every time I see this door I have an urge to just start scraping away at this peeling paint and I’m not sure if I can hold myself back for another summer. First, does anyone have experience with making small renovations in their (historic) rental? And second, would there be a proper way to bring this up to the landlord as a project I would be willing to do independently? Or would it be more ask for forgiveness, not permission situation?","Advice on how to repair this exterior door? (Renter) For context, I am a renter of this property. It is a pretty old home, I believe around 1890. This is relevant because (though I’m not 100%) I’m pretty sure the paint here is lead. There was a lead disclosure clause in my lease, and though the landlord said he has not found any, in my experience that just means he hasn’t looked. Anyways, a pane on the window is cracked and the paint on the exterior side is peeling badly and honestly kinda gross looking. Every time I see this door I have an urge to just start scraping away at this peeling paint and I’m not sure if I can hold myself back for another summer. First, does anyone have experience with making small renovations in their (historic) rental? And second, would there be a proper way to bring this up to the landlord as a project I would be willing to do independently? Or would it be more ask for forgiveness, not permission situation?",https://www.reddit.com/r/HomeMaintenance/comments/1t00lja/advice_on_how_to_repair_this_exterior_door_renter/,2,2,https://www.reddit.com/gallery/1t00lja,paint peeling,needs_review_low_signal,,manual_review_pending,,low_risk_diy,0.82,cosmetic_or_minor_finish:\bpaint(?:ing|ed)?\b,"{""low_risk_diy"": 2.2}",no,,,,,MR0107,low_risk_diy,2,Sarah,,
13iqrqy,askanelectrician,2023-05-16T01:15:55+00:00,AFCI Nuisance Tripping,"Hello all, hoping someone has some insight into this very weird problem. Our house was built in 2021, we have AFCI's and combo GFCI's/AFCI's as typically required by code. We have had no problems with our electricity until about two months ago. Randomly, one AFCI breaker has started tripping. We've checked all the wiring on this circuit, removed loads that were suspicious, like a Laser printer, aquarium heaters, etc, and yet the random trips keep happening. Confirmed with the breaker's self-test diagnosis that it's tripping on arc fault, not over current. I replaced this AFCI in question. Here's where it gets weird, when it trips, it trips at exactly second 00 of the minute. For example, last night it tripped 3 times, at 21:17:00, 21:28:00 and 21:31:00. Then, after the last reset, it just stopped. A few months ago when this all started, it did the same sequence, same time of day (although at the time I didn't think to check the specific times when it was happening), but it was the 2100 hour for sure. It has also done this once during the day on a Friday; several trips with no load switching correlation, then just stopped tripping. Today, it tripped at 11:11:00, my wife WFH and was just sitting at her desk when it tripped. Interestingly, the bedroom that this circuit supplies also contains our foundation ground, and it's run is parallel in the wall with the circuit wiring back to the electrical panel. There have been no wiring changes, no new devices, nothing of the sort. We did receive Xfinity cable service to our house around the time when this started and the modem is on this circuit. It's one of their provided XB8 modems. There's nothing helpful in the modem logs. We also noticed that our electric company installed a new Smart Electrical Meter radio concentrator on a pole that is about 1.5 miles from us, and there is a ham radio operator registered about the same distance away from us. Problem is, no matter how hard I try, I cannot cause a trip purposely. I even vacuum every weekend using this very circuit, and have had zero trips. Just curious if anyone has any idea as to what is happening? I'm fairly adept with troubleshooting, and would really like to figure out what is causing this. I know I know, just swap it for a standard breaker, which I have no problem doing (mostly because I believe this to be some type of RFI/EMI type issue, not a true arc fault). At this point though, I'm just kinda interested to try and see if we can't figure out what's happening. Appreciate any suggestions! &#x200B; Edit: forgot to close a parenthesis and forgotten word Edit/Update: it’s not tripping at :00. I realized that this is just when the camera on that circuit stops recording. No matter when in the minute it actually loses power. Probably a buffer to keep the SD card from getting corrupted. Anyway. Moved the Xfinity modem to different circuit. Had 5 trips Tuesday night. All within/around the 2100 hour like all the rest have been. Now, I’ve moved the PC to another circuit. Testing continues.","AFCI Nuisance Tripping Hello all, hoping someone has some insight into this very weird problem. Our house was built in 2021, we have AFCI's and combo GFCI's/AFCI's as typically required by code. We have had no problems with our electricity until about two months ago. Randomly, one AFCI breaker has started tripping. We've checked all the wiring on this circuit, removed loads that were suspicious, like a Laser printer, aquarium heaters, etc, and yet the random trips keep happening. Confirmed with the breaker's self-test diagnosis that it's tripping on arc fault, not over current. I replaced this AFCI in question. Here's where it gets weird, when it trips, it trips at exactly second 00 of the minute. For example, last night it tripped 3 times, at 21:17:00, 21:28:00 and 21:31:00. Then, after the last reset, it just stopped. A few months ago when this all started, it did the same sequence, same time of day (although at the time I didn't think to check the specific times when it was happening), but it was the 2100 hour for sure. It has also done this once during the day on a Friday; several trips with no load switching correlation, then just stopped tripping. Today, it tripped at 11:11:00, my wife WFH and was just sitting at her desk when it tripped. Interestingly, the bedroom that this circuit supplies also contains our foundation ground, and it's run is parallel in the wall with the circuit wiring back to the electrical panel. There have been no wiring changes, no new devices, nothing of the sort. We did receive Xfinity cable service to our house around the time when this started and the modem is on this circuit. It's one of their provided XB8 modems. There's nothing helpful in the modem logs. We also noticed that our electric company installed a new Smart Electrical Meter radio concentrator on a pole that is about 1.5 miles from us, and there is a ham radio operator registered about the same distance away from us. Problem is, no matter how hard I try, I cannot cause a trip purposely. I even vacuum every weekend using this very circuit, and have had zero trips. Just curious if anyone has any idea as to what is happening? I'm fairly adept with troubleshooting, and would really like to figure out what is causing this. I know I know, just swap it for a standard breaker, which I have no problem doing (mostly because I believe this to be some type of RFI/EMI type issue, not a true arc fault). At this point though, I'm just kinda interested to try and see if we can't figure out what's happening. Appreciate any suggestions! &#x200B; Edit: forgot to close a parenthesis and forgotten word Edit/Update: it’s not tripping at :00. I realized that this is just when the camera on that circuit stops recording. No matter when in the minute it actually loses power. Probably a buffer to keep the SD card from getting corrupted. Anyway. Moved the Xfinity modem to different circuit. Had 5 trips Tuesday night. All within/around the 2100 hour like all the rest have been. Now, I’ve moved the PC to another circuit. Testing continues.",https://www.reddit.com/r/askanelectrician/comments/13iqrqy/afci_nuisance_tripping/,2,9,https://www.reddit.com/r/askanelectrician/comments/13iqrqy/afci_nuisance_tripping/,electrical issue,needs_review_medium_signal,,manual_review_pending,,urgent_safety_risk,0.82,fire_smoke_or_sparks:\barc(?:ing|ed)?\b; trade_system_issue:\bbreaker\b,"{""medium_risk_call_pro"": 2.0, ""urgent_safety_risk"": 3.5}",no,,,,,MR0108,urgent_safety_risk,2,Sarah,,
1s7nyz5,HomeMaintenance,2026-03-30T11:33:04+00:00,How to address rust?,I am fairly new to home repairs. We have a spot on our radiator about the size of someone's hand when the paint has been chipped/peeled off and revealed rust underneath. I don't think simply painting over it is enough - is there something it should be treated with to remove or cover it? Thank you!,How to address rust? I am fairly new to home repairs. We have a spot on our radiator about the size of someone's hand when the paint has been chipped/peeled off and revealed rust underneath. I don't think simply painting over it is enough - is there something it should be treated with to remove or cover it? Thank you!,https://www.reddit.com/r/HomeMaintenance/comments/1s7nyz5/how_to_address_rust/,2,6,https://www.reddit.com/gallery/1s7nyz5,paint peeling,needs_review_low_signal,,manual_review_pending,,low_risk_diy,0.82,cosmetic_or_minor_finish:\bpaint(?:ing|ed)?\b,"{""low_risk_diy"": 2.2}",no,,,,,MR0109,low_risk_diy,3,Max,,
wezmzp,askanelectrician,2022-08-03T07:04:25+00:00,"Dropped metal onto plug in outlet popped/smoked, but power stayed on - replacement necessary?","I searched for answers to this question, but all the other posts where this scenario happened, the power turned off which isnt my case: I had a cell phone charger plugged into a GFCI outlet and accidentally dropped a metal necklace chain onto it while cleaning - it split the chain, sparked, made a popping sound and left black burn marks on both the outlet and charger plug (which I tossed), yet the little green light on the outlet stayed on the whole time (as well as the other lights/outlets the same circuit). Checked the breaker as well, and it didn't pop (sorry if I'm not using the correct terms!) I asked an electrician who said because the power remained after it happened, the damage to the outlet/receptacle is only cosmetic and to just clean off the black marks as a fix, but I'm nervous that may not be the case so looking for other opinions. I'd like to avoid spending $100s for an electrician to replace the receptacle for just cosmetic damage, but I'll do so if this poses a fire/safety hazard. tia! **\*edit\* thanks everyone for the feedback! I was unsuccessful in cleaning off the burn marks from the receptacle so looking to hire an electrician to just replace it**","Dropped metal onto plug in outlet popped/smoked, but power stayed on - replacement necessary? I searched for answers to this question, but all the other posts where this scenario happened, the power turned off which isnt my case: I had a cell phone charger plugged into a GFCI outlet and accidentally dropped a metal necklace chain onto it while cleaning - it split the chain, sparked, made a popping sound and left black burn marks on both the outlet and charger plug (which I tossed), yet the little green light on the outlet stayed on the whole time (as well as the other lights/outlets the same circuit). Checked the breaker as well, and it didn't pop (sorry if I'm not using the correct terms!) I asked an electrician who said because the power remained after it happened, the damage to the outlet/receptacle is only cosmetic and to just clean off the black marks as a fix, but I'm nervous that may not be the case so looking for other opinions. I'd like to avoid spending $100s for an electrician to replace the receptacle for just cosmetic damage, but I'll do so if this poses a fire/safety hazard. tia! **\*edit\* thanks everyone for the feedback! I was unsuccessful in cleaning off the burn marks from the receptacle so looking to hire an electrician to just replace it**",https://www.reddit.com/r/askanelectrician/comments/wezmzp/dropped_metal_onto_plug_in_outlet_poppedsmoked/,9,13,https://www.reddit.com/r/askanelectrician/comments/wezmzp/dropped_metal_onto_plug_in_outlet_poppedsmoked/,sparking outlet,needs_review_medium_signal,,manual_review_pending,,urgent_safety_risk,0.82,fire_smoke_or_sparks:\bspark(?:s|ing|ed)?\b; trade_system_issue:\bbreaker\b; cosmetic_or_minor_finish:\bcosmetic\b,"{""low_risk_diy"": 2.2, ""medium_risk_call_pro"": 2.0, ""urgent_safety_risk"": 3.5}",no,,,,,MR0110,urgent_safety_risk,1,Patrick,,
12r6ssj,HomeImprovement,2023-04-18T22:24:39+00:00,Sewer gas smell in the bathroom,"Getting a smell in our bathroom, but not sure where it's coming from. There's no floor drain so no dry P-trap, and no problems that I can tell with the shower or sink drains, and the wax ring on the toilet is only about 3 years old, and there isn't any water leakage from it anyway. Does anyone have any ideas? Am I overlooking anything?","Sewer gas smell in the bathroom Getting a smell in our bathroom, but not sure where it's coming from. There's no floor drain so no dry P-trap, and no problems that I can tell with the shower or sink drains, and the wax ring on the toilet is only about 3 years old, and there isn't any water leakage from it anyway. Does anyone have any ideas? Am I overlooking anything?",https://www.reddit.com/r/HomeImprovement/comments/12r6ssj/sewer_gas_smell_in_the_bathroom/,1,15,https://www.reddit.com/r/HomeImprovement/comments/12r6ssj/sewer_gas_smell_in_the_bathroom/,gas smell,needs_review_urgent_signal,,manual_review_pending,,urgent_safety_risk,0.95,gas_or_carbon_monoxide:\bgas smell\b,"{""urgent_safety_risk"": 4.0}",no,,,,,MR0111,urgent_safety_risk,1,Patrick,,
1tfzi82,HomeMaintenance,2026-05-17T19:38:43+00:00,Deck paint recommendations - need 2-3 years of life,"We intend to tear down our deck in 2-3 years to put up an extension or 3-season room. In the meantime, need to do something about the terrible chipped / worn away paint on our deck rails. Not sure the wife and I are up for the time investment to fully chip away and sand down the existing paint job. Particularly given how careful she’ll want to be to ensure no paint chips end up in the garden below. And with two kids under 5 running around. For a 2-3 year fix, could we go with a high-end exterior paint and just paint over the existing situation? (See photo). We’d pull up the most egregious old paint chips/flakes. I know it’s absolutely not the “right” answer, and isn’t a long term solve. Just trying to figure out if a quick job with the right paint could buy us a few years, or if it’ll be peeling off in 6 weeks. Thank you!","Deck paint recommendations - need 2-3 years of life We intend to tear down our deck in 2-3 years to put up an extension or 3-season room. In the meantime, need to do something about the terrible chipped / worn away paint on our deck rails. Not sure the wife and I are up for the time investment to fully chip away and sand down the existing paint job. Particularly given how careful she’ll want to be to ensure no paint chips end up in the garden below. And with two kids under 5 running around. For a 2-3 year fix, could we go with a high-end exterior paint and just paint over the existing situation? (See photo). We’d pull up the most egregious old paint chips/flakes. I know it’s absolutely not the “right” answer, and isn’t a long term solve. Just trying to figure out if a quick job with the right paint could buy us a few years, or if it’ll be peeling off in 6 weeks. Thank you!",https://www.reddit.com/r/HomeMaintenance/comments/1tfzi82/deck_paint_recommendations_need_23_years_of_life/,1,5,https://i.redd.it/sgmqqau93r1h1.jpeg,paint peeling,needs_review_low_signal,,manual_review_pending,,low_risk_diy,0.82,cosmetic_or_minor_finish:\bpaint(?:ing|ed)?\b,"{""low_risk_diy"": 2.2}",no,,,,,MR0112,low_risk_diy,1,Patrick,,
1pag9z8,DIY,2025-11-30T11:38:58+00:00,Water leaking around sink basin waste,"My sink don't hold water, when I fill it I can see that there's bubbles from the outside of the waste where it meets the sink itself (red line). A small amount of water will sit inside the pop-up waste so I know it's not the rubber gasket inside the waste itself. Can I remove this fairly easily and silicone it, and is that the right thing to do? Appreciate any help 🙏","Water leaking around sink basin waste My sink don't hold water, when I fill it I can see that there's bubbles from the outside of the waste where it meets the sink itself (red line). A small amount of water will sit inside the pop-up waste so I know it's not the rubber gasket inside the waste itself. Can I remove this fairly easily and silicone it, and is that the right thing to do? Appreciate any help 🙏",https://www.reddit.com/r/DIY/comments/1pag9z8/water_leaking_around_sink_basin_waste/,2,2,https://i.redd.it/z63yghaksd4g1.jpeg,water leak,needs_review_medium_signal,,manual_review_pending,,medium_risk_call_pro,0.80,contained_water_damage:\bleak(?:s|ing|ed)?\b,"{""medium_risk_call_pro"": 2.0}",no,,,,,MR0113,medium_risk_call_pro,3,Max,,
157zvuf,HomeMaintenance,2023-07-24T04:15:50+00:00,How bad is our home inspection? What would you ask for?,"Were about to buy a newly reno'd home from some flippers but were not in the city, and this is our first buy, not gonna lie this inspection is a bit overwhlmeing with these items flagged, the house is in a highly competitive market and is priced according to the area and its newly reno'd appeal. Any tips on what we should ask for off, or what MUST be done and what we can DIY or handle later would be highly appreciated. Ty kindly; &#x200B; here is the list of issues identified during the home inspection, along with the necessary fixes indicated in parentheses: 1. Renovations, Remodeling, and Additions (Provide documentation or evidence of permits obtained, missing permits). 2. Plumbing Vent Pipes (Seal plumbing vent pipe(s) and roof penetration(s) to prevent leaks, missing seal). 3. Gutters & Downspouts on standalone garage (Install missing gutters). 4. Exterior Electrical Receptacle Outlet (Install at least one receptacle in the front and back of the house, none at the moment). 5. Doorbell (Repair the inoperative doorbell, doesn't ring). 6. Windows (Fix loose hardware at windows, one window with loose hardware). 7. Switches, Fixtures & Receptacles (Replace missing light bulbs and damaged cover plates in kitchen). 8. Power at Exterior Garage Receptacle (Investigate and fix power issue, none from garage). 9. Reversed Polarity in Basement (Address reversed polarity at wall receptacles). 10. Ungrounded Receptacles in Basement (Fix ungrounded wall receptacles). 11. Kitchen Ventilation, windows only. 12. Bathroom Fan Exhaust (Redirect bathroom fan exhaust outside, goes to attic). 13. Inoperable Thermostat (Evaluate and fix thermostat). 14. Temperature Pressure Relief Valve (TPR) Discharge Pipe missing (Install TPR discharge pipe). 15. Water Leak (Address active water leak at hot water source). 16. Defective Breaker and Missing Labels (Consult electrician for breaker and panel label inspection). Or heres the full list from the inspection if this makes more sense, that was a rewrite through chatgpt attempting to list all major issues and possible fixes &#x200B; 1.1.1 Inspection Detail - General Inspection Info: Renovations,remodelling and additions 1.3.1 Inspection Detail - ON POSSESSION DAY : consider checking following parts and surrounding on the possession day 2.1.1 Roof - Roof Covering: ROOF TUNE up 2.1.2 Roof - Roof Covering: Tree Too Close 2.1.3 Roof - Roof Covering: Chimney cap 2.3.1 Roof - Plumbing Vent Pipes: Seal Roof Penetrations 2.4.1 Roof - Gutters & Downspouts: Debris in Gutters 2.4.2 Roof - Gutters & Downspouts: MAINTENANCE TIP 2.4.3 Roof - Gutters & Downspouts: Gutters Missing 3.1.1 Exterior - General: GAS METER TIP 3.3.1 Exterior - Wall-Covering, Flashing & Trim: Damaged Wall-Covering Material 3.3.2 Exterior - Wall-Covering, Flashing & Trim: Loose Wall-Covering Material 3.5.1 Exterior - GFCIs & Electrical: Missing GFCI AND COVER 3.5.2 Exterior - GFCIs & Electrical: Consider Receptacle 3.11.1 Exterior - Exterior Doors: Doorbell Does Not Ring 4.2.1 Doors, Windows & Interior - Windows: A common question from clients when viewing a basement bedroom: “Is that a legal size window?” 4.2.2 Doors, Windows & Interior - Windows: loose Hardware at Window 4.3.1 Doors, Windows & Interior - Switches, Fixtures & Receptacles: Missing bulbs. 4.3.2 Doors, Windows & Interior - Switches, Fixtures & Receptacles: Cover Plates Missing or Damaged 4.3.3 Doors, Windows & Interior - Switches, Fixtures & Receptacles: Power Not Present at Receptacle 4.3.4 Doors, Windows & Interior - Switches, Fixtures & Receptacles: Reversed Polarity 4.3.5 Doors, Windows & Interior - Switches, Fixtures & Receptacles: Ungrounded Receptacle 4.7.1 Doors, Windows & Interior - Presence of Smoke and CO Detectors: MAINTENANCE TIP FOR SMOKE ALARMS 4.7.2 Doors, Windows & Interior - Presence of Smoke and CO Detectors: MAINTENANCE TIP FOR CARBON MONOXIDE DETECTORS 4.7.3 Doors, Windows & Interior - Presence of Smoke and CO Detectors: HOME SAFETY PLACEMENT RECOMMENDATIONS 5.1.1 Kitchen/Appliances - Information: owner's manual 5.1.2 Kitchen/Appliances - Information: APPLIANCE(S) INSPECTION 5.2.1 Kitchen/Appliances - Kitchen Sink: Defect at S-Trap 5.3.1 Kitchen/Appliances - GFCI: Missing GFCI Protection 5.5.1 Kitchen/Appliances - Range/Oven/Cooktop: Cosmetic Damage 5.5.2 Kitchen/Appliances - Range/Oven/Cooktop: Stove in packing 5.5.3 Kitchen/Appliances - Range/Oven/Cooktop: Loose door handle 5.6.1 Kitchen/Appliances - Exhaust Fan: Light Did Not Turn On 5.6.2 Kitchen/Appliances - Exhaust Fan: KITCHEN VENTED BY WINDOWS ONLY 7.1.1 Attic, Insulation & Ventilation - Structural Components & Observations in Attic: Prior Water Penetration Observed 7.2.1 Attic, Insulation & Ventilation - Insulation in Attic: wood chip insulation 7.4.1 Attic, Insulation & Ventilation - Mechanical Exhaust System: Bathroom Fan Exhausts Into Attic 8.3.1 Bathrooms - Sinks, Tubs & Showers: CAULKING IMPROVEMENTS NEEDED 10.8.1 Basement, Foundation, Crawlspace & Structure - Sump Pump: sump pump 11.1.1 Heating - Thermostat and Normal Operating Controls: Heating System Maintenance 11.1.2 Heating - Thermostat and Normal Operating Controls: Inoperable Thermostat 11.2.1 Heating - Heating System Information: Old System 13.4.1 Plumbing - Hot Water Tank: MAINTENANCE TIP FOR WATER TANK 13.4.2 Plumbing - Hot Water Tank: Old System 13.4.3 Plumbing - Hot Water Tank: NO TPR DISCHARGE PIPE 13.4.4 Plumbing - Hot Water Tank: Water Leak 14.4.1 Electrical - Electrical Wiring: Double tapped neutral Wires 14.4.2 Electrical - Electrical Wiring: Defective breaker 14.4.3 Electrical - Electrical Wiring: Power line in contact 14.5.1 Electrical - Panelboards & Breakers: Missing labels 15.1.1 Garage - Garage Floor: Cracked Concrete at Garage Floor 15.1.2 Garage - Garage Floor: GARAGE DOOR TIP 15.3.1 Garage - Garage Vehicle Door Opener: Photo-Electric Eyes Were Too High 15.5.1 Garage - Ceiling, Walls & Firewalls in Garage: Water damage &#x200B; &#x200B; This seems like a LOT. &#x200B;","How bad is our home inspection? What would you ask for? Were about to buy a newly reno'd home from some flippers but were not in the city, and this is our first buy, not gonna lie this inspection is a bit overwhlmeing with these items flagged, the house is in a highly competitive market and is priced according to the area and its newly reno'd appeal. Any tips on what we should ask for off, or what MUST be done and what we can DIY or handle later would be highly appreciated. Ty kindly; &#x200B; here is the list of issues identified during the home inspection, along with the necessary fixes indicated in parentheses: 1. Renovations, Remodeling, and Additions (Provide documentation or evidence of permits obtained, missing permits). 2. Plumbing Vent Pipes (Seal plumbing vent pipe(s) and roof penetration(s) to prevent leaks, missing seal). 3. Gutters & Downspouts on standalone garage (Install missing gutters). 4. Exterior Electrical Receptacle Outlet (Install at least one receptacle in the front and back of the house, none at the moment). 5. Doorbell (Repair the inoperative doorbell, doesn't ring). 6. Windows (Fix loose hardware at windows, one window with loose hardware). 7. Switches, Fixtures & Receptacles (Replace missing light bulbs and damaged cover plates in kitchen). 8. Power at Exterior Garage Receptacle (Investigate and fix power issue, none from garage). 9. Reversed Polarity in Basement (Address reversed polarity at wall receptacles). 10. Ungrounded Receptacles in Basement (Fix ungrounded wall receptacles). 11. Kitchen Ventilation, windows only. 12. Bathroom Fan Exhaust (Redirect bathroom fan exhaust outside, goes to attic). 13. Inoperable Thermostat (Evaluate and fix thermostat). 14. Temperature Pressure Relief Valve (TPR) Discharge Pipe missing (Install TPR discharge pipe). 15. Water Leak (Address active water leak at hot water source). 16. Defective Breaker and Missing Labels (Consult electrician for breaker and panel label inspection). Or heres the full list from the inspection if this makes more sense, that was a rewrite through chatgpt attempting to list all major issues and possible fixes &#x200B; 1.1.1 Inspection Detail - General Inspection Info: Renovations,remodelling and additions 1.3.1 Inspection Detail - ON POSSESSION DAY : consider checking following parts and surrounding on the possession day 2.1.1 Roof - Roof Covering: ROOF TUNE up 2.1.2 Roof - Roof Covering: Tree Too Close 2.1.3 Roof - Roof Covering: Chimney cap 2.3.1 Roof - Plumbing Vent Pipes: Seal Roof Penetrations 2.4.1 Roof - Gutters & Downspouts: Debris in Gutters 2.4.2 Roof - Gutters & Downspouts: MAINTENANCE TIP 2.4.3 Roof - Gutters & Downspouts: Gutters Missing 3.1.1 Exterior - General: GAS METER TIP 3.3.1 Exterior - Wall-Covering, Flashing & Trim: Damaged Wall-Covering Material 3.3.2 Exterior - Wall-Covering, Flashing & Trim: Loose Wall-Covering Material 3.5.1 Exterior - GFCIs & Electrical: Missing GFCI AND COVER 3.5.2 Exterior - GFCIs & Electrical: Consider Receptacle 3.11.1 Exterior - Exterior Doors: Doorbell Does Not Ring 4.2.1 Doors, Windows & Interior - Windows: A common question from clients when viewing a basement bedroom: “Is that a legal size window?” 4.2.2 Doors, Windows & Interior - Windows: loose Hardware at Window 4.3.1 Doors, Windows & Interior - Switches, Fixtures & Receptacles: Missing bulbs. 4.3.2 Doors, Windows & Interior - Switches, Fixtures & Receptacles: Cover Plates Missing or Damaged 4.3.3 Doors, Windows & Interior - Switches, Fixtures & Receptacles: Power Not Present at Receptacle 4.3.4 Doors, Windows & Interior - Switches, Fixtures & Receptacles: Reversed Polarity 4.3.5 Doors, Windows & Interior - Switches, Fixtures & Receptacles: Ungrounded Receptacle 4.7.1 Doors, Windows & Interior - Presence of Smoke and CO Detectors: MAINTENANCE TIP FOR SMOKE ALARMS 4.7.2 Doors, Windows & Interior - Presence of Smoke and CO Detectors: MAINTENANCE TIP FOR CARBON MONOXIDE DETECTORS 4.7.3 Doors, Windows & Interior - Presence of Smoke and CO Detectors: HOME SAFETY PLACEMENT RECOMMENDATIONS 5.1.1 Kitchen/Appliances - Information: owner's manual 5.1.2 Kitchen/Appliances - Information: APPLIANCE(S) INSPECTION 5.2.1 Kitchen/Appliances - Kitchen Sink: Defect at S-Trap 5.3.1 Kitchen/Appliances - GFCI: Missing GFCI Protection 5.5.1 Kitchen/Appliances - Range/Oven/Cooktop: Cosmetic Damage 5.5.2 Kitchen/Appliances - Range/Oven/Cooktop: Stove in packing 5.5.3 Kitchen/Appliances - Range/Oven/Cooktop: Loose door handle 5.6.1 Kitchen/Appliances - Exhaust Fan: Light Did Not Turn On 5.6.2 Kitchen/Appliances - Exhaust Fan: KITCHEN VENTED BY WINDOWS ONLY 7.1.1 Attic, Insulation & Ventilation - Structural Components & Observations in Attic: Prior Water Penetration Observed 7.2.1 Attic, Insulation & Ventilation - Insulation in Attic: wood chip insulation 7.4.1 Attic, Insulation & Ventilation - Mechanical Exhaust System: Bathroom Fan Exhausts Into Attic 8.3.1 Bathrooms - Sinks, Tubs & Showers: CAULKING IMPROVEMENTS NEEDED 10.8.1 Basement, Foundation, Crawlspace & Structure - Sump Pump: sump pump 11.1.1 Heating - Thermostat and Normal Operating Controls: Heating System Maintenance 11.1.2 Heating - Thermostat and Normal Operating Controls: Inoperable Thermostat 11.2.1 Heating - Heating System Information: Old System 13.4.1 Plumbing - Hot Water Tank: MAINTENANCE TIP FOR WATER TANK 13.4.2 Plumbing - Hot Water Tank: Old System 13.4.3 Plumbing - Hot Water Tank: NO TPR DISCHARGE PIPE 13.4.4 Plumbing - Hot Water Tank: Water Leak 14.4.1 Electrical - Electrical Wiring: Double tapped neutral Wires 14.4.2 Electrical - Electrical Wiring: Defective breaker 14.4.3 Electrical - Electrical Wiring: Power line in contact 14.5.1 Electrical - Panelboards & Breakers: Missing labels 15.1.1 Garage - Garage Floor: Cracked Concrete at Garage Floor 15.1.2 Garage - Garage Floor: GARAGE DOOR TIP 15.3.1 Garage - Garage Vehicle Door Opener: Photo-Electric Eyes Were Too High 15.5.1 Garage - Ceiling, Walls & Firewalls in Garage: Water damage &#x200B; &#x200B; This seems like a LOT. &#x200B;",https://www.reddit.com/r/HomeMaintenance/comments/157zvuf/how_bad_is_our_home_inspection_what_would_you_ask/,2,3,https://www.reddit.com/r/HomeMaintenance/comments/157zvuf/how_bad_is_our_home_inspection_what_would_you_ask/,loose trim,needs_review_urgent_signal,,manual_review_pending,,urgent_safety_risk,0.87,gas_or_carbon_monoxide:\bcarbon monoxide\b; fire_smoke_or_sparks:\bsmoke\b; contained_water_damage:\bleak(?:s|ing|ed)?\b; trade_system_issue:\bbreaker\b; mold_or_foundation_concern:\bcrawlspace\b; cosmetic_or_minor_finish:\btrim\b,"{""low_risk_diy"": 2.2, ""medium_risk_call_pro"": 6.0, ""urgent_safety_risk"": 7.5}",no,,,,,MR0114,urgent_safety_risk,4,Manthan,,
39lgu0,DIY,2015-06-12T15:45:37+00:00,Question - basement insulation,"Hello Reddit - Just looking for a little validation on a basement project plan before I move forward. My wife & I purchased a mid-late 1970s back-split home located in southern Ontario, Canada - so we are talking about winter temps say around -10C on average, but could peak to -20C. We decided about a week ago that it was time to start tackling the renovation of our lower level - so the level that is 1/2 below grade, 1/2 above grade. The part above grade was drywall with a thick texture over it. The below grade part had wood paneling - like so http://imgur.com/I177q9f. Originally planned just to scrape off the thick texture on the walls/ceiling, but we decided since we were making a huge mess already, may as well rip off the lovely wood paneling and dark trim while we were at it. We were thrilled to discover that there was drywall behind the wood paneling... not taped, but at least there was drywall. All is fantastic in the world, or so I thought until last night. I decided to take a peak behind behind the drywall. The lower half has no insulation at all. The upper half appears to have pink batts + vapor barrier. Guess this begins to explain why the the basement was rather chilly in the winter. As you can hopefully see from the picture above, the lower part is framed out from the foundation wall, the upper part is framed ontop of the foundation wall giving us that little ledge that runs around the room, I know some might say to just re-frame it right up to the ceiling for a straight wall, but that's more than we want to do right now. I feel like I have a few options for addressing this insulation issue, but hopefully somebody more experienced can tell me just how worth while some of this is. 1. Pull the framing off the foundation wall, put 2"" XPS rigid foam (looking at Foamular C200) on the foundation walls, that should give me an R10 rating + act as a vapor barrier, put the framing back infront of the foam, fill the voids with either roxul or fiberglass insulation which should add another R12-14 giving me a total of R22-24. If I'm lucky I can just re-use the existing framing depending on how easy it comes off (it seems a little loose right now). May decide to re-drywall anyways though as its got quite a number of bruises from pulling off the paneling. 2. Roughly the same plan, except I could use Roxul Comfortboard IS instead of foam, its only R6 rated at 1.5"", the cost would be roughly half or even less than the foam though. Combined with Roxul Comfortbatt between the studs would bring me up to R20, i'd then have to put poly vapor barrier on the interior side of the studs. 3. I could just pull the drywall off the existing framing, fill the voids with roxul or fiberglass giving me roughly R12-14 and put new poly vapor barrier overtop. As I write this all out, I feel like (1) is the best option, but (2) does seem rather attractive too as it would cost less and is perhaps not an overly significant difference in R value? 1. Is there any fault with either of these plans? anything I am missing? Or a completely different option I should consider? I know moisture in basements is a serious concern... so want to make sure its done right. 2. With option (1) being the obviously ""best"" option, is achieving R22-R24 going to be worth the added expense? over option (2) or even (3)? Now just for a little bit of ridiculousness to this whole situation of having no insulation at all behind the drywall and hopefully give you a laugh. This is from a different room, but its the same situation in this one I'm talking about. http://imgur.com/jtDWf5H . Yes, precisely, there is no insulation at all behind the drywall, but apparently filling the entire f'ing electrical box with spray foam is a good idea - don't worry, these are being dealt with. THanks for taking the time to read all this!","Question - basement insulation Hello Reddit - Just looking for a little validation on a basement project plan before I move forward. My wife & I purchased a mid-late 1970s back-split home located in southern Ontario, Canada - so we are talking about winter temps say around -10C on average, but could peak to -20C. We decided about a week ago that it was time to start tackling the renovation of our lower level - so the level that is 1/2 below grade, 1/2 above grade. The part above grade was drywall with a thick texture over it. The below grade part had wood paneling - like so http://imgur.com/I177q9f. Originally planned just to scrape off the thick texture on the walls/ceiling, but we decided since we were making a huge mess already, may as well rip off the lovely wood paneling and dark trim while we were at it. We were thrilled to discover that there was drywall behind the wood paneling... not taped, but at least there was drywall. All is fantastic in the world, or so I thought until last night. I decided to take a peak behind behind the drywall. The lower half has no insulation at all. The upper half appears to have pink batts + vapor barrier. Guess this begins to explain why the the basement was rather chilly in the winter. As you can hopefully see from the picture above, the lower part is framed out from the foundation wall, the upper part is framed ontop of the foundation wall giving us that little ledge that runs around the room, I know some might say to just re-frame it right up to the ceiling for a straight wall, but that's more than we want to do right now. I feel like I have a few options for addressing this insulation issue, but hopefully somebody more experienced can tell me just how worth while some of this is. 1. Pull the framing off the foundation wall, put 2"" XPS rigid foam (looking at Foamular C200) on the foundation walls, that should give me an R10 rating + act as a vapor barrier, put the framing back infront of the foam, fill the voids with either roxul or fiberglass insulation which should add another R12-14 giving me a total of R22-24. If I'm lucky I can just re-use the existing framing depending on how easy it comes off (it seems a little loose right now). May decide to re-drywall anyways though as its got quite a number of bruises from pulling off the paneling. 2. Roughly the same plan, except I could use Roxul Comfortboard IS instead of foam, its only R6 rated at 1.5"", the cost would be roughly half or even less than the foam though. Combined with Roxul Comfortbatt between the studs would bring me up to R20, i'd then have to put poly vapor barrier on the interior side of the studs. 3. I could just pull the drywall off the existing framing, fill the voids with roxul or fiberglass giving me roughly R12-14 and put new poly vapor barrier overtop. As I write this all out, I feel like (1) is the best option, but (2) does seem rather attractive too as it would cost less and is perhaps not an overly significant difference in R value? 1. Is there any fault with either of these plans? anything I am missing? Or a completely different option I should consider? I know moisture in basements is a serious concern... so want to make sure its done right. 2. With option (1) being the obviously ""best"" option, is achieving R22-R24 going to be worth the added expense? over option (2) or even (3)? Now just for a little bit of ridiculousness to this whole situation of having no insulation at all behind the drywall and hopefully give you a laugh. This is from a different room, but its the same situation in this one I'm talking about. http://imgur.com/jtDWf5H . Yes, precisely, there is no insulation at all behind the drywall, but apparently filling the entire f'ing electrical box with spray foam is a good idea - don't worry, these are being dealt with. THanks for taking the time to read all this!",https://www.reddit.com/r/DIY/comments/39lgu0/question_basement_insulation/,0,10,https://www.reddit.com/r/DIY/comments/39lgu0/question_basement_insulation/,loose trim,needs_review_medium_signal,,manual_review_pending,,low_risk_diy,0.82,cosmetic_or_minor_finish:\btrim\b,"{""low_risk_diy"": 2.2}",no,,,,,MR0115,low_risk_diy,3,Max,,
1ttt4f8,Plumbing,2026-06-01T14:00:24+00:00,The court yard drain got back flow when there is heavy rain. It flood in the basement. What do you think we need to do?,,The court yard drain got back flow when there is heavy rain. It flood in the basement. What do you think we need to do?,https://www.reddit.com/r/Plumbing/comments/1ttt4f8/the_court_yard_drain_got_back_flow_when_there_is/,15,9,https://www.reddit.com/r/Plumbing/comments/1ttt4f8/the_court_yard_drain_got_back_flow_when_there_is/,flooding,needs_review_urgent_signal,,manual_review_pending,,,0.00,no_labeling_function_matched,{},yes,,,,,MR0116,needs_human_review,1,Patrick,,
1ts5kju,HomeImprovement,2026-05-30T17:11:06+00:00,How to cover leak detection device that sticks 4 inches out of wall in finished basement,"Our insurance forced us to get a leak detection system installed, and our water main is in the back of our finished basement. Previously there was the typical flat access panel over the water main, but the leak detection device sticks out 4 inches past the dry wall so we obviously can’t just put it back there and the wall is currently open. I am deciding between having a dry wall bump out the 4 inches and the putting the flat access panel back over it, vs making basically a cabinent over it that you open and just opens up to then water shut off. Either way, it will have to have a small hole in it for the cord for the device to come though as it has to be plugged in.","How to cover leak detection device that sticks 4 inches out of wall in finished basement Our insurance forced us to get a leak detection system installed, and our water main is in the back of our finished basement. Previously there was the typical flat access panel over the water main, but the leak detection device sticks out 4 inches past the dry wall so we obviously can’t just put it back there and the wall is currently open. I am deciding between having a dry wall bump out the 4 inches and the putting the flat access panel back over it, vs making basically a cabinent over it that you open and just opens up to then water shut off. Either way, it will have to have a small hole in it for the cord for the device to come though as it has to be plugged in.",https://www.reddit.com/r/HomeImprovement/comments/1ts5kju/how_to_cover_leak_detection_device_that_sticks_4/,5,3,https://www.reddit.com/r/HomeImprovement/comments/1ts5kju/how_to_cover_leak_detection_device_that_sticks_4/,leak,needs_review_medium_signal,,manual_review_pending,,medium_risk_call_pro,0.67,contained_water_damage:\bleak(?:s|ing|ed)?\b; cosmetic_or_minor_finish:\bsmall hole\b,"{""low_risk_diy"": 2.2, ""medium_risk_call_pro"": 2.0}",yes,,,,,MR0117,needs_human_review,1,Patrick,,
16wcdor,HomeImprovement,2023-09-30T17:18:33+00:00,Smell Gas in Basement,I have lived in my home my whole life. I often smell gas in our basement. I have had the gas company come of several times and they never detect anything. My mom says this has been going on since they built the place in the early 90s. What could this smell be if it is not natural gas or carbon monoxide?,Smell Gas in Basement I have lived in my home my whole life. I often smell gas in our basement. I have had the gas company come of several times and they never detect anything. My mom says this has been going on since they built the place in the early 90s. What could this smell be if it is not natural gas or carbon monoxide?,https://www.reddit.com/r/HomeImprovement/comments/16wcdor/smell_gas_in_basement/,1,1,https://www.reddit.com/r/HomeImprovement/comments/16wcdor/smell_gas_in_basement/,gas smell,needs_review_urgent_signal,,manual_review_pending,,urgent_safety_risk,0.95,gas_or_carbon_monoxide:\bsmell(?:s|ing)? (?:like )?gas\b,"{""urgent_safety_risk"": 4.0}",no,,,,,MR0118,urgent_safety_risk,1,Patrick,,
13hgxiz,askanelectrician,2023-05-14T16:41:32+00:00,Recall concern,"So the company whose electrical box is in our house had a recall. ( I am purposefully trying to be vague). They sent an electrician out to our house. He gave us no report, simply said it’s fine and put a green sticker on it. Five months later, we had partial power and another electrician did a diagnostic and found that we had a burnt neutral in panel and the lug that bonds neutral bar to the ground bar. He also found we had 6 AFCI combination breakers that are bad now they are tripping and won’t reset.They installed 6 AFCI combination breakers which cost us over 2,000. Then our fans went out in the bathroom ( another separate issue). However I called the company with the recall and asked for a report for when we got the green sticker, detailing what was okay. They can’t produce it ( or are taking their sweet time). I don’t think this is normal. The house was purchased new in 2020. I feel an inspection in 2022 would have caught the issue which is why I want to see what he saw or didn’t see myself. Anyone have any ideas?","Recall concern So the company whose electrical box is in our house had a recall. ( I am purposefully trying to be vague). They sent an electrician out to our house. He gave us no report, simply said it’s fine and put a green sticker on it. Five months later, we had partial power and another electrician did a diagnostic and found that we had a burnt neutral in panel and the lug that bonds neutral bar to the ground bar. He also found we had 6 AFCI combination breakers that are bad now they are tripping and won’t reset.They installed 6 AFCI combination breakers which cost us over 2,000. Then our fans went out in the bathroom ( another separate issue). However I called the company with the recall and asked for a report for when we got the green sticker, detailing what was okay. They can’t produce it ( or are taking their sweet time). I don’t think this is normal. The house was purchased new in 2020. I feel an inspection in 2022 would have caught the issue which is why I want to see what he saw or didn’t see myself. Anyone have any ideas?",https://www.reddit.com/r/askanelectrician/comments/13hgxiz/recall_concern/,0,1,https://www.reddit.com/r/askanelectrician/comments/13hgxiz/recall_concern/,electrical issue,needs_review_unclear,,manual_review_pending,,,0.00,no_labeling_function_matched,{},yes,,,,,MR0119,needs_human_review,4,Manthan,,
1ttbl12,HomeImprovement,2026-05-31T23:57:30+00:00,Basement Window Leak Advice,"Hi there, I'm currently dealing with a leaking basement window and I'm wondering if anyone might have had a similar issue that can help me out. The window is in the basement connected to a window well. It doesn't seem like the window well itself is filling up and I have my gutters away from the window. Does anyone know what kind of person I need to find to rectify this issue? When I put my hand near the side of the window I feel some air flow on one side where water is coming in from. Also any advice as to what I should do in the meantime until this rain stops in a couple days? TIA! Some photos of the inside and the exterior window. https://imgur.com/a/WGjgjK1","Basement Window Leak Advice Hi there, I'm currently dealing with a leaking basement window and I'm wondering if anyone might have had a similar issue that can help me out. The window is in the basement connected to a window well. It doesn't seem like the window well itself is filling up and I have my gutters away from the window. Does anyone know what kind of person I need to find to rectify this issue? When I put my hand near the side of the window I feel some air flow on one side where water is coming in from. Also any advice as to what I should do in the meantime until this rain stops in a couple days? TIA! Some photos of the inside and the exterior window. https://imgur.com/a/WGjgjK1",https://www.reddit.com/r/HomeImprovement/comments/1ttbl12/basement_window_leak_advice/,2,1,https://www.reddit.com/r/HomeImprovement/comments/1ttbl12/basement_window_leak_advice/,leak,needs_review_medium_signal,,manual_review_pending,,medium_risk_call_pro,0.80,contained_water_damage:\bleak(?:s|ing|ed)?\b,"{""medium_risk_call_pro"": 2.0}",no,,,,,MR0120,medium_risk_call_pro,1,Patrick,,
1svbcma,Plumbing,2026-04-25T12:50:52+00:00,Just can't leave the apprentice alone with the press tool.,Flooded the office below overnight. Somehow held pressure until it didn't.,Just can't leave the apprentice alone with the press tool. Flooded the office below overnight. Somehow held pressure until it didn't.,https://www.reddit.com/r/Plumbing/comments/1svbcma/just_cant_leave_the_apprentice_alone_with_the/,149,41,https://i.redd.it/6ucy977h2cxg1.jpeg,flooding,needs_review_urgent_signal,,manual_review_pending,,urgent_safety_risk,0.90,active_flooding_or_sewage:\bflooded\b,"{""urgent_safety_risk"": 3.0}",no,,,,,MR0121,urgent_safety_risk,3,Max,,
1sj30xq,DIY,2026-04-12T03:11:24+00:00,Foam Backer Rod,"So I needed to repair some failed, cracking caulk around two of my mother's windows. So cut out the out caulk, replace the foam backer rod, and re-caulk it. Seemed simple. I went to the local Ace Hardware. The nice fella helping me had never heard of foam backer rod. He asked his bosses. They said they had no idea what it was either. I went to Lowes assuming it might be near caulk. The nice lady in the paint department had no idea what I was talking about either. I eventually found it there, but does just nobody use this stuff anymore?","Foam Backer Rod So I needed to repair some failed, cracking caulk around two of my mother's windows. So cut out the out caulk, replace the foam backer rod, and re-caulk it. Seemed simple. I went to the local Ace Hardware. The nice fella helping me had never heard of foam backer rod. He asked his bosses. They said they had no idea what it was either. I went to Lowes assuming it might be near caulk. The nice lady in the paint department had no idea what I was talking about either. I eventually found it there, but does just nobody use this stuff anymore?",https://www.reddit.com/r/DIY/comments/1sj30xq/foam_backer_rod/,51,44,https://www.reddit.com/r/DIY/comments/1sj30xq/foam_backer_rod/,caulk,needs_review_low_signal,,manual_review_pending,,low_risk_diy,0.82,cosmetic_or_minor_finish:\bpaint(?:ing|ed)?\b,"{""low_risk_diy"": 2.2}",no,,,,,MR0122,low_risk_diy,3,Max,,
12rht3l,askanelectrician,2023-04-19T05:12:47+00:00,Burnt wires behind dryer 220 outlet,"I noticed a burning smell and assumed it was lint (I remove it everytime). It happened about 2 and I vacuumed out the lint area. I had a friend come over and he said a loose connector burnt the a wire. He thinks he can fix it by trimming back the burnt wire. He has done this before, but I am worried it might have damaged the middle of the wiring and my house will catch on fire. Is something relatively easy to fix or do I need a trained electrician?","Burnt wires behind dryer 220 outlet I noticed a burning smell and assumed it was lint (I remove it everytime). It happened about 2 and I vacuumed out the lint area. I had a friend come over and he said a loose connector burnt the a wire. He thinks he can fix it by trimming back the burnt wire. He has done this before, but I am worried it might have damaged the middle of the wiring and my house will catch on fire. Is something relatively easy to fix or do I need a trained electrician?",https://www.reddit.com/r/askanelectrician/comments/12rht3l/burnt_wires_behind_dryer_220_outlet/,1,0,https://www.reddit.com/r/askanelectrician/comments/12rht3l/burnt_wires_behind_dryer_220_outlet/,loose trim,needs_review_urgent_signal,,manual_review_pending,,urgent_safety_risk,0.82,fire_smoke_or_sparks:\bburning smell\b; trade_system_issue:\boutlets?\b,"{""medium_risk_call_pro"": 2.0, ""urgent_safety_risk"": 3.5}",no,,,,,MR0123,urgent_safety_risk,2,Sarah,,
15fab54,hvacadvice,2023-08-01T11:50:41+00:00,Line Set Question,"I'm used to seeing a line set come out of the wall and over to the condenser. This is a first for me, but my line set on my five year old house is coming out of the ground and then connecting to the condenser. It makes it hard to mow and trim around for fear I'm going to break something loose. Is it common to direct bury line set?","Line Set Question I'm used to seeing a line set come out of the wall and over to the condenser. This is a first for me, but my line set on my five year old house is coming out of the ground and then connecting to the condenser. It makes it hard to mow and trim around for fear I'm going to break something loose. Is it common to direct bury line set?",https://www.reddit.com/r/hvacadvice/comments/15fab54/line_set_question/,1,0,https://www.reddit.com/r/hvacadvice/comments/15fab54/line_set_question/,loose trim,needs_review_low_signal,,manual_review_pending,,low_risk_diy,0.82,cosmetic_or_minor_finish:\btrim\b,"{""low_risk_diy"": 2.2}",no,,,,,MR0124,low_risk_diy,1,Patrick,,
1tqpk70,HomeMaintenance,2026-05-29T03:25:17+00:00,Could it be termite damage? NE FL.,"Please ignore the weird photo coloring. The lighting was green, I couldn’t get flash to work, and I just needed it to show up. There’s some water damage happening in my apartment (I know. I’m leaving. Tonight I found mold) but I want to know what the wood crumblies are? They’re like perfect circles….","Could it be termite damage? NE FL. Please ignore the weird photo coloring. The lighting was green, I couldn’t get flash to work, and I just needed it to show up. There’s some water damage happening in my apartment (I know. I’m leaving. Tonight I found mold) but I want to know what the wood crumblies are? They’re like perfect circles….",https://www.reddit.com/r/HomeMaintenance/comments/1tqpk70/could_it_be_termite_damage_ne_fl/,1,4,https://i.redd.it/gb6t0t5iwz3h1.jpeg,mold,needs_review_medium_signal,,manual_review_pending,,medium_risk_call_pro,0.95,contained_water_damage:\bwater damage(?:d)?\b; mold_or_foundation_concern:\bmold\b,"{""medium_risk_call_pro"": 4.0}",no,,,,,MR0125,medium_risk_call_pro,2,Sarah,,
1rs81uk,HomeMaintenance,2026-03-13T00:12:07+00:00,Paint cracking and peeling near shower window,"I assume this is due to bad ventilation. Do I need to do anything besides scrap of the excess, and apply paint & primer?","Paint cracking and peeling near shower window I assume this is due to bad ventilation. Do I need to do anything besides scrap of the excess, and apply paint & primer?",https://www.reddit.com/r/HomeMaintenance/comments/1rs81uk/paint_cracking_and_peeling_near_shower_window/,2,1,https://i.redd.it/z2iz88dvfpog1.png,paint peeling,needs_review_low_signal,,manual_review_pending,,low_risk_diy,0.82,cosmetic_or_minor_finish:\bpaint(?:ing|ed)?\b,"{""low_risk_diy"": 2.2}",no,,,,,MR0126,low_risk_diy,3,Max,,
1139y32,askanelectrician,2023-02-15T22:06:30+00:00,My shower valve feels like it’s shocking me.,"I don’t know if I should post this here but I don’t know where else to put it (obligatory sorry for formatting I’m on mobile.) I was taking a shower and tried to adjust the water and whenever I touched the valve (right where it connected to the wall) I felt a tingling sensation in my hand that started hurting after I left it there for a moment. I’ve never really experienced electricity shocks before but I think that’s what this was from what I’ve heard. Felt exactly like a more extreme version of a static electricity shock. I immediately got out of the shower but now I’m worried if this is a bigger issue or if it’s normal. My family doesn’t think we should call an electrician, but I don’t know. Advice? Update: Okay, we have an electrician coming out here. Are all the other bathrooms in the house safe or just this one?","My shower valve feels like it’s shocking me. I don’t know if I should post this here but I don’t know where else to put it (obligatory sorry for formatting I’m on mobile.) I was taking a shower and tried to adjust the water and whenever I touched the valve (right where it connected to the wall) I felt a tingling sensation in my hand that started hurting after I left it there for a moment. I’ve never really experienced electricity shocks before but I think that’s what this was from what I’ve heard. Felt exactly like a more extreme version of a static electricity shock. I immediately got out of the shower but now I’m worried if this is a bigger issue or if it’s normal. My family doesn’t think we should call an electrician, but I don’t know. Advice? Update: Okay, we have an electrician coming out here. Are all the other bathrooms in the house safe or just this one?",https://www.reddit.com/r/askanelectrician/comments/1139y32/my_shower_valve_feels_like_its_shocking_me/,1,6,https://www.reddit.com/r/askanelectrician/comments/1139y32/my_shower_valve_feels_like_its_shocking_me/,electrical issue,needs_review_unclear,,manual_review_pending,,,0.00,no_labeling_function_matched,{},yes,,,,,MR0127,needs_human_review,4,Manthan,,
10mnxeg,askanelectrician,2023-01-27T15:42:50+00:00,lights flickering from certain appliances,"Hi Electricians - I have several appliances that are causing all (LED) lights in the house to flicker. Looking for some troubleshooting advice. Some examples: * vacuum turning on * table saw running * miter saw running * a tea kettle - this kettle has two phases - a ""bulk"" heat phase and a ""i'm almost at temp phase"". during the ""bulk"" it draws 10 amps. this causes no issues on the lights. then a click (assuming a relay) occurs when it's close to temp and then it draws 5 amps. this is when the lights flicker. I assume the kettle is causing the lights to flicker cause it's china junk and introducing noise back into the circuit by whatever circuitry it uses to draw half the power. (amperage measured w/ a kill-a-watt) I've been slowly replacing all of the light bulbs w/ LEDs and that is when I started to notice the flickering. The strange part to me is that it's affecting all circuits. (e.g. I plugged the kettle into every circuit in the house, and the same lights flicker due to it). The vacuum will make all lights flicker regardless if it's a circuit off the main panel or the subpanel. If it was affecting just one circuit, I'd assume a loose neutral at the light. So I'm thinking it might be something between the main panel and the power company? I called the power company the other day and they ran some basic tests at the xformer. e.g one that he described was drawing 60 amps from the pole and the voltage dropped less than 1% (from 120 to 118). As a test, I ran my table saw and then asked one neighbor if his lights were flickering too, and got a negative back. As I'm typing this - realized I didn't ask if he uses LED lights or not - so maybe I need to bring a bulb over for that sort of test. fwiw - i'm an electrical engineer, so i know how the spicy pixies work - just aint a certified electrician. edit: before/after of the main panel - https://imgur.com/a/XHvxO0Q","lights flickering from certain appliances Hi Electricians - I have several appliances that are causing all (LED) lights in the house to flicker. Looking for some troubleshooting advice. Some examples: * vacuum turning on * table saw running * miter saw running * a tea kettle - this kettle has two phases - a ""bulk"" heat phase and a ""i'm almost at temp phase"". during the ""bulk"" it draws 10 amps. this causes no issues on the lights. then a click (assuming a relay) occurs when it's close to temp and then it draws 5 amps. this is when the lights flicker. I assume the kettle is causing the lights to flicker cause it's china junk and introducing noise back into the circuit by whatever circuitry it uses to draw half the power. (amperage measured w/ a kill-a-watt) I've been slowly replacing all of the light bulbs w/ LEDs and that is when I started to notice the flickering. The strange part to me is that it's affecting all circuits. (e.g. I plugged the kettle into every circuit in the house, and the same lights flicker due to it). The vacuum will make all lights flicker regardless if it's a circuit off the main panel or the subpanel. If it was affecting just one circuit, I'd assume a loose neutral at the light. So I'm thinking it might be something between the main panel and the power company? I called the power company the other day and they ran some basic tests at the xformer. e.g one that he described was drawing 60 amps from the pole and the voltage dropped less than 1% (from 120 to 118). As a test, I ran my table saw and then asked one neighbor if his lights were flickering too, and got a negative back. As I'm typing this - realized I didn't ask if he uses LED lights or not - so maybe I need to bring a bulb over for that sort of test. fwiw - i'm an electrical engineer, so i know how the spicy pixies work - just aint a certified electrician. edit: before/after of the main panel - https://imgur.com/a/XHvxO0Q",https://www.reddit.com/r/askanelectrician/comments/10mnxeg/lights_flickering_from_certain_appliances/,0,10,https://www.reddit.com/r/askanelectrician/comments/10mnxeg/lights_flickering_from_certain_appliances/,electrical issue,needs_review_unclear,,manual_review_pending,,,0.00,no_labeling_function_matched,{},yes,,,,,MR0128,needs_human_review,2,Sarah,,
1nn3mo3,HomeMaintenance,2025-09-21T21:03:56+00:00,What is growing on my wall????,"Someone help guide me in the right direction please. I moved my kiddos play kitchen today and this is on the wall behind it. It’s the front wall of our house, which is under a covered porch, and is in the living room area. There has been bubbled paint here since we moved in 3 years ago. I chalked it up to the bad paint job as there are other places in the house where paint has bubbled, I’ve peeled it and just find white flat dry wall. But this is a first for me and I’m scared out of my mind of what it is or what’s causing it. I’ve tried putting the image in google and don’t get anything specific. If you’ve seen this before can you tell me anything about it or what you did to resolve it? We have had a nightmare of a time since buying this house and want to just get out of it. I’d really love to know what I need to do to get this taken care of and get out of here asap.","What is growing on my wall???? Someone help guide me in the right direction please. I moved my kiddos play kitchen today and this is on the wall behind it. It’s the front wall of our house, which is under a covered porch, and is in the living room area. There has been bubbled paint here since we moved in 3 years ago. I chalked it up to the bad paint job as there are other places in the house where paint has bubbled, I’ve peeled it and just find white flat dry wall. But this is a first for me and I’m scared out of my mind of what it is or what’s causing it. I’ve tried putting the image in google and don’t get anything specific. If you’ve seen this before can you tell me anything about it or what you did to resolve it? We have had a nightmare of a time since buying this house and want to just get out of it. I’d really love to know what I need to do to get this taken care of and get out of here asap.",https://www.reddit.com/r/HomeMaintenance/comments/1nn3mo3/what_is_growing_on_my_wall/,17,8,https://www.reddit.com/gallery/1nn3mo3,paint peeling,needs_review_low_signal,,manual_review_pending,,low_risk_diy,0.82,cosmetic_or_minor_finish:\bpaint(?:ing|ed)?\b,"{""low_risk_diy"": 2.2}",no,,,,,MR0129,low_risk_diy,3,Max,,
11ps8y3,HomeImprovement,2023-03-12T22:39:52+00:00,Ventless Gas Log Problems,"We have ventless gas logs with a propane tank outside. Our propane company missed a fill and our tank ran out, and when I called to have them refill they had to come and do a “safety check” on the fireplace. The tech cleaned the element, did some sort of pressure test, etc. Ever since then our pilot light will not stay lit, and when running the logs themselves they sort of sputter, or make a puffing sound before coming all the way on. They come on, go back down, then come back full force but aren’t quite right. No smell of gas, but something isn’t working properly. I’m definitely calling tomorrow to have them come out, but any ideas in the meantime? Our carbon monoxide detectors are working and have not detected any issues.","Ventless Gas Log Problems We have ventless gas logs with a propane tank outside. Our propane company missed a fill and our tank ran out, and when I called to have them refill they had to come and do a “safety check” on the fireplace. The tech cleaned the element, did some sort of pressure test, etc. Ever since then our pilot light will not stay lit, and when running the logs themselves they sort of sputter, or make a puffing sound before coming all the way on. They come on, go back down, then come back full force but aren’t quite right. No smell of gas, but something isn’t working properly. I’m definitely calling tomorrow to have them come out, but any ideas in the meantime? Our carbon monoxide detectors are working and have not detected any issues.",https://www.reddit.com/r/HomeImprovement/comments/11ps8y3/ventless_gas_log_problems/,1,0,https://www.reddit.com/r/HomeImprovement/comments/11ps8y3/ventless_gas_log_problems/,gas smell,needs_review_urgent_signal,,manual_review_pending,,urgent_safety_risk,0.95,gas_or_carbon_monoxide:\bcarbon monoxide\b,"{""urgent_safety_risk"": 4.0}",no,,,,,MR0130,urgent_safety_risk,3,Max,,
14mharq,DIY,2023-06-29T21:36:37+00:00,Help with new vent install,"Hey everyone, I'm looking for some help here. I am updating my kitchen vent from the cheap plastic ones that loose the flaps every 1-2 years. I didn't realize how close to the siding/brick transition this was going to be. What's the best way to get this snug against the wall? Can I move the aluminum trim piece? Should I cut the sides, fold it upwards for clearance then once the panel is snug fold it back down? I'm not familiar with how siding is installed so not sure of the best way to approach this.","Help with new vent install Hey everyone, I'm looking for some help here. I am updating my kitchen vent from the cheap plastic ones that loose the flaps every 1-2 years. I didn't realize how close to the siding/brick transition this was going to be. What's the best way to get this snug against the wall? Can I move the aluminum trim piece? Should I cut the sides, fold it upwards for clearance then once the panel is snug fold it back down? I'm not familiar with how siding is installed so not sure of the best way to approach this.",https://www.reddit.com/r/DIY/comments/14mharq/help_with_new_vent_install/,5,1,https://www.reddit.com/gallery/14mharq,loose trim,needs_review_low_signal,,manual_review_pending,,low_risk_diy,0.82,cosmetic_or_minor_finish:\btrim\b,"{""low_risk_diy"": 2.2}",no,,,,,MR0131,low_risk_diy,4,Manthan,,
1p1kea5,HomeMaintenance,2025-11-19T21:26:44+00:00,Cinder block wall question,"We have lived in our house for two years now and this one section of wall has always has what looked like a little bubbling at the joints. It had been painted over so I never really questioned it but today I was hyper-fixated and kept poking different spots and got peeling paint but also a sandy concrete powder. Is this something I need to worry about or get looked at right away? For reference, we live in PA in a single family split level home. House is about 70 years old. The section of wall is an exterior wall and probably sits about 1-2 feet below a mulch bed. Any input or advice would be greatly appreciated. This is our first home so the list of projects and repairs has been endless. Thanks!","Cinder block wall question We have lived in our house for two years now and this one section of wall has always has what looked like a little bubbling at the joints. It had been painted over so I never really questioned it but today I was hyper-fixated and kept poking different spots and got peeling paint but also a sandy concrete powder. Is this something I need to worry about or get looked at right away? For reference, we live in PA in a single family split level home. House is about 70 years old. The section of wall is an exterior wall and probably sits about 1-2 feet below a mulch bed. Any input or advice would be greatly appreciated. This is our first home so the list of projects and repairs has been endless. Thanks!",https://www.reddit.com/r/HomeMaintenance/comments/1p1kea5/cinder_block_wall_question/,1,3,https://www.reddit.com/gallery/1p1kea5,paint peeling,needs_review_low_signal,,manual_review_pending,,low_risk_diy,0.82,cosmetic_or_minor_finish:\bpaint(?:ing|ed)?\b,"{""low_risk_diy"": 2.2}",no,,,,,MR0132,low_risk_diy,1,Patrick,,
1trxs7s,HomeMaintenance,2026-05-30T11:48:15+00:00,Dryer venting,Dryer vent cap and hole in wood aren’t aligned causing vent tube to fall out. Basically a 10 ft pipe with no supports except where it goes through the floor. Because of this it’s causing condensation when running and making small molding around pipe. It originally went through wall/ through a closet outside but they plugged both sides and routed it up. The second photo is what it looks like inside old dryer vent route. I don’t know if I should keep it the way it is and fix it. Or return it to its original design. Any thoughts are appreciated thank you.🙏🏻,Dryer venting Dryer vent cap and hole in wood aren’t aligned causing vent tube to fall out. Basically a 10 ft pipe with no supports except where it goes through the floor. Because of this it’s causing condensation when running and making small molding around pipe. It originally went through wall/ through a closet outside but they plugged both sides and routed it up. The second photo is what it looks like inside old dryer vent route. I don’t know if I should keep it the way it is and fix it. Or return it to its original design. Any thoughts are appreciated thank you.🙏🏻,https://www.reddit.com/r/HomeMaintenance/comments/1trxs7s/dryer_venting/,0,3,https://www.reddit.com/gallery/1trxs7s,mold,needs_review_unclear,,manual_review_pending,,,0.00,no_labeling_function_matched,{},yes,,,,,MR0133,needs_human_review,1,Patrick,,
1so3tyj,HomeMaintenance,2026-04-17T15:12:27+00:00,How to prep for new countertop?,"Hi everyone, I’m getting a new countertop installed in about a week. I removed an old backsplash to prepare and a layer of paint/drywall came off with it (as you can see I also started removing the metal trim piece before realizing it’s tucked into the laminate). Do I need to repair/patch the peeling drywall before I get the new countertop installed? If so, I would appreciate any recommendations. The main thing I see could make it difficult is the small overlap the countertop has over the section that needs repaired. My argument for waiting until the new countertop is installed is that it will be thinner and more of the wall will be exposed so it’ll be easier to repair. Thanks in advance!","How to prep for new countertop? Hi everyone, I’m getting a new countertop installed in about a week. I removed an old backsplash to prepare and a layer of paint/drywall came off with it (as you can see I also started removing the metal trim piece before realizing it’s tucked into the laminate). Do I need to repair/patch the peeling drywall before I get the new countertop installed? If so, I would appreciate any recommendations. The main thing I see could make it difficult is the small overlap the countertop has over the section that needs repaired. My argument for waiting until the new countertop is installed is that it will be thinner and more of the wall will be exposed so it’ll be easier to repair. Thanks in advance!",https://www.reddit.com/r/HomeMaintenance/comments/1so3tyj/how_to_prep_for_new_countertop/,2,1,https://i.redd.it/vuz6ryuforvg1.jpeg,paint peeling,needs_review_low_signal,,manual_review_pending,,low_risk_diy,0.82,cosmetic_or_minor_finish:\bpaint(?:ing|ed)?\b,"{""low_risk_diy"": 2.2}",no,,,,,MR0134,low_risk_diy,3,Max,,
1sewuf4,Plumbing,2026-04-07T14:00:56+00:00,How to get an expert letter or links to prove my case?,"On January 1st, 2026, during −24°C weather, a radiator pipe in my apartment split and flooded about half my living room. My landlord is claiming I left my living room window open, which caused the pipe to freeze. That didn’t happen. My unit is consistently very hot in the winter—usually around 27°C and sometimes into the low 30s. The heating pipes for the rest of the building run under my kitchen floor, and my radiators don’t turn on because of that. After the incident, the ceiling below my unit was opened. The pipe feeding my radiator runs up against the exterior wall, above cinderblock, with no insulation. It was essentially sealed in a cold space where heat wouldn’t reach it. That section has since been spray-foamed and insulated. The leak happened sometime between about 5 a.m. and 10 a.m. There was no flooding when I went to bed around 4–5 a.m. My understanding is that if a pipe freezes in an uninsulated section, it can create an ice blockage. Pressure builds behind it, and the pipe can split at a weaker point, not necessarily where the freeze occurred. So the likely cause seems to be: • Uninsulated pipe against an exterior wall in −24°C • Ice blockage forming below the unit • Pressure causing the radiator above to split Not a window being open in a 27–30°C apartment. I don’t vent heat through the living room window. When I do vent, it’s through the bathroom window (not near these pipes) or a single-hose AC unit that exhausts air. Looking for sources or expert input confirming whether this type of failure (freeze → pressure → split elsewhere) is standard","How to get an expert letter or links to prove my case? On January 1st, 2026, during −24°C weather, a radiator pipe in my apartment split and flooded about half my living room. My landlord is claiming I left my living room window open, which caused the pipe to freeze. That didn’t happen. My unit is consistently very hot in the winter—usually around 27°C and sometimes into the low 30s. The heating pipes for the rest of the building run under my kitchen floor, and my radiators don’t turn on because of that. After the incident, the ceiling below my unit was opened. The pipe feeding my radiator runs up against the exterior wall, above cinderblock, with no insulation. It was essentially sealed in a cold space where heat wouldn’t reach it. That section has since been spray-foamed and insulated. The leak happened sometime between about 5 a.m. and 10 a.m. There was no flooding when I went to bed around 4–5 a.m. My understanding is that if a pipe freezes in an uninsulated section, it can create an ice blockage. Pressure builds behind it, and the pipe can split at a weaker point, not necessarily where the freeze occurred. So the likely cause seems to be: • Uninsulated pipe against an exterior wall in −24°C • Ice blockage forming below the unit • Pressure causing the radiator above to split Not a window being open in a 27–30°C apartment. I don’t vent heat through the living room window. When I do vent, it’s through the bathroom window (not near these pipes) or a single-hose AC unit that exhausts air. Looking for sources or expert input confirming whether this type of failure (freeze → pressure → split elsewhere) is standard",https://www.reddit.com/r/Plumbing/comments/1sewuf4/how_to_get_an_expert_letter_or_links_to_prove_my/,31,25,https://www.reddit.com/gallery/1sewuf4,flooding,needs_review_urgent_signal,,manual_review_pending,,urgent_safety_risk,0.77,active_flooding_or_sewage:\bflooding\b; contained_water_damage:\bleak(?:s|ing|ed)?\b; trade_system_issue:\bac unit\b,"{""medium_risk_call_pro"": 4.0, ""urgent_safety_risk"": 3.0}",yes,,,,,MR0135,needs_human_review,3,Max,,
12rujma,askanelectrician,2023-04-19T14:10:01+00:00,Annoying Subwoofer Pop,"I'm troubleshooting a wireless sub that pops when I cut the power to the receiver off. I've done a bunch of troubleshooting so far but there is no indication of bad receiver configuration, sound setting issue or sub or sub settings. I have actually replaced the sub with a new one. The Sub out is disconnected, and I've plug it into every room in the house only to get the same pop when the power on the receiver goes off. Someone brought up that there is a possible grounding issue. I have a Commercial electric outlet tester and have tested all the plugs in the Den. They all show correct with no issue. My question, Is it possible this is still a grounding issue if the outlets are testing normal? IF so do you have any recommendations?","Annoying Subwoofer Pop I'm troubleshooting a wireless sub that pops when I cut the power to the receiver off. I've done a bunch of troubleshooting so far but there is no indication of bad receiver configuration, sound setting issue or sub or sub settings. I have actually replaced the sub with a new one. The Sub out is disconnected, and I've plug it into every room in the house only to get the same pop when the power on the receiver goes off. Someone brought up that there is a possible grounding issue. I have a Commercial electric outlet tester and have tested all the plugs in the Den. They all show correct with no issue. My question, Is it possible this is still a grounding issue if the outlets are testing normal? IF so do you have any recommendations?",https://www.reddit.com/r/askanelectrician/comments/12rujma/annoying_subwoofer_pop/,1,1,https://www.reddit.com/r/askanelectrician/comments/12rujma/annoying_subwoofer_pop/,electrical issue,needs_review_medium_signal,,manual_review_pending,,medium_risk_call_pro,0.80,trade_system_issue:\boutlets?\b,"{""medium_risk_call_pro"": 2.0}",no,,,,,MR0136,medium_risk_call_pro,2,Sarah,,
1sq1ytf,Plumbing,2026-04-19T19:06:04+00:00,Silicone or plumber's putty,"Bathroom seak had a leaky hot water lever/handle so I removed it in order to replace it. After removing it, I found a tiny chip out of the sink surface. The other two holes (spout and cold water are fine). To install a new one, would you just use a ring of putty around the base as usual, or does a chip like this warrant additional steps (eg, bead of silicone caulk on the chip first, or silicone only to create a better seal, etc, etc)? It's super small, and even at its deepest, not as thick as the penny next to it. Thanks very much for any help!","Silicone or plumber's putty Bathroom seak had a leaky hot water lever/handle so I removed it in order to replace it. After removing it, I found a tiny chip out of the sink surface. The other two holes (spout and cold water are fine). To install a new one, would you just use a ring of putty around the base as usual, or does a chip like this warrant additional steps (eg, bead of silicone caulk on the chip first, or silicone only to create a better seal, etc, etc)? It's super small, and even at its deepest, not as thick as the penny next to it. Thanks very much for any help!",https://www.reddit.com/r/Plumbing/comments/1sq1ytf/silicone_or_plumbers_putty/,0,10,https://www.reddit.com/gallery/1sq1ytf,caulk,needs_review_low_signal,,manual_review_pending,,low_risk_diy,0.82,cosmetic_or_minor_finish:\bcaulk(?:ing)?\b,"{""low_risk_diy"": 2.2}",no,,,,,MR0137,low_risk_diy,1,Patrick,,
1d4ya3s,homeowners,2024-05-31T15:26:07+00:00,Window World is the WORST,"I bought 16 double hung vinyl windows from Window World that were installed on 9/12/2023. As of today 5/31/2024, nine of them still do not have screens. Only two of the original screens fit. They have measured and remade the others **FOUR MORE TIMES** since September. They got 5 more to fit with those 4 additional attempts. As I write this, they are remaking the nine for a fifth time. They won't guarantee these will fit either. Apparently this is a real challenge for this pitiful company. And you can see their sense of urgency. We're in the ninth month now and still not complete! They work at their own convenience. Customer service is the worst. They had numerous other problem at the installation and they fixed some of them. But two of the defects cannot be fixed. The windows leak air at the corners where the top and bottom windows meet. The Energy Star illusion is based on the windows, not the frames. So you will feel cold air coming in at these corners. Some of the loose trim on some windows can not be fixed. Before you buy from these losers, you need to Google Window World Customer Complaints and read them all. I think their 1.9 Customer Satisfaction rating is way too high!","Window World is the WORST I bought 16 double hung vinyl windows from Window World that were installed on 9/12/2023. As of today 5/31/2024, nine of them still do not have screens. Only two of the original screens fit. They have measured and remade the others **FOUR MORE TIMES** since September. They got 5 more to fit with those 4 additional attempts. As I write this, they are remaking the nine for a fifth time. They won't guarantee these will fit either. Apparently this is a real challenge for this pitiful company. And you can see their sense of urgency. We're in the ninth month now and still not complete! They work at their own convenience. Customer service is the worst. They had numerous other problem at the installation and they fixed some of them. But two of the defects cannot be fixed. The windows leak air at the corners where the top and bottom windows meet. The Energy Star illusion is based on the windows, not the frames. So you will feel cold air coming in at these corners. Some of the loose trim on some windows can not be fixed. Before you buy from these losers, you need to Google Window World Customer Complaints and read them all. I think their 1.9 Customer Satisfaction rating is way too high!",https://www.reddit.com/r/homeowners/comments/1d4ya3s/window_world_is_the_worst/,52,74,https://www.reddit.com/r/homeowners/comments/1d4ya3s/window_world_is_the_worst/,loose trim,needs_review_medium_signal,,manual_review_pending,,medium_risk_call_pro,0.67,contained_water_damage:\bleak(?:s|ing|ed)?\b; cosmetic_or_minor_finish:\btrim\b,"{""low_risk_diy"": 2.2, ""medium_risk_call_pro"": 2.0}",yes,,,,,MR0138,needs_human_review,4,Manthan,,
114up4n,askanelectrician,2023-02-17T19:02:59+00:00,Sparking did not trip AFCI breaker,"Hi, I plugged my laptop charger into a receptacle we haven't used much causing it to spark and continue to crackle for a few seconds. I unplugged it after it didn't stop and I'm guessing the problem is an older receptacle or that it is backstabbed (sigh). I'll replace it ASAP and check for backstabbing elsewhere but the concern I have is less about this specific outlet but the fact that the sparking did not cause the AFCI breaker it is on to trip. How long does that typically take to happen? I have a shop vac that trips other AFCIs almost immediately so I was a bit surprised when I found the circuit this was on is AFCI. Should I look into replacing the breaker as well? Is my expectation that AFCI breakers trip nearly immediately wrong?","Sparking did not trip AFCI breaker Hi, I plugged my laptop charger into a receptacle we haven't used much causing it to spark and continue to crackle for a few seconds. I unplugged it after it didn't stop and I'm guessing the problem is an older receptacle or that it is backstabbed (sigh). I'll replace it ASAP and check for backstabbing elsewhere but the concern I have is less about this specific outlet but the fact that the sparking did not cause the AFCI breaker it is on to trip. How long does that typically take to happen? I have a shop vac that trips other AFCIs almost immediately so I was a bit surprised when I found the circuit this was on is AFCI. Should I look into replacing the breaker as well? Is my expectation that AFCI breakers trip nearly immediately wrong?",https://www.reddit.com/r/askanelectrician/comments/114up4n/sparking_did_not_trip_afci_breaker/,1,1,https://www.reddit.com/r/askanelectrician/comments/114up4n/sparking_did_not_trip_afci_breaker/,sparking outlet,needs_review_urgent_signal,,manual_review_pending,,urgent_safety_risk,0.82,fire_smoke_or_sparks:\bspark(?:s|ing|ed)?\b; trade_system_issue:\bbreaker\b,"{""medium_risk_call_pro"": 2.0, ""urgent_safety_risk"": 3.5}",no,,,,,MR0139,urgent_safety_risk,3,Max,,
13f6q5o,askanelectrician,2023-05-12T01:35:27+00:00,Federal Pacific Breaker question,"Hi Just bought a home and the inspector red-flagged the main circuit breaker because it's Federal Pacific, known to cause fires. It is also a 100amps breaker box. I had a retired electrician see the breaker and he said it's in good shape, and that a 200 amp feed (my understanding; I'm not an electrician or have experience in electricity) is already set up but I guess the previous owner decided to leave it at 100amp. I think it's a safety issue and the breaker definitely needs to be replaced. My questions are: how soon do I need to get this replaced? And is it safe to run major appliances such as an oven, TV, gaming electronics, a chest freezer, water heater, furnace, etc with the current Federal Pacific box?? The house was built in the 1970s and it's a wonder why the breaker was never replaced. Thank you all","Federal Pacific Breaker question Hi Just bought a home and the inspector red-flagged the main circuit breaker because it's Federal Pacific, known to cause fires. It is also a 100amps breaker box. I had a retired electrician see the breaker and he said it's in good shape, and that a 200 amp feed (my understanding; I'm not an electrician or have experience in electricity) is already set up but I guess the previous owner decided to leave it at 100amp. I think it's a safety issue and the breaker definitely needs to be replaced. My questions are: how soon do I need to get this replaced? And is it safe to run major appliances such as an oven, TV, gaming electronics, a chest freezer, water heater, furnace, etc with the current Federal Pacific box?? The house was built in the 1970s and it's a wonder why the breaker was never replaced. Thank you all",https://www.reddit.com/r/askanelectrician/comments/13f6q5o/federal_pacific_breaker_question/,0,8,https://www.reddit.com/gallery/13f6q5o,electrical issue,needs_review_medium_signal,,manual_review_pending,,medium_risk_call_pro,0.80,trade_system_issue:\bwater heater\b,"{""medium_risk_call_pro"": 2.0}",no,,,,,MR0140,medium_risk_call_pro,3,Max,,
1rtpo6a,DIY,2026-03-14T17:40:45+00:00,Behr DeckOver for enclosed dirt bike trailer floor and sides?,"Howdy, folks. I just picked up an enclosed utility trailer I am building out for dirt bikes and adventure motorcycles. Before I start installing tie-down and e-track anchors I want to caulk and seal the floor and sides. I see a lot of folks using garage floor epoxy coatings and that does make a certain sense but I am thinking to use translucent Behr DeckOver just because I like the look of it better. Curious is anyone has used DeckOver in a somewhat high-wear situation like a moto trailer? Opinions on the DeckOver versus a garage floor epoxy? thx EDIT: Wow, I did some digging on YouTube and people are NOT fans of DeckOver...","Behr DeckOver for enclosed dirt bike trailer floor and sides? Howdy, folks. I just picked up an enclosed utility trailer I am building out for dirt bikes and adventure motorcycles. Before I start installing tie-down and e-track anchors I want to caulk and seal the floor and sides. I see a lot of folks using garage floor epoxy coatings and that does make a certain sense but I am thinking to use translucent Behr DeckOver just because I like the look of it better. Curious is anyone has used DeckOver in a somewhat high-wear situation like a moto trailer? Opinions on the DeckOver versus a garage floor epoxy? thx EDIT: Wow, I did some digging on YouTube and people are NOT fans of DeckOver...",https://www.reddit.com/r/DIY/comments/1rtpo6a/behr_deckover_for_enclosed_dirt_bike_trailer/,15,26,https://www.reddit.com/r/DIY/comments/1rtpo6a/behr_deckover_for_enclosed_dirt_bike_trailer/,caulk,needs_review_low_signal,,manual_review_pending,,low_risk_diy,0.82,cosmetic_or_minor_finish:\bcaulk(?:ing)?\b,"{""low_risk_diy"": 2.2}",no,,,,,MR0141,low_risk_diy,4,Manthan,,
1s47f2x,DIY,2026-03-26T13:25:49+00:00,I tried to DIY a solar tonneau cover for 6 months. then I just bought one and I have feelings,"Let me save you the journey because I documented enough failure for everyone. month 1: stuck flexible amazon solar panels to my trifold tonneau with 3m vhb tape. worked for one week before the panels started peeling from heat expansion on the vinyl. month 2: tried rivets. drilled through the cover , it now leaks. panels are secure but so is the water flowing into my truck bed when it rains. month 3: bought aluminum sheet to build a rigid mounting substrate. spent two weekends cutting and bending .It didn't fit because tonneau covers are contoured and I am not a sheet metal fabricator despite what youtube told me. month 4: wired up an mppt controller from amazon. worked great until it got wet because I mounted it under the cover where as established, water flows freely. month 5: tried to weatherproof everything with silicone and marine sealant. truck bed looked like it lost a fight with a caulk gun. month 6: accepted defeat. Ordered the worksport solis, it's a brand new product from an american company which I wasn't expecting in this space diy total: about 650 bucks in parts, a destroyed tonneau cover worth 400, and six months of weekends. solis was about 2 grand and works perfectly out of the box. sometimes buying the thing is cheaper than building it, especially when you factor in your time and your dignity.""","I tried to DIY a solar tonneau cover for 6 months. then I just bought one and I have feelings Let me save you the journey because I documented enough failure for everyone. month 1: stuck flexible amazon solar panels to my trifold tonneau with 3m vhb tape. worked for one week before the panels started peeling from heat expansion on the vinyl. month 2: tried rivets. drilled through the cover , it now leaks. panels are secure but so is the water flowing into my truck bed when it rains. month 3: bought aluminum sheet to build a rigid mounting substrate. spent two weekends cutting and bending .It didn't fit because tonneau covers are contoured and I am not a sheet metal fabricator despite what youtube told me. month 4: wired up an mppt controller from amazon. worked great until it got wet because I mounted it under the cover where as established, water flows freely. month 5: tried to weatherproof everything with silicone and marine sealant. truck bed looked like it lost a fight with a caulk gun. month 6: accepted defeat. Ordered the worksport solis, it's a brand new product from an american company which I wasn't expecting in this space diy total: about 650 bucks in parts, a destroyed tonneau cover worth 400, and six months of weekends. solis was about 2 grand and works perfectly out of the box. sometimes buying the thing is cheaper than building it, especially when you factor in your time and your dignity.""",https://www.reddit.com/r/DIY/comments/1s47f2x/i_tried_to_diy_a_solar_tonneau_cover_for_6_months/,0,9,https://www.reddit.com/r/DIY/comments/1s47f2x/i_tried_to_diy_a_solar_tonneau_cover_for_6_months/,water leak,needs_review_medium_signal,,manual_review_pending,,medium_risk_call_pro,0.67,contained_water_damage:\bleak(?:s|ing|ed)?\b; cosmetic_or_minor_finish:\bcaulk(?:ing)?\b,"{""low_risk_diy"": 2.2, ""medium_risk_call_pro"": 2.0}",yes,,,,,MR0142,needs_human_review,1,Patrick,,
13srpt3,askanelectrician,2023-05-26T23:22:40+00:00,"Weird issue happening in our house, lights flickering, internet resets....","We rent a house on the Oregon Coast (only mentioning that because the salt water seems to screw with everything out here). It's small, with the living and dining rooms at the back and the three bedrooms at the front. Our landlady is in her 80s and nothing gets done around here very quickly, bless her heart. Don't know the exact year it was built, but 1970s if I had to guess. For the past three months or so we've been having a weird issue where the lights intermittently flicker...not all of them, just lamps, the stove light, etc. When this happens, the TVs reset, our computers black-screen, the internet reboots, and various small electronics stop working. This lasts from 2 seconds up to one minute. Everything clicks back on again until the next time it happens. There seems to be no rhyme or reason for when it occurs. It happens whether devices are in use or powered off. It happens in the middle of the night. During the day it's totally random, and can be once every three hours, or several times a minute. Only two of the bedrooms are affected...one isn't at all. Two outlets in the living room and one in the dining room are affected, and possibly one in the kitchen. The rest of the house doesn't seem to have any issues...neither of the bathrooms. As you can see, the breaker box is super old. Also, I know jack crap about electrical issues. Any clue from the experts? We just lived with it, but it seems to be getting worse.","Weird issue happening in our house, lights flickering, internet resets.... We rent a house on the Oregon Coast (only mentioning that because the salt water seems to screw with everything out here). It's small, with the living and dining rooms at the back and the three bedrooms at the front. Our landlady is in her 80s and nothing gets done around here very quickly, bless her heart. Don't know the exact year it was built, but 1970s if I had to guess. For the past three months or so we've been having a weird issue where the lights intermittently flicker...not all of them, just lamps, the stove light, etc. When this happens, the TVs reset, our computers black-screen, the internet reboots, and various small electronics stop working. This lasts from 2 seconds up to one minute. Everything clicks back on again until the next time it happens. There seems to be no rhyme or reason for when it occurs. It happens whether devices are in use or powered off. It happens in the middle of the night. During the day it's totally random, and can be once every three hours, or several times a minute. Only two of the bedrooms are affected...one isn't at all. Two outlets in the living room and one in the dining room are affected, and possibly one in the kitchen. The rest of the house doesn't seem to have any issues...neither of the bathrooms. As you can see, the breaker box is super old. Also, I know jack crap about electrical issues. Any clue from the experts? We just lived with it, but it seems to be getting worse.",https://www.reddit.com/r/askanelectrician/comments/13srpt3/weird_issue_happening_in_our_house_lights/,3,25,https://i.redd.it/7cc8yksdwa2b1.jpg,electrical issue,needs_review_medium_signal,,manual_review_pending,,medium_risk_call_pro,0.80,trade_system_issue:\bbreaker\b,"{""medium_risk_call_pro"": 2.0}",no,,,,,MR0143,medium_risk_call_pro,4,Manthan,,
1hm3hf3,Plumbing,2024-12-25T16:13:18+00:00,Shower Handle Repair Help: Stuck with Retaining Ring and Trim Sleeve,"Hi all, Merry Christmas! I hope you’re all enjoying the holiday season. I’m reaching out for advice on what I hope is a simple fix for my shower handle. Apologies in advance if I get some of the terminology wrong—I’m doing my best to describe the issue accurately. Yesterday, the escutcheon on my shower handle became loose, so I removed the handle and tightened the screws. However, now I’m completely stumped on how to reattach the handle! Here’s what I’m dealing with: • Pictures of the escutcheon and valve stem are attached. • There’s a metal retaining ring (possibly copper?) that slides over the valve stem, but it doesn’t go all the way to the base of the stem. The part that juts out at the end seems to align with the trim sleeve, which also fits snugly over the valve stem. • The problem: The trim sleeve has no threading or screws to secure it in place, and the screw in the handle base doesn’t reach the valve stem or seem to attach anywhere. It looks like the screw just holds the handle base to the trim sleeve. I’ve tried reverse image searches to identify the model of my shower handle unit, but I’ve come up empty-handed. I’m at a complete loss as to: 1. How to attach the trim sleeve back to the escutcheon/valve stem securely. 2. What role the retaining ring plays in all of this. If anyone could offer advice, resources, or a simple fix (for someone who isn’t super handy), I’d be incredibly grateful! Thank you in advance, and I hope you’re having a wonderful Christmas. https://preview.redd.it/9kzi5o9jr09e1.png?width=451&format=png&auto=webp&s=c0da5b5975e64cdb848063a7c692a8e0c2a3e3c8 https://preview.redd.it/fg5t2p9jr09e1.png?width=495&format=png&auto=webp&s=49acc9aa16c578829dafa92d56d6a555084e1927 https://preview.redd.it/hnawtp9jr09e1.png?width=950&format=png&auto=webp&s=730cc5b4c4c68e0c68208ee7288f9d288dadd2ea https://preview.redd.it/rr5xmp9jr09e1.png?width=199&format=png&auto=webp&s=d6d8eb3ffcfd9ab8638965d780f8bb9bb5487864","Shower Handle Repair Help: Stuck with Retaining Ring and Trim Sleeve Hi all, Merry Christmas! I hope you’re all enjoying the holiday season. I’m reaching out for advice on what I hope is a simple fix for my shower handle. Apologies in advance if I get some of the terminology wrong—I’m doing my best to describe the issue accurately. Yesterday, the escutcheon on my shower handle became loose, so I removed the handle and tightened the screws. However, now I’m completely stumped on how to reattach the handle! Here’s what I’m dealing with: • Pictures of the escutcheon and valve stem are attached. • There’s a metal retaining ring (possibly copper?) that slides over the valve stem, but it doesn’t go all the way to the base of the stem. The part that juts out at the end seems to align with the trim sleeve, which also fits snugly over the valve stem. • The problem: The trim sleeve has no threading or screws to secure it in place, and the screw in the handle base doesn’t reach the valve stem or seem to attach anywhere. It looks like the screw just holds the handle base to the trim sleeve. I’ve tried reverse image searches to identify the model of my shower handle unit, but I’ve come up empty-handed. I’m at a complete loss as to: 1. How to attach the trim sleeve back to the escutcheon/valve stem securely. 2. What role the retaining ring plays in all of this. If anyone could offer advice, resources, or a simple fix (for someone who isn’t super handy), I’d be incredibly grateful! Thank you in advance, and I hope you’re having a wonderful Christmas. https://preview.redd.it/9kzi5o9jr09e1.png?width=451&format=png&auto=webp&s=c0da5b5975e64cdb848063a7c692a8e0c2a3e3c8 https://preview.redd.it/fg5t2p9jr09e1.png?width=495&format=png&auto=webp&s=49acc9aa16c578829dafa92d56d6a555084e1927 https://preview.redd.it/hnawtp9jr09e1.png?width=950&format=png&auto=webp&s=730cc5b4c4c68e0c68208ee7288f9d288dadd2ea https://preview.redd.it/rr5xmp9jr09e1.png?width=199&format=png&auto=webp&s=d6d8eb3ffcfd9ab8638965d780f8bb9bb5487864",https://www.reddit.com/r/Plumbing/comments/1hm3hf3/shower_handle_repair_help_stuck_with_retaining/,1,1,https://www.reddit.com/r/Plumbing/comments/1hm3hf3/shower_handle_repair_help_stuck_with_retaining/,loose trim,needs_review_low_signal,,manual_review_pending,,low_risk_diy,0.82,cosmetic_or_minor_finish:\btrim\b,"{""low_risk_diy"": 2.2}",no,,,,,MR0144,low_risk_diy,2,Sarah,,
1tmyf62,Plumbing,2026-05-25T04:33:58+00:00,Sink leak help,I woke up this morning and my sink that I’ve never had an issue with immediately started leaking and flooding my cabinet when I turned both faucets on to brush my teeth. Can someone help me how to solve this? My landlord is such an asshole he charges an insane amount I can’t post per a fix regardless of whose fault and I can’t afford this right now. How can I fix this? It only happens when I turn my faucets on..,Sink leak help I woke up this morning and my sink that I’ve never had an issue with immediately started leaking and flooding my cabinet when I turned both faucets on to brush my teeth. Can someone help me how to solve this? My landlord is such an asshole he charges an insane amount I can’t post per a fix regardless of whose fault and I can’t afford this right now. How can I fix this? It only happens when I turn my faucets on..,https://www.reddit.com/r/Plumbing/comments/1tmyf62/sink_leak_help/,3,1,https://v.redd.it/fknkspm5p73h1,flooding,needs_review_urgent_signal,,manual_review_pending,,urgent_safety_risk,0.77,active_flooding_or_sewage:\bflooding\b; contained_water_damage:\bleak(?:s|ing|ed)?\b,"{""medium_risk_call_pro"": 2.0, ""urgent_safety_risk"": 3.0}",no,,,,,MR0145,urgent_safety_risk,2,Sarah,,
hmv4nu,askanelectrician,2020-07-07T14:05:04+00:00,What to do after recent nearby electrical strike?,"100+ yr old home with mostly new wiring (damn hard to tell), but I assume some of the knob and tube is still alive. There are two 200 amp service panels into the house with several sub-panels. We had a big storm with lots of lightning - during one nearby strike, sparks started coming out of a door frame with accompanying ""shorting"" sounds. I assume there is a wire run up and around the door frame or there is a hidden box inside the wall. The main two panels have 17 year old ""whole house surge"" boxes on them. The green idiot light on one of them is no longer lit, but to be fair, it could have gone out any time in the past few years. I did flip the whole house off for the rest of the storm and everything seemed functional after I flipped everything back on, although we definitely haven't tested every light and outlet in the house. I spoke to a neighbor and they had a similar situation during the strike although their sparking was an outlet on the wall. I called the first electrician and they want their ""lightning strike"" guy to call me back. It sounds like some sort of inspect your house kind of deal... which gives me the insurance scam heebie jeebies. Thoughts? What are the best steps to take after potential lightning damage?","What to do after recent nearby electrical strike? 100+ yr old home with mostly new wiring (damn hard to tell), but I assume some of the knob and tube is still alive. There are two 200 amp service panels into the house with several sub-panels. We had a big storm with lots of lightning - during one nearby strike, sparks started coming out of a door frame with accompanying ""shorting"" sounds. I assume there is a wire run up and around the door frame or there is a hidden box inside the wall. The main two panels have 17 year old ""whole house surge"" boxes on them. The green idiot light on one of them is no longer lit, but to be fair, it could have gone out any time in the past few years. I did flip the whole house off for the rest of the storm and everything seemed functional after I flipped everything back on, although we definitely haven't tested every light and outlet in the house. I spoke to a neighbor and they had a similar situation during the strike although their sparking was an outlet on the wall. I called the first electrician and they want their ""lightning strike"" guy to call me back. It sounds like some sort of inspect your house kind of deal... which gives me the insurance scam heebie jeebies. Thoughts? What are the best steps to take after potential lightning damage?",https://www.reddit.com/r/askanelectrician/comments/hmv4nu/what_to_do_after_recent_nearby_electrical_strike/,1,1,https://www.reddit.com/r/askanelectrician/comments/hmv4nu/what_to_do_after_recent_nearby_electrical_strike/,sparking outlet,needs_review_urgent_signal,,manual_review_pending,,urgent_safety_risk,0.82,fire_smoke_or_sparks:\bspark(?:s|ing|ed)?\b; trade_system_issue:\boutlets?\b,"{""medium_risk_call_pro"": 2.0, ""urgent_safety_risk"": 3.5}",no,,,,,MR0146,urgent_safety_risk,1,Patrick,,
17c1fu5,HomeImprovement,2023-10-20T03:14:07+00:00,"Help! Very sensitive to smells, will 100% wool carpet have off-gassing?","We put carpeting down 2 months ago in our guest room and the smell from the off gassing has been insane- we have run two different high powered charcoal air purifiers, run dehumidifier, opened windows with fan blowing out, we even had a professional carpet cleaner come and do an acid rinse on it to help it along. It is still SO smelly -I can even taste it in my mouth after a minute or two. I cannot go in that room. We are now renovating our primary bedroom and have heard that 100%wool rugs do not off-gas that badly because of the natural fibers? I get that there will be some with the padding and glue going down, but from the rug itself. And I know it’s the rug that smells because there was leftover scraps that we were given and keep in our laundry room, and now it stinks and smells the same as the guest room. We are pretty set on ripping out the carpet we just installed and doing wool carpet in both rooms if feedback is positive, and doing hardwood for both rooms if feedback is negative.","Help! Very sensitive to smells, will 100% wool carpet have off-gassing? We put carpeting down 2 months ago in our guest room and the smell from the off gassing has been insane- we have run two different high powered charcoal air purifiers, run dehumidifier, opened windows with fan blowing out, we even had a professional carpet cleaner come and do an acid rinse on it to help it along. It is still SO smelly -I can even taste it in my mouth after a minute or two. I cannot go in that room. We are now renovating our primary bedroom and have heard that 100%wool rugs do not off-gas that badly because of the natural fibers? I get that there will be some with the padding and glue going down, but from the rug itself. And I know it’s the rug that smells because there was leftover scraps that we were given and keep in our laundry room, and now it stinks and smells the same as the guest room. We are pretty set on ripping out the carpet we just installed and doing wool carpet in both rooms if feedback is positive, and doing hardwood for both rooms if feedback is negative.",https://www.reddit.com/r/HomeImprovement/comments/17c1fu5/help_very_sensitive_to_smells_will_100_wool/,1,8,https://www.reddit.com/r/HomeImprovement/comments/17c1fu5/help_very_sensitive_to_smells_will_100_wool/,gas smell,needs_review_unclear,,manual_review_pending,,,0.00,no_labeling_function_matched,{},yes,,,,,MR0147,needs_human_review,4,Manthan,,
1sh2zem,Plumbing,2026-04-09T21:30:49+00:00,2 Bidets Turned On While I Was Out,"I believe this may be related to a water pressure issue, but I’m not entirely certain. I have two bidets in my home, one upstairs and one downstairs, and both have been installed for over six months without any prior issues. When I returned home from work today, it appeared that both bidets had been activated for a small period of time, spraying water around the toilets and lightly soaking the surrounding floors. While it was not severe enough to cause flooding, it did require cleanup with towels. Initially, I suspected that the supply line for the basement bidet may have been failing or improperly connected; however, the fact that the upstairs unit experienced the same issue at the same time leads me to believe there may be a broader cause. I cleaned and dried both areas two hours ago, and since then, I have not seen any additional leaking or water discharge. Any ideas? My only guess is the city line is being worked on somewhere but no other facets or water sources in my house have have had any issue.","2 Bidets Turned On While I Was Out I believe this may be related to a water pressure issue, but I’m not entirely certain. I have two bidets in my home, one upstairs and one downstairs, and both have been installed for over six months without any prior issues. When I returned home from work today, it appeared that both bidets had been activated for a small period of time, spraying water around the toilets and lightly soaking the surrounding floors. While it was not severe enough to cause flooding, it did require cleanup with towels. Initially, I suspected that the supply line for the basement bidet may have been failing or improperly connected; however, the fact that the upstairs unit experienced the same issue at the same time leads me to believe there may be a broader cause. I cleaned and dried both areas two hours ago, and since then, I have not seen any additional leaking or water discharge. Any ideas? My only guess is the city line is being worked on somewhere but no other facets or water sources in my house have have had any issue.",https://www.reddit.com/r/Plumbing/comments/1sh2zem/2_bidets_turned_on_while_i_was_out/,1,1,https://www.reddit.com/r/Plumbing/comments/1sh2zem/2_bidets_turned_on_while_i_was_out/,flooding,needs_review_urgent_signal,,manual_review_pending,,urgent_safety_risk,0.77,active_flooding_or_sewage:\bflooding\b; contained_water_damage:\bleak(?:s|ing|ed)?\b,"{""medium_risk_call_pro"": 2.0, ""urgent_safety_risk"": 3.0}",no,,,,,MR0148,urgent_safety_risk,1,Patrick,,
14hysxo,DIY,2023-06-24T17:38:51+00:00,Deciding on the right product to encapsulate lead paint (interior and exterior).,"In the middle of fixing up my sun/mud room and want to repaint the window trim on both the interior and exterior. There's lead paint involved and I don't want to strip it, so the plan is to carefully scrape any loose paint and then encapsulate it. I know there are specific products marketed for lead encapsulating, but I've been reading mixed reviews on these products and I'm uncertain if they'll actually be any better than good primer, especially in an exterior application. Any advice on the best product to use? Currently looking at the following options. 1. Just using a decent oil based interior/exterior primer like [this Kilz product](https://www.homedepot.com/p/KILZ-Original-1-gal-White-Oil-Based-Low-VOC-Interior-and-Exterior-Primer-Sealer-and-Stain-Blocker-10991/308837606?source=shoppingads&locale=en-US&pla&mtc=SHOPPING-BF-CDP-GGL-D24-024_022_PRIMERS-NA-Multi-NA-PLALIA-NA-NA-NA-NA-NBR-NA-NA-NA-FY21_Multi_PLALIA&cm_mmc=SHOPPING-BF-CDP-GGL-D24-024_022_PRIMERS-NA-Multi-NA-PLALIA-NA-NA-NA-NA-NBR-NA-NA-NA-FY21_Multi_PLALIA-71700000075826637-58700006498654198-92700058683659550&gclid=Cj0KCQjw4s-kBhDqARIsAN-ipH0qxqPJqmJeToDtGWUGiFS2yIbTDbG5TJrVlN8JQxIznis3NoA5CEMaAg65EALw_wcB&gclsrc=aw.ds). 2. One of the ""lead encapsulating"" products like [this INSL-X product](https://www.amazon.com/INSL-X-Block-Encapsulating-Eggshell-Gallon/dp/B07NR8HF9D/ref=asc_df_B07NR8HF9D/?tag=hyprod-20&linkCode=df0&hvadid=242021870151&hvpos=&hvnetw=g&hvrand=11083124591850200297&hvpone=&hvptwo=&hvqmt=&hvdev=c&hvdvcmdl=&hvlocint=&hvlocphy=9007390&hvtargid=pla-680446636774&psc=1) or [this Fiberlock product](https://www.lowes.com/pd/Fiberlock/5013538819?cm_mmc=shp-_-c-_-prd-_-pnt-_-ggl-_-PLA_PNT_117_Paint-and-Primers-_-5013538819-_-online-_-0-_-0&gclid=Cj0KCQjw4s-kBhDqARIsAN-ipH0piO4_DCsNVzaKaLhj-desXrGP7Pu85scgv-zzywmKP-N5OAamjB8aArQaEALw_wcB&gclsrc=aw.ds). 3. [Zinsser ""Peel Stop""](https://www.homedepot.com/p/Zinsser-Peel-Stop-1-gal-White-Triple-Thick-Interior-Exterior-High-Build-Binding-Primer-260924/203317264?source=shoppingads&locale=en-US&&mtc=SHOPPING-RM-RMP-GGL-D24-024_022_PRIMERS-SB-RUSTOLEUM_PRO-NA-SMART-NA-NA-MK685072200-NA-NBR-2572-CON-NA-FY23Q1_Q4_Zinsser&cm_mmc=SHOPPING-RM-RMP-GGL-D24-024_022_PRIMERS-SB-RUSTOLEUM_PRO-NA-SMART-NA-NA-MK685072200-NA-NBR-2572-CON-NA-FY23Q1_Q4_Zinsser-71700000107874238-58700008312260902-92700075623311784&gclid=Cj0KCQjw4s-kBhDqARIsAN-ipH30IyOnrXMmbcg1cvR-SkWZtpJ2VKVMDTPynIw1f_ouXJDXqSEFfBMaAhS7EALw_wcB&gclsrc=aw.ds) 4. [XIM ""Peel Bond""](https://www.amazon.com/XIM-Peel-Bond-152164-Bonding/dp/B001NOGIHQ/?_encoding=UTF8&pd_rd_w=q24tX&content-id=amzn1.sym.03bef33a-a357-4fe3-9505-7fd4d6236957&pf_rd_p=03bef33a-a357-4fe3-9505-7fd4d6236957&pf_rd_r=PBJ3A5E5XPVJ1SM2CX9D&pd_rd_wg=aBTUp&pd_rd_r=37a4ffd0-0cfb-43a1-9ec2-a7f49121c1ef&ref_=pd_gw_ci_mcx_mr_hp_d) Any advice would be much appreciated. Cheers!","Deciding on the right product to encapsulate lead paint (interior and exterior). In the middle of fixing up my sun/mud room and want to repaint the window trim on both the interior and exterior. There's lead paint involved and I don't want to strip it, so the plan is to carefully scrape any loose paint and then encapsulate it. I know there are specific products marketed for lead encapsulating, but I've been reading mixed reviews on these products and I'm uncertain if they'll actually be any better than good primer, especially in an exterior application. Any advice on the best product to use? Currently looking at the following options. 1. Just using a decent oil based interior/exterior primer like [this Kilz product](https://www.homedepot.com/p/KILZ-Original-1-gal-White-Oil-Based-Low-VOC-Interior-and-Exterior-Primer-Sealer-and-Stain-Blocker-10991/308837606?source=shoppingads&locale=en-US&pla&mtc=SHOPPING-BF-CDP-GGL-D24-024_022_PRIMERS-NA-Multi-NA-PLALIA-NA-NA-NA-NA-NBR-NA-NA-NA-FY21_Multi_PLALIA&cm_mmc=SHOPPING-BF-CDP-GGL-D24-024_022_PRIMERS-NA-Multi-NA-PLALIA-NA-NA-NA-NA-NBR-NA-NA-NA-FY21_Multi_PLALIA-71700000075826637-58700006498654198-92700058683659550&gclid=Cj0KCQjw4s-kBhDqARIsAN-ipH0qxqPJqmJeToDtGWUGiFS2yIbTDbG5TJrVlN8JQxIznis3NoA5CEMaAg65EALw_wcB&gclsrc=aw.ds). 2. One of the ""lead encapsulating"" products like [this INSL-X product](https://www.amazon.com/INSL-X-Block-Encapsulating-Eggshell-Gallon/dp/B07NR8HF9D/ref=asc_df_B07NR8HF9D/?tag=hyprod-20&linkCode=df0&hvadid=242021870151&hvpos=&hvnetw=g&hvrand=11083124591850200297&hvpone=&hvptwo=&hvqmt=&hvdev=c&hvdvcmdl=&hvlocint=&hvlocphy=9007390&hvtargid=pla-680446636774&psc=1) or [this Fiberlock product](https://www.lowes.com/pd/Fiberlock/5013538819?cm_mmc=shp-_-c-_-prd-_-pnt-_-ggl-_-PLA_PNT_117_Paint-and-Primers-_-5013538819-_-online-_-0-_-0&gclid=Cj0KCQjw4s-kBhDqARIsAN-ipH0piO4_DCsNVzaKaLhj-desXrGP7Pu85scgv-zzywmKP-N5OAamjB8aArQaEALw_wcB&gclsrc=aw.ds). 3. [Zinsser ""Peel Stop""](https://www.homedepot.com/p/Zinsser-Peel-Stop-1-gal-White-Triple-Thick-Interior-Exterior-High-Build-Binding-Primer-260924/203317264?source=shoppingads&locale=en-US&&mtc=SHOPPING-RM-RMP-GGL-D24-024_022_PRIMERS-SB-RUSTOLEUM_PRO-NA-SMART-NA-NA-MK685072200-NA-NBR-2572-CON-NA-FY23Q1_Q4_Zinsser&cm_mmc=SHOPPING-RM-RMP-GGL-D24-024_022_PRIMERS-SB-RUSTOLEUM_PRO-NA-SMART-NA-NA-MK685072200-NA-NBR-2572-CON-NA-FY23Q1_Q4_Zinsser-71700000107874238-58700008312260902-92700075623311784&gclid=Cj0KCQjw4s-kBhDqARIsAN-ipH30IyOnrXMmbcg1cvR-SkWZtpJ2VKVMDTPynIw1f_ouXJDXqSEFfBMaAhS7EALw_wcB&gclsrc=aw.ds) 4. [XIM ""Peel Bond""](https://www.amazon.com/XIM-Peel-Bond-152164-Bonding/dp/B001NOGIHQ/?_encoding=UTF8&pd_rd_w=q24tX&content-id=amzn1.sym.03bef33a-a357-4fe3-9505-7fd4d6236957&pf_rd_p=03bef33a-a357-4fe3-9505-7fd4d6236957&pf_rd_r=PBJ3A5E5XPVJ1SM2CX9D&pd_rd_wg=aBTUp&pd_rd_r=37a4ffd0-0cfb-43a1-9ec2-a7f49121c1ef&ref_=pd_gw_ci_mcx_mr_hp_d) Any advice would be much appreciated. Cheers!",https://www.reddit.com/r/DIY/comments/14hysxo/deciding_on_the_right_product_to_encapsulate_lead/,8,10,https://www.reddit.com/r/DIY/comments/14hysxo/deciding_on_the_right_product_to_encapsulate_lead/,loose trim,needs_review_low_signal,,manual_review_pending,,low_risk_diy,0.82,cosmetic_or_minor_finish:\bpaint(?:ing|ed)?\b,"{""low_risk_diy"": 2.2}",no,,,,,MR0149,low_risk_diy,3,Max,,
17ylnw6,HomeImprovement,2023-11-19T01:29:22+00:00,Smoke alarm going off without smoke,"Over the past 2 days one of my smoke alarms has gone off four times. It is in the same room as my washer, dryer, and gas water heater. I already replaced the battery to ensure it wasn’t that. There is no smell or visual of smoke and all three units appear to be operating normally otherwise. High humidity could maybe be the culprit (?) but wanted to check with those smarter than me. Anything I may not be thinking of?","Smoke alarm going off without smoke Over the past 2 days one of my smoke alarms has gone off four times. It is in the same room as my washer, dryer, and gas water heater. I already replaced the battery to ensure it wasn’t that. There is no smell or visual of smoke and all three units appear to be operating normally otherwise. High humidity could maybe be the culprit (?) but wanted to check with those smarter than me. Anything I may not be thinking of?",https://www.reddit.com/r/HomeImprovement/comments/17ylnw6/smoke_alarm_going_off_without_smoke/,0,12,https://www.reddit.com/r/HomeImprovement/comments/17ylnw6/smoke_alarm_going_off_without_smoke/,gas smell,needs_review_urgent_signal,,manual_review_pending,,urgent_safety_risk,0.82,fire_smoke_or_sparks:\bsmoke\b; trade_system_issue:\bwater heater\b,"{""medium_risk_call_pro"": 2.0, ""urgent_safety_risk"": 3.5}",no,,,,,MR0150,urgent_safety_risk,1,Patrick,,
1rp19da,Plumbing,2026-03-09T14:11:24+00:00,Sink drain,"Hello all, We had a sink draining into this main a few years ago but we tore it out after a flood. I’m planning on replacing it. What’s the best way to drain into this cast iron? I can’t remember how it used to be. Thanks!","Sink drain Hello all, We had a sink draining into this main a few years ago but we tore it out after a flood. I’m planning on replacing it. What’s the best way to drain into this cast iron? I can’t remember how it used to be. Thanks!",https://www.reddit.com/r/Plumbing/comments/1rp19da/sink_drain/,1,0,https://i.redd.it/rfs3mt4021og1.jpeg,flooding,needs_review_urgent_signal,,manual_review_pending,,,0.00,no_labeling_function_matched,{},yes,,,,,MR0151,needs_human_review,3,Max,,
1ro7n3j,HomeMaintenance,2026-03-08T15:26:58+00:00,Paint peeling off the walls,"Hey there, I’m hoping for some advice. I moved into this house three years ago and painted the bathroom walls white. Over the past year, I noticed a bubble, went to remove, sand and repaint but noticed I could actually peel most of the paint right off the walls! I think the tan layer are the original drywall, (you can see the layers of the cardboard/brown paper in some areas where the paint pulled off deeply). I know this isn’t the right language and apologize for my poor description, but I was hoping to have some advice on how to treat these walls so that I could repaint again and have it stick, I guess? It happened to another bathroom, but I just sanded and wallpaper’d that one (but now that wallpaper is peeling off too!). Both bathrooms are toilet/sinks only with working fans for ventilation. Thank you for your help :)","Paint peeling off the walls Hey there, I’m hoping for some advice. I moved into this house three years ago and painted the bathroom walls white. Over the past year, I noticed a bubble, went to remove, sand and repaint but noticed I could actually peel most of the paint right off the walls! I think the tan layer are the original drywall, (you can see the layers of the cardboard/brown paper in some areas where the paint pulled off deeply). I know this isn’t the right language and apologize for my poor description, but I was hoping to have some advice on how to treat these walls so that I could repaint again and have it stick, I guess? It happened to another bathroom, but I just sanded and wallpaper’d that one (but now that wallpaper is peeling off too!). Both bathrooms are toilet/sinks only with working fans for ventilation. Thank you for your help :)",https://www.reddit.com/r/HomeMaintenance/comments/1ro7n3j/paint_peeling_off_the_walls/,10,13,https://www.reddit.com/gallery/1ro7n3j,paint peeling,needs_review_low_signal,,manual_review_pending,,low_risk_diy,0.82,cosmetic_or_minor_finish:\bpaint(?:ing|ed)?\b,"{""low_risk_diy"": 2.2}",no,,,,,MR0152,low_risk_diy,4,Manthan,,
12zep0u,askanelectrician,2023-04-26T11:33:31+00:00,New 20a Outlet for Servers,"Hey All! Exploring putting in a new outlet for a few work servers I'm bringing home - my battery backup requires Nema 5-20p plug and 20amp service. My systems pull about 1000w at full load (just over 8 amps right?) - and I started deciphering my wacky electrical panel(s) in my house. My house has a sordid tale of additions, construction, etc - but I think I have all of my breakers figured out and as luck would have it (for once with this house!) - the old ""under the panel"" outlet that was code at one point is on a 20 amp circuit - and was pulled to my basement to run all the can lights in the ceiling (13 of them). There is a junction box right where I was thinking of installing the servers from the breaker and to the lights line. All the can lights are LED currently - (retrofit all in one units) - but IF they were all switched to incandescent at some point that would probably pull too many amps (again if I did my math right!) - I don't ever forsee that happening, but should that be an issue if I put in a receptacle at the junction box (probably pigtail it on the line) - or should I be looking at another circuit? &#x200B; Thanks for any insight you have or can offer - I wanted to just check before I start calling my local friends or bothering anyone I know ""in the business"" - I appreciate it!","New 20a Outlet for Servers Hey All! Exploring putting in a new outlet for a few work servers I'm bringing home - my battery backup requires Nema 5-20p plug and 20amp service. My systems pull about 1000w at full load (just over 8 amps right?) - and I started deciphering my wacky electrical panel(s) in my house. My house has a sordid tale of additions, construction, etc - but I think I have all of my breakers figured out and as luck would have it (for once with this house!) - the old ""under the panel"" outlet that was code at one point is on a 20 amp circuit - and was pulled to my basement to run all the can lights in the ceiling (13 of them). There is a junction box right where I was thinking of installing the servers from the breaker and to the lights line. All the can lights are LED currently - (retrofit all in one units) - but IF they were all switched to incandescent at some point that would probably pull too many amps (again if I did my math right!) - I don't ever forsee that happening, but should that be an issue if I put in a receptacle at the junction box (probably pigtail it on the line) - or should I be looking at another circuit? &#x200B; Thanks for any insight you have or can offer - I wanted to just check before I start calling my local friends or bothering anyone I know ""in the business"" - I appreciate it!",https://www.reddit.com/r/askanelectrician/comments/12zep0u/new_20a_outlet_for_servers/,0,2,https://www.reddit.com/r/askanelectrician/comments/12zep0u/new_20a_outlet_for_servers/,electrical issue,needs_review_medium_signal,,manual_review_pending,,medium_risk_call_pro,0.80,trade_system_issue:\bbreaker\b,"{""medium_risk_call_pro"": 2.0}",no,,,,,MR0153,medium_risk_call_pro,3,Max,,
1rgkzz7,Plumbing,2026-02-27T22:26:50+00:00,How do I resolve this overflowing issue?,"There is a water trap at my apartment as we can see from the picture. It is constantly overflowing, flooding my backyard on the ground floor. The location of this water trap is on the outside of my apartment, in the backyard. The vertical pvc pipe leading into it is directing waster water from my air conditioner. The water trap is overflowing even there is no water coming from my ac’s pvc pipe; I tried to clean it and managed to dig out reddish dust and sand yet it is still over flowing, which suggests the water comes from some where else and the blockage is deeper away from my wall. Any suggestions?","How do I resolve this overflowing issue? There is a water trap at my apartment as we can see from the picture. It is constantly overflowing, flooding my backyard on the ground floor. The location of this water trap is on the outside of my apartment, in the backyard. The vertical pvc pipe leading into it is directing waster water from my air conditioner. The water trap is overflowing even there is no water coming from my ac’s pvc pipe; I tried to clean it and managed to dig out reddish dust and sand yet it is still over flowing, which suggests the water comes from some where else and the blockage is deeper away from my wall. Any suggestions?",https://www.reddit.com/r/Plumbing/comments/1rgkzz7/how_do_i_resolve_this_overflowing_issue/,1,3,https://i.redd.it/promy1t954mg1.jpeg,flooding,needs_review_urgent_signal,,manual_review_pending,,urgent_safety_risk,0.77,active_flooding_or_sewage:\bflooding\b; trade_system_issue:\bair conditioner\b,"{""medium_risk_call_pro"": 2.0, ""urgent_safety_risk"": 3.0}",no,,,,,MR0154,urgent_safety_risk,4,Manthan,,
12q6yoe,askanelectrician,2023-04-18T02:28:03+00:00,12V Power Adapters,"We use these 12V power adapters in a fencing club. They worked for years until we changed locations, and now they quit working after a week or two, sometimes as little as an hour or two. There is no obvious signs of damage when pulled apart, but once they quit they never work again. Looking for thoughts on what could be causing this, and possible preventative measures. We thought it may have been static electricity from the new gym floor, and started using humidifiers, which helped with the static shocks, but not with the power supply issue. Thoughts?","12V Power Adapters We use these 12V power adapters in a fencing club. They worked for years until we changed locations, and now they quit working after a week or two, sometimes as little as an hour or two. There is no obvious signs of damage when pulled apart, but once they quit they never work again. Looking for thoughts on what could be causing this, and possible preventative measures. We thought it may have been static electricity from the new gym floor, and started using humidifiers, which helped with the static shocks, but not with the power supply issue. Thoughts?",https://www.reddit.com/r/askanelectrician/comments/12q6yoe/12v_power_adapters/,1,2,https://www.reddit.com/gallery/12q6yoe,electrical issue,needs_review_unclear,,manual_review_pending,,,0.00,no_labeling_function_matched,{},yes,,,,,MR0155,needs_human_review,2,Sarah,,
12b8hum,askanelectrician,2023-04-04T04:04:28+00:00,Tell me about this outlet,Just moved and nearly all the outlets look like this. Only a few in the kitchen have a ground port but I haven't checked if there is even a ground wire behind the kitchen outlets. I've replaced three of these already and there's no ground wire. I know very little about electrical so is this concerning? Would it be a DIY job to replace the current cables to add a grounding wire? Also several outlets spark when used.,Tell me about this outlet Just moved and nearly all the outlets look like this. Only a few in the kitchen have a ground port but I haven't checked if there is even a ground wire behind the kitchen outlets. I've replaced three of these already and there's no ground wire. I know very little about electrical so is this concerning? Would it be a DIY job to replace the current cables to add a grounding wire? Also several outlets spark when used.,https://www.reddit.com/r/askanelectrician/comments/12b8hum/tell_me_about_this_outlet/,2,14,https://i.redd.it/9yerpi8c2ura1.png,sparking outlet,needs_review_urgent_signal,,manual_review_pending,,urgent_safety_risk,0.82,fire_smoke_or_sparks:\bspark(?:s|ing|ed)?\b; trade_system_issue:\boutlets?\b,"{""medium_risk_call_pro"": 2.0, ""urgent_safety_risk"": 3.5}",no,,,,,MR0156,urgent_safety_risk,1,Patrick,,
11jhat3,HomeImprovement,2023-03-05T23:19:23+00:00,Weird smell coming from basement?,"There's been a weird smell coming from our basement for a couple of days now. It is NOT: musty, moldy, gas/sulphur, or sewer-smelling. It's kind of hard to describe but when we first walked in my partner asked if it was my plants because it almost smells like dirt or soil but I haven't gotten any new plants. We smell it in the living room and on the first floor for a little until we go noseblind to it and then it gets stronger in the basement. Any idea what it could be?","Weird smell coming from basement? There's been a weird smell coming from our basement for a couple of days now. It is NOT: musty, moldy, gas/sulphur, or sewer-smelling. It's kind of hard to describe but when we first walked in my partner asked if it was my plants because it almost smells like dirt or soil but I haven't gotten any new plants. We smell it in the living room and on the first floor for a little until we go noseblind to it and then it gets stronger in the basement. Any idea what it could be?",https://www.reddit.com/r/HomeImprovement/comments/11jhat3/weird_smell_coming_from_basement/,2,23,https://www.reddit.com/r/HomeImprovement/comments/11jhat3/weird_smell_coming_from_basement/,gas smell,needs_review_unclear,,manual_review_pending,,,0.00,no_labeling_function_matched,{},yes,,,,,MR0157,needs_human_review,2,Sarah,,
qexln4,Plumbing,2021-10-24T18:09:15+00:00,Trying to replace single shower knob,"We've had trouble with this loose knob for a while. The trim has no brand marking. I got a universal single replacement knob, but find the stem has nothing to connect to. There's no opening to accept the bolt. There was a square tightening connector that came with the knob, but it's no long enough to hold both the stem and the bolt. I've tried searching online for some kind of adaptor that cinches down on the stem and has a threaded female section on the other end. Otherwise, can I replace the ball/stem for one that is more adaptable, even though I don't know what make/model this is? https://preview.redd.it/svktfq3svfv71.jpg?width=1282&format=pjpg&auto=webp&s=6cf66fc3d7cb44ae8d14fa0e3349e9dfa1c63e78 https://preview.redd.it/dufztw3svfv71.jpg?width=1386&format=pjpg&auto=webp&s=3f96cb638b3e0b94073dcabbb433796295bc5675","Trying to replace single shower knob We've had trouble with this loose knob for a while. The trim has no brand marking. I got a universal single replacement knob, but find the stem has nothing to connect to. There's no opening to accept the bolt. There was a square tightening connector that came with the knob, but it's no long enough to hold both the stem and the bolt. I've tried searching online for some kind of adaptor that cinches down on the stem and has a threaded female section on the other end. Otherwise, can I replace the ball/stem for one that is more adaptable, even though I don't know what make/model this is? https://preview.redd.it/svktfq3svfv71.jpg?width=1282&format=pjpg&auto=webp&s=6cf66fc3d7cb44ae8d14fa0e3349e9dfa1c63e78 https://preview.redd.it/dufztw3svfv71.jpg?width=1386&format=pjpg&auto=webp&s=3f96cb638b3e0b94073dcabbb433796295bc5675",https://www.reddit.com/r/Plumbing/comments/qexln4/trying_to_replace_single_shower_knob/,1,2,https://www.reddit.com/r/Plumbing/comments/qexln4/trying_to_replace_single_shower_knob/,loose trim,needs_review_low_signal,,manual_review_pending,,low_risk_diy,0.82,cosmetic_or_minor_finish:\btrim\b,"{""low_risk_diy"": 2.2}",no,,,,,MR0158,low_risk_diy,3,Max,,
11l6wqr,askanelectrician,2023-03-07T18:22:13+00:00,Need help with electrical installation issue in my house,"Hello everyone, I am experiencing some strange behavior with 2 outlets in my house and I was hoping to get some advice on how to fix the problem. Here are the details: * On some occasions, the outlets work perfectly fine * Other times, they trip the circuit breaker * Sometimes, they don't trip the breaker but cause other outlets to stop working * And in some cases, they switch off other outlets for a second and then everything goes back to normal. The outlets are in the same room. My house has an old electrical installation, some of the cables are made of aluminum and some parts of the installation have only two conductors and no ground. I live in Europe and have 230V @ 50Hz I have completely no idea what is causing these issues, so any help or suggestions would be greatly appreciated.","Need help with electrical installation issue in my house Hello everyone, I am experiencing some strange behavior with 2 outlets in my house and I was hoping to get some advice on how to fix the problem. Here are the details: * On some occasions, the outlets work perfectly fine * Other times, they trip the circuit breaker * Sometimes, they don't trip the breaker but cause other outlets to stop working * And in some cases, they switch off other outlets for a second and then everything goes back to normal. The outlets are in the same room. My house has an old electrical installation, some of the cables are made of aluminum and some parts of the installation have only two conductors and no ground. I live in Europe and have 230V @ 50Hz I have completely no idea what is causing these issues, so any help or suggestions would be greatly appreciated.",https://www.reddit.com/r/askanelectrician/comments/11l6wqr/need_help_with_electrical_installation_issue_in/,1,2,https://www.reddit.com/r/askanelectrician/comments/11l6wqr/need_help_with_electrical_installation_issue_in/,electrical issue,needs_review_medium_signal,,manual_review_pending,,medium_risk_call_pro,0.80,trade_system_issue:\bbreaker\b,"{""medium_risk_call_pro"": 2.0}",no,,,,,MR0159,medium_risk_call_pro,2,Sarah,,
1t8kt0f,DIY,2026-05-09T20:29:32+00:00,Fixing broken irrigation line,"I've got about 300' of buried pvc irrigation line that I laid about 5 years ago. I think this past winter finally did it in. I always blow the line out before the first frost but something must have shifted or otherwise cracked it because it won't build any pressure and the water fill just runs forever. So what's the best way to try and find the leak? It's about 2 feet down. I can quickly narrow down sections and rule out where the break isn't but unless I get really lucky and see shattered pipe, I don't want to drill holes and see if water sprays out. What's a good way to test the integrity of the pipe at certain intervals?","Fixing broken irrigation line I've got about 300' of buried pvc irrigation line that I laid about 5 years ago. I think this past winter finally did it in. I always blow the line out before the first frost but something must have shifted or otherwise cracked it because it won't build any pressure and the water fill just runs forever. So what's the best way to try and find the leak? It's about 2 feet down. I can quickly narrow down sections and rule out where the break isn't but unless I get really lucky and see shattered pipe, I don't want to drill holes and see if water sprays out. What's a good way to test the integrity of the pipe at certain intervals?",https://www.reddit.com/r/DIY/comments/1t8kt0f/fixing_broken_irrigation_line/,36,20,https://www.reddit.com/r/DIY/comments/1t8kt0f/fixing_broken_irrigation_line/,water leak,needs_review_medium_signal,,manual_review_pending,,medium_risk_call_pro,0.80,contained_water_damage:\bleak(?:s|ing|ed)?\b,"{""medium_risk_call_pro"": 2.0}",no,,,,,MR0160,medium_risk_call_pro,1,Patrick,,
1fvlpfq,Plumbing,2024-10-03T23:44:08+00:00,Clean outs in front yard loose,"So we were trimming some bushes and I knelt down on one of the cleanouts and I noticed it sank about 4 inches. I thought F me, I just broke the T connector underground. I then took the caps off but noticed BOTH cleanout pipes were loose. I could twist them easily and pushed them both down a few inches. When I took off the caps it didn't look like the T connections (normal PVC) were broken and there was no blockage and water was flowing in the right direction. Is this something to be concerned about? We live in the Midwest (hot and cold weather) so I'm not sure if ground pressure forced them loose or if the plumber's never glued them in properly 20 years ago?","Clean outs in front yard loose So we were trimming some bushes and I knelt down on one of the cleanouts and I noticed it sank about 4 inches. I thought F me, I just broke the T connector underground. I then took the caps off but noticed BOTH cleanout pipes were loose. I could twist them easily and pushed them both down a few inches. When I took off the caps it didn't look like the T connections (normal PVC) were broken and there was no blockage and water was flowing in the right direction. Is this something to be concerned about? We live in the Midwest (hot and cold weather) so I'm not sure if ground pressure forced them loose or if the plumber's never glued them in properly 20 years ago?",https://www.reddit.com/r/Plumbing/comments/1fvlpfq/clean_outs_in_front_yard_loose/,1,8,https://i.redd.it/buebg9kcomsd1.jpeg,loose trim,needs_review_unclear,,manual_review_pending,,,0.00,no_labeling_function_matched,{},yes,,,,,MR0161,needs_human_review,3,Max,,
1svohmi,Plumbing,2026-04-25T21:27:32+00:00,Help with sewer scope inspection,"Wife and I are in the process of buying a home built in 60s, sewer scope inspection has us confused on severity of the cast iron. Inspection states roots at 5, 7, 28 and 33ft. Excessive wear, build up and standing water. Our realtor thinks asking for a Jett should be good enough. Are we looking at full replacement in near future or maintenance holding us out for a while? It is worth note that I had a terrible sewer experience in my first home where the basement flooded a month after closing so that has me nervous to end up in that same situation again.","Help with sewer scope inspection Wife and I are in the process of buying a home built in 60s, sewer scope inspection has us confused on severity of the cast iron. Inspection states roots at 5, 7, 28 and 33ft. Excessive wear, build up and standing water. Our realtor thinks asking for a Jett should be good enough. Are we looking at full replacement in near future or maintenance holding us out for a while? It is worth note that I had a terrible sewer experience in my first home where the basement flooded a month after closing so that has me nervous to end up in that same situation again.",https://www.reddit.com/r/Plumbing/comments/1svohmi/help_with_sewer_scope_inspection/,1,3,https://v.redd.it/vz1a5ufhmexg1,flooding,needs_review_urgent_signal,,manual_review_pending,,urgent_safety_risk,0.90,active_flooding_or_sewage:\bflooded\b,"{""urgent_safety_risk"": 3.0}",no,,,,,MR0162,urgent_safety_risk,2,Sarah,,
1tsrn3s,HomeImprovement,2026-05-31T10:30:27+00:00,"Bought first ever townhome, fridge broke a week before move in and flooded kitchen, basement ceiling below and basement carpet below. Help?","TLDR- wouldn’t we have to remove the cabinets to make sure there still isn’t moisture and mold growing between hardwood and subfloor beneath the cabinets? The previous owners seemed to break the filter compartment so when we went to replace it, the fridge leaked. It was only overnight—sometime between 6pm to 1pm the next day when I went back to do some more painting. Part of the hardwood kitchen floors had standing water, there were some wet patches in the basement ceiling below, and areas of the basement carpet were wet. The neighborhood contractor had us get fans and dehumidifiers and he cut out the parts of the ceiling that were damp to let dry. I was able to get a remediation company to come the next day who brought in their commercial drying Equipment. He said the kitchen hardwood would all definitely need replaced because it’s damaged. But he didn’t touch anything in kitchen bc I hadn’t filed homeowner claim yet - I did later that day. I asked him how likely is it there’s still moisture between the subfloor and hardwood. He said it’s possible and if hardwood goes underneath the cabinets, cabinets need removed too. But The remediation’s flooring guy called me yesterday and I asked about the floor being under the cabinets and he said he wouldn’t count on insurance replacing anything but the floors. But I don’t understand , if there’s water under the hardwood and the hardwood goes under the cabinets, wouldn’t we need to remove all of it to make sure no mold can grow? The water was standing against the cabinets and the paint is peeling along the bottom (I didn’t paint them lol). I just don’t want to worry about long term mold issues, we have a young kid. I want to know how aggressively to advocate for getting cabinets replaced and how hard to push back on people.","Bought first ever townhome, fridge broke a week before move in and flooded kitchen, basement ceiling below and basement carpet below. Help? TLDR- wouldn’t we have to remove the cabinets to make sure there still isn’t moisture and mold growing between hardwood and subfloor beneath the cabinets? The previous owners seemed to break the filter compartment so when we went to replace it, the fridge leaked. It was only overnight—sometime between 6pm to 1pm the next day when I went back to do some more painting. Part of the hardwood kitchen floors had standing water, there were some wet patches in the basement ceiling below, and areas of the basement carpet were wet. The neighborhood contractor had us get fans and dehumidifiers and he cut out the parts of the ceiling that were damp to let dry. I was able to get a remediation company to come the next day who brought in their commercial drying Equipment. He said the kitchen hardwood would all definitely need replaced because it’s damaged. But he didn’t touch anything in kitchen bc I hadn’t filed homeowner claim yet - I did later that day. I asked him how likely is it there’s still moisture between the subfloor and hardwood. He said it’s possible and if hardwood goes underneath the cabinets, cabinets need removed too. But The remediation’s flooring guy called me yesterday and I asked about the floor being under the cabinets and he said he wouldn’t count on insurance replacing anything but the floors. But I don’t understand , if there’s water under the hardwood and the hardwood goes under the cabinets, wouldn’t we need to remove all of it to make sure no mold can grow? The water was standing against the cabinets and the paint is peeling along the bottom (I didn’t paint them lol). I just don’t want to worry about long term mold issues, we have a young kid. I want to know how aggressively to advocate for getting cabinets replaced and how hard to push back on people.",https://www.reddit.com/r/HomeImprovement/comments/1tsrn3s/bought_first_ever_townhome_fridge_broke_a_week/,3,17,https://www.reddit.com/r/HomeImprovement/comments/1tsrn3s/bought_first_ever_townhome_fridge_broke_a_week/,leak,needs_review_urgent_signal,,manual_review_pending,,urgent_safety_risk,0.77,active_flooding_or_sewage:\bflooded\b; contained_water_damage:\bleak(?:s|ing|ed)?\b; mold_or_foundation_concern:\bmold\b; cosmetic_or_minor_finish:\bpaint(?:ing|ed)?\b,"{""low_risk_diy"": 2.2, ""medium_risk_call_pro"": 4.0, ""urgent_safety_risk"": 3.0}",yes,,,,,MR0163,needs_human_review,3,Max,,
1nkprmc,HomeMaintenance,2025-09-19T01:00:25+00:00,~20-25 year old aluminum casement windows have paint peeling. What would be the process to rehab these?,"Windows are an older Andersen model and have aluminum on the exterior. I have one set here and another set on the opposite side of the dining room. I’m very handy, but the biggest issue will be timing - I’ll have to wait til next summer since it’s already getting cold here","~20-25 year old aluminum casement windows have paint peeling. What would be the process to rehab these? Windows are an older Andersen model and have aluminum on the exterior. I have one set here and another set on the opposite side of the dining room. I’m very handy, but the biggest issue will be timing - I’ll have to wait til next summer since it’s already getting cold here",https://www.reddit.com/r/HomeMaintenance/comments/1nkprmc/2025_year_old_aluminum_casement_windows_have/,3,21,https://i.redd.it/prrcy250t0qf1.jpeg,paint peeling,needs_review_low_signal,,manual_review_pending,,low_risk_diy,0.82,cosmetic_or_minor_finish:\bpaint(?:ing|ed)?\b,"{""low_risk_diy"": 2.2}",no,,,,,MR0164,low_risk_diy,3,Max,,
1gduek9,Plumbing,2024-10-28T05:01:11+00:00,Low water flow and pressure from shower and tub faucet. Replaced Delta ball style RP212 with genuine parts. Still the same problem. What's the next solution?,"For what it's worth, I got a genuine replacement kit, but it is meant for kitchen faucets, so I reused the original grommet because the faucet grommet wouldn't sit. There is no leaking. - Could it be the wrong ball, making it so that the hot water can't turn all the way? I've tried flipping the ball around but it's the same, high flow pressure cold, low flow pressure hot. - I've turned my water main a quarter lower and the cold water flow and pressure from the shower did not change. The hot water was tinkling less. - There was rust in the valves from behind the springs, I could only get a few centimeters in to wipe it out. I did spray vinegar in it and left it for 10 minutes but got impatient and didn't want the vinegar to disintegrate the rubber grommet around the valve. - The hot water and cold water pressure is the same everywhere else in the house. Those others use separate handles for hot and cold instead of one handle to control temperature. - I removed the trim for clearance for a wrench but didn't need it in the end. Behind the cartridge, there was a loose brass/metal cylinder. It seems to serve no purpose because it just slides on and off. What is that? My kit came with two sets of springs and the rubber black things, I used the smaller ones because they matched what I took out. The original RP212 I replaced was metal and a slightly different color but it looked the same and there didn't appear to be any debris in it.","Low water flow and pressure from shower and tub faucet. Replaced Delta ball style RP212 with genuine parts. Still the same problem. What's the next solution? For what it's worth, I got a genuine replacement kit, but it is meant for kitchen faucets, so I reused the original grommet because the faucet grommet wouldn't sit. There is no leaking. - Could it be the wrong ball, making it so that the hot water can't turn all the way? I've tried flipping the ball around but it's the same, high flow pressure cold, low flow pressure hot. - I've turned my water main a quarter lower and the cold water flow and pressure from the shower did not change. The hot water was tinkling less. - There was rust in the valves from behind the springs, I could only get a few centimeters in to wipe it out. I did spray vinegar in it and left it for 10 minutes but got impatient and didn't want the vinegar to disintegrate the rubber grommet around the valve. - The hot water and cold water pressure is the same everywhere else in the house. Those others use separate handles for hot and cold instead of one handle to control temperature. - I removed the trim for clearance for a wrench but didn't need it in the end. Behind the cartridge, there was a loose brass/metal cylinder. It seems to serve no purpose because it just slides on and off. What is that? My kit came with two sets of springs and the rubber black things, I used the smaller ones because they matched what I took out. The original RP212 I replaced was metal and a slightly different color but it looked the same and there didn't appear to be any debris in it.",https://www.reddit.com/r/Plumbing/comments/1gduek9/low_water_flow_and_pressure_from_shower_and_tub/,1,2,https://www.reddit.com/r/Plumbing/comments/1gduek9/low_water_flow_and_pressure_from_shower_and_tub/,loose trim,needs_review_medium_signal,,manual_review_pending,,medium_risk_call_pro,0.67,contained_water_damage:\bleak(?:s|ing|ed)?\b; cosmetic_or_minor_finish:\btrim\b,"{""low_risk_diy"": 2.2, ""medium_risk_call_pro"": 2.0}",yes,,,,,MR0165,needs_human_review,3,Max,,
1rptgf9,Plumbing,2026-03-10T10:38:28+00:00,Basement flooded. First time any indication of water issues since buying the house.,"We bought the house in 2019. The basement is partially finished and was carpeted in the finished area. It’s spring and we had a decent rain in Chicagoland 3 days ago. I have 2 sump pumps. One pit has a low water level, and one pit has a high water level. Both pumps are working when tested, but the discharge pipe for the one towards the back of the home (the one that flooded) is crusted with minerals and dirt. As soon as the float on the pump that flooded is lifted, it drains the pit, but water flows back in immediately (takes about 20 seconds) and it sits at the level it’s currently at with about 15” of water in the pit. We are due for a rainstorm tonight. Any advice would be very welcome. We ripped out the carpet and I’ve had box fans and dehumidifier running for 48 hours with no signs of more water issues, but it has been sunny with no rain the whole time.","Basement flooded. First time any indication of water issues since buying the house. We bought the house in 2019. The basement is partially finished and was carpeted in the finished area. It’s spring and we had a decent rain in Chicagoland 3 days ago. I have 2 sump pumps. One pit has a low water level, and one pit has a high water level. Both pumps are working when tested, but the discharge pipe for the one towards the back of the home (the one that flooded) is crusted with minerals and dirt. As soon as the float on the pump that flooded is lifted, it drains the pit, but water flows back in immediately (takes about 20 seconds) and it sits at the level it’s currently at with about 15” of water in the pit. We are due for a rainstorm tonight. Any advice would be very welcome. We ripped out the carpet and I’ve had box fans and dehumidifier running for 48 hours with no signs of more water issues, but it has been sunny with no rain the whole time.",https://www.reddit.com/r/Plumbing/comments/1rptgf9/basement_flooded_first_time_any_indication_of/,1,6,https://www.reddit.com/gallery/1rptgf9,flooding,needs_review_urgent_signal,,manual_review_pending,,urgent_safety_risk,0.90,active_flooding_or_sewage:\bflooded\b,"{""urgent_safety_risk"": 3.0}",no,,,,,MR0166,urgent_safety_risk,1,Patrick,,
1syifcd,DIY,2026-04-28T23:54:15+00:00,Repainting old barn,"I am replacing the front of this old barn (it looks rougher than it really is) and need to paint the new wood. While I’d love to stain the new wood, the old wood as you can see is peeling and trying to get it off/replace planks to get it to match new wood is more effort than I can give it. How would you approach re-painting the whole barn? what type paint? system of application? thanks so much, Carrie","Repainting old barn I am replacing the front of this old barn (it looks rougher than it really is) and need to paint the new wood. While I’d love to stain the new wood, the old wood as you can see is peeling and trying to get it off/replace planks to get it to match new wood is more effort than I can give it. How would you approach re-painting the whole barn? what type paint? system of application? thanks so much, Carrie",https://www.reddit.com/r/DIY/comments/1syifcd/repainting_old_barn/,0,1,https://www.reddit.com/r/DIY/comments/1syifcd/repainting_old_barn/,paint peeling,needs_review_low_signal,,manual_review_pending,,low_risk_diy,0.82,cosmetic_or_minor_finish:\bpaint(?:ing|ed)?\b,"{""low_risk_diy"": 2.2}",no,,,,,MR0167,low_risk_diy,1,Patrick,,
1tmmqnc,HomeImprovement,2026-05-24T20:07:25+00:00,Need help temporarily patching a hole in my kitchen floor.,"Hello, I live in an older mobile home. We had a leak recently and the floor being wet for a couple of days in the kitchen completely wrecked it. There were already problems with the kitchen floor and this just put it over the edge. It is buckled in places causing it to be uneven, but my main concern is a soft spot that if a tiny bit of pressure is applied to it will fall through, creating a decent sized hole in the entrance to the kitchen. We are currently trying to buy a house. We cant afford to sink any more money on repairs into this trailer. We just need to get a couple more months out of this place. The only thing I can think to do is to buy a big piece of plywood that covers all or most of the kitchen and have it cut to size at Home Depot. Then put stick on tiles on it so it’s cleanable. My question with that is, how could I keep the plywood from bouncing and sliding around since the floor is no longer flat. Any help or ideas are greatly appreciated.","Need help temporarily patching a hole in my kitchen floor. Hello, I live in an older mobile home. We had a leak recently and the floor being wet for a couple of days in the kitchen completely wrecked it. There were already problems with the kitchen floor and this just put it over the edge. It is buckled in places causing it to be uneven, but my main concern is a soft spot that if a tiny bit of pressure is applied to it will fall through, creating a decent sized hole in the entrance to the kitchen. We are currently trying to buy a house. We cant afford to sink any more money on repairs into this trailer. We just need to get a couple more months out of this place. The only thing I can think to do is to buy a big piece of plywood that covers all or most of the kitchen and have it cut to size at Home Depot. Then put stick on tiles on it so it’s cleanable. My question with that is, how could I keep the plywood from bouncing and sliding around since the floor is no longer flat. Any help or ideas are greatly appreciated.",https://www.reddit.com/r/HomeImprovement/comments/1tmmqnc/need_help_temporarily_patching_a_hole_in_my/,1,2,https://www.reddit.com/r/HomeImprovement/comments/1tmmqnc/need_help_temporarily_patching_a_hole_in_my/,leak,needs_review_medium_signal,,manual_review_pending,,medium_risk_call_pro,0.80,contained_water_damage:\bleak(?:s|ing|ed)?\b,"{""medium_risk_call_pro"": 2.0}",no,,,,,MR0168,medium_risk_call_pro,1,Patrick,,
1qk5i9f,Plumbing,2026-01-22T20:17:46+00:00,Bathroom sink drain,"Dealing with plumbing issues at my daughter's 1957 house, and needed to pull the P-trap under the bathroom sink. The drain line is galvanized and I assume there's a tee behind the wall with the pictured bushing screwed into it. The bushing is not threaded on the inside, and a prior DIYer installed a polypropylene P-trap using silicone adhesive and way too much caulk. I'd like to remove the bushing, stub out from the drain line, and install a P-trap correctly. First question: Is this the correct approach, or is there a better way to deal with the problem? The bushing probably hasn't been removed for nearly 70 years - is trying to unscrew it a fool's errand? Second question: If this is a plausible plan of attack, is there a way to remove the bushing without ripping out the drywall? It's pretty much flush, so there's no way to get a pipe wrench or slip-jaw pliers onto it. A 2"" socket, maybe? TIA for any thoughts, pointers, or advice.","Bathroom sink drain Dealing with plumbing issues at my daughter's 1957 house, and needed to pull the P-trap under the bathroom sink. The drain line is galvanized and I assume there's a tee behind the wall with the pictured bushing screwed into it. The bushing is not threaded on the inside, and a prior DIYer installed a polypropylene P-trap using silicone adhesive and way too much caulk. I'd like to remove the bushing, stub out from the drain line, and install a P-trap correctly. First question: Is this the correct approach, or is there a better way to deal with the problem? The bushing probably hasn't been removed for nearly 70 years - is trying to unscrew it a fool's errand? Second question: If this is a plausible plan of attack, is there a way to remove the bushing without ripping out the drywall? It's pretty much flush, so there's no way to get a pipe wrench or slip-jaw pliers onto it. A 2"" socket, maybe? TIA for any thoughts, pointers, or advice.",https://www.reddit.com/r/Plumbing/comments/1qk5i9f/bathroom_sink_drain/,2,1,https://www.reddit.com/gallery/1qk5i9f,caulk,needs_review_medium_signal,,manual_review_pending,,medium_risk_call_pro,0.67,trade_system_issue:\bplumbing\b; cosmetic_or_minor_finish:\bcaulk(?:ing)?\b,"{""low_risk_diy"": 2.2, ""medium_risk_call_pro"": 2.0}",yes,,,,,MR0169,needs_human_review,2,Sarah,,
1tf6266,HomeImprovement,2026-05-16T21:26:28+00:00,Chemical/VOC Smell in laundry room after roofers patched around dryer vent,"The titles pretty much sums it up. I had roofers come out a couple days ago to fix a small leak which was around the dryer vent exhaust on the roof. While they were up there I had the dryer running and came in to the laundry room and smelled a nail polish remover smell so I assumed lint or wires were burning. I unhooked the dryer, took it apart, saw nothing wrong, cleaned out vent pipe with a drill brush that reached the roof and nothing. It’s been 2 days and unless I run the dryer on fluff (blows air with no heat) constantly the room ends up smelling like this chemical smell with the dryer off. I’m wondering if it’s not from the sealant or tar on the roof curing? I haven’t run the dryer with heat since this happened. Any ideas? Edit: went up to roof and found a small piece of sealant hanging from the laundry room air vent and it smells exactly like the smell in the laundry room. Unless they accidentally put some in the vent pipe itself I don’t see how the fumes could get into my house.","Chemical/VOC Smell in laundry room after roofers patched around dryer vent The titles pretty much sums it up. I had roofers come out a couple days ago to fix a small leak which was around the dryer vent exhaust on the roof. While they were up there I had the dryer running and came in to the laundry room and smelled a nail polish remover smell so I assumed lint or wires were burning. I unhooked the dryer, took it apart, saw nothing wrong, cleaned out vent pipe with a drill brush that reached the roof and nothing. It’s been 2 days and unless I run the dryer on fluff (blows air with no heat) constantly the room ends up smelling like this chemical smell with the dryer off. I’m wondering if it’s not from the sealant or tar on the roof curing? I haven’t run the dryer with heat since this happened. Any ideas? Edit: went up to roof and found a small piece of sealant hanging from the laundry room air vent and it smells exactly like the smell in the laundry room. Unless they accidentally put some in the vent pipe itself I don’t see how the fumes could get into my house.",https://www.reddit.com/r/HomeImprovement/comments/1tf6266/chemicalvoc_smell_in_laundry_room_after_roofers/,2,2,https://www.reddit.com/r/HomeImprovement/comments/1tf6266/chemicalvoc_smell_in_laundry_room_after_roofers/,leak,needs_review_medium_signal,,manual_review_pending,,medium_risk_call_pro,0.80,contained_water_damage:\bleak(?:s|ing|ed)?\b,"{""medium_risk_call_pro"": 2.0}",no,,,,,MR0170,medium_risk_call_pro,1,Patrick,,
10m1y3t,askanelectrician,2023-01-26T20:43:03+00:00,One flickering light,"My husband converted part of our garage to a home office early in the pandemic. Part of that construction involved some DIWhy electrical work. I have three LED Canless Downlights on my ceiling that all connect to one light switch. Until recently, flip the switch and all three successfully light up. Mid-way during our recent onslaught of stormy weather (Northern California), the middle light started flickering. And it hasn’t stopped. It doesn’t ever stay on for more than 10 seconds at a time, and usually it’s more like it’s off for 30 seconds, then a quick flash and back off. Husband just suggests he might go pick up another light and swap it out. I’m worried about an actual electrical issue and possible danger. He shrugs that idea off. What are the professionals’ thoughts on this?","One flickering light My husband converted part of our garage to a home office early in the pandemic. Part of that construction involved some DIWhy electrical work. I have three LED Canless Downlights on my ceiling that all connect to one light switch. Until recently, flip the switch and all three successfully light up. Mid-way during our recent onslaught of stormy weather (Northern California), the middle light started flickering. And it hasn’t stopped. It doesn’t ever stay on for more than 10 seconds at a time, and usually it’s more like it’s off for 30 seconds, then a quick flash and back off. Husband just suggests he might go pick up another light and swap it out. I’m worried about an actual electrical issue and possible danger. He shrugs that idea off. What are the professionals’ thoughts on this?",https://www.reddit.com/r/askanelectrician/comments/10m1y3t/one_flickering_light/,0,5,https://www.reddit.com/r/askanelectrician/comments/10m1y3t/one_flickering_light/,electrical issue,needs_review_unclear,,manual_review_pending,,,0.00,no_labeling_function_matched,{},yes,,,,,MR0171,needs_human_review,4,Manthan,,
1riv9zz,homeowners,2026-03-02T15:07:41+00:00,Exterior house paint,"I'm getting my house painted for the first time in probably 20 years. It is cedar siding, 1986 original. Trim is treated line. Going back with the same color. Will be using Sherwin Williams rain scales stain on the siding and paint on the trim. Having the paint company do the pressure washing even though a friend offered to do it cheaper. I wanted the prep to be in the painters scope so they were responsible for the whole process. They washed the house Saturday in only 3 hours which seemed really fast. They used a pressure washer with bleach. I was surprised at the speed and after they left I looked over the house and see areas that are not clean. All the siding looks clean but mainly the white trim is where there was still green mildew, spider webs, and dirt dobber nests. I question how well they washed it if they left these behind. I don't want them to paint over it. I called the painter and he assured me they would prep as needed before starting and would do it with elbow grease where necessary. Still didn't seem right to me but I said ok. I noticed a day later that the siding is totally dry to he touch now but is very blotchy and still smells strongly of bleach. So I am concerned that the bleach wasn't washed off and dried on the siding. When I brought this up the painter just says no worries we will prep as needed. This doesn't seem right to me. I know on the trim there is lots of scraping that will need to be done to remove loose paint but we pressure washed the deck railing this summer prior to staining the deck ourselves and had the railing looking way better than it does right now. We were going to paint the railing ourselves but didn't get to it and now we're lumping it in with the whole house painting. Am I right to be concerned?","Exterior house paint I'm getting my house painted for the first time in probably 20 years. It is cedar siding, 1986 original. Trim is treated line. Going back with the same color. Will be using Sherwin Williams rain scales stain on the siding and paint on the trim. Having the paint company do the pressure washing even though a friend offered to do it cheaper. I wanted the prep to be in the painters scope so they were responsible for the whole process. They washed the house Saturday in only 3 hours which seemed really fast. They used a pressure washer with bleach. I was surprised at the speed and after they left I looked over the house and see areas that are not clean. All the siding looks clean but mainly the white trim is where there was still green mildew, spider webs, and dirt dobber nests. I question how well they washed it if they left these behind. I don't want them to paint over it. I called the painter and he assured me they would prep as needed before starting and would do it with elbow grease where necessary. Still didn't seem right to me but I said ok. I noticed a day later that the siding is totally dry to he touch now but is very blotchy and still smells strongly of bleach. So I am concerned that the bleach wasn't washed off and dried on the siding. When I brought this up the painter just says no worries we will prep as needed. This doesn't seem right to me. I know on the trim there is lots of scraping that will need to be done to remove loose paint but we pressure washed the deck railing this summer prior to staining the deck ourselves and had the railing looking way better than it does right now. We were going to paint the railing ourselves but didn't get to it and now we're lumping it in with the whole house painting. Am I right to be concerned?",https://www.reddit.com/r/homeowners/comments/1riv9zz/exterior_house_paint/,2,5,https://www.reddit.com/r/homeowners/comments/1riv9zz/exterior_house_paint/,loose trim,needs_review_low_signal,,manual_review_pending,,low_risk_diy,0.82,cosmetic_or_minor_finish:\bpaint(?:ing|ed)?\b,"{""low_risk_diy"": 2.2}",no,,,,,MR0172,low_risk_diy,1,Patrick,,
1rrtt1i,Plumbing,2026-03-12T15:27:20+00:00,Pipe had a leak at solder joint during bathroom renovation,"Hey all just looking for advice. We are redoing our second floor bathroom and while the guys were working I went to the basement and saw water on the floor coming from drop ceiling (large puddle not a flood). Apparently a copper pipe behind our kitchen pantry had a pinhole leak at a solder joint. The guys opened up the wall and fixed the leak and replaced the joint with a pex. The contractor stated that the leak was unrelated to the bathroom remodel as that is plumbing behind the pantry and happened likely from the pressure of them shutting off and on the main line. Basically saying it was not their liability but they fixed it for me and will give me a discount for the patch up. He also said it was probably only leaking for an hour or two but it did make multiple drywall areas wet and soft as well as an area in basement ceiling. He said to just dry everything out and theyll do the patchup after a few days, no walls really need to come down just some areas to cut out some and smooth our some wrinkly spots. Two things: 1) Is what he said about the pipe bursting being unrelated make sense? I dont want to just go blaming if it was not his fault 2) im worried about mold developing but I have dehumidifiers and fans running right now in the wet drywall spots, some much more moist than others. He didnt seem worried about mold. I am just wondering if I should have a mold restoration company take a look in case or if its overkill This is an experienced lic and insured contractor as well. Any advice appreciated tysm.","Pipe had a leak at solder joint during bathroom renovation Hey all just looking for advice. We are redoing our second floor bathroom and while the guys were working I went to the basement and saw water on the floor coming from drop ceiling (large puddle not a flood). Apparently a copper pipe behind our kitchen pantry had a pinhole leak at a solder joint. The guys opened up the wall and fixed the leak and replaced the joint with a pex. The contractor stated that the leak was unrelated to the bathroom remodel as that is plumbing behind the pantry and happened likely from the pressure of them shutting off and on the main line. Basically saying it was not their liability but they fixed it for me and will give me a discount for the patch up. He also said it was probably only leaking for an hour or two but it did make multiple drywall areas wet and soft as well as an area in basement ceiling. He said to just dry everything out and theyll do the patchup after a few days, no walls really need to come down just some areas to cut out some and smooth our some wrinkly spots. Two things: 1) Is what he said about the pipe bursting being unrelated make sense? I dont want to just go blaming if it was not his fault 2) im worried about mold developing but I have dehumidifiers and fans running right now in the wet drywall spots, some much more moist than others. He didnt seem worried about mold. I am just wondering if I should have a mold restoration company take a look in case or if its overkill This is an experienced lic and insured contractor as well. Any advice appreciated tysm.",https://www.reddit.com/r/Plumbing/comments/1rrtt1i/pipe_had_a_leak_at_solder_joint_during_bathroom/,1,5,https://www.reddit.com/r/Plumbing/comments/1rrtt1i/pipe_had_a_leak_at_solder_joint_during_bathroom/,flooding,needs_review_urgent_signal,,manual_review_pending,,medium_risk_call_pro,0.95,contained_water_damage:\bleak(?:s|ing|ed)?\b; trade_system_issue:\bplumbing\b; mold_or_foundation_concern:\bmold\b,"{""medium_risk_call_pro"": 6.0}",no,,,,,MR0173,medium_risk_call_pro,3,Max,,
1smsuyl,DIY,2026-04-16T04:08:19+00:00,Best material to seal basement hole after termite treatment,Have a basement that is now full of holes after termite treatment but my house has high radon (pending mitigation) and no sump pump. so now I'm concerned i could have both radon and water coming in through those holes. what would be best material or technique to use to fill those up? hydraulic cement? caulk? polyurethane? combination of the above? thanks!,Best material to seal basement hole after termite treatment Have a basement that is now full of holes after termite treatment but my house has high radon (pending mitigation) and no sump pump. so now I'm concerned i could have both radon and water coming in through those holes. what would be best material or technique to use to fill those up? hydraulic cement? caulk? polyurethane? combination of the above? thanks!,https://www.reddit.com/r/DIY/comments/1smsuyl/best_material_to_seal_basement_hole_after_termite/,3,8,https://www.reddit.com/r/DIY/comments/1smsuyl/best_material_to_seal_basement_hole_after_termite/,caulk,needs_review_low_signal,,manual_review_pending,,medium_risk_call_pro,0.67,mold_or_foundation_concern:\btermite\b; cosmetic_or_minor_finish:\bcaulk(?:ing)?\b,"{""low_risk_diy"": 2.2, ""medium_risk_call_pro"": 2.0}",yes,,,,,MR0174,needs_human_review,4,Manthan,,
1qnqri6,Plumbing,2026-01-26T19:49:26+00:00,Shower loosing pressure after about 20 seconds,"I have an odd one here. I have about 2 year old [Pfister Bedford 801-WS2BD22](https://www.pfisterfaucets.com/parts-support/troubleshooting/product/bedford-801-wsbd-3-handle-tub-shower-trim-with-valve) 3 Faucet tub & shower hardware. After turning the water on for the shower, the shower looses water pressure after about 15-20 seconds. Before that, it is running fine. It doesn't matter if I run all cold, all hot, or mixed. I pulled the shower-head off to see if that was the issue. I found the head of a philip's head screw in input of the shower-head. I then tested the shower without the the shower-head on at all. I still had the same problem. I then check the tub faucet. The water pressure was fine with both hot and cold. I know I have hard water, so I submerged the 3 faucet ends in vinegar overnight. That didn't help. What else can I try/check? Or am I replacing this thing again?","Shower loosing pressure after about 20 seconds I have an odd one here. I have about 2 year old [Pfister Bedford 801-WS2BD22](https://www.pfisterfaucets.com/parts-support/troubleshooting/product/bedford-801-wsbd-3-handle-tub-shower-trim-with-valve) 3 Faucet tub & shower hardware. After turning the water on for the shower, the shower looses water pressure after about 15-20 seconds. Before that, it is running fine. It doesn't matter if I run all cold, all hot, or mixed. I pulled the shower-head off to see if that was the issue. I found the head of a philip's head screw in input of the shower-head. I then tested the shower without the the shower-head on at all. I still had the same problem. I then check the tub faucet. The water pressure was fine with both hot and cold. I know I have hard water, so I submerged the 3 faucet ends in vinegar overnight. That didn't help. What else can I try/check? Or am I replacing this thing again?",https://www.reddit.com/r/Plumbing/comments/1qnqri6/shower_loosing_pressure_after_about_20_seconds/,2,5,https://www.reddit.com/r/Plumbing/comments/1qnqri6/shower_loosing_pressure_after_about_20_seconds/,loose trim,needs_review_low_signal,,manual_review_pending,,low_risk_diy,0.82,cosmetic_or_minor_finish:\btrim\b,"{""low_risk_diy"": 2.2}",no,,,,,MR0175,low_risk_diy,3,Max,,
1pbcyjb,DIY,2025-12-01T13:36:52+00:00,Leaking radiators,"Three of the four radiators in my apartment are leaking water regardless if they are off or on. The leak appears to be coming from the steam vent valve. I tried replacing the valve on one, but that didn’t do anything. For context, I live in an old building and the building is owned by absentee landlords. I doubt they bled the radiators before we moved into the apartment in August. Is it possible to bleed the radiators safely without access to the boiler, or could it be another problem?","Leaking radiators Three of the four radiators in my apartment are leaking water regardless if they are off or on. The leak appears to be coming from the steam vent valve. I tried replacing the valve on one, but that didn’t do anything. For context, I live in an old building and the building is owned by absentee landlords. I doubt they bled the radiators before we moved into the apartment in August. Is it possible to bleed the radiators safely without access to the boiler, or could it be another problem?",https://www.reddit.com/r/DIY/comments/1pbcyjb/leaking_radiators/,5,2,https://www.reddit.com/r/DIY/comments/1pbcyjb/leaking_radiators/,water leak,needs_review_medium_signal,,manual_review_pending,,medium_risk_call_pro,0.80,contained_water_damage:\bleak(?:s|ing|ed)?\b,"{""medium_risk_call_pro"": 2.0}",no,,,,,MR0176,medium_risk_call_pro,3,Max,,
1t6engp,Plumbing,2026-05-07T15:55:22+00:00,"Is this caulking already done, or is this grout? Confused about the hard material in my tub corner","I just bought a house and I have a question about the corner where my tub meets the wall. I always thought caulking was a soft, flexible material, but the stuff in my tub corner is completely hard — not flexible at all. Is this already caulked, or is this something else like grout? Did whoever did this use the wrong material? Should it be replaced with actual flexible caulk? Including pics for reference. Any help appreciated!","Is this caulking already done, or is this grout? Confused about the hard material in my tub corner I just bought a house and I have a question about the corner where my tub meets the wall. I always thought caulking was a soft, flexible material, but the stuff in my tub corner is completely hard — not flexible at all. Is this already caulked, or is this something else like grout? Did whoever did this use the wrong material? Should it be replaced with actual flexible caulk? Including pics for reference. Any help appreciated!",https://www.reddit.com/r/Plumbing/comments/1t6engp/is_this_caulking_already_done_or_is_this_grout/,6,40,https://www.reddit.com/gallery/1t6engp,caulk,needs_review_low_signal,,manual_review_pending,,low_risk_diy,0.82,cosmetic_or_minor_finish:\bcaulk(?:ing)?\b,"{""low_risk_diy"": 2.2}",no,,,,,MR0177,low_risk_diy,4,Manthan,,
1tix3il,HomeMaintenance,2026-05-20T19:59:40+00:00,Help! Drop-in tub not caulked… How do I check for mold,"We just moved here and I’m having all my typical mold-allergy symptoms while showering. What’s the chance there’s mold underneath the tub? How do I check? Thought about having a mold company scope in… It’s wrong that it’s not sealed around the edges, right?","Help! Drop-in tub not caulked… How do I check for mold We just moved here and I’m having all my typical mold-allergy symptoms while showering. What’s the chance there’s mold underneath the tub? How do I check? Thought about having a mold company scope in… It’s wrong that it’s not sealed around the edges, right?",https://www.reddit.com/r/HomeMaintenance/comments/1tix3il/help_dropin_tub_not_caulked_how_do_i_check_for/,55,34,https://www.reddit.com/gallery/1tix3il,mold,needs_review_medium_signal,,manual_review_pending,,medium_risk_call_pro,0.80,mold_or_foundation_concern:\bmold\b,"{""medium_risk_call_pro"": 2.0}",no,,,,,MR0178,medium_risk_call_pro,4,Manthan,,
1q3stv9,HomeMaintenance,2026-01-04T15:33:25+00:00,Bathroom Walls in newly purchased home,"Peeling off the wallpaper next to the tub, found this mess. I didn't scrape anything off, this is what was immediately under the wallpaper. I plan on removing all the rest of the wallpaper today, any tips on how to fix these walls for painting later on? I'm not sure if I need to scrape/sand any of this stuff off, or if I should build up with something like joint compound. YouTube links appreciated!","Bathroom Walls in newly purchased home Peeling off the wallpaper next to the tub, found this mess. I didn't scrape anything off, this is what was immediately under the wallpaper. I plan on removing all the rest of the wallpaper today, any tips on how to fix these walls for painting later on? I'm not sure if I need to scrape/sand any of this stuff off, or if I should build up with something like joint compound. YouTube links appreciated!",https://www.reddit.com/r/HomeMaintenance/comments/1q3stv9/bathroom_walls_in_newly_purchased_home/,1,6,https://www.reddit.com/gallery/1q3stv9,paint peeling,needs_review_unclear,,manual_review_pending,,low_risk_diy,0.82,cosmetic_or_minor_finish:\bpaint(?:ing|ed)?\b,"{""low_risk_diy"": 2.2}",no,,,,,MR0179,low_risk_diy,1,Patrick,,
1ryx7w4,HomeImprovement,2026-03-20T14:08:06+00:00,Possible water pressure or venting issue with plumbing,"The bathroom on the 3rd floor of our rowhome has some strange plumbing issues. Toilet doesn't flush well (gurgling noise), our sinks are slow to drain (even after being snaked, no blockage), and overnight our showerhead will start to drip and then stop on its own. Also, it always smells a bit like poop in there, even when there's been no use. A plumber came by and scoped the lateral from the curb trap and the line stack from the roof - both were clear. I have zero experience here, but it seems like there's a venting issue which is making it hard for water to drain, and might have sewer gas backing up causing the smell. Or I've read water pressure could be to blame. The plumber who came by to scope was equally confused. Any thoughts?","Possible water pressure or venting issue with plumbing The bathroom on the 3rd floor of our rowhome has some strange plumbing issues. Toilet doesn't flush well (gurgling noise), our sinks are slow to drain (even after being snaked, no blockage), and overnight our showerhead will start to drip and then stop on its own. Also, it always smells a bit like poop in there, even when there's been no use. A plumber came by and scoped the lateral from the curb trap and the line stack from the roof - both were clear. I have zero experience here, but it seems like there's a venting issue which is making it hard for water to drain, and might have sewer gas backing up causing the smell. Or I've read water pressure could be to blame. The plumber who came by to scope was equally confused. Any thoughts?",https://www.reddit.com/r/HomeImprovement/comments/1ryx7w4/possible_water_pressure_or_venting_issue_with/,2,1,https://www.reddit.com/r/HomeImprovement/comments/1ryx7w4/possible_water_pressure_or_venting_issue_with/,gas smell,needs_review_medium_signal,,manual_review_pending,,medium_risk_call_pro,0.80,trade_system_issue:\bplumbing\b,"{""medium_risk_call_pro"": 2.0}",no,,,,,MR0180,medium_risk_call_pro,3,Max,,
1t4lbv6,HomeImprovement,2026-05-05T16:56:57+00:00,Plaster and lathe ceiling repair,"My AC unit in the attic leaked water onto the ceiling. and a big chunk of drywall and plaster fell out revealing lathe. I can just patch this with straight drywall shimmed out, can't I? Anybody have any tips for the shimming part? I would prefer to avoid dealing with plaster.","Plaster and lathe ceiling repair My AC unit in the attic leaked water onto the ceiling. and a big chunk of drywall and plaster fell out revealing lathe. I can just patch this with straight drywall shimmed out, can't I? Anybody have any tips for the shimming part? I would prefer to avoid dealing with plaster.",https://www.reddit.com/r/HomeImprovement/comments/1t4lbv6/plaster_and_lathe_ceiling_repair/,1,4,https://www.reddit.com/r/HomeImprovement/comments/1t4lbv6/plaster_and_lathe_ceiling_repair/,leak,needs_review_unclear,,manual_review_pending,,medium_risk_call_pro,0.95,contained_water_damage:\bleak(?:s|ing|ed)?\b; trade_system_issue:\bac unit\b,"{""medium_risk_call_pro"": 4.0}",no,,,,,MR0181,medium_risk_call_pro,3,Max,,
1suyv1h,Plumbing,2026-04-25T01:51:46+00:00,Looking for some input on dealing with a leak/some leaks.,"I have an upstairs bathroom. One day a fire alarm in my garage started going off. Obviously checked for any fire/smoke and found nothing. Then I checked the alarm and found that it was getting flooded with water. I cut a hole in the ceiling and found that the drain to the tub upstairs was directly above it and seemed to be leaking. I cut a hole in the closet wall behind the drain and ran some water. I noticed some water coming out right by the drain so I pulled the drain out and found a crack of to the side where I'd seen the water. So I got a fiberglass repair kit and patched it. I ran some more water and didn't see any leaks at the drain but I did see some water coming from higher up, specifically right where the tub water spout went through the wall. So I put some caulking around the spout inside the tube. Then I ran some more water and saw some leaks coming through by the holes for the screws that hold the shower faucet handle in place. That's what the attached photo is of. I was lying on my back looking up and took a picture. You can see the water tracks from the screw holes and where the handle attaches through the wall. I'm not a plumber but it seems to me there should have been something to keep water from leaking through the screw holes and the hole for the handle? Can I just put some caulking around those openings? As I said, Im not a plumber so any suggestions would be greatly appreciated. I have some more pictures but it seems like I can only put one on this post? I don't know, I am not a smart man.","Looking for some input on dealing with a leak/some leaks. I have an upstairs bathroom. One day a fire alarm in my garage started going off. Obviously checked for any fire/smoke and found nothing. Then I checked the alarm and found that it was getting flooded with water. I cut a hole in the ceiling and found that the drain to the tub upstairs was directly above it and seemed to be leaking. I cut a hole in the closet wall behind the drain and ran some water. I noticed some water coming out right by the drain so I pulled the drain out and found a crack of to the side where I'd seen the water. So I got a fiberglass repair kit and patched it. I ran some more water and didn't see any leaks at the drain but I did see some water coming from higher up, specifically right where the tub water spout went through the wall. So I put some caulking around the spout inside the tube. Then I ran some more water and saw some leaks coming through by the holes for the screws that hold the shower faucet handle in place. That's what the attached photo is of. I was lying on my back looking up and took a picture. You can see the water tracks from the screw holes and where the handle attaches through the wall. I'm not a plumber but it seems to me there should have been something to keep water from leaking through the screw holes and the hole for the handle? Can I just put some caulking around those openings? As I said, Im not a plumber so any suggestions would be greatly appreciated. I have some more pictures but it seems like I can only put one on this post? I don't know, I am not a smart man.",https://www.reddit.com/r/Plumbing/comments/1suyv1h/looking_for_some_input_on_dealing_with_a_leaksome/,1,1,https://www.reddit.com/r/Plumbing/comments/1suyv1h/looking_for_some_input_on_dealing_with_a_leaksome/,caulk,needs_review_urgent_signal,,manual_review_pending,,urgent_safety_risk,0.92,fire_smoke_or_sparks:\bsmoke\b; active_flooding_or_sewage:\bflooded\b; contained_water_damage:\bleak(?:s|ing|ed)?\b; cosmetic_or_minor_finish:\bcaulk(?:ing)?\b,"{""low_risk_diy"": 2.2, ""medium_risk_call_pro"": 2.0, ""urgent_safety_risk"": 6.5}",no,,,,,MR0182,urgent_safety_risk,2,Sarah,,
1t8qzz9,HomeMaintenance,2026-05-09T23:52:47+00:00,Is this black mold?,"Hello Everyone. Could you please let me know if this black mold. If so, how can I get rid of it. Thank you.","Is this black mold? Hello Everyone. Could you please let me know if this black mold. If so, how can I get rid of it. Thank you.",https://www.reddit.com/r/HomeMaintenance/comments/1t8qzz9/is_this_black_mold/,0,6,https://www.reddit.com/gallery/1t8qzz9,mold,needs_review_medium_signal,,manual_review_pending,,medium_risk_call_pro,0.80,mold_or_foundation_concern:\bmold\b,"{""medium_risk_call_pro"": 2.0}",no,,,,,MR0183,medium_risk_call_pro,2,Sarah,,
1saf3en,Plumbing,2026-04-02T11:45:14+00:00,What to do about this pipe under my kitchen sink?,"I have no experience with plumbing but this will come loose over time and flood the bottom of my sink. Follow up question, how do I make sure the wooden bottom of my sink isn’t moldy?","What to do about this pipe under my kitchen sink? I have no experience with plumbing but this will come loose over time and flood the bottom of my sink. Follow up question, how do I make sure the wooden bottom of my sink isn’t moldy?",https://www.reddit.com/r/Plumbing/comments/1saf3en/what_to_do_about_this_pipe_under_my_kitchen_sink/,5,11,https://www.reddit.com/gallery/1saf3en,flooding,needs_review_urgent_signal,,manual_review_pending,,medium_risk_call_pro,0.80,trade_system_issue:\bplumbing\b,"{""medium_risk_call_pro"": 2.0}",no,,,,,MR0184,medium_risk_call_pro,1,Patrick,,
1l18het,DIY,2025-06-02T03:59:35+00:00,How do you feel about people who dont DIY over simple things?,"Im a youtube DIYer. I grew up in a city and never really learned how to fix certain things bjt as i got older i didnt always wanted to wait and pay for a guy to fix my shit so i started watching YouTube videos and learned how to do certain things on my own. I try to know my limits though. I avoid electrical wiring unless it’s like changing an outlet or light fixture. I also avoid any hardcore plumbing too. I can understand people who may be nervous abojt it. But when i see someone wait or pay a guy to just change a filter, a headlight, or even a lawn mower spark plug, i cringe a little. It’s not so much because they got a person to do it, it’s more the lack of not at least watching a video to see if you could possibly do it yourself. It’s one thing to watch the video and think “i dont feel comfortable doing that so ill just get the expert”. But to not even watch the video when alot of times these DIYs are literally unscrew, replace the item, screw it back in. A friend of mine paid a mechanic 20 bucks to change his back headlights. Took 5 minutes and was easiest 20 bucks he had made. Maybe it’s just me. Do others who diy feel the same?","How do you feel about people who dont DIY over simple things? Im a youtube DIYer. I grew up in a city and never really learned how to fix certain things bjt as i got older i didnt always wanted to wait and pay for a guy to fix my shit so i started watching YouTube videos and learned how to do certain things on my own. I try to know my limits though. I avoid electrical wiring unless it’s like changing an outlet or light fixture. I also avoid any hardcore plumbing too. I can understand people who may be nervous abojt it. But when i see someone wait or pay a guy to just change a filter, a headlight, or even a lawn mower spark plug, i cringe a little. It’s not so much because they got a person to do it, it’s more the lack of not at least watching a video to see if you could possibly do it yourself. It’s one thing to watch the video and think “i dont feel comfortable doing that so ill just get the expert”. But to not even watch the video when alot of times these DIYs are literally unscrew, replace the item, screw it back in. A friend of mine paid a mechanic 20 bucks to change his back headlights. Took 5 minutes and was easiest 20 bucks he had made. Maybe it’s just me. Do others who diy feel the same?",https://www.reddit.com/r/DIY/comments/1l18het/how_do_you_feel_about_people_who_dont_diy_over/,0,27,https://www.reddit.com/r/DIY/comments/1l18het/how_do_you_feel_about_people_who_dont_diy_over/,sparking outlet,needs_review_urgent_signal,,manual_review_pending,,urgent_safety_risk,0.82,fire_smoke_or_sparks:\bspark(?:s|ing|ed)?\b; trade_system_issue:\boutlets?\b,"{""medium_risk_call_pro"": 2.0, ""urgent_safety_risk"": 3.5}",no,,,,,MR0185,urgent_safety_risk,2,Sarah,,
zert8a,HomeImprovement,2022-12-07T04:20:06+00:00,Small gas leak from fireplace. At a loss for what to do.,"[Key Valve Image](https://imgur.com/E0s0rxD) [Fireplace gas line image](https://imgur.com/wkvZv9o) [3-way valve inside wall image](https://imgur.com/ElvPIgO) A few weeks ago my wife and I noticed a faint gas smell in our living room and with the aid of a cheap gas detector for HD determined the leak was coming from the fireplace. It appears the valve does not fully seat anymore. Not only is gas detected from the outlet inside the fireplace when the valve is closed, but gas is also detected in the hole where the key is inserted in the wall, also with the valve closed. Capping the outlet to the fireplace does stop the leak in the fireplace, however, when I cap the key hole I can still detect gas. I opened up a hole in wall behind the fireplace get access to the valve (see photo). The space is very crammed. To remove the valve it looks like I would have to chisel out the line to the fireplace to unthread it from the 3-way, and then somehow unthread the key valve. Thinking it would be easier to cut the 3 way valve out entirely and cap the gas line. My wife and I are impartial to the gas fireplace btw. The space behind the wall is very small and will be difficult to remove the valve so wondering if I should have a plumber cut the pipe from the crawl space under the house and cap from there. At a bit of a loss as to what the easiest solution is and curious if someone sees something that would be easy. Thank you for the input!","Small gas leak from fireplace. At a loss for what to do. [Key Valve Image](https://imgur.com/E0s0rxD) [Fireplace gas line image](https://imgur.com/wkvZv9o) [3-way valve inside wall image](https://imgur.com/ElvPIgO) A few weeks ago my wife and I noticed a faint gas smell in our living room and with the aid of a cheap gas detector for HD determined the leak was coming from the fireplace. It appears the valve does not fully seat anymore. Not only is gas detected from the outlet inside the fireplace when the valve is closed, but gas is also detected in the hole where the key is inserted in the wall, also with the valve closed. Capping the outlet to the fireplace does stop the leak in the fireplace, however, when I cap the key hole I can still detect gas. I opened up a hole in wall behind the fireplace get access to the valve (see photo). The space is very crammed. To remove the valve it looks like I would have to chisel out the line to the fireplace to unthread it from the 3-way, and then somehow unthread the key valve. Thinking it would be easier to cut the 3 way valve out entirely and cap the gas line. My wife and I are impartial to the gas fireplace btw. The space behind the wall is very small and will be difficult to remove the valve so wondering if I should have a plumber cut the pipe from the crawl space under the house and cap from there. At a bit of a loss as to what the easiest solution is and curious if someone sees something that would be easy. Thank you for the input!",https://www.reddit.com/r/HomeImprovement/comments/zert8a/small_gas_leak_from_fireplace_at_a_loss_for_what/,6,3,https://www.reddit.com/r/HomeImprovement/comments/zert8a/small_gas_leak_from_fireplace_at_a_loss_for_what/,gas smell,needs_review_urgent_signal,,manual_review_pending,,urgent_safety_risk,0.87,gas_or_carbon_monoxide:\bgas smell\b; contained_water_damage:\bleak(?:s|ing|ed)?\b; trade_system_issue:\boutlets?\b,"{""medium_risk_call_pro"": 4.0, ""urgent_safety_risk"": 4.0}",yes,,,,,MR0186,needs_human_review,4,Manthan,,
1tu5xvj,HomeImprovement,2026-06-01T21:11:08+00:00,How to fix these steps and tiles?,"Hi, My front steps have been leaking for while and under them has beams supporting it not sure if iron or steel. Over time the tiles are cracking on top and rotting and rusting to them due to water seeping in. I tried repairing the tiles and steps but it keeps cracking maybe because the people who installed in didn’t do a good job in the beginning. I cleaned out the old grout and put new quikrete gray type N mortar to redo it. It didn’t work and started cracking again. I think it’s due to people walking on it but that’s what steps are for. Did I use the wrong product or mix it incorrectly? Also does anyone have a better approach to solve this issue. Maybe a caulking on top? This is already my 3rd time trying. Images: https://imgur.com/a/Qwmztqi Thank you so much","How to fix these steps and tiles? Hi, My front steps have been leaking for while and under them has beams supporting it not sure if iron or steel. Over time the tiles are cracking on top and rotting and rusting to them due to water seeping in. I tried repairing the tiles and steps but it keeps cracking maybe because the people who installed in didn’t do a good job in the beginning. I cleaned out the old grout and put new quikrete gray type N mortar to redo it. It didn’t work and started cracking again. I think it’s due to people walking on it but that’s what steps are for. Did I use the wrong product or mix it incorrectly? Also does anyone have a better approach to solve this issue. Maybe a caulking on top? This is already my 3rd time trying. Images: https://imgur.com/a/Qwmztqi Thank you so much",https://www.reddit.com/r/HomeImprovement/comments/1tu5xvj/how_to_fix_these_steps_and_tiles/,1,1,https://www.reddit.com/r/HomeImprovement/comments/1tu5xvj/how_to_fix_these_steps_and_tiles/,leak,needs_review_medium_signal,,manual_review_pending,,medium_risk_call_pro,0.67,contained_water_damage:\bleak(?:s|ing|ed)?\b; cosmetic_or_minor_finish:\bcaulk(?:ing)?\b,"{""low_risk_diy"": 2.2, ""medium_risk_call_pro"": 2.0}",yes,,,,,MR0187,needs_human_review,4,Manthan,,
1tbpcot,DIY,2026-05-13T04:41:52+00:00,Coving - Cement Floor - Waterproofing?,I need to install vinyl coving on a new wall. The wall is located near an area that will be wet. We have a cement floor. This is not a bathroom. I know to use liquid nails to install the coving. Can I use an animal safe silicone caulk on the bottom and top of the coving to stop water getting past it inside the wall?,Coving - Cement Floor - Waterproofing? I need to install vinyl coving on a new wall. The wall is located near an area that will be wet. We have a cement floor. This is not a bathroom. I know to use liquid nails to install the coving. Can I use an animal safe silicone caulk on the bottom and top of the coving to stop water getting past it inside the wall?,https://www.reddit.com/r/DIY/comments/1tbpcot/coving_cement_floor_waterproofing/,6,2,https://www.reddit.com/r/DIY/comments/1tbpcot/coving_cement_floor_waterproofing/,caulk,needs_review_low_signal,,manual_review_pending,,low_risk_diy,0.82,cosmetic_or_minor_finish:\bcaulk(?:ing)?\b,"{""low_risk_diy"": 2.2}",no,,,,,MR0188,low_risk_diy,4,Manthan,,
foivhg,askanelectrician,2020-03-25T02:55:23+00:00,Popping (clicking) Sound and LED’s blow,"Hello, i have a 2 year old home and have had issues in the master bath. I have led ceiling lights and ever time we have strong lighting nearby I hear a popping sound. If the lights are on when this pop occurs the led fixtures burnout. If all lights are off sometimes they blow as soon as I turn them on, but not all of them. The electrician has checked with a multimeter several times with no luck. I replace the lights and they work till the next storm. The only other oddity is that the giving outlet near the sink sometimes sparks when we unplug a space heater from it. The breaker has never tripped when this happens and the electrician replaced it. Any ideas of what this could be or how I can troubleshoot? Thanks, Steve","Popping (clicking) Sound and LED’s blow Hello, i have a 2 year old home and have had issues in the master bath. I have led ceiling lights and ever time we have strong lighting nearby I hear a popping sound. If the lights are on when this pop occurs the led fixtures burnout. If all lights are off sometimes they blow as soon as I turn them on, but not all of them. The electrician has checked with a multimeter several times with no luck. I replace the lights and they work till the next storm. The only other oddity is that the giving outlet near the sink sometimes sparks when we unplug a space heater from it. The breaker has never tripped when this happens and the electrician replaced it. Any ideas of what this could be or how I can troubleshoot? Thanks, Steve",https://www.reddit.com/r/askanelectrician/comments/foivhg/popping_clicking_sound_and_leds_blow/,3,3,https://www.reddit.com/r/askanelectrician/comments/foivhg/popping_clicking_sound_and_leds_blow/,sparking outlet,needs_review_urgent_signal,,manual_review_pending,,urgent_safety_risk,0.82,fire_smoke_or_sparks:\bspark(?:s|ing|ed)?\b; trade_system_issue:\bbreaker\b,"{""medium_risk_call_pro"": 2.0, ""urgent_safety_risk"": 3.5}",no,,,,,MR0189,urgent_safety_risk,4,Manthan,,
1q9hrvp,HomeMaintenance,2026-01-10T22:29:08+00:00,Kitchen wall paint peeling,"Can anyone tell me why the pain on this wall keeps coming off? Some details: \- It started cracking last winter, so I chipped it off and repainted it with the same pain the previous owners left. There was either a layer of plaster under it or it was lead paint, which is why it looks uneven. \- I repainted it without bothering to repair it the right way, since it isn’t too visible and I thought it might happen again. \- I live in Pittsburgh, so it’s pretty cold in the winter. The door in the photo isn’t caulked on the outside but I didn’t get around to filling it during the summer. \- It’s a row house and there’s an apartment on the other side with brick and plaster in between. The house was built in 1863 and the kitchen added around 1900. I’d appreciate any suggestions!","Kitchen wall paint peeling Can anyone tell me why the pain on this wall keeps coming off? Some details: \- It started cracking last winter, so I chipped it off and repainted it with the same pain the previous owners left. There was either a layer of plaster under it or it was lead paint, which is why it looks uneven. \- I repainted it without bothering to repair it the right way, since it isn’t too visible and I thought it might happen again. \- I live in Pittsburgh, so it’s pretty cold in the winter. The door in the photo isn’t caulked on the outside but I didn’t get around to filling it during the summer. \- It’s a row house and there’s an apartment on the other side with brick and plaster in between. The house was built in 1863 and the kitchen added around 1900. I’d appreciate any suggestions!",https://www.reddit.com/r/HomeMaintenance/comments/1q9hrvp/kitchen_wall_paint_peeling/,1,6,https://i.redd.it/9kjtb7kxllcg1.jpeg,paint peeling,needs_review_low_signal,,manual_review_pending,,low_risk_diy,0.82,cosmetic_or_minor_finish:\bpaint(?:ing|ed)?\b,"{""low_risk_diy"": 2.2}",no,,,,,MR0190,low_risk_diy,1,Patrick,,
s68lb3,homeowners,2022-01-17T16:53:01+00:00,How can I fix this/who can I call to fix this?,As the video here shows (https://imgur.com/a/DRhbW6w) the door stopper mechanism has come completely loose and also smashed a hole in the door trim. Does anyone know who I can call to fix this? Can the trim be repaired or does it need to be replaced?,How can I fix this/who can I call to fix this? As the video here shows (https://imgur.com/a/DRhbW6w) the door stopper mechanism has come completely loose and also smashed a hole in the door trim. Does anyone know who I can call to fix this? Can the trim be repaired or does it need to be replaced?,https://www.reddit.com/r/homeowners/comments/s68lb3/how_can_i_fix_thiswho_can_i_call_to_fix_this/,0,9,https://www.reddit.com/r/homeowners/comments/s68lb3/how_can_i_fix_thiswho_can_i_call_to_fix_this/,loose trim,needs_review_low_signal,,manual_review_pending,,low_risk_diy,0.82,cosmetic_or_minor_finish:\btrim\b,"{""low_risk_diy"": 2.2}",no,,,,,MR0191,low_risk_diy,2,Sarah,,
1sruefe,HomeMaintenance,2026-04-21T17:22:52+00:00,How do I fix this without re-doing my tile?,"Moved into this house 2 years ago, it is an older house circa 1950's completely redone aside from a few things they just built over. I noticed my grout was uneven upon moving in and put 'grout sealant' on it, hoping to prevent mold damage. I just got a good look at it again today (this is not the master bath), and I'm wondering how to repair it. In some spots, it cleans off just fine in others it actually looks like the grout is beginning to break off when scrubbing. The entire area around the tub looks similar to this. Is this something I can actually scrub clean and re-seal? Or will I ultimately have to redo my tile?","How do I fix this without re-doing my tile? Moved into this house 2 years ago, it is an older house circa 1950's completely redone aside from a few things they just built over. I noticed my grout was uneven upon moving in and put 'grout sealant' on it, hoping to prevent mold damage. I just got a good look at it again today (this is not the master bath), and I'm wondering how to repair it. In some spots, it cleans off just fine in others it actually looks like the grout is beginning to break off when scrubbing. The entire area around the tub looks similar to this. Is this something I can actually scrub clean and re-seal? Or will I ultimately have to redo my tile?",https://www.reddit.com/r/HomeMaintenance/comments/1sruefe/how_do_i_fix_this_without_redoing_my_tile/,1,5,https://i.redd.it/6jjjbrucvkwg1.jpeg,mold,needs_review_medium_signal,,manual_review_pending,,medium_risk_call_pro,0.67,mold_or_foundation_concern:\bmold\b; cosmetic_or_minor_finish:\bgrout\b,"{""low_risk_diy"": 2.2, ""medium_risk_call_pro"": 2.0}",yes,,,,,MR0192,needs_human_review,1,Patrick,,
1tma5oa,HomeMaintenance,2026-05-24T11:56:05+00:00,Efflorescent treatment?,My wife and I just purchased a home and the inspector found that there was efflorescence on two walls in the basement. He recommended brushing it off with a wire brush and using a vinegar wash to clean it off. We know the root cause is drainage towards the foundation but we were wondering in the meantime Is it worth using something like drylok to waterproof the interior so mold growth doesn't happen? We want to do some grading around the outside to prevent water intrusion but would using something like dryer lock now not be a good idea? I was thinking it might be good to leave it exposed so we can test if the grading worked to see if moisture seeps through but not sure how long that would actually take to see happen. Attached is a picture of the wall that had a fluorescence which is now scraped off. We are due to this so any helpful tips are appreciated!,Efflorescent treatment? My wife and I just purchased a home and the inspector found that there was efflorescence on two walls in the basement. He recommended brushing it off with a wire brush and using a vinegar wash to clean it off. We know the root cause is drainage towards the foundation but we were wondering in the meantime Is it worth using something like drylok to waterproof the interior so mold growth doesn't happen? We want to do some grading around the outside to prevent water intrusion but would using something like dryer lock now not be a good idea? I was thinking it might be good to leave it exposed so we can test if the grading worked to see if moisture seeps through but not sure how long that would actually take to see happen. Attached is a picture of the wall that had a fluorescence which is now scraped off. We are due to this so any helpful tips are appreciated!,https://www.reddit.com/r/HomeMaintenance/comments/1tma5oa/efflorescent_treatment/,1,3,https://www.reddit.com/gallery/1tma3if,mold,needs_review_medium_signal,,manual_review_pending,,medium_risk_call_pro,0.95,contained_water_damage:\bwater intrusion\b; mold_or_foundation_concern:\bmold\b,"{""medium_risk_call_pro"": 4.0}",no,,,,,MR0193,medium_risk_call_pro,3,Max,,
1re2wnj,DIY,2026-02-25T04:06:46+00:00,What to do about the trim?,"Just bought our house, and the sellers painted everything (including the trim) white before the sale. We used painters tape around the trim while painting the walls. We did not paint the trim. But when we took off the painters tape, the paint on the trim peeled in multiple spots, as seen in the photo. Now we don’t know what to do. Do we have to take the trim off, sand it, and paint everything? Should we try and strip the paint and see if there is beautiful wood underneath. Our house was built in 1959 and is mostly original, including doors, hardwood, and tile. I would love for there to be real beautiful wood but also don’t want mess things up even more. Any advice welcomed, except for bits about painters tape. Considered ourselves warned. We will learn to do the to paint without it in the future.","What to do about the trim? Just bought our house, and the sellers painted everything (including the trim) white before the sale. We used painters tape around the trim while painting the walls. We did not paint the trim. But when we took off the painters tape, the paint on the trim peeled in multiple spots, as seen in the photo. Now we don’t know what to do. Do we have to take the trim off, sand it, and paint everything? Should we try and strip the paint and see if there is beautiful wood underneath. Our house was built in 1959 and is mostly original, including doors, hardwood, and tile. I would love for there to be real beautiful wood but also don’t want mess things up even more. Any advice welcomed, except for bits about painters tape. Considered ourselves warned. We will learn to do the to paint without it in the future.",https://www.reddit.com/r/DIY/comments/1re2wnj/what_to_do_about_the_trim/,3,5,https://i.redd.it/qpdbt7y6fklg1.jpeg,paint peeling,needs_review_low_signal,,manual_review_pending,,low_risk_diy,0.82,cosmetic_or_minor_finish:\bpaint(?:ing|ed)?\b,"{""low_risk_diy"": 2.2}",no,,,,,MR0194,low_risk_diy,4,Manthan,,
1t1xr9p,HomeMaintenance,2026-05-02T18:30:20+00:00,How should I fix this?,"Hey home maintenancers, my dad passed, and I’m moving into his old place. It is a 3 story town house in Ontario, Canada. There was some water damage on the drywall ceiling below the 3rd floor shower. I removed the drywall to find this catastrophe. I am not too worried about the mold. I will scrub it with a mixture of bleach/water, let it dry, then spray it with a mold killer and let it dry again. I will wear appropriate PPE. The joist however is another problem. Can I reinforce it? Or should it be replaced? I’m hoping I can mend it with a section of 2x6 and truss plates. I do have a contractor coming next week to inspect as well. I am renovating the bathroom and will address the plumbing later.","How should I fix this? Hey home maintenancers, my dad passed, and I’m moving into his old place. It is a 3 story town house in Ontario, Canada. There was some water damage on the drywall ceiling below the 3rd floor shower. I removed the drywall to find this catastrophe. I am not too worried about the mold. I will scrub it with a mixture of bleach/water, let it dry, then spray it with a mold killer and let it dry again. I will wear appropriate PPE. The joist however is another problem. Can I reinforce it? Or should it be replaced? I’m hoping I can mend it with a section of 2x6 and truss plates. I do have a contractor coming next week to inspect as well. I am renovating the bathroom and will address the plumbing later.",https://www.reddit.com/r/HomeMaintenance/comments/1t1xr9p/how_should_i_fix_this/,1,4,https://www.reddit.com/gallery/1t1xr9p,mold,needs_review_medium_signal,,manual_review_pending,,medium_risk_call_pro,0.95,contained_water_damage:\bwater damage(?:d)?\b; trade_system_issue:\bplumbing\b; mold_or_foundation_concern:\bmold\b,"{""medium_risk_call_pro"": 6.0}",no,,,,,MR0195,medium_risk_call_pro,4,Manthan,,
1q8hh3f,HomeMaintenance,2026-01-09T19:17:29+00:00,Wha need to be solved here?,"We are trying to sell our house and needed to have the ceiling on the screened patio redone because all the paint was peeling (thanks Florida). So we had a handy guy come and do it. And it looks like this now. Those lines were definitely the new mud on the seams because there was no water damage before and I saw it before he put the texture down and the roof is new. Was there a step that got missed? what needs to be done to solve it? can it be painted? He’s suppose to come back later for another thing and I kind of want to know what I’m dealing with. (Yeah he got texture all over the walls too, so I need to scrub it).","Wha need to be solved here? We are trying to sell our house and needed to have the ceiling on the screened patio redone because all the paint was peeling (thanks Florida). So we had a handy guy come and do it. And it looks like this now. Those lines were definitely the new mud on the seams because there was no water damage before and I saw it before he put the texture down and the roof is new. Was there a step that got missed? what needs to be done to solve it? can it be painted? He’s suppose to come back later for another thing and I kind of want to know what I’m dealing with. (Yeah he got texture all over the walls too, so I need to scrub it).",https://www.reddit.com/r/HomeMaintenance/comments/1q8hh3f/wha_need_to_be_solved_here/,3,10,https://i.redd.it/7q4rubytidcg1.jpeg,paint peeling,needs_review_medium_signal,,manual_review_pending,,medium_risk_call_pro,0.67,contained_water_damage:\bwater damage(?:d)?\b; cosmetic_or_minor_finish:\bpaint(?:ing|ed)?\b,"{""low_risk_diy"": 2.2, ""medium_risk_call_pro"": 2.0}",yes,,,,,MR0196,needs_human_review,4,Manthan,,
1sfxh00,HomeMaintenance,2026-04-08T16:16:10+00:00,Weird foamy spots on wall paint,"Hello. Recently we had to paint our entrance hall walls after the wallpapers started peeling off due to what we assumed was either water damage or humidity from floor heating. The floor heating can be a bit intense, but we turned it off but the foaming is still getting worse. Why is this happening and what can we do? I'd appreciate any help, and if more information is needed, let me know. Thank you in advance.","Weird foamy spots on wall paint Hello. Recently we had to paint our entrance hall walls after the wallpapers started peeling off due to what we assumed was either water damage or humidity from floor heating. The floor heating can be a bit intense, but we turned it off but the foaming is still getting worse. Why is this happening and what can we do? I'd appreciate any help, and if more information is needed, let me know. Thank you in advance.",https://www.reddit.com/r/HomeMaintenance/comments/1sfxh00/weird_foamy_spots_on_wall_paint/,1,8,https://www.reddit.com/gallery/1sfxh00,paint peeling,needs_review_medium_signal,,manual_review_pending,,medium_risk_call_pro,0.67,contained_water_damage:\bwater damage(?:d)?\b; cosmetic_or_minor_finish:\bpaint(?:ing|ed)?\b,"{""low_risk_diy"": 2.2, ""medium_risk_call_pro"": 2.0}",yes,,,,,MR0197,needs_human_review,4,Manthan,,
1tsb9hm,HomeImprovement,2026-05-30T20:55:58+00:00,Plumbing,"Hello! I’m currently under contract for a 1985 home in central Florida. The pipes are original copper, I’m interested to see what you guys think…. The inspection report came back pretty clean plumbing wise just with a note of it being 40 years old and “may limit my ability to get insurance” i have no photos to share i wish i did. Should i look to repipe? Ive read quite a lot of info saying if theres no pin hole leaks or if everything is working fine not to touch it and that copper is the best. Should i ride this out ?","Plumbing Hello! I’m currently under contract for a 1985 home in central Florida. The pipes are original copper, I’m interested to see what you guys think…. The inspection report came back pretty clean plumbing wise just with a note of it being 40 years old and “may limit my ability to get insurance” i have no photos to share i wish i did. Should i look to repipe? Ive read quite a lot of info saying if theres no pin hole leaks or if everything is working fine not to touch it and that copper is the best. Should i ride this out ?",https://www.reddit.com/r/HomeImprovement/comments/1tsb9hm/plumbing/,5,2,https://www.reddit.com/r/HomeImprovement/comments/1tsb9hm/plumbing/,leak,needs_review_medium_signal,,manual_review_pending,,medium_risk_call_pro,0.95,contained_water_damage:\bleak(?:s|ing|ed)?\b; trade_system_issue:\bplumbing\b,"{""medium_risk_call_pro"": 4.0}",no,,,,,MR0198,medium_risk_call_pro,1,Patrick,,
10kib8z,askanelectrician,2023-01-24T22:29:21+00:00,Repurposing double pole breaker,"My main panel has a double pole 20A breaker that I believe was once used for baseboard electric heating that has since been removed. The breaker has been shut off since I moved in a few years ago. I would like to install a new 20A 120v GFCI receptacle on the exterior of my house. Is there any issue disconnect the wiring from the old baseboard heating, and just using one leg (leaving nothing attached to the other leg) of the double pole breaker to power the new receptacle? I don't really have any use for a MWBC.","Repurposing double pole breaker My main panel has a double pole 20A breaker that I believe was once used for baseboard electric heating that has since been removed. The breaker has been shut off since I moved in a few years ago. I would like to install a new 20A 120v GFCI receptacle on the exterior of my house. Is there any issue disconnect the wiring from the old baseboard heating, and just using one leg (leaving nothing attached to the other leg) of the double pole breaker to power the new receptacle? I don't really have any use for a MWBC.",https://www.reddit.com/r/askanelectrician/comments/10kib8z/repurposing_double_pole_breaker/,0,1,https://www.reddit.com/r/askanelectrician/comments/10kib8z/repurposing_double_pole_breaker/,electrical issue,needs_review_medium_signal,,manual_review_pending,,medium_risk_call_pro,0.67,trade_system_issue:\bbreaker\b; cosmetic_or_minor_finish:\bbaseboard\b,"{""low_risk_diy"": 2.2, ""medium_risk_call_pro"": 2.0}",yes,,,,,MR0199,needs_human_review,2,Sarah,,
168k7mc,HomeImprovement,2023-09-03T01:43:47+00:00,1950s ranch… insulation under cabinets?,"I am a new homeowner of a 1950s ranch. I cannot seem to figure out why my house smells musty and “food cook” smelling when I walk in the door by my kitchen. I thought it was the gas stove but that doesn’t seem o be where the smell comes from. I just was sniffing under the cabinets and noticed a big gap between the cabinets and the floor. The toe kick doesn’t cover it fully. I see a lot of dust, dirt, and pink insulation. I suspect this can’t be helping the smell. Any way I can seal it and avoid any smells coming out of there?","1950s ranch… insulation under cabinets? I am a new homeowner of a 1950s ranch. I cannot seem to figure out why my house smells musty and “food cook” smelling when I walk in the door by my kitchen. I thought it was the gas stove but that doesn’t seem o be where the smell comes from. I just was sniffing under the cabinets and noticed a big gap between the cabinets and the floor. The toe kick doesn’t cover it fully. I see a lot of dust, dirt, and pink insulation. I suspect this can’t be helping the smell. Any way I can seal it and avoid any smells coming out of there?",https://www.reddit.com/r/HomeImprovement/comments/168k7mc/1950s_ranch_insulation_under_cabinets/,0,0,https://www.reddit.com/gallery/168k7mc,gas smell,needs_review_unclear,,manual_review_pending,,,0.00,no_labeling_function_matched,{},yes,,,,,MR0200,needs_human_review,3,Max,,
1td0fym,HomeMaintenance,2026-05-14T14:48:11+00:00,Question about weep holes on new-build home,"Located in NW Florida. Main question up front: Do weep holes/flashing still work as intended if the flashing has 4-5 inches on mortar dried on top of it? Context: Bought a new-build home in 2025 and have been having some water damage/mold and humidity problems in the home. The home has a full-brick veneer with an air gap. We noticed a significant majority of the weep holes are completely plugged with mortar. Trying to understand the extent of the issue, we went looking at some of the homes currently being built in the development and took the pictures above. The wall we looked at was only about half built, but the issue was obvious. In the annotated picture, the layer of bricks that are outlined in red are the layer containing the weep holes. From what we could see, it looks like there is a solid 4 to 5 inches of mortar that is pooled on the flashing (highlighted with dashed cyan line) behind the weep holes. We have no reason to think they built our home any differently, so it seems most of our weep holes are blocked because a large amount of mortar pooled on the flashing while the bricks were laid and, while still wet, flowed into the weep holes before drying in place. We brought up the issue to our builder to get the problem fixed. They want to try to drill/chisel out all the weep holes. Since that will still leave a significant amount of mortar on the flashing, we are wondering: Even if they're drilled out, will the weep holes and flashing still do their job if covered in mortar like that? We are concerned that trying to drill or chisel out the holes will result in drilling through the flashing and destroying it, allowing water to pool on the ground inside our walls and start to cause water and mold damage. Thank you so much for help!","Question about weep holes on new-build home Located in NW Florida. Main question up front: Do weep holes/flashing still work as intended if the flashing has 4-5 inches on mortar dried on top of it? Context: Bought a new-build home in 2025 and have been having some water damage/mold and humidity problems in the home. The home has a full-brick veneer with an air gap. We noticed a significant majority of the weep holes are completely plugged with mortar. Trying to understand the extent of the issue, we went looking at some of the homes currently being built in the development and took the pictures above. The wall we looked at was only about half built, but the issue was obvious. In the annotated picture, the layer of bricks that are outlined in red are the layer containing the weep holes. From what we could see, it looks like there is a solid 4 to 5 inches of mortar that is pooled on the flashing (highlighted with dashed cyan line) behind the weep holes. We have no reason to think they built our home any differently, so it seems most of our weep holes are blocked because a large amount of mortar pooled on the flashing while the bricks were laid and, while still wet, flowed into the weep holes before drying in place. We brought up the issue to our builder to get the problem fixed. They want to try to drill/chisel out all the weep holes. Since that will still leave a significant amount of mortar on the flashing, we are wondering: Even if they're drilled out, will the weep holes and flashing still do their job if covered in mortar like that? We are concerned that trying to drill or chisel out the holes will result in drilling through the flashing and destroying it, allowing water to pool on the ground inside our walls and start to cause water and mold damage. Thank you so much for help!",https://www.reddit.com/r/HomeMaintenance/comments/1td0fym/question_about_weep_holes_on_newbuild_home/,2,9,https://www.reddit.com/gallery/1td0fym,mold,needs_review_medium_signal,,manual_review_pending,,medium_risk_call_pro,0.95,contained_water_damage:\bwater damage(?:d)?\b; mold_or_foundation_concern:\bmold\b,"{""medium_risk_call_pro"": 4.0}",no,,,,,MR0201,medium_risk_call_pro,2,Sarah,,
1t3hzay,HomeImprovement,2026-05-04T13:37:59+00:00,"Bunch of bugs in basement bathroom in summer, none in winter","They’re about 2-3mm long with large wings. Last summer, I found maybe a hundred dead in the floor in my basement bathroom multiple times, which we usually keep closed. There weren’t any in the winter, and now they’re appearing again. Sometimes I get some sewer gas smell but I haven’t found any leaks anywhere. The basement bathroom isn’t used very often, only when we have guests staying with us which is rare. I’m worried a waste pipe may be cracked and is likely leaking into our vents, which are ducts in slab. Here are pics of the flies if that helps. https://imgur.com/a/UmM0Woi","Bunch of bugs in basement bathroom in summer, none in winter They’re about 2-3mm long with large wings. Last summer, I found maybe a hundred dead in the floor in my basement bathroom multiple times, which we usually keep closed. There weren’t any in the winter, and now they’re appearing again. Sometimes I get some sewer gas smell but I haven’t found any leaks anywhere. The basement bathroom isn’t used very often, only when we have guests staying with us which is rare. I’m worried a waste pipe may be cracked and is likely leaking into our vents, which are ducts in slab. Here are pics of the flies if that helps. https://imgur.com/a/UmM0Woi",https://www.reddit.com/r/HomeImprovement/comments/1t3hzay/bunch_of_bugs_in_basement_bathroom_in_summer_none/,1,2,https://www.reddit.com/r/HomeImprovement/comments/1t3hzay/bunch_of_bugs_in_basement_bathroom_in_summer_none/,leak,needs_review_urgent_signal,,manual_review_pending,,urgent_safety_risk,0.92,gas_or_carbon_monoxide:\bgas smell\b; contained_water_damage:\bleak(?:s|ing|ed)?\b,"{""medium_risk_call_pro"": 2.0, ""urgent_safety_risk"": 4.0}",no,,,,,MR0202,urgent_safety_risk,3,Max,,
1s9cj89,Plumbing,2026-04-01T06:23:48+00:00,My basement flooded,What can I do? Who do I call? I have homeowners insurance from Allstate but guess what… didn’t opt for sewer back up. It’s like a foot high. The manhole right out front of my house is pouring out. Bad news for this guy. Any suggestions would be great lol,My basement flooded What can I do? Who do I call? I have homeowners insurance from Allstate but guess what… didn’t opt for sewer back up. It’s like a foot high. The manhole right out front of my house is pouring out. Bad news for this guy. Any suggestions would be great lol,https://www.reddit.com/r/Plumbing/comments/1s9cj89/my_basement_flooded/,39,7,https://www.reddit.com/gallery/1s9cj89,flooding,needs_review_urgent_signal,,manual_review_pending,,urgent_safety_risk,0.90,active_flooding_or_sewage:\bflooded\b,"{""urgent_safety_risk"": 3.0}",no,,,,,MR0203,urgent_safety_risk,3,Max,,
1scfrdg,Plumbing,2026-04-04T17:49:25+00:00,"Play in copper piping, shower fixture","I recently had my bathroom remodeled. About a week ago the caulking around the shower faucet split because the fixture has a lot of up and down movement. I took off the fixture to see why it’s moving so much, and noticed what’s in the video. Is there any way I can lessen the up and down play? Thanks!","Play in copper piping, shower fixture I recently had my bathroom remodeled. About a week ago the caulking around the shower faucet split because the fixture has a lot of up and down movement. I took off the fixture to see why it’s moving so much, and noticed what’s in the video. Is there any way I can lessen the up and down play? Thanks!",https://www.reddit.com/r/Plumbing/comments/1scfrdg/play_in_copper_piping_shower_fixture/,1,27,https://v.redd.it/4p2v7yclo7tg1,caulk,needs_review_low_signal,,manual_review_pending,,low_risk_diy,0.82,cosmetic_or_minor_finish:\bcaulk(?:ing)?\b,"{""low_risk_diy"": 2.2}",no,,,,,MR0204,low_risk_diy,1,Patrick,,
1rics22,Plumbing,2026-03-01T23:32:54+00:00,What just happened???,"From my parents condo... dad just passed away and mom is staying with family at the moment. This sink is at the bottom of a stack that has a history of backing up...maybe once per year the drain pipe would need to be unclogged about 50ft down. Historically, the sign of trouble would be the sink would fill up out of the blue and then drain slowly. Is this a hair on fire call the plumber now issue or is this likely a one-off? Dad always dealt with this stuff... I am already sad and overwhelmed with all the death related paperwork, so I am desperately hoping this is just a one-off but dont want to risk a gross condo flood. Thanks in advance!","What just happened??? From my parents condo... dad just passed away and mom is staying with family at the moment. This sink is at the bottom of a stack that has a history of backing up...maybe once per year the drain pipe would need to be unclogged about 50ft down. Historically, the sign of trouble would be the sink would fill up out of the blue and then drain slowly. Is this a hair on fire call the plumber now issue or is this likely a one-off? Dad always dealt with this stuff... I am already sad and overwhelmed with all the death related paperwork, so I am desperately hoping this is just a one-off but dont want to risk a gross condo flood. Thanks in advance!",https://www.reddit.com/r/Plumbing/comments/1rics22/what_just_happened/,5,18,https://v.redd.it/998apbyvqimg1,flooding,needs_review_urgent_signal,,manual_review_pending,,,0.00,no_labeling_function_matched,{},yes,,,,,MR0205,needs_human_review,1,Patrick,,
1s50p34,Plumbing,2026-03-27T10:50:19+00:00,Should this be caulked,Recently purchased a house and have this gap where the knob is. Looks like a piece of tile broke. We will eventually replace but want to make sure it is okay in the meantime.,Should this be caulked Recently purchased a house and have this gap where the knob is. Looks like a piece of tile broke. We will eventually replace but want to make sure it is okay in the meantime.,https://www.reddit.com/r/Plumbing/comments/1s50p34/should_this_be_caulked/,3,3,https://i.redd.it/97c0c7hiikrg1.jpeg,caulk,needs_review_unclear,,manual_review_pending,,,0.00,no_labeling_function_matched,{},yes,,,,,MR0206,needs_human_review,1,Patrick,,
umvf9t,askanelectrician,2022-05-10T23:07:00+00:00,"After the electric push mower severed the heavy duty 12 gauge 100 ft extension cord, what would've happened to me if I had touched the live exposed wiring?","The cord was sliced in two when I accidentally backed over it. Would touching the exposed wire have been certain death? What would I have felt and how would you describe the pain? When I was walking back to the plug outlet to unplug the severed cord, I made the exposed wiring touch a metal fence. It made a single spark and left a black soot mark. I wonder what would've happened if I pressed my hand against the exposed wiring instead. Would death have been guaranteed? Would it have been instant? There would've been no coming back from it, would there? I wonder what my last moments would've been like. I hope plug-in electric mowers become obsolete for this very reason. I hope that by the time I have kids, electric mowers will have powerful, long-lasting batteries instead. That way, I wouldn't have to worry about my kids electrocuting themselves.","After the electric push mower severed the heavy duty 12 gauge 100 ft extension cord, what would've happened to me if I had touched the live exposed wiring? The cord was sliced in two when I accidentally backed over it. Would touching the exposed wire have been certain death? What would I have felt and how would you describe the pain? When I was walking back to the plug outlet to unplug the severed cord, I made the exposed wiring touch a metal fence. It made a single spark and left a black soot mark. I wonder what would've happened if I pressed my hand against the exposed wiring instead. Would death have been guaranteed? Would it have been instant? There would've been no coming back from it, would there? I wonder what my last moments would've been like. I hope plug-in electric mowers become obsolete for this very reason. I hope that by the time I have kids, electric mowers will have powerful, long-lasting batteries instead. That way, I wouldn't have to worry about my kids electrocuting themselves.",https://www.reddit.com/r/askanelectrician/comments/umvf9t/after_the_electric_push_mower_severed_the_heavy/,2,10,https://www.reddit.com/r/askanelectrician/comments/umvf9t/after_the_electric_push_mower_severed_the_heavy/,sparking outlet,needs_review_urgent_signal,,manual_review_pending,,urgent_safety_risk,0.82,fire_smoke_or_sparks:\bspark(?:s|ing|ed)?\b; trade_system_issue:\boutlets?\b,"{""medium_risk_call_pro"": 2.0, ""urgent_safety_risk"": 3.5}",no,,,,,MR0207,urgent_safety_risk,3,Max,,
vust9w,askanelectrician,2022-07-09T03:47:03+00:00,Replace Light Fixture Help,"https://imgur.com/a/8guEzyf/ I'm trying to replace an old light fixture and Im having trouble. I was going to call it a night and tried to make a ""stopping point"", but Ive clearly done things wrong. The first and second pictures are from the original wiring after pulling the old fixture off; this fixture was mounted to the wall with drywall anchors instead of using the outlet box like my new fixture expects so I was working on replacing the box as well. To get to my ""stopping point"" I started capping wires off (white to white, black to black is what I thought I needed), then turned the breaker back on and flipped the light switch to see if I would spark or anything in case I did that on accident (3rd picture, all black wires were capped together when I did this). This tripped the breaker immediately as you may have guessed. After some research I think I confirmed that capping white to white and black to black was correct. What I think my problem is now is that since I don't have a light fixture up the circuit isn't complete so the Nuetral wire never takes the electricity back to the panel and it trips. My question for An Electrician: is my theory correct and am I right to cap the like collored wires? It felt weird to me to get to this box and find a white wire capped together with black wires. I'm leaving the breaker off until I can get this figured out or have a pro come out to my house.","Replace Light Fixture Help https://imgur.com/a/8guEzyf/ I'm trying to replace an old light fixture and Im having trouble. I was going to call it a night and tried to make a ""stopping point"", but Ive clearly done things wrong. The first and second pictures are from the original wiring after pulling the old fixture off; this fixture was mounted to the wall with drywall anchors instead of using the outlet box like my new fixture expects so I was working on replacing the box as well. To get to my ""stopping point"" I started capping wires off (white to white, black to black is what I thought I needed), then turned the breaker back on and flipped the light switch to see if I would spark or anything in case I did that on accident (3rd picture, all black wires were capped together when I did this). This tripped the breaker immediately as you may have guessed. After some research I think I confirmed that capping white to white and black to black was correct. What I think my problem is now is that since I don't have a light fixture up the circuit isn't complete so the Nuetral wire never takes the electricity back to the panel and it trips. My question for An Electrician: is my theory correct and am I right to cap the like collored wires? It felt weird to me to get to this box and find a white wire capped together with black wires. I'm leaving the breaker off until I can get this figured out or have a pro come out to my house.",https://www.reddit.com/r/askanelectrician/comments/vust9w/replace_light_fixture_help/,0,8,https://www.reddit.com/r/askanelectrician/comments/vust9w/replace_light_fixture_help/,sparking outlet,needs_review_urgent_signal,,manual_review_pending,,urgent_safety_risk,0.82,fire_smoke_or_sparks:\bspark(?:s|ing|ed)?\b; trade_system_issue:\bbreaker\b,"{""medium_risk_call_pro"": 2.0, ""urgent_safety_risk"": 3.5}",no,,,,,MR0208,urgent_safety_risk,3,Max,,
1tjno1m,HomeImprovement,2026-05-21T15:17:11+00:00,Water leak advice,"Hey folks, I need some advice on how to proceed. I have a bathroom that 5×6. My bidet attached to toilet was worn out and leaked clean water. I would say maybe 6 cups worth of water. The floors of my bathroom are laimate. Plumber removed tpilet and baseboards. Dry wall was no impacted behind toilet. Impact area 1. Laminate floor about 2×2 have readings for 20 to 34. I raised flooring a bit to get air to run and dehumidifier. Should I remove it entirely ? 2. Ceiling in my garage about 30 cm has moisture but ceiling itself is hard. Should I cut or drill holes and blow a fan? I am in Washington and weather has been dry nowadays What is right action here please and thank u!","Water leak advice Hey folks, I need some advice on how to proceed. I have a bathroom that 5×6. My bidet attached to toilet was worn out and leaked clean water. I would say maybe 6 cups worth of water. The floors of my bathroom are laimate. Plumber removed tpilet and baseboards. Dry wall was no impacted behind toilet. Impact area 1. Laminate floor about 2×2 have readings for 20 to 34. I raised flooring a bit to get air to run and dehumidifier. Should I remove it entirely ? 2. Ceiling in my garage about 30 cm has moisture but ceiling itself is hard. Should I cut or drill holes and blow a fan? I am in Washington and weather has been dry nowadays What is right action here please and thank u!",https://www.reddit.com/r/HomeImprovement/comments/1tjno1m/water_leak_advice/,1,6,https://www.reddit.com/r/HomeImprovement/comments/1tjno1m/water_leak_advice/,leak,needs_review_medium_signal,,manual_review_pending,,medium_risk_call_pro,0.80,contained_water_damage:\bleak(?:s|ing|ed)?\b,"{""medium_risk_call_pro"": 2.0}",no,,,,,MR0209,medium_risk_call_pro,1,Patrick,,
1mbnfa0,HomeMaintenance,2025-07-28T18:00:39+00:00,Help locating roof leak..,I need help locating a roof leak. I have someone coming out in a week and I just want to prepare myself for the money part 😬 I have a few shingles that are cracked or broken it looks like (I have a pack in the garage). I also looked while walking and saw that the roof was sagging a bit and the shingles in that area are loose at the top near the trim. Could this be the area where water is getting in most?,Help locating roof leak.. I need help locating a roof leak. I have someone coming out in a week and I just want to prepare myself for the money part 😬 I have a few shingles that are cracked or broken it looks like (I have a pack in the garage). I also looked while walking and saw that the roof was sagging a bit and the shingles in that area are loose at the top near the trim. Could this be the area where water is getting in most?,https://www.reddit.com/r/HomeMaintenance/comments/1mbnfa0/help_locating_roof_leak/,2,9,https://www.reddit.com/gallery/1mbnfa0,loose trim,needs_review_medium_signal,,manual_review_pending,,medium_risk_call_pro,0.67,contained_water_damage:\bleak(?:s|ing|ed)?\b; cosmetic_or_minor_finish:\btrim\b,"{""low_risk_diy"": 2.2, ""medium_risk_call_pro"": 2.0}",yes,,,,,MR0210,needs_human_review,4,Manthan,,
1t6b3fe,DIY,2026-05-07T13:48:23+00:00,Plumber's putty or silicone caulk to plug leak under faucet gasket?,"When water pools around the faucet on the kitchen sink, water seeps through and drips down. After a few attempts and little success, I changed the faucet and still, there's a leak. My only explanation is that the sink is warped and the gasket doesn't sit flush with the sink. Same problem with the little hand faucet. What's my best course of action? I want to try a little bit of plumber's putty under the gasket or a little bit of silicon caulk, but in my experience, adding glue to a problem isn't always a good idea.","Plumber's putty or silicone caulk to plug leak under faucet gasket? When water pools around the faucet on the kitchen sink, water seeps through and drips down. After a few attempts and little success, I changed the faucet and still, there's a leak. My only explanation is that the sink is warped and the gasket doesn't sit flush with the sink. Same problem with the little hand faucet. What's my best course of action? I want to try a little bit of plumber's putty under the gasket or a little bit of silicon caulk, but in my experience, adding glue to a problem isn't always a good idea.",https://www.reddit.com/r/DIY/comments/1t6b3fe/plumbers_putty_or_silicone_caulk_to_plug_leak/,2,21,https://www.reddit.com/r/DIY/comments/1t6b3fe/plumbers_putty_or_silicone_caulk_to_plug_leak/,water leak,needs_review_medium_signal,,manual_review_pending,,medium_risk_call_pro,0.67,contained_water_damage:\bleak(?:s|ing|ed)?\b; cosmetic_or_minor_finish:\bcaulk(?:ing)?\b,"{""low_risk_diy"": 2.2, ""medium_risk_call_pro"": 2.0}",yes,,,,,MR0211,needs_human_review,4,Manthan,,
1sspxax,Plumbing,2026-04-22T16:07:41+00:00,How to repair this,Basically the pipe is loose and no matter the postion it is loose and when i flush without holding onto the pipe it floods how can i repair this what would i need to purchance thanks,How to repair this Basically the pipe is loose and no matter the postion it is loose and when i flush without holding onto the pipe it floods how can i repair this what would i need to purchance thanks,https://www.reddit.com/r/Plumbing/comments/1sspxax/how_to_repair_this/,0,14,https://v.redd.it/cx2100psmrwg1,flooding,needs_review_unclear,,manual_review_pending,,,0.00,no_labeling_function_matched,{},yes,,,,,MR0212,needs_human_review,1,Patrick,,
1sh9put,HomeMaintenance,2026-04-10T02:18:12+00:00,Could this be caused by water damage? Possibly mold under floors?,"This is relatively old (11 years or so) cheap vinyl, could it be just bad glue? Should the whole floor be ripped out and replaced?","Could this be caused by water damage? Possibly mold under floors? This is relatively old (11 years or so) cheap vinyl, could it be just bad glue? Should the whole floor be ripped out and replaced?",https://www.reddit.com/r/HomeMaintenance/comments/1sh9put/could_this_be_caused_by_water_damage_possibly/,7,9,https://www.reddit.com/gallery/1sh9put,mold,needs_review_medium_signal,,manual_review_pending,,medium_risk_call_pro,0.95,contained_water_damage:\bwater damage(?:d)?\b; mold_or_foundation_concern:\bmold\b,"{""medium_risk_call_pro"": 4.0}",no,,,,,MR0213,medium_risk_call_pro,1,Patrick,,
1qfkumg,Plumbing,2026-01-17T18:29:17+00:00,How to replace shower drain?,"My shower drain is slightly leaking in one spot, a few drips after every shower. I believe the seal in it has gone bad. It is a oatey no caulk drain. If I get the same oatey one from home depot (about $10) can I fix it from above/below without taking the drain pan out or making any cuts? I assume no, if i get the drain, could I use the tool to get the old ring and seal out and use the new ones from the drain kit? thanks!","How to replace shower drain? My shower drain is slightly leaking in one spot, a few drips after every shower. I believe the seal in it has gone bad. It is a oatey no caulk drain. If I get the same oatey one from home depot (about $10) can I fix it from above/below without taking the drain pan out or making any cuts? I assume no, if i get the drain, could I use the tool to get the old ring and seal out and use the new ones from the drain kit? thanks!",https://www.reddit.com/r/Plumbing/comments/1qfkumg/how_to_replace_shower_drain/,1,10,https://www.reddit.com/gallery/1qfkumg,caulk,needs_review_medium_signal,,manual_review_pending,,medium_risk_call_pro,0.67,contained_water_damage:\bleak(?:s|ing|ed)?\b; cosmetic_or_minor_finish:\bcaulk(?:ing)?\b,"{""low_risk_diy"": 2.2, ""medium_risk_call_pro"": 2.0}",yes,,,,,MR0214,needs_human_review,4,Manthan,,
1d0pp00,DIY,2024-05-26T00:37:53+00:00,Remove muntins from old sidelight windows?,"So I own a home that came with all the typical builder-grade materials and I’m now working on replacing my interior trim. I went to case out my front door and sidelight windows as a single unit, but then I noticed the jambs of my door were rotted and needed to be replaced. In order to replace the jambs, I had to then remove the brick moldings (also rotted at the bottom). While removing all these materials, I disturbed the sidelights in such a way that one of the muntins knocked loose and fell down inside the window. My research so far has told me that there’s basically no saving the window when this happens because the windows are made with a vacuum and special gas between the panes of glass, and as soon as that vacuum is exposed to the atmosphere, it can never be truly repaired. Some mention that it will fog up, etc… Well, we never particularly cared much for the classic look of the sidelights in the first place. One of the first things we did when we bought the house was remove the window dressings from them (something I’d find in my grandmas house), and added a frosted look to the windows so that strangers couldn’t just walk up to our front door and see inside. People warn about breaking the vacuum seal of the windows because it could then cause them to fog up. My question is, since I don’t care about the windows being perfectly clear to see through, might I have have some special liberties to “mess” with the windows for DIY repair and it be perfectly fine since I have them masked with the frosted look anyways? One idea I have is to drill a small hole into the side of the window frame. I just so happen to uniquley have access to the side of the window because I’m in the middle of replacing the exterior trim work. I would insert a little BB into the drilled hole and use a neodymium magnet to guide the BB to pull the muntin back in place. I don’t imagine the Munion would stay there without some kind of adhesive or mechanical fastener, so I might then try to just keep the magnet and BB in place as inconspicuously as I can get it. Then I’d do whatever I can to plug the drilled hole, air-tight (JB Weld?) 🤷‍♂️ My other idea is to take it a step further and use the magnet to guide the BB all up and around the insides of the window, between the glass panels, knocking ALL the muntins loose, and try to feed them OUT of the window completely in order to be left with a full length window with no muntins at all. Seeing how this first muntin so easily knocked loose, I’m confident they don’t provide any structural support nor any other utility – they’re just there for looks. What are y’all’s thought on this? Am I risking facing something else more disastrous than some moisture just fogging up the insides of these windows by doing this? If that’s the only thing in my way, then I’m just a dab of JB Weld away from tinkering around and ending up with windows that I’ll be much happier with the looks of, without having to drop hundreds and hundreds of dollars on ordering a new set of custom fit windows and all my other work being delayed until those would arrive.","Remove muntins from old sidelight windows? So I own a home that came with all the typical builder-grade materials and I’m now working on replacing my interior trim. I went to case out my front door and sidelight windows as a single unit, but then I noticed the jambs of my door were rotted and needed to be replaced. In order to replace the jambs, I had to then remove the brick moldings (also rotted at the bottom). While removing all these materials, I disturbed the sidelights in such a way that one of the muntins knocked loose and fell down inside the window. My research so far has told me that there’s basically no saving the window when this happens because the windows are made with a vacuum and special gas between the panes of glass, and as soon as that vacuum is exposed to the atmosphere, it can never be truly repaired. Some mention that it will fog up, etc… Well, we never particularly cared much for the classic look of the sidelights in the first place. One of the first things we did when we bought the house was remove the window dressings from them (something I’d find in my grandmas house), and added a frosted look to the windows so that strangers couldn’t just walk up to our front door and see inside. People warn about breaking the vacuum seal of the windows because it could then cause them to fog up. My question is, since I don’t care about the windows being perfectly clear to see through, might I have have some special liberties to “mess” with the windows for DIY repair and it be perfectly fine since I have them masked with the frosted look anyways? One idea I have is to drill a small hole into the side of the window frame. I just so happen to uniquley have access to the side of the window because I’m in the middle of replacing the exterior trim work. I would insert a little BB into the drilled hole and use a neodymium magnet to guide the BB to pull the muntin back in place. I don’t imagine the Munion would stay there without some kind of adhesive or mechanical fastener, so I might then try to just keep the magnet and BB in place as inconspicuously as I can get it. Then I’d do whatever I can to plug the drilled hole, air-tight (JB Weld?) 🤷‍♂️ My other idea is to take it a step further and use the magnet to guide the BB all up and around the insides of the window, between the glass panels, knocking ALL the muntins loose, and try to feed them OUT of the window completely in order to be left with a full length window with no muntins at all. Seeing how this first muntin so easily knocked loose, I’m confident they don’t provide any structural support nor any other utility – they’re just there for looks. What are y’all’s thought on this? Am I risking facing something else more disastrous than some moisture just fogging up the insides of these windows by doing this? If that’s the only thing in my way, then I’m just a dab of JB Weld away from tinkering around and ending up with windows that I’ll be much happier with the looks of, without having to drop hundreds and hundreds of dollars on ordering a new set of custom fit windows and all my other work being delayed until those would arrive.",https://www.reddit.com/r/DIY/comments/1d0pp00/remove_muntins_from_old_sidelight_windows/,2,5,https://www.reddit.com/gallery/1d0pp00,loose trim,needs_review_urgent_signal,,manual_review_pending,,low_risk_diy,0.82,cosmetic_or_minor_finish:\btrim\b,"{""low_risk_diy"": 2.2}",no,,,,,MR0215,low_risk_diy,4,Manthan,,
1t2ulk4,HomeMaintenance,2026-05-03T19:13:56+00:00,Exterior house cleaning question,"I grabbed this product from my local hardware store on the clearance rack, I offered $5. It worked fine, but I have more siding and decking to clean and it ran out. It's 5.25% Sodium Hypochlorite, 94.75% ""other ingredients"". Can I just refill this with 6% bleach concentrate (6% Sodium Hypochlorite) so I can use the wand/sprayer to apply it? https://preview.redd.it/n7umlypr1zyg1.jpg?width=589&format=pjpg&auto=webp&s=3cb02382b18e8bff9a45aefe47a94699448a6e76","Exterior house cleaning question I grabbed this product from my local hardware store on the clearance rack, I offered $5. It worked fine, but I have more siding and decking to clean and it ran out. It's 5.25% Sodium Hypochlorite, 94.75% ""other ingredients"". Can I just refill this with 6% bleach concentrate (6% Sodium Hypochlorite) so I can use the wand/sprayer to apply it? https://preview.redd.it/n7umlypr1zyg1.jpg?width=589&format=pjpg&auto=webp&s=3cb02382b18e8bff9a45aefe47a94699448a6e76",https://www.reddit.com/r/HomeMaintenance/comments/1t2ulk4/exterior_house_cleaning_question/,2,3,https://www.reddit.com/r/HomeMaintenance/comments/1t2ulk4/exterior_house_cleaning_question/,mold,needs_review_unclear,,manual_review_pending,,,0.00,no_labeling_function_matched,{},yes,,,,,MR0216,needs_human_review,2,Sarah,,
iep7a4,askanelectrician,2020-08-22T19:53:32+00:00,Two BRAND NEW dewalt miter saws ruined in one week; faulty or outlet/cord issue?,"I recently purchased a DWS715 dewalt miter saw. It worked well for a few days until the amount of time it took to get up to speed started increasing until it made a loud grinding sound upon start up. I assumed that maybe I had gotten a faulty saw so I returned it to pick up another of the exact same brand since I had built a custom workbench to accommodate it. I got another brand new saw, shrink wrap and all. I checked and doubled checked the saw's fence and blade that everything was square. After around 20-30 cuts of 1x2 common board. I noticed the speed begin to delay again.. I then decided to check out the outlet and extension cord that I was using: At first I was using an extension cord that I found out was rated at 1625 watts, so I bought a multimeter and tested the outlet and it puts out 122V and is connected to a 20A fuse box. I realized that the extension cord wasn't enough so I upgraded to a 25' 14/3 gauge utilitech extension cord rated at 1875 watts, i think. The saw (saw #2) lasted about another 15 cuts until it didn't get up to proper speed again, it made a grinding sound, and the electronic brake failed so that the saw took 10-15 seconds to come to a stop. One more bit of information: The motor housing would spark just a little every time I RELEASED the trigger. I read somewhere online this was common and normal for electronic braking systems but now I don't know if I buy that. So, was it the extension cord that ruined these saws? TL;DR: I have ruined two dewalt DWS715 miter saws within one week. What am I doing wrong as the odds of TWO saws going to shit after 20-30 cuts is highly unlikely.","Two BRAND NEW dewalt miter saws ruined in one week; faulty or outlet/cord issue? I recently purchased a DWS715 dewalt miter saw. It worked well for a few days until the amount of time it took to get up to speed started increasing until it made a loud grinding sound upon start up. I assumed that maybe I had gotten a faulty saw so I returned it to pick up another of the exact same brand since I had built a custom workbench to accommodate it. I got another brand new saw, shrink wrap and all. I checked and doubled checked the saw's fence and blade that everything was square. After around 20-30 cuts of 1x2 common board. I noticed the speed begin to delay again.. I then decided to check out the outlet and extension cord that I was using: At first I was using an extension cord that I found out was rated at 1625 watts, so I bought a multimeter and tested the outlet and it puts out 122V and is connected to a 20A fuse box. I realized that the extension cord wasn't enough so I upgraded to a 25' 14/3 gauge utilitech extension cord rated at 1875 watts, i think. The saw (saw #2) lasted about another 15 cuts until it didn't get up to proper speed again, it made a grinding sound, and the electronic brake failed so that the saw took 10-15 seconds to come to a stop. One more bit of information: The motor housing would spark just a little every time I RELEASED the trigger. I read somewhere online this was common and normal for electronic braking systems but now I don't know if I buy that. So, was it the extension cord that ruined these saws? TL;DR: I have ruined two dewalt DWS715 miter saws within one week. What am I doing wrong as the odds of TWO saws going to shit after 20-30 cuts is highly unlikely.",https://www.reddit.com/r/askanelectrician/comments/iep7a4/two_brand_new_dewalt_miter_saws_ruined_in_one/,8,8,https://www.reddit.com/r/askanelectrician/comments/iep7a4/two_brand_new_dewalt_miter_saws_ruined_in_one/,sparking outlet,needs_review_urgent_signal,,manual_review_pending,,urgent_safety_risk,0.82,fire_smoke_or_sparks:\bspark(?:s|ing|ed)?\b; trade_system_issue:\boutlets?\b,"{""medium_risk_call_pro"": 2.0, ""urgent_safety_risk"": 3.5}",no,,,,,MR0217,urgent_safety_risk,1,Patrick,,
jixybt,askanelectrician,2020-10-27T09:27:59+00:00,Shoddy electric in new apartment - how worried should I be?,"Hey all, I just moved into an apartment yesterday. This apartment complex is an older one, and my unit was just remodeled before I moved in by the owner and his super. My first warning sign is that when I pointed out the door hinge was broken, the super complained that the manager of the building was always taking the cheapest possible way out with repairs and that I should complain about it so that the super would have leverage to buy a replacement. Then when I flipped on the bedroom lights, the lights flickered a few times and I saw sparks behind the light switch and then it died. I also noticed my bedroom closet had an empty light fixture in the ceiling. I asked the super about both of these things and he muttered something about aluminum and pigtails which meant he couldn't/wouldn't/wasn't allowed to fix it, but he called the manager of the building to do it tomorrow. The final concerning thing is that whenever I plug my laptop into a wall socket (three times now), audible and visible yellow spark comes from a \*different\* outlet across the room. This last time I left my laptop plugged in and I heard the crackling sound of sparks from the other outlet after a few seconds (I've unplugged my laptop and it seems to have stopped -- I don't plan on plugging anything in again until this is sorted). I literally haven't plugged anything in besides this laptop so who knows what the fuck would happen if I started plugging more things in. I'm worried that I moved into some kind of clown fiesta fire trap apartment maintained by cheapass fly-by-night yokels. I'm worried about going out and leaving my cats in this place. I'm seriously considering immediately breaking the lease that I just signed yesterday and going into emergency mode to look for a new place in town. It would suck but I'm in a position where I'd be willing to eat a few thousand bucks to not have to worry about me and my cats dying in a fire, and there are plenty of apartments. &#x200B; 1. How worried should I be? Would y'all be looking for a new place? 2. Any tips on what questions I should ask the building manager? 3. I know this isn't a leasing forum, but any thoughts on whether this kind of shoddy electric is a viable reason to break the lease without having to forfeit months of rent? I've honestly never had to worry about the electric in an apartment before, even when I lived in older buildings. &#x200B; EDIT: Thanks all for the help! I already have renter's insurance so I'm covered on that front (honestly, I'm way more worried about keeping cats and people alive than replacing stuff). I went to city hall and got a building inspector out here this morning. The building manager replaced the sparking outlet and light switch. The outlet at least doesn't appear to have been related to the recent renovations, it had corroded over time. I don't really understand what happened with the light switch besides that it was bad somehow. I just drove across the country and then this happened so I'm kinda sleep delirious atm. The inspector photographed and documented the issues and the repairs, and tested the rest of the outlets and switches. The inspector seemed satisfied. I'm still a bit skeptical so I'm going to watch very carefully for any more issues, and my electrician stepdad is coming out this weekend to do a more thorough examination.","Shoddy electric in new apartment - how worried should I be? Hey all, I just moved into an apartment yesterday. This apartment complex is an older one, and my unit was just remodeled before I moved in by the owner and his super. My first warning sign is that when I pointed out the door hinge was broken, the super complained that the manager of the building was always taking the cheapest possible way out with repairs and that I should complain about it so that the super would have leverage to buy a replacement. Then when I flipped on the bedroom lights, the lights flickered a few times and I saw sparks behind the light switch and then it died. I also noticed my bedroom closet had an empty light fixture in the ceiling. I asked the super about both of these things and he muttered something about aluminum and pigtails which meant he couldn't/wouldn't/wasn't allowed to fix it, but he called the manager of the building to do it tomorrow. The final concerning thing is that whenever I plug my laptop into a wall socket (three times now), audible and visible yellow spark comes from a \*different\* outlet across the room. This last time I left my laptop plugged in and I heard the crackling sound of sparks from the other outlet after a few seconds (I've unplugged my laptop and it seems to have stopped -- I don't plan on plugging anything in again until this is sorted). I literally haven't plugged anything in besides this laptop so who knows what the fuck would happen if I started plugging more things in. I'm worried that I moved into some kind of clown fiesta fire trap apartment maintained by cheapass fly-by-night yokels. I'm worried about going out and leaving my cats in this place. I'm seriously considering immediately breaking the lease that I just signed yesterday and going into emergency mode to look for a new place in town. It would suck but I'm in a position where I'd be willing to eat a few thousand bucks to not have to worry about me and my cats dying in a fire, and there are plenty of apartments. &#x200B; 1. How worried should I be? Would y'all be looking for a new place? 2. Any tips on what questions I should ask the building manager? 3. I know this isn't a leasing forum, but any thoughts on whether this kind of shoddy electric is a viable reason to break the lease without having to forfeit months of rent? I've honestly never had to worry about the electric in an apartment before, even when I lived in older buildings. &#x200B; EDIT: Thanks all for the help! I already have renter's insurance so I'm covered on that front (honestly, I'm way more worried about keeping cats and people alive than replacing stuff). I went to city hall and got a building inspector out here this morning. The building manager replaced the sparking outlet and light switch. The outlet at least doesn't appear to have been related to the recent renovations, it had corroded over time. I don't really understand what happened with the light switch besides that it was bad somehow. I just drove across the country and then this happened so I'm kinda sleep delirious atm. The inspector photographed and documented the issues and the repairs, and tested the rest of the outlets and switches. The inspector seemed satisfied. I'm still a bit skeptical so I'm going to watch very carefully for any more issues, and my electrician stepdad is coming out this weekend to do a more thorough examination.",https://www.reddit.com/r/askanelectrician/comments/jixybt/shoddy_electric_in_new_apartment_how_worried/,17,19,https://www.reddit.com/r/askanelectrician/comments/jixybt/shoddy_electric_in_new_apartment_how_worried/,sparking outlet,needs_review_urgent_signal,,manual_review_pending,,urgent_safety_risk,0.82,fire_smoke_or_sparks:\bspark(?:s|ing|ed)?\b; trade_system_issue:\boutlets?\b,"{""medium_risk_call_pro"": 2.0, ""urgent_safety_risk"": 3.5}",no,,,,,MR0218,urgent_safety_risk,3,Max,,
12q335c,HomeImprovement,2023-04-18T00:20:10+00:00,Strange smell in kitchen,"Apologies if this answer is obvious or has been answered. So the other day I put an air conditioner in my kitchen. I had it running all night and woke up to a ""fishy"" smell. My research led to me to believe it's a dead animal in the AC or faulty wiring/electrical. Faulty electrical made sense since it's on an outlet I've never used, and there wasn't a dead rodent in the AC, so I took the AC out and replaced it with another, plugging into another outlet. It appeared to have done the trick, but sure enough, the next morning it smelled fishy again. I then unplugged the AC and left it unplugged, and after a day, the smell remained. We had unseasonable heat and humidity and I realized that the bucket my dehumidifier in the basement had filled up (it's apparently not draining properly). The basement was pretty humid so it led me to believe it might be that as well, so I've emptied that a few times, but the smell in the kitchen wasn't strong at all in the basement. I opened the windows for a few hours and the smell left, closed them and the smell hasn't come back for the whole day, but I'm starting to smell it a little again. I've gone to the area outside behind the AC and nothing smelled strange. Someone suggested maybe a gas leak, but it definitely doesn't smell like gas or have a bad-egg smell. The smell is essentially confined to the kitchen near where the AC was plugged in. Any ideas as to what this could be? I can't imagine it's the electrical if the smell keeps coming back with nothing plugged into that circuit, and I figure the smell of a dead animal wouldn't exactly come and go. Has anyone had a ""fishy"" smell from a damp basement that rose into their kitchen?","Strange smell in kitchen Apologies if this answer is obvious or has been answered. So the other day I put an air conditioner in my kitchen. I had it running all night and woke up to a ""fishy"" smell. My research led to me to believe it's a dead animal in the AC or faulty wiring/electrical. Faulty electrical made sense since it's on an outlet I've never used, and there wasn't a dead rodent in the AC, so I took the AC out and replaced it with another, plugging into another outlet. It appeared to have done the trick, but sure enough, the next morning it smelled fishy again. I then unplugged the AC and left it unplugged, and after a day, the smell remained. We had unseasonable heat and humidity and I realized that the bucket my dehumidifier in the basement had filled up (it's apparently not draining properly). The basement was pretty humid so it led me to believe it might be that as well, so I've emptied that a few times, but the smell in the kitchen wasn't strong at all in the basement. I opened the windows for a few hours and the smell left, closed them and the smell hasn't come back for the whole day, but I'm starting to smell it a little again. I've gone to the area outside behind the AC and nothing smelled strange. Someone suggested maybe a gas leak, but it definitely doesn't smell like gas or have a bad-egg smell. The smell is essentially confined to the kitchen near where the AC was plugged in. Any ideas as to what this could be? I can't imagine it's the electrical if the smell keeps coming back with nothing plugged into that circuit, and I figure the smell of a dead animal wouldn't exactly come and go. Has anyone had a ""fishy"" smell from a damp basement that rose into their kitchen?",https://www.reddit.com/r/HomeImprovement/comments/12q335c/strange_smell_in_kitchen/,1,0,https://www.reddit.com/r/HomeImprovement/comments/12q335c/strange_smell_in_kitchen/,gas smell,needs_review_medium_signal,,manual_review_pending,,urgent_safety_risk,0.87,gas_or_carbon_monoxide:\bsmell(?:s|ing)? (?:like )?gas\b; contained_water_damage:\bleak(?:s|ing|ed)?\b; trade_system_issue:\bair conditioner\b,"{""medium_risk_call_pro"": 4.0, ""urgent_safety_risk"": 4.0}",yes,,,,,MR0219,needs_human_review,3,Max,,
lzc65a,askanelectrician,2021-03-06T21:57:52+00:00,Electricity question,"I posted here a while ago about some issues with my electricity, but I will give a quick recap. An outlet in my room kept getting really hot. One night I thought I saw smoke so we flipped all the breakers for my room until we thought we found one for that outlet. It started to cool down. Being an idiot I decide to test it instead of just leaving it alone. I plugged in a small desk fan and there was a tiny spark, this caused all the lights in the living room to go out. The living room breaker is not flipped theres just no power there anymore. I was under the impression that replacing the outlet in my room would fix the issue, so we tried to do that. When we took the old outlet out it was old and burnt. We tried to put another outlet in but broke one of the wires so we can't install it now. We just wrapped them with electrical tape and left them. Living room still does not work. My question is how can one outlet in my room effect the living room and what can we do? Nothing else in my room was affected. I thought all outlets in one room were supposed to be connected to each other. We had to run cords into the kitchen to have lights and things in the living room. Edit: The next person to even suggest we get our cheap ass landlord to fix anything is getting blocked immediately. I don't know what people are misunderstanding about our landlord. He will only hire druggies to do work for him. Do. You. Understand?","Electricity question I posted here a while ago about some issues with my electricity, but I will give a quick recap. An outlet in my room kept getting really hot. One night I thought I saw smoke so we flipped all the breakers for my room until we thought we found one for that outlet. It started to cool down. Being an idiot I decide to test it instead of just leaving it alone. I plugged in a small desk fan and there was a tiny spark, this caused all the lights in the living room to go out. The living room breaker is not flipped theres just no power there anymore. I was under the impression that replacing the outlet in my room would fix the issue, so we tried to do that. When we took the old outlet out it was old and burnt. We tried to put another outlet in but broke one of the wires so we can't install it now. We just wrapped them with electrical tape and left them. Living room still does not work. My question is how can one outlet in my room effect the living room and what can we do? Nothing else in my room was affected. I thought all outlets in one room were supposed to be connected to each other. We had to run cords into the kitchen to have lights and things in the living room. Edit: The next person to even suggest we get our cheap ass landlord to fix anything is getting blocked immediately. I don't know what people are misunderstanding about our landlord. He will only hire druggies to do work for him. Do. You. Understand?",https://www.reddit.com/r/askanelectrician/comments/lzc65a/electricity_question/,1,17,https://www.reddit.com/r/askanelectrician/comments/lzc65a/electricity_question/,sparking outlet,needs_review_urgent_signal,,manual_review_pending,,urgent_safety_risk,0.82,fire_smoke_or_sparks:\bspark(?:s|ing|ed)?\b; trade_system_issue:\bbreaker\b,"{""medium_risk_call_pro"": 2.0, ""urgent_safety_risk"": 3.5}",no,,,,,MR0220,urgent_safety_risk,3,Max,,
1refl1o,DIY,2026-02-25T15:02:41+00:00,Peel and Stick Vinyl Questions,"Hey, all! My family has been in our current home about 3 years and the kids are finally old enough that I can start sprucing up some of the house (either for us in the short term, or to sell in 3-5 years). My first target is a half bath in our partially finished basement. It's pretty clear that this was an add-on by the previous owner and they did the bare amount of work. We plan on using the basement as mostly a play area for the kids, so it doesn't need to be perfect, but does need to be somewhat durable. The bathroom is extremely small (about 20 sq.ft.) with about 7' drop ceiling. The walls are extremely thin wood paneling, painted. The current flooring appears to be peel and stick vinyl directly on the concrete. That leads to my 2 questions... 1.) I don't like the color or pattern of the current floor. Given the size on the bathroom, knowing I'd really only need new flooring on about 1/2 that, and knowing that there needs to be a lot of cutting for a bathroom floor, I was considering just a different peel and stick. Is that the best or is there a better option? 2.) Can I apply it directly over the existing one or pull it up? 3.) I don't like the look of the paneling, especially in a bathroom, and was considering doing more peel and stick at least partially up the wall. Can I apply it directly to paneling or is there a better option? This bathroom is mainly for use by two preschoolers while they're playing, so cheap and easy to clean is good and making it look nice enough that I don't need to redo it when we inevitably move would be a plus.","Peel and Stick Vinyl Questions Hey, all! My family has been in our current home about 3 years and the kids are finally old enough that I can start sprucing up some of the house (either for us in the short term, or to sell in 3-5 years). My first target is a half bath in our partially finished basement. It's pretty clear that this was an add-on by the previous owner and they did the bare amount of work. We plan on using the basement as mostly a play area for the kids, so it doesn't need to be perfect, but does need to be somewhat durable. The bathroom is extremely small (about 20 sq.ft.) with about 7' drop ceiling. The walls are extremely thin wood paneling, painted. The current flooring appears to be peel and stick vinyl directly on the concrete. That leads to my 2 questions... 1.) I don't like the color or pattern of the current floor. Given the size on the bathroom, knowing I'd really only need new flooring on about 1/2 that, and knowing that there needs to be a lot of cutting for a bathroom floor, I was considering just a different peel and stick. Is that the best or is there a better option? 2.) Can I apply it directly over the existing one or pull it up? 3.) I don't like the look of the paneling, especially in a bathroom, and was considering doing more peel and stick at least partially up the wall. Can I apply it directly to paneling or is there a better option? This bathroom is mainly for use by two preschoolers while they're playing, so cheap and easy to clean is good and making it look nice enough that I don't need to redo it when we inevitably move would be a plus.",https://www.reddit.com/r/DIY/comments/1refl1o/peel_and_stick_vinyl_questions/,1,3,https://www.reddit.com/r/DIY/comments/1refl1o/peel_and_stick_vinyl_questions/,paint peeling,needs_review_unclear,,manual_review_pending,,low_risk_diy,0.82,cosmetic_or_minor_finish:\bpaint(?:ing|ed)?\b,"{""low_risk_diy"": 2.2}",no,,,,,MR0221,low_risk_diy,3,Max,,
1r8sgp6,HomeMaintenance,2026-02-19T07:04:44+00:00,stucco/paint question?,"Hello. I need some expertise.... Our landlord is complaining about the bubbles forming on the exterior walls of the house (attached some images). So my mom had placed one of her potted plants against the wall and our landlord is stating that due to the recent rain we have been having here, it's what has caused the stucco to start peeling/bubble and in her words ""causing mold."" Can placing items against the wall be the main cause/culprit of the stucco to bubble and peel? I've already had a handyman come and take a look so he can fix it later, but she is FULLY certain that the items we place against the wall is inhibiting proper air circulation and therefore causing the bubbles and... ""mold."" There is no visible mold from what I can see. [this is where my mom placed her potted plant. the paint](https://preview.redd.it/2jsjyg1igekg1.png?width=1080&format=png&auto=webp&s=2756c8c0e60aed87893d73b1b4260b4ed7a8129c) [she sent us this showing another bubble she found](https://preview.redd.it/jwwvbqrtgekg1.png?width=1080&format=png&auto=webp&s=292c843eff3f0a245677af139978e12840de628e) [these are our items placed near the wall. she is saying it's inhibiting proper air circulation for the wall to dry which is causing the peeling. ](https://preview.redd.it/ng9gira0hekg1.png?width=933&format=png&auto=webp&s=86aa5f61ddf6ccedcaf9295c5e40a437fbf6dd34)","stucco/paint question? Hello. I need some expertise.... Our landlord is complaining about the bubbles forming on the exterior walls of the house (attached some images). So my mom had placed one of her potted plants against the wall and our landlord is stating that due to the recent rain we have been having here, it's what has caused the stucco to start peeling/bubble and in her words ""causing mold."" Can placing items against the wall be the main cause/culprit of the stucco to bubble and peel? I've already had a handyman come and take a look so he can fix it later, but she is FULLY certain that the items we place against the wall is inhibiting proper air circulation and therefore causing the bubbles and... ""mold."" There is no visible mold from what I can see. [this is where my mom placed her potted plant. the paint](https://preview.redd.it/2jsjyg1igekg1.png?width=1080&format=png&auto=webp&s=2756c8c0e60aed87893d73b1b4260b4ed7a8129c) [she sent us this showing another bubble she found](https://preview.redd.it/jwwvbqrtgekg1.png?width=1080&format=png&auto=webp&s=292c843eff3f0a245677af139978e12840de628e) [these are our items placed near the wall. she is saying it's inhibiting proper air circulation for the wall to dry which is causing the peeling. ](https://preview.redd.it/ng9gira0hekg1.png?width=933&format=png&auto=webp&s=86aa5f61ddf6ccedcaf9295c5e40a437fbf6dd34)",https://www.reddit.com/r/HomeMaintenance/comments/1r8sgp6/stuccopaint_question/,1,4,https://www.reddit.com/r/HomeMaintenance/comments/1r8sgp6/stuccopaint_question/,paint peeling,needs_review_medium_signal,,manual_review_pending,,medium_risk_call_pro,0.67,mold_or_foundation_concern:\bmold\b; cosmetic_or_minor_finish:\bpaint(?:ing|ed)?\b,"{""low_risk_diy"": 2.2, ""medium_risk_call_pro"": 2.0}",yes,,,,,MR0222,needs_human_review,1,Patrick,,
1oge7uf,DIY,2025-10-26T07:13:28+00:00,Permanent extension lead (outdoors),"Hi all. I think I already know the answer, but wondered why it can’t be done this way… I have a garage, disconnected from the house, across a patio. At present, if something needs power in the garage, we run an extension lead out back window across the patio and into the garage through a window. The lead is plugged into a socket close to the back door. A spark quoted over £1000 to do this properly, with it going back to the consumer unit, involving pulling the bathroom floor up to run a cable out higher up the house. Seems excessive for something we may only use once a month - it’s just the extension lead through the windows seems a bit dodgy when it’s raining. My question really, is can I drill holes out the house, and into the garage, and run a cable through permanently? -the cable does not always need to be powered on -what type of cable or armouring does the outside portion of it need, to be outdoors permanently? I’m thinking inside the garage I could wire it to a double outlet (maybe an outside rated one) - just to make it neater. TLDR: how can I run an extension lead between to buildings permanently.","Permanent extension lead (outdoors) Hi all. I think I already know the answer, but wondered why it can’t be done this way… I have a garage, disconnected from the house, across a patio. At present, if something needs power in the garage, we run an extension lead out back window across the patio and into the garage through a window. The lead is plugged into a socket close to the back door. A spark quoted over £1000 to do this properly, with it going back to the consumer unit, involving pulling the bathroom floor up to run a cable out higher up the house. Seems excessive for something we may only use once a month - it’s just the extension lead through the windows seems a bit dodgy when it’s raining. My question really, is can I drill holes out the house, and into the garage, and run a cable through permanently? -the cable does not always need to be powered on -what type of cable or armouring does the outside portion of it need, to be outdoors permanently? I’m thinking inside the garage I could wire it to a double outlet (maybe an outside rated one) - just to make it neater. TLDR: how can I run an extension lead between to buildings permanently.",https://www.reddit.com/r/DIY/comments/1oge7uf/permanent_extension_lead_outdoors/,2,21,https://www.reddit.com/r/DIY/comments/1oge7uf/permanent_extension_lead_outdoors/,sparking outlet,needs_review_urgent_signal,,manual_review_pending,,urgent_safety_risk,0.82,fire_smoke_or_sparks:\bspark(?:s|ing|ed)?\b; trade_system_issue:\boutlets?\b,"{""medium_risk_call_pro"": 2.0, ""urgent_safety_risk"": 3.5}",no,,,,,MR0223,urgent_safety_risk,4,Manthan,,
1sr1a7z,Plumbing,2026-04-20T20:07:03+00:00,First Water Heater Install: Rheem ProTerra 65 Gal HPWH. PEX-A with Crimps.,"# Just finished swapping out a 15+ year old atmospheric tank for a **Rheem ProTerra 65 Gal. High Efficiency Hybrid Heat Pump Water Heater**. Being in Marysville, WA, the utility rebates made this the right move. **The Build:** * **Pipe & Fittings:** This was my first time working with PEX. I chose **PEX-A** for the flexibility, but opted to use **crimp rings/crimp tool** for the connections. * **The Transition:** I used **SharkBites** strictly for the transition from the old copper to the new PEX-A. Honestly, I didn't want to risk a failed solder joint on my first water heater project and end up with a flood. * **Height:** The unit is 6' 2"", so I had to extend the hot and cold lines to the top-side ports. * **Seismic Strapping:** To stay strictly within Washington state code, I have the seismic straps set exactly at the bottom 1/3 and upper 1/3 limits. * **Expansion Tank:** Added a new expansion tank on the cold side, mounted to the structural cabinet to the right of the unit for better support. * **Electrical:** Cleaned up the old wiring and ran everything through new conduit for protection. * **Condensate:** Currently draining directly to the garage floor. It’s at a part of the garage that gets rained on anyway, but I’m planning to add a **condensate pump** soon to feed into my future lawn irrigation setup. * **The App:** Currently losing the battle against the **EcoNet app**. It won’t connect to my network, so Wi-Fi troubleshooting is the next step. I'm missing some ""in-progress"" shots of the cold line extension, but I’d love a professional critique of the final setup. Any ""silver bullet"" tips for getting the EcoNet app to finally handshake with a modern router?","First Water Heater Install: Rheem ProTerra 65 Gal HPWH. PEX-A with Crimps. # Just finished swapping out a 15+ year old atmospheric tank for a **Rheem ProTerra 65 Gal. High Efficiency Hybrid Heat Pump Water Heater**. Being in Marysville, WA, the utility rebates made this the right move. **The Build:** * **Pipe & Fittings:** This was my first time working with PEX. I chose **PEX-A** for the flexibility, but opted to use **crimp rings/crimp tool** for the connections. * **The Transition:** I used **SharkBites** strictly for the transition from the old copper to the new PEX-A. Honestly, I didn't want to risk a failed solder joint on my first water heater project and end up with a flood. * **Height:** The unit is 6' 2"", so I had to extend the hot and cold lines to the top-side ports. * **Seismic Strapping:** To stay strictly within Washington state code, I have the seismic straps set exactly at the bottom 1/3 and upper 1/3 limits. * **Expansion Tank:** Added a new expansion tank on the cold side, mounted to the structural cabinet to the right of the unit for better support. * **Electrical:** Cleaned up the old wiring and ran everything through new conduit for protection. * **Condensate:** Currently draining directly to the garage floor. It’s at a part of the garage that gets rained on anyway, but I’m planning to add a **condensate pump** soon to feed into my future lawn irrigation setup. * **The App:** Currently losing the battle against the **EcoNet app**. It won’t connect to my network, so Wi-Fi troubleshooting is the next step. I'm missing some ""in-progress"" shots of the cold line extension, but I’d love a professional critique of the final setup. Any ""silver bullet"" tips for getting the EcoNet app to finally handshake with a modern router?",https://www.reddit.com/r/Plumbing/comments/1sr1a7z/first_water_heater_install_rheem_proterra_65_gal/,1,9,https://www.reddit.com/gallery/1sr1a7z,flooding,needs_review_urgent_signal,,manual_review_pending,,medium_risk_call_pro,0.80,trade_system_issue:\bwater heater\b,"{""medium_risk_call_pro"": 2.0}",no,,,,,MR0224,medium_risk_call_pro,2,Sarah,,
1rgnn2e,Plumbing,2026-02-28T00:14:17+00:00,Water shut off,"I have a street water shut off valve that gets flooded or buried, that’s not easy to access in a pinch. I’ve looked all over my house,exterior and interior, for anything that resembles an additional potential shut off but have had no luck. My water heater has some knobs and turns but I don’t want to start turning things on and off that I’m not well versed in. Can anyone identify what these knobs do in the photos below?","Water shut off I have a street water shut off valve that gets flooded or buried, that’s not easy to access in a pinch. I’ve looked all over my house,exterior and interior, for anything that resembles an additional potential shut off but have had no luck. My water heater has some knobs and turns but I don’t want to start turning things on and off that I’m not well versed in. Can anyone identify what these knobs do in the photos below?",https://www.reddit.com/r/Plumbing/comments/1rgnn2e/water_shut_off/,1,4,https://www.reddit.com/gallery/1rgnn2e,flooding,needs_review_urgent_signal,,manual_review_pending,,urgent_safety_risk,0.77,active_flooding_or_sewage:\bflooded\b; trade_system_issue:\bwater heater\b,"{""medium_risk_call_pro"": 2.0, ""urgent_safety_risk"": 3.0}",no,,,,,MR0225,urgent_safety_risk,4,Manthan,,
1srnu33,HomeMaintenance,2026-04-21T13:34:05+00:00,Looking for wall/ceiling repair advice,"I moved into this 1950 house last fall and through the last New England winter I noticed some water intrusion at the roof line. Unfortunately one of the downspouts was clogged and I didn’t have a ladder tall enough to clean it out. That on top of an old (15+) roof that I’ve been told was not installed to the highest standards and a few rough snow storms and water was getting in. The initial issue was relatively small but I scraped/peeled the loose paint and plaster back to where it seems to be holding onto the wall. The gutter is clear and I plan on monitoring ice dams and heavy rains in the future, but my question is, can I repair this wall damage or is more remediation required? I was planning on just skimming over the whole thing, sanding, priming, and painting. Hopefully in a weekend. I’ve had a few contractors look at it and none of them seemed concerned about mold or structural damage. They mainly recommended altering the gutter, changing old pipe boots, covering exposed nails, and getting a new roof in the next 5 years. Any tips, advice, concerns, etc would be greatly appreciated, thanks ✌️","Looking for wall/ceiling repair advice I moved into this 1950 house last fall and through the last New England winter I noticed some water intrusion at the roof line. Unfortunately one of the downspouts was clogged and I didn’t have a ladder tall enough to clean it out. That on top of an old (15+) roof that I’ve been told was not installed to the highest standards and a few rough snow storms and water was getting in. The initial issue was relatively small but I scraped/peeled the loose paint and plaster back to where it seems to be holding onto the wall. The gutter is clear and I plan on monitoring ice dams and heavy rains in the future, but my question is, can I repair this wall damage or is more remediation required? I was planning on just skimming over the whole thing, sanding, priming, and painting. Hopefully in a weekend. I’ve had a few contractors look at it and none of them seemed concerned about mold or structural damage. They mainly recommended altering the gutter, changing old pipe boots, covering exposed nails, and getting a new roof in the next 5 years. Any tips, advice, concerns, etc would be greatly appreciated, thanks ✌️",https://www.reddit.com/r/HomeMaintenance/comments/1srnu33/looking_for_wallceiling_repair_advice/,1,3,https://www.reddit.com/gallery/1srnu33,mold,needs_review_urgent_signal,,manual_review_pending,,urgent_safety_risk,0.77,structural_danger:\bstructural damage\b; contained_water_damage:\bwater intrusion\b; mold_or_foundation_concern:\bmold\b; cosmetic_or_minor_finish:\bpaint(?:ing|ed)?\b,"{""low_risk_diy"": 2.2, ""medium_risk_call_pro"": 4.0, ""urgent_safety_risk"": 3.0}",yes,,,,,MR0226,needs_human_review,3,Max,,
1oegl2r,DIY,2025-10-23T22:02:40+00:00,Water Heater is leaking after replacing anode rod,"I put teflon tape on the threads, but perhaps that wasn't enough? I'm concerned I may have damaged the threads when I took the old one out, because I stupidly had the ratchet on righty-tighty and was really forcing it. If I did, is there anything I can do to create a better seal? https://preview.redd.it/6gtfb9d2pxwf1.jpg?width=3840&format=pjpg&auto=webp&s=c8db80a3316ee4818ae44655f8248318e336a569 https://preview.redd.it/j0pfedb4pxwf1.jpg?width=2160&format=pjpg&auto=webp&s=72c225e613641f954c602b8f7653cfefad58f05e","Water Heater is leaking after replacing anode rod I put teflon tape on the threads, but perhaps that wasn't enough? I'm concerned I may have damaged the threads when I took the old one out, because I stupidly had the ratchet on righty-tighty and was really forcing it. If I did, is there anything I can do to create a better seal? https://preview.redd.it/6gtfb9d2pxwf1.jpg?width=3840&format=pjpg&auto=webp&s=c8db80a3316ee4818ae44655f8248318e336a569 https://preview.redd.it/j0pfedb4pxwf1.jpg?width=2160&format=pjpg&auto=webp&s=72c225e613641f954c602b8f7653cfefad58f05e",https://www.reddit.com/r/DIY/comments/1oegl2r/water_heater_is_leaking_after_replacing_anode_rod/,0,5,https://www.reddit.com/r/DIY/comments/1oegl2r/water_heater_is_leaking_after_replacing_anode_rod/,water leak,needs_review_medium_signal,,manual_review_pending,,medium_risk_call_pro,0.95,contained_water_damage:\bleak(?:s|ing|ed)?\b; trade_system_issue:\bwater heater\b,"{""medium_risk_call_pro"": 4.0}",no,,,,,MR0227,medium_risk_call_pro,2,Sarah,,
1nwcwi4,HomeMaintenance,2025-10-02T19:09:23+00:00,Paint peels off in chunks,"It’s like the paint isn’t actually stuck to the wall? This is a rental so I do not know what paint was used. If a command strip is used it peels a whole chunk off, even when removing it the proper way. Any idea on fixes?","Paint peels off in chunks It’s like the paint isn’t actually stuck to the wall? This is a rental so I do not know what paint was used. If a command strip is used it peels a whole chunk off, even when removing it the proper way. Any idea on fixes?",https://www.reddit.com/r/HomeMaintenance/comments/1nwcwi4/paint_peels_off_in_chunks/,3,7,https://v.redd.it/0nuoyi84zqsf1,paint peeling,needs_review_low_signal,,manual_review_pending,,low_risk_diy,0.82,cosmetic_or_minor_finish:\bpaint(?:ing|ed)?\b,"{""low_risk_diy"": 2.2}",no,,,,,MR0228,low_risk_diy,2,Sarah,,
gpzun,DIY,2011-04-14T16:06:47+00:00,Strange metallic/electrical smell in bedroom,"My four-year old's bedroom has a very faint smell. It is hard to describe. Here's the best I could come up with: You know the metallic taste certain things cause you to sense in your mouth? (maybe like putting a coin in your mouth) This smells like the accompanying scent to that taste. It also reminds me of a burnt out motor, but without the heat and charred parts. I cannot for the life of me pinpoint it. After being in the room for a minute or two the smell is hard to detect. A while back a penny landed in the outlet between a lamp and the socket and caused blue sparks to shoot out everywhere. I could smell it after that. My wife swears that the smell was there before and I do remember her complaining about it before the penny. I changed the outlet just in case with no results. I'm convinced this is something electrical, but what? Any and all ideas are appreciated! Thanks r/DIY!!! [EDIT] I'd like to add that this smell has been present for at least 6-months. It is there even when there are no electronics plugged in or turned on. Many people can't smell it. [UPDATE] An electrician relative came and inspected it today. After a few attempts he said he could smell what we were talking about and that it is definitely not electrical. Any other ideas would help.","Strange metallic/electrical smell in bedroom My four-year old's bedroom has a very faint smell. It is hard to describe. Here's the best I could come up with: You know the metallic taste certain things cause you to sense in your mouth? (maybe like putting a coin in your mouth) This smells like the accompanying scent to that taste. It also reminds me of a burnt out motor, but without the heat and charred parts. I cannot for the life of me pinpoint it. After being in the room for a minute or two the smell is hard to detect. A while back a penny landed in the outlet between a lamp and the socket and caused blue sparks to shoot out everywhere. I could smell it after that. My wife swears that the smell was there before and I do remember her complaining about it before the penny. I changed the outlet just in case with no results. I'm convinced this is something electrical, but what? Any and all ideas are appreciated! Thanks r/DIY!!! [EDIT] I'd like to add that this smell has been present for at least 6-months. It is there even when there are no electronics plugged in or turned on. Many people can't smell it. [UPDATE] An electrician relative came and inspected it today. After a few attempts he said he could smell what we were talking about and that it is definitely not electrical. Any other ideas would help.",https://www.reddit.com/r/DIY/comments/gpzun/strange_metallicelectrical_smell_in_bedroom/,11,19,https://www.reddit.com/r/DIY/comments/gpzun/strange_metallicelectrical_smell_in_bedroom/,sparking outlet,needs_review_urgent_signal,,manual_review_pending,,urgent_safety_risk,0.82,fire_smoke_or_sparks:\bspark(?:s|ing|ed)?\b; trade_system_issue:\boutlets?\b,"{""medium_risk_call_pro"": 2.0, ""urgent_safety_risk"": 3.5}",no,,,,,MR0229,urgent_safety_risk,4,Manthan,,
181p9jl,HomeImprovement,2023-11-23T01:15:14+00:00,water heater ignite won't spark. should I release the gas pressure so no blockage in the gas tube somewhere?,"it's Piezo Electric Ignitor the water heater is 20 years old, the pilot is out once in a while. and I will just re-ignite and it will stay on for a few months. today I notice it's out, maybe for 1 day. it won't ignite on no matter how I tried it. and I can't see spark at all. if my left hand touch a metal, and right hand hold the igniter and strike, I can feel the electronic pulse. However I can't see the spark from the window (I turn off all the light in the room) I read following from fellow redditor saying some pressure blockage. is this the right step 1. turn the knob to pilot position 2. hold down the red button down and hold it, so the gas pressure hopefully fix the air blciage I have hold it for 5 minutes so far. 3. turn the knob to off position 4. wait for 10 min. 5. try ignite it. if doesn't work, repeat step 1 and 5? here is from fellow redditor: If the pilot has been out for a while, air can get sucked back into pilot line and cause a pressure blockage. Pressing and holding down the valve for a long time…. Sometimes minutes is the only way to get the gas pressure to build up enough to force out the air blockage. Real pain. Press / hold / press multiple times to try to get the gas to release. Can take up to 5-10 minutes sometimes. After a few minutes if you smell gas then it’s working. Often I’ve had to relight with a flame rather than the electric spark because the gas flow is so minimal, once lit the flame will draw more gas from the line and normalize the pressure again.","water heater ignite won't spark. should I release the gas pressure so no blockage in the gas tube somewhere? it's Piezo Electric Ignitor the water heater is 20 years old, the pilot is out once in a while. and I will just re-ignite and it will stay on for a few months. today I notice it's out, maybe for 1 day. it won't ignite on no matter how I tried it. and I can't see spark at all. if my left hand touch a metal, and right hand hold the igniter and strike, I can feel the electronic pulse. However I can't see the spark from the window (I turn off all the light in the room) I read following from fellow redditor saying some pressure blockage. is this the right step 1. turn the knob to pilot position 2. hold down the red button down and hold it, so the gas pressure hopefully fix the air blciage I have hold it for 5 minutes so far. 3. turn the knob to off position 4. wait for 10 min. 5. try ignite it. if doesn't work, repeat step 1 and 5? here is from fellow redditor: If the pilot has been out for a while, air can get sucked back into pilot line and cause a pressure blockage. Pressing and holding down the valve for a long time…. Sometimes minutes is the only way to get the gas pressure to build up enough to force out the air blockage. Real pain. Press / hold / press multiple times to try to get the gas to release. Can take up to 5-10 minutes sometimes. After a few minutes if you smell gas then it’s working. Often I’ve had to relight with a flame rather than the electric spark because the gas flow is so minimal, once lit the flame will draw more gas from the line and normalize the pressure again.",https://www.reddit.com/r/HomeImprovement/comments/181p9jl/water_heater_ignite_wont_spark_should_i_release/,1,4,https://www.reddit.com/r/HomeImprovement/comments/181p9jl/water_heater_ignite_wont_spark_should_i_release/,gas smell,needs_review_urgent_signal,,manual_review_pending,,urgent_safety_risk,0.92,gas_or_carbon_monoxide:\bsmell(?:s|ing)? (?:like )?gas\b; fire_smoke_or_sparks:\bspark(?:s|ing|ed)?\b; trade_system_issue:\bwater heater\b,"{""medium_risk_call_pro"": 2.0, ""urgent_safety_risk"": 7.5}",no,,,,,MR0230,urgent_safety_risk,1,Patrick,,
1o2y3lb,DIY,2025-10-10T11:17:11+00:00,Need Help Fixing Shower Head – Water Leaking from Top Pipe,"Hey everyone, I’m trying to fix my shower head myself, but I’m a bit stuck. The water is leaking from the top pipe that connects to the showerhead itself, and I’m not sure how to stop it. I’ve tried tightening it, but the leak is still there. Does anyone have any tips or advice on how to fix this? Any help would be greatly appreciated! Thanks in advance!","Need Help Fixing Shower Head – Water Leaking from Top Pipe Hey everyone, I’m trying to fix my shower head myself, but I’m a bit stuck. The water is leaking from the top pipe that connects to the showerhead itself, and I’m not sure how to stop it. I’ve tried tightening it, but the leak is still there. Does anyone have any tips or advice on how to fix this? Any help would be greatly appreciated! Thanks in advance!",https://www.reddit.com/r/DIY/comments/1o2y3lb/need_help_fixing_shower_head_water_leaking_from/,32,25,https://www.reddit.com/r/DIY/comments/1o2y3lb/need_help_fixing_shower_head_water_leaking_from/,water leak,needs_review_medium_signal,,manual_review_pending,,medium_risk_call_pro,0.80,contained_water_damage:\bleak(?:s|ing|ed)?\b,"{""medium_risk_call_pro"": 2.0}",no,,,,,MR0231,medium_risk_call_pro,4,Manthan,,
1ejpkn,DIY,2013-05-17T23:03:08+00:00,Electrical question. Outlets in one room not working. Breaker not flipped.,"I just noticed I have no power to any outlets in my upstairs room. The only thing I can attribute this to is my attempt at fixing an outlet in the downstairs room directly below this room earlier today. I have a wall outlet with one always on, bottom, plug and one light switch controlled, top, outlet. The light switch controlled outlet has never worked so today I decided to turn off the power and take a look for a loose connection or anything of the sort. I didn't see anything that struck me as out of the ordinary, honestly I didn't know what to look for. The two black lines on the side of the outlet pulled right out so I put them back in and tightened them down. I put the outlet back in the wall and plug a light into the always on, bottom, outlet. I flipped the breaker back on and my girlfriend said she saw a small spark and the light did not turn back on. I turned the breaker back off, removed the outlet, played with the connections a little, and tried the breaker again. This time the light turns on. I tried the switch controlled, top outlet to see if I somehow fixed the problem, nothing. I figured I didn't know what the hell I was doing, but was glad that I was at least able to get the bottom outlet to work as it did before. Now that I see my upstairs room doesn't have power I am back to kicking myself for attempting to fix the downstairs outlet without the proper knowledge of what I was doing. To sum up where I am right now, the outlets in the downstairs room, with the exception of the one switch controlled outlet, work fine. The outlets to the upstairs room do not. I flipped every breaker in my box, still nothing. Any help is greatly appreciated. I'm trying to fix this before my girlfriend freaks out. http://imgur.com/a/a1otj","Electrical question. Outlets in one room not working. Breaker not flipped. I just noticed I have no power to any outlets in my upstairs room. The only thing I can attribute this to is my attempt at fixing an outlet in the downstairs room directly below this room earlier today. I have a wall outlet with one always on, bottom, plug and one light switch controlled, top, outlet. The light switch controlled outlet has never worked so today I decided to turn off the power and take a look for a loose connection or anything of the sort. I didn't see anything that struck me as out of the ordinary, honestly I didn't know what to look for. The two black lines on the side of the outlet pulled right out so I put them back in and tightened them down. I put the outlet back in the wall and plug a light into the always on, bottom, outlet. I flipped the breaker back on and my girlfriend said she saw a small spark and the light did not turn back on. I turned the breaker back off, removed the outlet, played with the connections a little, and tried the breaker again. This time the light turns on. I tried the switch controlled, top outlet to see if I somehow fixed the problem, nothing. I figured I didn't know what the hell I was doing, but was glad that I was at least able to get the bottom outlet to work as it did before. Now that I see my upstairs room doesn't have power I am back to kicking myself for attempting to fix the downstairs outlet without the proper knowledge of what I was doing. To sum up where I am right now, the outlets in the downstairs room, with the exception of the one switch controlled outlet, work fine. The outlets to the upstairs room do not. I flipped every breaker in my box, still nothing. Any help is greatly appreciated. I'm trying to fix this before my girlfriend freaks out. http://imgur.com/a/a1otj",https://www.reddit.com/r/DIY/comments/1ejpkn/electrical_question_outlets_in_one_room_not/,4,7,https://www.reddit.com/r/DIY/comments/1ejpkn/electrical_question_outlets_in_one_room_not/,sparking outlet,needs_review_urgent_signal,,manual_review_pending,,urgent_safety_risk,0.82,fire_smoke_or_sparks:\bspark(?:s|ing|ed)?\b; trade_system_issue:\bbreaker\b,"{""medium_risk_call_pro"": 2.0, ""urgent_safety_risk"": 3.5}",no,,,,,MR0232,urgent_safety_risk,2,Sarah,,
10lcer7,askanelectrician,2023-01-25T22:56:59+00:00,Monthly usage went up from 400 kWh to 1600 kWh... How? Please help...,"Hey y'all. Been lurking. Enjoy your banter here. Now I could really use some help... Dec usage: 400 kWh Jan usage: 1600 kWh I live in the Hudson Valley, NY and have Central Hudson for service. My habits haven't changed. No new appliances. Heat is oil. Hot water heater is hybrid so never really uses much. I have NO IDEA what caused the spike, except maybe... Earlier this month, I was having internet issues and the Spectrum guy said he was getting a charge on the cable line so he wouldn't touch it. So I had Central Hudson come out to look at it. They said any charge would be coming from inside the house so there's nothing they can do, but they said they ""replaced the connectors on the pole"" or something like that? I don't quite remember, but I know they did something while they were here. Prior to their visit, I had been dealing with the occasional light dim/flare. It's an old house so I was just used to it. Since there visit this hasn't been an issue.... But why would electric be 4xs the amount now? I called them and they were very unhelpful. I can't afford to pay another month at this usage level so I need to figure out the problem. Is it possible that when they serviced my house they drew a bunch of electricity? Is it possible that whatever they changed now makes it so that my house sucks a lot more electricity? Any help would be appreciated...","Monthly usage went up from 400 kWh to 1600 kWh... How? Please help... Hey y'all. Been lurking. Enjoy your banter here. Now I could really use some help... Dec usage: 400 kWh Jan usage: 1600 kWh I live in the Hudson Valley, NY and have Central Hudson for service. My habits haven't changed. No new appliances. Heat is oil. Hot water heater is hybrid so never really uses much. I have NO IDEA what caused the spike, except maybe... Earlier this month, I was having internet issues and the Spectrum guy said he was getting a charge on the cable line so he wouldn't touch it. So I had Central Hudson come out to look at it. They said any charge would be coming from inside the house so there's nothing they can do, but they said they ""replaced the connectors on the pole"" or something like that? I don't quite remember, but I know they did something while they were here. Prior to their visit, I had been dealing with the occasional light dim/flare. It's an old house so I was just used to it. Since there visit this hasn't been an issue.... But why would electric be 4xs the amount now? I called them and they were very unhelpful. I can't afford to pay another month at this usage level so I need to figure out the problem. Is it possible that when they serviced my house they drew a bunch of electricity? Is it possible that whatever they changed now makes it so that my house sucks a lot more electricity? Any help would be appreciated...",https://www.reddit.com/r/askanelectrician/comments/10lcer7/monthly_usage_went_up_from_400_kwh_to_1600_kwh/,1,12,https://www.reddit.com/r/askanelectrician/comments/10lcer7/monthly_usage_went_up_from_400_kwh_to_1600_kwh/,electrical issue,needs_review_medium_signal,,manual_review_pending,,medium_risk_call_pro,0.80,trade_system_issue:\bwater heater\b,"{""medium_risk_call_pro"": 2.0}",no,,,,,MR0233,medium_risk_call_pro,3,Max,,
1tkwgeu,HomeMaintenance,2026-05-22T21:24:27+00:00,Ceiling repair,"I am renting. My friends and I threw a party and had hung up some decorations on the ceiling. The tape was supposed to be “paint friendly” but that wasn’t true. I now have 2 areas about 6 inches in length where the paint (and maybe some of the drywall?) peeled off? I provided a picture so you can get an idea. I’m trying to figure out what is a reasonable cost for repairs, and if I should hire a handyman myself, rather than use the apartment complex’s maintenance. I’m just worried it’ll be costly because of how difficult it will be to match the texture/paint. Any help would be greatly appreciated!!","Ceiling repair I am renting. My friends and I threw a party and had hung up some decorations on the ceiling. The tape was supposed to be “paint friendly” but that wasn’t true. I now have 2 areas about 6 inches in length where the paint (and maybe some of the drywall?) peeled off? I provided a picture so you can get an idea. I’m trying to figure out what is a reasonable cost for repairs, and if I should hire a handyman myself, rather than use the apartment complex’s maintenance. I’m just worried it’ll be costly because of how difficult it will be to match the texture/paint. Any help would be greatly appreciated!!",https://www.reddit.com/r/HomeMaintenance/comments/1tkwgeu/ceiling_repair/,1,2,https://i.redd.it/anp2prwpar2h1.jpeg,paint peeling,needs_review_low_signal,,manual_review_pending,,low_risk_diy,0.82,cosmetic_or_minor_finish:\bpaint(?:ing|ed)?\b,"{""low_risk_diy"": 2.2}",no,,,,,MR0234,low_risk_diy,3,Max,,
1sx5wty,Plumbing,2026-04-27T14:48:36+00:00,what dap to use in bathroom counters?,"Hey everyone, new owner here. Builder put one of those giant contractor grade mirrors in the bathroom (the shitty ones). So I pulled it off and found that they didn't caulk between the wall and the quartz counter. There is some caulking but its kind of odd to me. Its hard, not springy or spongy like normal silicone. Had to use a sharp utility knife to clean up some of the edges. Hopefully the pictures show what they used. https://imgur.com/a/RB2wGW8 Any ideas are greatly appreciated. Thanks","what dap to use in bathroom counters? Hey everyone, new owner here. Builder put one of those giant contractor grade mirrors in the bathroom (the shitty ones). So I pulled it off and found that they didn't caulk between the wall and the quartz counter. There is some caulking but its kind of odd to me. Its hard, not springy or spongy like normal silicone. Had to use a sharp utility knife to clean up some of the edges. Hopefully the pictures show what they used. https://imgur.com/a/RB2wGW8 Any ideas are greatly appreciated. Thanks",https://www.reddit.com/r/Plumbing/comments/1sx5wty/what_dap_to_use_in_bathroom_counters/,1,2,https://www.reddit.com/r/Plumbing/comments/1sx5wty/what_dap_to_use_in_bathroom_counters/,caulk,needs_review_low_signal,,manual_review_pending,,low_risk_diy,0.82,cosmetic_or_minor_finish:\bcaulk(?:ing)?\b,"{""low_risk_diy"": 2.2}",no,,,,,MR0235,low_risk_diy,2,Sarah,,
1sq8s4l,HomeMaintenance,2026-04-19T23:38:09+00:00,Mold?,"I had a strong mold smell in my bathroom, cleaned everything with no luck. Took the fan cover off to remove the dust and found this. Rust? Dust? Mold? Still have a strong mold smell with the cover off. Fan was replaced around a year ago by complex maintenance.","Mold? I had a strong mold smell in my bathroom, cleaned everything with no luck. Took the fan cover off to remove the dust and found this. Rust? Dust? Mold? Still have a strong mold smell with the cover off. Fan was replaced around a year ago by complex maintenance.",https://www.reddit.com/r/HomeMaintenance/comments/1sq8s4l/mold/,2,3,https://www.reddit.com/gallery/1sq8s4l,mold,needs_review_medium_signal,,manual_review_pending,,medium_risk_call_pro,0.80,mold_or_foundation_concern:\bmold\b,"{""medium_risk_call_pro"": 2.0}",no,,,,,MR0236,medium_risk_call_pro,2,Sarah,,
1sh0gnj,Plumbing,2026-04-09T19:57:08+00:00,Tub spout gap,Installed a tub spout but it won’t sit flush against the tub wall. Good size gap to caulk. What’s the fix? Get an extended spout? Cut 1/4” off the copper pipe under the spout?,Tub spout gap Installed a tub spout but it won’t sit flush against the tub wall. Good size gap to caulk. What’s the fix? Get an extended spout? Cut 1/4” off the copper pipe under the spout?,https://www.reddit.com/r/Plumbing/comments/1sh0gnj/tub_spout_gap/,1,6,https://i.redd.it/qk67r6vxz7ug1.jpeg,caulk,needs_review_low_signal,,manual_review_pending,,low_risk_diy,0.82,cosmetic_or_minor_finish:\bcaulk(?:ing)?\b,"{""low_risk_diy"": 2.2}",no,,,,,MR0237,low_risk_diy,2,Sarah,,
1qdpdaj,Plumbing,2026-01-15T17:12:13+00:00,Flange bolt broken - how?,New toilet installed 10 months ago. Three days ago I saw the bolt cover lying on the floor and noticed half the bolt in it! The bolt just broke and fell off. The remaining bolt was loose as well. The other side was also broken in the same way. No signs of rust on the bolts and no water damage under the toilet. The toilet was stuck to the floor with some caulking so did not move even with the broken bolts. The plumber who reinstalled it yesterday said he has never seen this before. Any ideas how this could happen?,Flange bolt broken - how? New toilet installed 10 months ago. Three days ago I saw the bolt cover lying on the floor and noticed half the bolt in it! The bolt just broke and fell off. The remaining bolt was loose as well. The other side was also broken in the same way. No signs of rust on the bolts and no water damage under the toilet. The toilet was stuck to the floor with some caulking so did not move even with the broken bolts. The plumber who reinstalled it yesterday said he has never seen this before. Any ideas how this could happen?,https://www.reddit.com/r/Plumbing/comments/1qdpdaj/flange_bolt_broken_how/,0,11,https://i.redd.it/pj15y42ypjdg1.jpeg,caulk,needs_review_medium_signal,,manual_review_pending,,medium_risk_call_pro,0.67,contained_water_damage:\bwater damage(?:d)?\b; cosmetic_or_minor_finish:\bcaulk(?:ing)?\b,"{""low_risk_diy"": 2.2, ""medium_risk_call_pro"": 2.0}",yes,,,,,MR0238,needs_human_review,3,Max,,
11axowy,askanelectrician,2023-02-24T18:02:46+00:00,"Bought home with unused, buried conduit and need help with my options for powering small woodshop","I've done my fair share of research but I'm coming to this with very little electrical experience. I'm looking for some help regarding how I can best use what I already have in place. I have 2 garages that are side by side, one of which I want to use as a small woodshop. Garage is approximately 100' from home, so ballpark 125' from main breaker in basement after accounting for some space the current circuit travels through crawl space. Currently, there is a 15A circuit running out in buried 1/2"" EMT that powers the current lights / door openers and a couple unused outlets in both garages. There is also a run of buried 3/4"" schedule 40 PVC that enters the ground next to house in under deck space and then exits just next to garage I plan to use. &#x200B; I originally planned to install a subpanel in garage for the shop but have since realized that the 3/4"" pvc or 1/2"" EMT would be pretty limiting in regards to fill capacity. It looks like I could at most run a feeder out of #6/3 AWG 100', but I'm not sure how to best utilize what I have to work with. I have pretty low power demands at the moment (in previous workspace I worked entirely off a 20A circuit with no issues) and don't anticipate that changing any time soon as I mostly just work on small personal projects when I have spare time. Would it make the most sense to just run the highest amp I can safely run for a new circuit via the 3/4"" PVC that runs from main breaker or would I still benefit from a smaller subpanel installation? &#x200B; I'm not looking to run new conduit, just trying to best use what I have. Thanks for any advice!","Bought home with unused, buried conduit and need help with my options for powering small woodshop I've done my fair share of research but I'm coming to this with very little electrical experience. I'm looking for some help regarding how I can best use what I already have in place. I have 2 garages that are side by side, one of which I want to use as a small woodshop. Garage is approximately 100' from home, so ballpark 125' from main breaker in basement after accounting for some space the current circuit travels through crawl space. Currently, there is a 15A circuit running out in buried 1/2"" EMT that powers the current lights / door openers and a couple unused outlets in both garages. There is also a run of buried 3/4"" schedule 40 PVC that enters the ground next to house in under deck space and then exits just next to garage I plan to use. &#x200B; I originally planned to install a subpanel in garage for the shop but have since realized that the 3/4"" pvc or 1/2"" EMT would be pretty limiting in regards to fill capacity. It looks like I could at most run a feeder out of #6/3 AWG 100', but I'm not sure how to best utilize what I have to work with. I have pretty low power demands at the moment (in previous workspace I worked entirely off a 20A circuit with no issues) and don't anticipate that changing any time soon as I mostly just work on small personal projects when I have spare time. Would it make the most sense to just run the highest amp I can safely run for a new circuit via the 3/4"" PVC that runs from main breaker or would I still benefit from a smaller subpanel installation? &#x200B; I'm not looking to run new conduit, just trying to best use what I have. Thanks for any advice!",https://www.reddit.com/r/askanelectrician/comments/11axowy/bought_home_with_unused_buried_conduit_and_need/,2,9,https://www.reddit.com/r/askanelectrician/comments/11axowy/bought_home_with_unused_buried_conduit_and_need/,electrical issue,needs_review_medium_signal,,manual_review_pending,,medium_risk_call_pro,0.80,trade_system_issue:\bbreaker\b,"{""medium_risk_call_pro"": 2.0}",no,,,,,MR0239,medium_risk_call_pro,1,Patrick,,
12rjn21,askanelectrician,2023-04-19T06:37:04+00:00,Sound in my Condo [help please],"Good Evening, Turning to Reddit as I'm beginning to lose hope. I've been having issues for a few months now in my condo regarding electricity. It was fine for about a year but then the people who run the condos did some maintenance on an elevator close to my place. Now any device that uses electricity will emit a high pitched drone. Devices that use more electricity (computer, microwave, etc..) are louder than others (lightbulbs). The sound can also be heard outside by the elevator and by the electrical box in the ground outside (big green box in Canada). Older people or those with hearing damage cannot hear the sound so when they come to check up on it they tell me that it's fine. It shows up when I record with my iPhone, but if I try and use a spectrometer app or something it doesn't show the dB as changing (maybe just a bad app). It's not a loose filament of anything like that, I've already tried unscrewing all the bulbs. My wife and friends can hear it as well (late 20's). Hoping someone here has some guidance or can assist me in getting rid of this issue. I'll be checking the comments frequently. :)","Sound in my Condo [help please] Good Evening, Turning to Reddit as I'm beginning to lose hope. I've been having issues for a few months now in my condo regarding electricity. It was fine for about a year but then the people who run the condos did some maintenance on an elevator close to my place. Now any device that uses electricity will emit a high pitched drone. Devices that use more electricity (computer, microwave, etc..) are louder than others (lightbulbs). The sound can also be heard outside by the elevator and by the electrical box in the ground outside (big green box in Canada). Older people or those with hearing damage cannot hear the sound so when they come to check up on it they tell me that it's fine. It shows up when I record with my iPhone, but if I try and use a spectrometer app or something it doesn't show the dB as changing (maybe just a bad app). It's not a loose filament of anything like that, I've already tried unscrewing all the bulbs. My wife and friends can hear it as well (late 20's). Hoping someone here has some guidance or can assist me in getting rid of this issue. I'll be checking the comments frequently. :)",https://www.reddit.com/r/askanelectrician/comments/12rjn21/sound_in_my_condo_help_please/,1,0,https://www.reddit.com/r/askanelectrician/comments/12rjn21/sound_in_my_condo_help_please/,electrical issue,needs_review_unclear,,manual_review_pending,,,0.00,no_labeling_function_matched,{},yes,,,,,MR0240,needs_human_review,3,Max,,
11kpzvj,askanelectrician,2023-03-07T05:11:38+00:00,breaker problem...,"So we got a pretty old breaker, and it already has been tripped twice( span of 1 year) and we had to call electricians in to check it out. Both times they said you really need to replace this ( out of code, plus we keep adding more gadgets that take up power). We use quite a bit of electricity. But the reason we did not get it replaced, was because they gave us a quote, maybe like 4500, then after doing their checks and assesing, bump it up to maybe like 6000. Now idk but my parents really do not want to spend ""that much"". I just see it as delaying the inevitable. Which is exactly what happened. After the 2nd fix(no replacement just did what they could to restore power) smooth sailing, but just today maybe 3 ish weeks after the fix, the breaker cuts and now we cannot turn it on. Now everyone is suspecting that the recent electrician crew did shoddy work. For me im seeing that you shouldve replaced it earlier when they said so. Now they are probably going to give that company crap for not having a working breaker, their reasoning? The first crew the breaker lasted much longer and we were able to solve the issue ourselves a couple times. What do you think? Is my family justified in making a ruckus?","breaker problem... So we got a pretty old breaker, and it already has been tripped twice( span of 1 year) and we had to call electricians in to check it out. Both times they said you really need to replace this ( out of code, plus we keep adding more gadgets that take up power). We use quite a bit of electricity. But the reason we did not get it replaced, was because they gave us a quote, maybe like 4500, then after doing their checks and assesing, bump it up to maybe like 6000. Now idk but my parents really do not want to spend ""that much"". I just see it as delaying the inevitable. Which is exactly what happened. After the 2nd fix(no replacement just did what they could to restore power) smooth sailing, but just today maybe 3 ish weeks after the fix, the breaker cuts and now we cannot turn it on. Now everyone is suspecting that the recent electrician crew did shoddy work. For me im seeing that you shouldve replaced it earlier when they said so. Now they are probably going to give that company crap for not having a working breaker, their reasoning? The first crew the breaker lasted much longer and we were able to solve the issue ourselves a couple times. What do you think? Is my family justified in making a ruckus?",https://www.reddit.com/r/askanelectrician/comments/11kpzvj/breaker_problem/,0,3,https://www.reddit.com/r/askanelectrician/comments/11kpzvj/breaker_problem/,electrical issue,needs_review_medium_signal,,manual_review_pending,,medium_risk_call_pro,0.80,trade_system_issue:\bbreaker\b,"{""medium_risk_call_pro"": 2.0}",no,,,,,MR0241,medium_risk_call_pro,2,Sarah,,
1o4yxs2,DIY,2025-10-12T19:54:57+00:00,Where could the leak be coming from??,"Hi. This might be an impossible question to answer but I’d be grateful for any suggestions, please. We live in a 10yr old house with underfloor heating both upstairs and downstairs. I recently noticed 2 new, small, damp patches on the ceiling downstairs. This room is directly below the family bathroom. The following day, there was a small damp section of carpet at the top of the stairs - about 4ft away from the bathroom’s door. I’ve had a plumber out who initially thought it was most likely a leak in the toilet system of this upstairs bathroom. Whilst waiting for parts to fix this, I taped up the toilet and put it out of action. The loo hasn’t been used for 3 weeks and there are no new signs of damp. Upon removing the toilet, the plumber can’t see any signs that it is leaking. No damp patches, no rust on the frame that held it up, nothing. Now, to complicate things, our pipes are all boxed in by large tiles, so the view is frustratingly, restricted. Peering in, we were able to see a large droplet of water on the underside of the cistern. This was wiped away and over the weekend I’ve been checking to see if there are any new signs of water on the underside of that tank. Nothing, it’s bone dry. I’ve also looked underneath the bath and the floor there appears to be dry. I’m waiting to speak to the plumber tomorrow but just wondering if anyone here might have a clue about what could be going on, before we have to rip the bathroom apart. Is it likely to be the heating system? We’ve not had the heating on for months and it’s not cold enough where we live for any pipes to have frozen since it was last used. Does underfloor heating spring a leak, I’m assuming that’s possible. But, also, nothing has been wet since the toilet went out of commission, so does that not likely make it the culprit?? Apologies if this is a ridiculous question, I’m clueless on all this and as I said, just crossing my fingers it’s not going to be a huge job. Thanks in advance!","Where could the leak be coming from?? Hi. This might be an impossible question to answer but I’d be grateful for any suggestions, please. We live in a 10yr old house with underfloor heating both upstairs and downstairs. I recently noticed 2 new, small, damp patches on the ceiling downstairs. This room is directly below the family bathroom. The following day, there was a small damp section of carpet at the top of the stairs - about 4ft away from the bathroom’s door. I’ve had a plumber out who initially thought it was most likely a leak in the toilet system of this upstairs bathroom. Whilst waiting for parts to fix this, I taped up the toilet and put it out of action. The loo hasn’t been used for 3 weeks and there are no new signs of damp. Upon removing the toilet, the plumber can’t see any signs that it is leaking. No damp patches, no rust on the frame that held it up, nothing. Now, to complicate things, our pipes are all boxed in by large tiles, so the view is frustratingly, restricted. Peering in, we were able to see a large droplet of water on the underside of the cistern. This was wiped away and over the weekend I’ve been checking to see if there are any new signs of water on the underside of that tank. Nothing, it’s bone dry. I’ve also looked underneath the bath and the floor there appears to be dry. I’m waiting to speak to the plumber tomorrow but just wondering if anyone here might have a clue about what could be going on, before we have to rip the bathroom apart. Is it likely to be the heating system? We’ve not had the heating on for months and it’s not cold enough where we live for any pipes to have frozen since it was last used. Does underfloor heating spring a leak, I’m assuming that’s possible. But, also, nothing has been wet since the toilet went out of commission, so does that not likely make it the culprit?? Apologies if this is a ridiculous question, I’m clueless on all this and as I said, just crossing my fingers it’s not going to be a huge job. Thanks in advance!",https://www.reddit.com/r/DIY/comments/1o4yxs2/where_could_the_leak_be_coming_from/,24,13,https://www.reddit.com/r/DIY/comments/1o4yxs2/where_could_the_leak_be_coming_from/,water leak,needs_review_medium_signal,,manual_review_pending,,medium_risk_call_pro,0.80,contained_water_damage:\bleak(?:s|ing|ed)?\b,"{""medium_risk_call_pro"": 2.0}",no,,,,,MR0242,medium_risk_call_pro,2,Sarah,,
134f0cz,askanelectrician,2023-05-01T06:50:24+00:00,New cracks and peeling around outlet,"[https://imgur.com/a/9zdO3bI](https://imgur.com/a/9zdO3bI) When plugging in my phone to charge I noticed that the wall was discolored, cracking, chipped all around the outlet. I've never noticed this before and I use this outlet a lot. I actually had the charger in the wall when I saw this, and quickly removed it. Can a bad outlet or a short somehow have caused this? There's no melting on the outlet, it's not hot and neither is the wall, no noticeable smell from a foot away. Just this new crack and discoloration (the line on the right side is the crack). My apartment doesn't allow us to bring in electricians, so I'm hoping it's just a case of nothing, but figured you all would know better than I would. ETA: In case it's relevant, yesterday when I unplugged my charger, I ended up talking it out at a weird angle. When it was still pretty far back, it hit something on the left side interior and make a spark sound. The crack and peeling is on the right, but again, I don't know anything about how wires work. I did look at an old picture (the only picture) I have that shows the outlet, and the crack and stuff is all new.","New cracks and peeling around outlet [https://imgur.com/a/9zdO3bI](https://imgur.com/a/9zdO3bI) When plugging in my phone to charge I noticed that the wall was discolored, cracking, chipped all around the outlet. I've never noticed this before and I use this outlet a lot. I actually had the charger in the wall when I saw this, and quickly removed it. Can a bad outlet or a short somehow have caused this? There's no melting on the outlet, it's not hot and neither is the wall, no noticeable smell from a foot away. Just this new crack and discoloration (the line on the right side is the crack). My apartment doesn't allow us to bring in electricians, so I'm hoping it's just a case of nothing, but figured you all would know better than I would. ETA: In case it's relevant, yesterday when I unplugged my charger, I ended up talking it out at a weird angle. When it was still pretty far back, it hit something on the left side interior and make a spark sound. The crack and peeling is on the right, but again, I don't know anything about how wires work. I did look at an old picture (the only picture) I have that shows the outlet, and the crack and stuff is all new.",https://www.reddit.com/r/askanelectrician/comments/134f0cz/new_cracks_and_peeling_around_outlet/,0,1,https://www.reddit.com/r/askanelectrician/comments/134f0cz/new_cracks_and_peeling_around_outlet/,sparking outlet,needs_review_urgent_signal,,manual_review_pending,,urgent_safety_risk,0.82,fire_smoke_or_sparks:\bspark(?:s|ing|ed)?\b; trade_system_issue:\boutlets?\b,"{""medium_risk_call_pro"": 2.0, ""urgent_safety_risk"": 3.5}",no,,,,,MR0243,urgent_safety_risk,2,Sarah,,
e55dru,askanelectrician,2019-12-02T20:57:07+00:00,Tried to plug in my laptop's adapter/charging cord to a wall outlet and heard a loud pop and saw sparks.,Wanted to charge my laptop and when I inserted the plug into the wall outlet I heard a pop and big sparks came out tripping the breaker and leaving burned marks on the plate. The adapter/charging cord was not connected to the laptop . What could've caused it and do I need to have an electrician come in? Thx,Tried to plug in my laptop's adapter/charging cord to a wall outlet and heard a loud pop and saw sparks. Wanted to charge my laptop and when I inserted the plug into the wall outlet I heard a pop and big sparks came out tripping the breaker and leaving burned marks on the plate. The adapter/charging cord was not connected to the laptop . What could've caused it and do I need to have an electrician come in? Thx,https://www.reddit.com/r/askanelectrician/comments/e55dru/tried_to_plug_in_my_laptops_adaptercharging_cord/,3,2,https://www.reddit.com/r/askanelectrician/comments/e55dru/tried_to_plug_in_my_laptops_adaptercharging_cord/,sparking outlet,needs_review_urgent_signal,,manual_review_pending,,urgent_safety_risk,0.82,fire_smoke_or_sparks:\bspark(?:s|ing|ed)?\b; trade_system_issue:\bbreaker\b,"{""medium_risk_call_pro"": 2.0, ""urgent_safety_risk"": 3.5}",no,,,,,MR0244,urgent_safety_risk,4,Manthan,,
1mgyeez,HomeMaintenance,2025-08-03T23:51:24+00:00,Peeling paint and fuzz on cinder block in basement,Should I be concerned about this ? Looks like wall was painted green and then white. It is really only happening on this wall I included last two pics to give reference of how rest of basement walls look,Peeling paint and fuzz on cinder block in basement Should I be concerned about this ? Looks like wall was painted green and then white. It is really only happening on this wall I included last two pics to give reference of how rest of basement walls look,https://www.reddit.com/r/HomeMaintenance/comments/1mgyeez/peeling_paint_and_fuzz_on_cinder_block_in_basement/,1,2,https://www.reddit.com/gallery/1mgyeez,paint peeling,needs_review_low_signal,,manual_review_pending,,low_risk_diy,0.82,cosmetic_or_minor_finish:\bpaint(?:ing|ed)?\b,"{""low_risk_diy"": 2.2}",no,,,,,MR0245,low_risk_diy,3,Max,,
1s9odgf,Plumbing,2026-04-01T15:48:44+00:00,Help figuring out my external sump pump system,"Hello, I was wondering if anyone could help figure out what all is involved in my external sump pump system. I’ve lived here for 8 years and had multiple flooding issues in the finished basement. I’ve somewhat rebuilt the actual pump system but still have small issues every once in a while. From what I understand, I have like a 7-8’ pit/basin with I’m assuming tile surrounding the footer all leading to the pit. I also have a second pit that I assume was the original and it used anymore. But I also have 2 pipes coming up to an irrigation box but it doesn’t seem like any pumps or anything are in them. There is currently water in them but not sure what they are there for. Any idea what these could be? Or any other useful information?","Help figuring out my external sump pump system Hello, I was wondering if anyone could help figure out what all is involved in my external sump pump system. I’ve lived here for 8 years and had multiple flooding issues in the finished basement. I’ve somewhat rebuilt the actual pump system but still have small issues every once in a while. From what I understand, I have like a 7-8’ pit/basin with I’m assuming tile surrounding the footer all leading to the pit. I also have a second pit that I assume was the original and it used anymore. But I also have 2 pipes coming up to an irrigation box but it doesn’t seem like any pumps or anything are in them. There is currently water in them but not sure what they are there for. Any idea what these could be? Or any other useful information?",https://www.reddit.com/r/Plumbing/comments/1s9odgf/help_figuring_out_my_external_sump_pump_system/,1,0,https://www.reddit.com/gallery/1s9odgf,flooding,needs_review_urgent_signal,,manual_review_pending,,urgent_safety_risk,0.90,active_flooding_or_sewage:\bflooding\b,"{""urgent_safety_risk"": 3.0}",no,,,,,MR0246,urgent_safety_risk,1,Patrick,,
113x0r8,askanelectrician,2023-02-16T18:11:46+00:00,How to terminate a large number of ethernet cables?,"Residencial low voltage wiring, ethernet, cat 6. Back story: I live in Washington state, King County. I want to pull 20 runs of cat 6 cable in my house and terminate them in a single central location. I will be running the cable through the crawl space beneath my house, so at some point, I have to pass up through the sole plate. I know that I need to drill multiple smaller holes to pass the wire through the sole plate to be compliant with code, but after that I am not sure what to do. I wasn't planning on using a structured wiring panel. I wanted to get a 4u vertical rack to mount on the wall to house the ethernet switch and patch panel and possibly 2 other 1u pieces of network equipment, i.e., fire wall, router, voip. Question: Can I just cut a whole in the drywall big enough to pass the bundled cables through and put a grommet on the whole and call it a day?","How to terminate a large number of ethernet cables? Residencial low voltage wiring, ethernet, cat 6. Back story: I live in Washington state, King County. I want to pull 20 runs of cat 6 cable in my house and terminate them in a single central location. I will be running the cable through the crawl space beneath my house, so at some point, I have to pass up through the sole plate. I know that I need to drill multiple smaller holes to pass the wire through the sole plate to be compliant with code, but after that I am not sure what to do. I wasn't planning on using a structured wiring panel. I wanted to get a 4u vertical rack to mount on the wall to house the ethernet switch and patch panel and possibly 2 other 1u pieces of network equipment, i.e., fire wall, router, voip. Question: Can I just cut a whole in the drywall big enough to pass the bundled cables through and put a grommet on the whole and call it a day?",https://www.reddit.com/r/askanelectrician/comments/113x0r8/how_to_terminate_a_large_number_of_ethernet_cables/,0,10,https://www.reddit.com/r/askanelectrician/comments/113x0r8/how_to_terminate_a_large_number_of_ethernet_cables/,drywall patch,needs_review_medium_signal,,manual_review_pending,,medium_risk_call_pro,0.80,trade_system_issue:\bwiring\b,"{""medium_risk_call_pro"": 2.0}",no,,,,,MR0247,medium_risk_call_pro,3,Max,,
1rkou3n,Plumbing,2026-03-04T15:45:26+00:00,Washing machine flooding,"Hey hey folks hope you are well, my washing machine has been filling up with water whilst not in use, and turned off. I bought a new one and in taking out the old one I realised that the T connector is totally hollow (the landlord installed this connection when they updated the boiler). My very amateur thoughts are that the water from the boiler is running through the run off pipe (red in the diagram) through the T connector (purple), down through the washing machine run off (blue), causing the drum to fill up and flood. Can anyone confirm if this is the case, and what should be done to stop it from happening? Just a Y connector to help angle the flow? Thank you","Washing machine flooding Hey hey folks hope you are well, my washing machine has been filling up with water whilst not in use, and turned off. I bought a new one and in taking out the old one I realised that the T connector is totally hollow (the landlord installed this connection when they updated the boiler). My very amateur thoughts are that the water from the boiler is running through the run off pipe (red in the diagram) through the T connector (purple), down through the washing machine run off (blue), causing the drum to fill up and flood. Can anyone confirm if this is the case, and what should be done to stop it from happening? Just a Y connector to help angle the flow? Thank you",https://www.reddit.com/r/Plumbing/comments/1rkou3n/washing_machine_flooding/,1,0,https://i.redd.it/fu3f03v7u1ng1.jpeg,flooding,needs_review_urgent_signal,,manual_review_pending,,urgent_safety_risk,0.90,active_flooding_or_sewage:\bflooding\b,"{""urgent_safety_risk"": 3.0}",no,,,,,MR0248,urgent_safety_risk,2,Sarah,,
1mqj5pm,Plumbing,2025-08-15T01:04:54+00:00,Help,"A friend of mine installed this, and the faucet itself seems to be sticking out too far and theres a loose ""trim piece"". Can someone tell me what the problem is??","Help A friend of mine installed this, and the faucet itself seems to be sticking out too far and theres a loose ""trim piece"". Can someone tell me what the problem is??",https://www.reddit.com/r/Plumbing/comments/1mqj5pm/help/,1,8,https://v.redd.it/kix8yxfw13jf1,loose trim,needs_review_low_signal,,manual_review_pending,,low_risk_diy,0.82,cosmetic_or_minor_finish:\btrim\b,"{""low_risk_diy"": 2.2}",no,,,,,MR0249,low_risk_diy,3,Max,,
1tpkgje,HomeImprovement,2026-05-27T22:14:13+00:00,Bought my first house and immediately regretted it.,"bought my first house recently. On the day of closing, I took a shower to discover that the shower drains out of the back porch light fixture. Two weeks later when that finally got “fixed,” the toilets started- anytime they were flushed they leak through the kitchen ceiling. Both bathrooms are on the second floor right above the kitchen. I had a plumber out to cut into the drywall ceiling, which revealed the culprit to be a severe back slope problem (sloped approx. 2” away from the stack). Ive been getting quotes between $5-15k on fixing the issue and home insurance doesn’t cover the pipe, only whatever was damaged by the leak. The issue was discovered the day of closing. How fucked am I? I feel like I severely overpaid for a “move in ready” house that is indeed not move in ready.","Bought my first house and immediately regretted it. bought my first house recently. On the day of closing, I took a shower to discover that the shower drains out of the back porch light fixture. Two weeks later when that finally got “fixed,” the toilets started- anytime they were flushed they leak through the kitchen ceiling. Both bathrooms are on the second floor right above the kitchen. I had a plumber out to cut into the drywall ceiling, which revealed the culprit to be a severe back slope problem (sloped approx. 2” away from the stack). Ive been getting quotes between $5-15k on fixing the issue and home insurance doesn’t cover the pipe, only whatever was damaged by the leak. The issue was discovered the day of closing. How fucked am I? I feel like I severely overpaid for a “move in ready” house that is indeed not move in ready.",https://www.reddit.com/r/HomeImprovement/comments/1tpkgje/bought_my_first_house_and_immediately_regretted_it/,0,31,https://www.reddit.com/r/HomeImprovement/comments/1tpkgje/bought_my_first_house_and_immediately_regretted_it/,leak,needs_review_medium_signal,,manual_review_pending,,medium_risk_call_pro,0.80,contained_water_damage:\bleak(?:s|ing|ed)?\b,"{""medium_risk_call_pro"": 2.0}",no,,,,,MR0250,medium_risk_call_pro,2,Sarah,,
1ra6khh,Plumbing,2026-02-20T20:29:57+00:00,Failure Rate Basement Set Up,"I just had like 300 gallons of water dump into my kitchen due to a badly installed pipe that froze, leading to what looks like a major restoration project. Now I'm reviewing my whole house. It occurred to me that during construction this garden hose valve was installed for the plaster guys. It was never removed after that. I think it's a Shark Bite type connection. I removed the valve so kids can't accidentally turn it on. However, I'm wondering if anyone can help me understand the failure rate of this set up? Will this thing one day burst in like 5 years and flood my whole basement? Do these water meters fail as well? Any suggestions on how to make this set up more flood proof are appreciated.","Failure Rate Basement Set Up I just had like 300 gallons of water dump into my kitchen due to a badly installed pipe that froze, leading to what looks like a major restoration project. Now I'm reviewing my whole house. It occurred to me that during construction this garden hose valve was installed for the plaster guys. It was never removed after that. I think it's a Shark Bite type connection. I removed the valve so kids can't accidentally turn it on. However, I'm wondering if anyone can help me understand the failure rate of this set up? Will this thing one day burst in like 5 years and flood my whole basement? Do these water meters fail as well? Any suggestions on how to make this set up more flood proof are appreciated.",https://www.reddit.com/r/Plumbing/comments/1ra6khh/failure_rate_basement_set_up/,2,7,https://www.reddit.com/gallery/1ra6khh,flooding,needs_review_urgent_signal,,manual_review_pending,,,0.00,no_labeling_function_matched,{},yes,,,,,MR0251,needs_human_review,4,Manthan,,
1swelbw,Plumbing,2026-04-26T17:58:20+00:00,Caulk less shower drain question,"I paid a plumber to put it a shower pan, but looking at videos online it seems my 2 inch pipe was cut too low. Correct me if I am wrong and what can I do to fix it? There is about a 1/2'' between the top of the gasket and the pipe. Thanks.","Caulk less shower drain question I paid a plumber to put it a shower pan, but looking at videos online it seems my 2 inch pipe was cut too low. Correct me if I am wrong and what can I do to fix it? There is about a 1/2'' between the top of the gasket and the pipe. Thanks.",https://www.reddit.com/r/Plumbing/comments/1swelbw/caulk_less_shower_drain_question/,1,0,https://i.redd.it/4g57xbu7qkxg1.jpeg,caulk,needs_review_low_signal,,manual_review_pending,,low_risk_diy,0.82,cosmetic_or_minor_finish:\bcaulk(?:ing)?\b,"{""low_risk_diy"": 2.2}",no,,,,,MR0252,low_risk_diy,2,Sarah,,
1qgqjal,DIY,2026-01-19T01:29:07+00:00,Fixing hole in sill under steel casement window frame,"Hi All. I’m restoring some steel casement windows on an old brick house. Some water damage underneath the frame led to some of the mortar that the frame sits in to crumble. I’ve figured out a fix for the leak that led to this issue (some drain holes in the frame were clogged and other holes left open), but I’m wondering what's the best way to fill the hole. The hole is accessible via the interior near the corner of the window frame. The sill in the interior is finished with drywall on top of an older plaster layer (I think—guessing this was a previous repair/renovation). The hole is about 3/4 of an inch deep now that I’ve removed all of the loose material. It's not accessible from the exterior (concrete sill). I thought about backer rod and/or self leveling caulk but I was sure how I could then finish over top of that to even out the sill, which I planned to do with a couple light coats of drywall mud. Any thoughts on how to proceed?","Fixing hole in sill under steel casement window frame Hi All. I’m restoring some steel casement windows on an old brick house. Some water damage underneath the frame led to some of the mortar that the frame sits in to crumble. I’ve figured out a fix for the leak that led to this issue (some drain holes in the frame were clogged and other holes left open), but I’m wondering what's the best way to fill the hole. The hole is accessible via the interior near the corner of the window frame. The sill in the interior is finished with drywall on top of an older plaster layer (I think—guessing this was a previous repair/renovation). The hole is about 3/4 of an inch deep now that I’ve removed all of the loose material. It's not accessible from the exterior (concrete sill). I thought about backer rod and/or self leveling caulk but I was sure how I could then finish over top of that to even out the sill, which I planned to do with a couple light coats of drywall mud. Any thoughts on how to proceed?",https://www.reddit.com/r/DIY/comments/1qgqjal/fixing_hole_in_sill_under_steel_casement_window/,2,2,https://www.reddit.com/r/DIY/comments/1qgqjal/fixing_hole_in_sill_under_steel_casement_window/,water leak,needs_review_medium_signal,,manual_review_pending,,medium_risk_call_pro,0.67,contained_water_damage:\bleak(?:s|ing|ed)?\b; cosmetic_or_minor_finish:\bcaulk(?:ing)?\b,"{""low_risk_diy"": 2.2, ""medium_risk_call_pro"": 2.0}",yes,,,,,MR0253,needs_human_review,1,Patrick,,
1ttvi16,HomeImprovement,2026-06-01T15:22:00+00:00,Is my chimney worth saving if its only used for a water heater?,6 years ago I got a new HE furnace that vents out the side of my house leaving an orphaned water heater. Currently the chimney is unlined and over-sized for the water heater which is 7 years old. I got 2 quotes for the chimney and 1 from a plumber Quote 1: reline the chimney cap included $1900 Quote 2: reline interior and repoint the chimney masonry $4200 Quote 3: from a plumbing company to replace the water heater with a power vent and expansion tank. $4000. This would allow me to just cap the chimney and leave it. I havent had any issues so far with doing nothing at all no back drafts no monoxide---occassionally some leaks during especially hard down pours. But its just been on the back of my mind of needing to fix it the right way. I keep going back and forth. I kind of like the idea of saving the chimney and keeping my super quiet no power needed old school WH. Am I crazy? I feel like theres no cheap solutions here.,Is my chimney worth saving if its only used for a water heater? 6 years ago I got a new HE furnace that vents out the side of my house leaving an orphaned water heater. Currently the chimney is unlined and over-sized for the water heater which is 7 years old. I got 2 quotes for the chimney and 1 from a plumber Quote 1: reline the chimney cap included $1900 Quote 2: reline interior and repoint the chimney masonry $4200 Quote 3: from a plumbing company to replace the water heater with a power vent and expansion tank. $4000. This would allow me to just cap the chimney and leave it. I havent had any issues so far with doing nothing at all no back drafts no monoxide---occassionally some leaks during especially hard down pours. But its just been on the back of my mind of needing to fix it the right way. I keep going back and forth. I kind of like the idea of saving the chimney and keeping my super quiet no power needed old school WH. Am I crazy? I feel like theres no cheap solutions here.,https://www.reddit.com/r/HomeImprovement/comments/1ttvi16/is_my_chimney_worth_saving_if_its_only_used_for_a/,1,2,https://www.reddit.com/r/HomeImprovement/comments/1ttvi16/is_my_chimney_worth_saving_if_its_only_used_for_a/,leak,needs_review_medium_signal,,manual_review_pending,,medium_risk_call_pro,0.95,contained_water_damage:\bleak(?:s|ing|ed)?\b; trade_system_issue:\bwater heater\b,"{""medium_risk_call_pro"": 4.0}",no,,,,,MR0254,medium_risk_call_pro,2,Sarah,,
zsx6pu,HomeImprovement,2022-12-22T21:20:28+00:00,House getting wood smoke in from the outside.,"Hello! We moved into a new place during the summer and since it's been cold outside we've noticed that people are running their wood fireplaces at night. We've also noticed that our place will get a slight smokey smell at night as well. We had wildfires this summer and the smoke inside really wasn't noticeable. Outside was in the 300ppm aka super unhealthy but inside was pretty ok. However even though the outside isn't that smokey, inside is much worse than the summer. I'm thinking that our gas forced air system brings in air from the outside and is bringing that smoke with it. Here are two images of the system. https://freeimage.host/i/HzDA8j1 https://freeimage.host/i/HzDASZF The ducting that goes to the left goes to an outside wall which is the first image. I think this is the intake. The system also has two large vents on the inside which recycles inside air(not pictured). So I think there's a mix of recycled air and new air from the intake when it runs. I put my hand up against the vent outside but didn't feel any air being pulled in. Though my hands were pretty frozen so take that with a grain of salt. The small duct that is verticle is the exhaust AFIACT since when the system is running I can see fog/steam coming out of the roof where it goes to. Any ideas on what I can do here to alleviate the smoke coming in from outside? It's been giving us coughs lately. I have bulky air purifiers inside and they're not enough. Reading online I think it's a big nono to block that air intake. My next step is to try seeing if I can heat the house with just oil heaters at night and leave the furnace off/really low. Thank you all!","House getting wood smoke in from the outside. Hello! We moved into a new place during the summer and since it's been cold outside we've noticed that people are running their wood fireplaces at night. We've also noticed that our place will get a slight smokey smell at night as well. We had wildfires this summer and the smoke inside really wasn't noticeable. Outside was in the 300ppm aka super unhealthy but inside was pretty ok. However even though the outside isn't that smokey, inside is much worse than the summer. I'm thinking that our gas forced air system brings in air from the outside and is bringing that smoke with it. Here are two images of the system. https://freeimage.host/i/HzDA8j1 https://freeimage.host/i/HzDASZF The ducting that goes to the left goes to an outside wall which is the first image. I think this is the intake. The system also has two large vents on the inside which recycles inside air(not pictured). So I think there's a mix of recycled air and new air from the intake when it runs. I put my hand up against the vent outside but didn't feel any air being pulled in. Though my hands were pretty frozen so take that with a grain of salt. The small duct that is verticle is the exhaust AFIACT since when the system is running I can see fog/steam coming out of the roof where it goes to. Any ideas on what I can do here to alleviate the smoke coming in from outside? It's been giving us coughs lately. I have bulky air purifiers inside and they're not enough. Reading online I think it's a big nono to block that air intake. My next step is to try seeing if I can heat the house with just oil heaters at night and leave the furnace off/really low. Thank you all!",https://www.reddit.com/r/HomeImprovement/comments/zsx6pu/house_getting_wood_smoke_in_from_the_outside/,1,3,https://www.reddit.com/r/HomeImprovement/comments/zsx6pu/house_getting_wood_smoke_in_from_the_outside/,gas smell,needs_review_urgent_signal,,manual_review_pending,,urgent_safety_risk,0.82,fire_smoke_or_sparks:\bsmoke\b; trade_system_issue:\bfurnace\b,"{""medium_risk_call_pro"": 2.0, ""urgent_safety_risk"": 3.5}",no,,,,,MR0255,urgent_safety_risk,4,Manthan,,
1ttrol4,HomeMaintenance,2026-06-01T13:07:21+00:00,Show Drain Mildew,"Is there any way to keep mildew from building up in here? The caulk is supposed to be mold/mildew resistant, so I’m not sure if there is anything else I need to do.","Show Drain Mildew Is there any way to keep mildew from building up in here? The caulk is supposed to be mold/mildew resistant, so I’m not sure if there is anything else I need to do.",https://www.reddit.com/r/HomeMaintenance/comments/1ttrol4/show_drain_mildew/,0,2,https://i.redd.it/kj6ndy957o4h1.jpeg,mold,needs_review_medium_signal,,manual_review_pending,,medium_risk_call_pro,0.67,mold_or_foundation_concern:\bmold\b; cosmetic_or_minor_finish:\bcaulk(?:ing)?\b,"{""low_risk_diy"": 2.2, ""medium_risk_call_pro"": 2.0}",yes,,,,,MR0256,needs_human_review,2,Sarah,,
1tux7cy,HomeMaintenance,2026-06-02T17:04:46+00:00,Cabinet Gray Stains,"We bought a new house last year and I’ve noticed these gray stain in various cabinets around the house. Anyone know what’s the cause, is it moisture damage? I tried cleaning it with a water mark remover cloth and also tried the iron box method (applying heat) but it didn’t help at all. I don’t think mold or mildew either as its brand new house pretty much. Could be some wood stain that needs replenishing?","Cabinet Gray Stains We bought a new house last year and I’ve noticed these gray stain in various cabinets around the house. Anyone know what’s the cause, is it moisture damage? I tried cleaning it with a water mark remover cloth and also tried the iron box method (applying heat) but it didn’t help at all. I don’t think mold or mildew either as its brand new house pretty much. Could be some wood stain that needs replenishing?",https://www.reddit.com/r/HomeMaintenance/comments/1tux7cy/cabinet_gray_stains/,0,1,https://www.reddit.com/gallery/1tux7cy,mold,needs_review_medium_signal,,manual_review_pending,,medium_risk_call_pro,0.67,mold_or_foundation_concern:\bmold\b; cosmetic_or_minor_finish:\bstain(?:ing|ed)?\b,"{""low_risk_diy"": 2.2, ""medium_risk_call_pro"": 2.0}",yes,,,,,MR0257,needs_human_review,3,Max,,
1rqv4og,Plumbing,2026-03-11T14:22:31+00:00,Is this normal?,"Had some valves replaced and they also put on a new tub spout and handle. I stepped into the shower and had my hand on the wall to brace myself, and upon applying a bit of pressure to the wall noticed the faucet cover is not totally flush against it. Can I just add some caulk or should I ask them to come back?","Is this normal? Had some valves replaced and they also put on a new tub spout and handle. I stepped into the shower and had my hand on the wall to brace myself, and upon applying a bit of pressure to the wall noticed the faucet cover is not totally flush against it. Can I just add some caulk or should I ask them to come back?",https://www.reddit.com/r/Plumbing/comments/1rqv4og/is_this_normal/,1,3,https://i.redd.it/3uapwa5tdfog1.jpeg,caulk,needs_review_low_signal,,manual_review_pending,,low_risk_diy,0.82,cosmetic_or_minor_finish:\bcaulk(?:ing)?\b,"{""low_risk_diy"": 2.2}",no,,,,,MR0258,low_risk_diy,1,Patrick,,
1rsunoj,HomeMaintenance,2026-03-13T17:59:53+00:00,Am I over conerned? New Renovation Quality,"I'm not very experienced with construction so I'd like to get feedback on if I am overconcerned and should take a chill pill. We recently purchased a very expensive home in Boston marketed as a ""FULL renovation down to the studs"". We are the first owners since the builder's renovation. Unfortunately we moved from out of state so I only was able to see the house once. Now, each and every single day, I am uncovering and fixing issues what I perceive as unreasonably low quality of workmanship. I've attached a few pictures for example. Is this common or expected workmanship quality for a new renovation? Or is this out of the ordinary? The selected pictures are a fraction of the total amount of cosmetic issues. I am completely on board for paint to crack as the house settles, but some of the other issues in the pictures such as the NEW cement pad peeling, old insulation exposed and not replaced, and the styrofoam corners (painted grey) on the outside of the cement garage cause concern. I don't even know what I paid a $750 inspection for while out of state. The guy did not see any of this and did not inspect structural integrity, plumbing, or insulation because it was ""not accessible"". Maybe that's normal? Thank you in advance for the feedback!","Am I over conerned? New Renovation Quality I'm not very experienced with construction so I'd like to get feedback on if I am overconcerned and should take a chill pill. We recently purchased a very expensive home in Boston marketed as a ""FULL renovation down to the studs"". We are the first owners since the builder's renovation. Unfortunately we moved from out of state so I only was able to see the house once. Now, each and every single day, I am uncovering and fixing issues what I perceive as unreasonably low quality of workmanship. I've attached a few pictures for example. Is this common or expected workmanship quality for a new renovation? Or is this out of the ordinary? The selected pictures are a fraction of the total amount of cosmetic issues. I am completely on board for paint to crack as the house settles, but some of the other issues in the pictures such as the NEW cement pad peeling, old insulation exposed and not replaced, and the styrofoam corners (painted grey) on the outside of the cement garage cause concern. I don't even know what I paid a $750 inspection for while out of state. The guy did not see any of this and did not inspect structural integrity, plumbing, or insulation because it was ""not accessible"". Maybe that's normal? Thank you in advance for the feedback!",https://www.reddit.com/r/HomeMaintenance/comments/1rsunoj/am_i_over_conerned_new_renovation_quality/,3,23,https://www.reddit.com/gallery/1rsunoj,paint peeling,needs_review_urgent_signal,,manual_review_pending,,medium_risk_call_pro,0.67,trade_system_issue:\bplumbing\b; cosmetic_or_minor_finish:\bpaint(?:ing|ed)?\b,"{""low_risk_diy"": 2.2, ""medium_risk_call_pro"": 2.0}",yes,,,,,MR0259,needs_human_review,2,Sarah,,
1k8pjw4,DIY,2025-04-26T22:57:39+00:00,Trim options: replace or fix,"My entire house is filled with this flimsy wood trim, lots of which is loosely affixed to drywall and it peeling off the walls. Is this stuff worth savings with some new finish nails and maybe white paint or should I just trash it and get some new trim and install it correctly? I want white trim to give the house a more updated feel. The house was only built in 2000 but has a lot of landlord special fixes that I keep discovering.","Trim options: replace or fix My entire house is filled with this flimsy wood trim, lots of which is loosely affixed to drywall and it peeling off the walls. Is this stuff worth savings with some new finish nails and maybe white paint or should I just trash it and get some new trim and install it correctly? I want white trim to give the house a more updated feel. The house was only built in 2000 but has a lot of landlord special fixes that I keep discovering.",https://www.reddit.com/r/DIY/comments/1k8pjw4/trim_options_replace_or_fix/,6,8,https://i.redd.it/69lrvxzwe9xe1.jpeg,loose trim,needs_review_low_signal,,manual_review_pending,,low_risk_diy,0.82,cosmetic_or_minor_finish:\bpaint(?:ing|ed)?\b,"{""low_risk_diy"": 2.2}",no,,,,,MR0260,low_risk_diy,4,Manthan,,
1868en3,HomeImprovement,2023-11-28T22:11:49+00:00,Sweet/musty smell only when furnace is on,"Hey folks, We are getting a strange sweet/musty/dare I say chemical? smell from the heat registers whenever the heat kicks on. We’re a few weeks into cold season, so this is not the classic “musty” dust burning smell as the burners started for the first time of the season. It’s been several weeks with this other smell and has not dissipated. If anything it’s changed into a sweeter/mustier smell. Now here’s the weird part. I turned on the fan just to see if I’d get the same smell and…nope. It only smells when the furnace is on… The smell is throughout the home, but primarily on the first floor. Furnace is Lennair and located in the basement. We had a handyman come out and take a look with a combustible gas monitor and it came up nada…but it’s not gas we’re smelling, it’s something else. We’re having a professional come out in 36 hours, but I’m nervous as we have young children in the home. maybe I’m missing something big, but happy to share more details/hear your thoughts. Thanks!!","Sweet/musty smell only when furnace is on Hey folks, We are getting a strange sweet/musty/dare I say chemical? smell from the heat registers whenever the heat kicks on. We’re a few weeks into cold season, so this is not the classic “musty” dust burning smell as the burners started for the first time of the season. It’s been several weeks with this other smell and has not dissipated. If anything it’s changed into a sweeter/mustier smell. Now here’s the weird part. I turned on the fan just to see if I’d get the same smell and…nope. It only smells when the furnace is on… The smell is throughout the home, but primarily on the first floor. Furnace is Lennair and located in the basement. We had a handyman come out and take a look with a combustible gas monitor and it came up nada…but it’s not gas we’re smelling, it’s something else. We’re having a professional come out in 36 hours, but I’m nervous as we have young children in the home. maybe I’m missing something big, but happy to share more details/hear your thoughts. Thanks!!",https://www.reddit.com/r/HomeImprovement/comments/1868en3/sweetmusty_smell_only_when_furnace_is_on/,1,2,https://www.reddit.com/r/HomeImprovement/comments/1868en3/sweetmusty_smell_only_when_furnace_is_on/,gas smell,needs_review_urgent_signal,,manual_review_pending,,urgent_safety_risk,0.82,fire_smoke_or_sparks:\bburning smell\b; trade_system_issue:\bfurnace\b,"{""medium_risk_call_pro"": 2.0, ""urgent_safety_risk"": 3.5}",no,,,,,MR0261,urgent_safety_risk,4,Manthan,,
1tkz5zb,DIY,2026-05-22T23:12:31+00:00,Help- replacing garage aluminum casing with Azek and don't know how to deal with existing flashing,"I'm in the middle of replacing all of our garage capping due to corrosion at the bottom of one of them. I pulled off all the old wood and aluminum casing that was around it but found that the old casing overlapped the flashing and now don't know how to adjoin the Azek and vinyl siding to prevent water intrusion. Not sure if this helps but here are two ""top down"" images to replicate the issue. Basically the orange is what I believe you refer to as casing. I extends away from the house, parallel and then returns back to the siding. When it returns back it overlaps with an L shaped piece of flashing and that was what kept it waterproof. The caping at the top sits over this so nothing can run down between them. When I put the Azek on, I have nothing to overlap that (green) flashing and it actually sticks out past the Azek. I can't really caulk it and because it sticks out past- it looks awful too. https://preview.redd.it/ayl284sgtr2h1.png?width=1057&format=png&auto=webp&s=02355da100762d307f39e2ddaf0dcbb4e5508abb [](blob:https://www.reddit.com/24e3d2c8-f135-48a6-af2d-056a8fd80011) [](blob:https://www.reddit.com/24e3d2c8-f135-48a6-af2d-056a8fd80011)","Help- replacing garage aluminum casing with Azek and don't know how to deal with existing flashing I'm in the middle of replacing all of our garage capping due to corrosion at the bottom of one of them. I pulled off all the old wood and aluminum casing that was around it but found that the old casing overlapped the flashing and now don't know how to adjoin the Azek and vinyl siding to prevent water intrusion. Not sure if this helps but here are two ""top down"" images to replicate the issue. Basically the orange is what I believe you refer to as casing. I extends away from the house, parallel and then returns back to the siding. When it returns back it overlaps with an L shaped piece of flashing and that was what kept it waterproof. The caping at the top sits over this so nothing can run down between them. When I put the Azek on, I have nothing to overlap that (green) flashing and it actually sticks out past the Azek. I can't really caulk it and because it sticks out past- it looks awful too. https://preview.redd.it/ayl284sgtr2h1.png?width=1057&format=png&auto=webp&s=02355da100762d307f39e2ddaf0dcbb4e5508abb [](blob:https://www.reddit.com/24e3d2c8-f135-48a6-af2d-056a8fd80011) [](blob:https://www.reddit.com/24e3d2c8-f135-48a6-af2d-056a8fd80011)",https://www.reddit.com/r/DIY/comments/1tkz5zb/help_replacing_garage_aluminum_casing_with_azek/,1,0,https://www.reddit.com/r/DIY/comments/1tkz5zb/help_replacing_garage_aluminum_casing_with_azek/,caulk,needs_review_medium_signal,,manual_review_pending,,medium_risk_call_pro,0.67,contained_water_damage:\bwater intrusion\b; cosmetic_or_minor_finish:\bcaulk(?:ing)?\b,"{""low_risk_diy"": 2.2, ""medium_risk_call_pro"": 2.0}",yes,,,,,MR0262,needs_human_review,3,Max,,
12keq1r,askanelectrician,2023-04-13T06:29:08+00:00,Question on pool equipment wiring,"I purchased a home recently and the pool was in a pretty terrible state. The timer boxes were on the ground, and much of the electrical was exposed. Without going into to much unnecessary detail, the breaker for both my pool light and pool pump was tripping immediately, so I replaced the wiring going to the timer box and motor but the breakers are still tripping. I capped off all the connections to try and locate the issue but the breakers still trip without being connected to anything. I noticed there was wiring exposed coming from the ground, and am wondering if this may be the issue. My next stop was to get an electrician out if it is not an east fix, but wanted to see if I could get some thoughts here first. Any idea why the breakers could be tripping without being connected to anything?","Question on pool equipment wiring I purchased a home recently and the pool was in a pretty terrible state. The timer boxes were on the ground, and much of the electrical was exposed. Without going into to much unnecessary detail, the breaker for both my pool light and pool pump was tripping immediately, so I replaced the wiring going to the timer box and motor but the breakers are still tripping. I capped off all the connections to try and locate the issue but the breakers still trip without being connected to anything. I noticed there was wiring exposed coming from the ground, and am wondering if this may be the issue. My next stop was to get an electrician out if it is not an east fix, but wanted to see if I could get some thoughts here first. Any idea why the breakers could be tripping without being connected to anything?",https://www.reddit.com/r/askanelectrician/comments/12keq1r/question_on_pool_equipment_wiring/,1,1,https://www.reddit.com/gallery/12keq1r,electrical issue,needs_review_medium_signal,,manual_review_pending,,medium_risk_call_pro,0.80,trade_system_issue:\bbreaker\b,"{""medium_risk_call_pro"": 2.0}",no,,,,,MR0263,medium_risk_call_pro,4,Manthan,,
caowdp,homeowners,2019-07-08T18:31:18+00:00,Summer Home Maintenance Tips,"It's so refreshing to get outside the house and in the garden, when the warmer weather arrives. Before the heat and busy days of summer, do some of those long neglected jobs on your to do list outside. Here are some helpful suggestions on the kind of outdoor living, exterior home maintenance, and garden projects you can start with in the early summer. Hurray, summer is here. The temperature is rising, and the rain is still pouring, you just can’t beat a British summer! It’s still important that you take the time to maintain your home this summer and to prepare it for the heat that you could be facing?! Check out our ultimate checklist of summer home maintenance tips to help you give your home some TLC. &#x200B; 1. Do a test of your smoke detectors and your carbon monoxide detectors. Replace the batteries if needed. &#x200B; 2. Get your chimney cleaned. Yes, you might not use your fireplace again until the Autumn or Winter, but that’s exactly why this is the perfect time to call a chimney cleaning service. They won’t be as busy! &#x200B; 3. Clean or replace your shower heads. &#x200B; 4. Clean bathroom drains. &#x200B; 6. Clean your gutters out, as blocked gutters and downpipes from leaves and garden debris can lead to damp problems as the water drains off in other places, such as your walls and behind fascia boards etc. &#x200B; 7. Check your loft space and cellars &#x200B; In your loft, look for signs of dampness, mildew, leaks, holes in the roof, and pests. In the cellar, check for leaks, pests, mold, damp and mildew. 8. Clean the vents of your bathroom and kitchen extractor fans. &#x200B; 9. Clean your washer/dryer vent and exhaust duct. &#x200B; Clean out all of the dust and lint trapped in the vent and exhaust duct. Call in a professional to clean and service your washer and dryer if needed. Clothes dryers can be a fire hazard if they’re not cleaned and maintained. 10. Clean your grill to prep for summer barbequing and garden parties! &#x200B; Charcoal grills: Empty the grill and wipe away any dust or residue. Use hot water, dish soap, and a scrub brush or sponge to clean both the outside and inside of the grill. Be sure to let your grill dry off before using it next. Gas grills: Close the lid, turn the heat up high, and let the grill cook for about half an hour. Let the grill cool. Use a grill brush to sweep the grill. Wipe down the outside with a sponge and cleaner. Then clean out all of the drip trays. 11. Wash down your patios and decking. You should sweep these thoroughly, then wash with a dedicated patio or decking cleaner. Remove any embedded dirt by scrubbing with soap and water. &#x200B; 12. Give your wooden deck a once-over. This is a summer home maintenance must. &#x200B; Check your deck to see if there are any boards that look like they’re rotting. Have them replaced. Hammer any nails that are loose. You can also check if your deck needs to be resealed by pouring a little water on it. If the water beads into little puddles, you’re good. If it sinks into the wood, you should get your deck resealed against water. 13. Clean the windows and frames. Why not? Clean windows make your home sparkle! Use warm water and soap to get those windows sparkling. &#x200B; 14. Add a layer of mulch. If you have plants, the extra mulch will help fight off weeds and help your soil retain moisture during those summer months. &#x200B; 15. Check for outdoor leaks. Go on a hunt for leaks by checking all outdoor taps and pipes. Then look at your hose. You can waste a lot of water if there’s even a tiny hole in your hose. Use duck tape to repair any small holes in your hose. &#x200B; 16. Check your kids outdoor play equipment. Make sure everything is still safe. Repair or replace anything that’s damaged or possibly hazardous and make sure that the structure is still sturdy and strong. &#x200B; 17. Protect your home against unwanted guests. Yes, unfortunately sometimes critters decide that your house is the place to be. From mice to squirrels, take steps to close off your home to non-pet animals. &#x200B; \*Cover any holes that are more than a 7mm wide. \*Get your tree branches trimmed back so they don’t create a highway for squirrels and rodents – a sure fire squirrel route to your loft, (cue the Mission Impossible theme tune!) Branches should be at least 8 feet from your roof. \*Make sure your outdoor bin lids are tightly sealed to prevent a feast for summer flies and pests. \*Do away with garden debris. Leaves and twigs are a haven for animals that might decide to invade your home. \*Tend to your lawn frequently by mowing and trimming- to keep it in top shape. &#x200B; 18. Inspect the frame sealant around the windows and doors of your home. You can keep ants and bugs at bay in the kitchen by adding fresh sealant to your windows and doors. &#x200B; 19. Consider having your driveway and walkway pressure washed. &#x200B; 20. Repair cracks or holes in your driveway and front steps. &#x200B; 21. Trim bushes and plants. &#x200B; 22. Check the condition of your exterior paintwork, now is the ideal time for a fresh lick of paint, before the season changes for the worse. &#x200B; 23. Check over your fence. Have it repainted, resealed, or repaired as needed. &#x200B; 24. Look at the outside of your house. Check for brickwork that requires repointing in the summer months &#x200B; 25. Consider getting your roof inspected. &#x200B; It's important to properly maintain your roof, to make sure that it can last as long as possible and keep your home watertight and damp free. &#x200B; So, there you have it – Bells Property Services summer home maintenance tips! Visit our website [https://www.bellspropertymaintenanceltd.co.uk](https://www.bellspropertymaintenanceltd.co.uk)","Summer Home Maintenance Tips It's so refreshing to get outside the house and in the garden, when the warmer weather arrives. Before the heat and busy days of summer, do some of those long neglected jobs on your to do list outside. Here are some helpful suggestions on the kind of outdoor living, exterior home maintenance, and garden projects you can start with in the early summer. Hurray, summer is here. The temperature is rising, and the rain is still pouring, you just can’t beat a British summer! It’s still important that you take the time to maintain your home this summer and to prepare it for the heat that you could be facing?! Check out our ultimate checklist of summer home maintenance tips to help you give your home some TLC. &#x200B; 1. Do a test of your smoke detectors and your carbon monoxide detectors. Replace the batteries if needed. &#x200B; 2. Get your chimney cleaned. Yes, you might not use your fireplace again until the Autumn or Winter, but that’s exactly why this is the perfect time to call a chimney cleaning service. They won’t be as busy! &#x200B; 3. Clean or replace your shower heads. &#x200B; 4. Clean bathroom drains. &#x200B; 6. Clean your gutters out, as blocked gutters and downpipes from leaves and garden debris can lead to damp problems as the water drains off in other places, such as your walls and behind fascia boards etc. &#x200B; 7. Check your loft space and cellars &#x200B; In your loft, look for signs of dampness, mildew, leaks, holes in the roof, and pests. In the cellar, check for leaks, pests, mold, damp and mildew. 8. Clean the vents of your bathroom and kitchen extractor fans. &#x200B; 9. Clean your washer/dryer vent and exhaust duct. &#x200B; Clean out all of the dust and lint trapped in the vent and exhaust duct. Call in a professional to clean and service your washer and dryer if needed. Clothes dryers can be a fire hazard if they’re not cleaned and maintained. 10. Clean your grill to prep for summer barbequing and garden parties! &#x200B; Charcoal grills: Empty the grill and wipe away any dust or residue. Use hot water, dish soap, and a scrub brush or sponge to clean both the outside and inside of the grill. Be sure to let your grill dry off before using it next. Gas grills: Close the lid, turn the heat up high, and let the grill cook for about half an hour. Let the grill cool. Use a grill brush to sweep the grill. Wipe down the outside with a sponge and cleaner. Then clean out all of the drip trays. 11. Wash down your patios and decking. You should sweep these thoroughly, then wash with a dedicated patio or decking cleaner. Remove any embedded dirt by scrubbing with soap and water. &#x200B; 12. Give your wooden deck a once-over. This is a summer home maintenance must. &#x200B; Check your deck to see if there are any boards that look like they’re rotting. Have them replaced. Hammer any nails that are loose. You can also check if your deck needs to be resealed by pouring a little water on it. If the water beads into little puddles, you’re good. If it sinks into the wood, you should get your deck resealed against water. 13. Clean the windows and frames. Why not? Clean windows make your home sparkle! Use warm water and soap to get those windows sparkling. &#x200B; 14. Add a layer of mulch. If you have plants, the extra mulch will help fight off weeds and help your soil retain moisture during those summer months. &#x200B; 15. Check for outdoor leaks. Go on a hunt for leaks by checking all outdoor taps and pipes. Then look at your hose. You can waste a lot of water if there’s even a tiny hole in your hose. Use duck tape to repair any small holes in your hose. &#x200B; 16. Check your kids outdoor play equipment. Make sure everything is still safe. Repair or replace anything that’s damaged or possibly hazardous and make sure that the structure is still sturdy and strong. &#x200B; 17. Protect your home against unwanted guests. Yes, unfortunately sometimes critters decide that your house is the place to be. From mice to squirrels, take steps to close off your home to non-pet animals. &#x200B; \*Cover any holes that are more than a 7mm wide. \*Get your tree branches trimmed back so they don’t create a highway for squirrels and rodents – a sure fire squirrel route to your loft, (cue the Mission Impossible theme tune!) Branches should be at least 8 feet from your roof. \*Make sure your outdoor bin lids are tightly sealed to prevent a feast for summer flies and pests. \*Do away with garden debris. Leaves and twigs are a haven for animals that might decide to invade your home. \*Tend to your lawn frequently by mowing and trimming- to keep it in top shape. &#x200B; 18. Inspect the frame sealant around the windows and doors of your home. You can keep ants and bugs at bay in the kitchen by adding fresh sealant to your windows and doors. &#x200B; 19. Consider having your driveway and walkway pressure washed. &#x200B; 20. Repair cracks or holes in your driveway and front steps. &#x200B; 21. Trim bushes and plants. &#x200B; 22. Check the condition of your exterior paintwork, now is the ideal time for a fresh lick of paint, before the season changes for the worse. &#x200B; 23. Check over your fence. Have it repainted, resealed, or repaired as needed. &#x200B; 24. Look at the outside of your house. Check for brickwork that requires repointing in the summer months &#x200B; 25. Consider getting your roof inspected. &#x200B; It's important to properly maintain your roof, to make sure that it can last as long as possible and keep your home watertight and damp free. &#x200B; So, there you have it – Bells Property Services summer home maintenance tips! Visit our website [https://www.bellspropertymaintenanceltd.co.uk](https://www.bellspropertymaintenanceltd.co.uk)",https://www.reddit.com/r/homeowners/comments/caowdp/summer_home_maintenance_tips/,15,4,https://www.reddit.com/r/homeowners/comments/caowdp/summer_home_maintenance_tips/,loose trim,needs_review_urgent_signal,,manual_review_pending,,urgent_safety_risk,0.92,gas_or_carbon_monoxide:\bcarbon monoxide\b; fire_smoke_or_sparks:\bsmoke\b; contained_water_damage:\bleak(?:s|ing|ed)?\b; mold_or_foundation_concern:\bmold\b; cosmetic_or_minor_finish:\bpaint(?:ing|ed)?\b,"{""low_risk_diy"": 2.2, ""medium_risk_call_pro"": 4.0, ""urgent_safety_risk"": 7.5}",no,,,,,MR0264,urgent_safety_risk,1,Patrick,,
1ra23jp,Plumbing,2026-02-20T17:44:17+00:00,What causes these auto flush units to stick open and flood? Ready to rip them out.,"I had 4 of these American Standard units installed and every single one has intermittently flooded weeks or months apart. We've had various service cleaning/replacing small parts. And have had two of the flushometers replaced completely, one of which just flooded for the first time today and yesterday (\~8 months after installation). Am I missing something or is American Standard uniquely terrible?","What causes these auto flush units to stick open and flood? Ready to rip them out. I had 4 of these American Standard units installed and every single one has intermittently flooded weeks or months apart. We've had various service cleaning/replacing small parts. And have had two of the flushometers replaced completely, one of which just flooded for the first time today and yesterday (\~8 months after installation). Am I missing something or is American Standard uniquely terrible?",https://www.reddit.com/r/Plumbing/comments/1ra23jp/what_causes_these_auto_flush_units_to_stick_open/,8,26,https://i.redd.it/t884ghe6sokg1.jpeg,flooding,needs_review_urgent_signal,,manual_review_pending,,urgent_safety_risk,0.90,active_flooding_or_sewage:\bflooded\b,"{""urgent_safety_risk"": 3.0}",no,,,,,MR0265,urgent_safety_risk,4,Manthan,,
13ss8oa,askanelectrician,2023-05-26T23:45:33+00:00,What’s happening to this breaker?,I’ve been troubleshooting our electric hot water heater as we lost hot water recently in our summer home. The heater had at least enough power to be read on my contact voltage tester. I replaced the two elements in the boiler earlier today and still no hot water. I did notice when I turned the breaker back on that there was a buzz. If I jiggled the breaker switch at all the buzz persisted. I just replaced the breaker and am now hoping that that solves the issue. What happened to this breaker? There’s a little melty spot on one side and a white crystalline powder around the two terminals. What looks like a clear epoxy on the new breaker is a hard white almost ceramic like substance on the old breaker.,What’s happening to this breaker? I’ve been troubleshooting our electric hot water heater as we lost hot water recently in our summer home. The heater had at least enough power to be read on my contact voltage tester. I replaced the two elements in the boiler earlier today and still no hot water. I did notice when I turned the breaker back on that there was a buzz. If I jiggled the breaker switch at all the buzz persisted. I just replaced the breaker and am now hoping that that solves the issue. What happened to this breaker? There’s a little melty spot on one side and a white crystalline powder around the two terminals. What looks like a clear epoxy on the new breaker is a hard white almost ceramic like substance on the old breaker.,https://www.reddit.com/r/askanelectrician/comments/13ss8oa/whats_happening_to_this_breaker/,1,1,https://www.reddit.com/gallery/13ss8oa,electrical issue,needs_review_medium_signal,,manual_review_pending,,medium_risk_call_pro,0.80,trade_system_issue:\bwater heater\b,"{""medium_risk_call_pro"": 2.0}",no,,,,,MR0266,medium_risk_call_pro,2,Sarah,,
1rrrt55,Plumbing,2026-03-12T14:11:06+00:00,Toilet for Senior Citizen,Hello! I’m looking for a new toilet for my uncle. He is a senior citizen with dementia and he keeps plugging his current toilet. I’ve been told perhaps he is not flushing correctly and holding down the lever. In any case his bathroom keeps flooding and it is an issue. His old toilet has been removed and he needs a new toilet. What kind of toilet would be best for him? We live in Canada so there might be a limited selection. Thanks in advance.,Toilet for Senior Citizen Hello! I’m looking for a new toilet for my uncle. He is a senior citizen with dementia and he keeps plugging his current toilet. I’ve been told perhaps he is not flushing correctly and holding down the lever. In any case his bathroom keeps flooding and it is an issue. His old toilet has been removed and he needs a new toilet. What kind of toilet would be best for him? We live in Canada so there might be a limited selection. Thanks in advance.,https://www.reddit.com/r/Plumbing/comments/1rrrt55/toilet_for_senior_citizen/,1,6,https://www.reddit.com/r/Plumbing/comments/1rrrt55/toilet_for_senior_citizen/,flooding,needs_review_urgent_signal,,manual_review_pending,,urgent_safety_risk,0.90,active_flooding_or_sewage:\bflooding\b,"{""urgent_safety_risk"": 3.0}",no,,,,,MR0267,urgent_safety_risk,3,Max,,
1t4x1oo,HomeMaintenance,2026-05-06T00:12:15+00:00,Foundation troubles,"Recently I discovered mold in my basement so I’ve been taking down all of the insulation and vapour barrier around the room, when I started discovering my foundation is very crumbly. The home was built in 1911, and I’m sure the house was raised at some point from a crawl space to basement. I’m curious how concerning this deterioration is. Note, I have mold remediation coming in 3 days, and I got a masonry guy coming for a quote on foundation repairs.","Foundation troubles Recently I discovered mold in my basement so I’ve been taking down all of the insulation and vapour barrier around the room, when I started discovering my foundation is very crumbly. The home was built in 1911, and I’m sure the house was raised at some point from a crawl space to basement. I’m curious how concerning this deterioration is. Note, I have mold remediation coming in 3 days, and I got a masonry guy coming for a quote on foundation repairs.",https://www.reddit.com/r/HomeMaintenance/comments/1t4x1oo/foundation_troubles/,2,3,https://www.reddit.com/gallery/1t4x1oo,mold,needs_review_medium_signal,,manual_review_pending,,medium_risk_call_pro,0.80,mold_or_foundation_concern:\bmold\b,"{""medium_risk_call_pro"": 2.0}",no,,,,,MR0268,medium_risk_call_pro,4,Manthan,,
1rojg0p,Plumbing,2026-03-08T23:05:17+00:00,We've had some moderate rain for the past 18 hours and the backyard has turned into a bit of a marsh. Wondering how it's best to fix this?,"The yard is a rectangle. The water has pooled in the grass mostly along the retaining wall, in the middle of the yard and along the concrete patio outside the back of the house. I drew a little picture (not to scale) that I've included. - The green line is the edges of the grass area. - the black is the house and the back fence. - the white lines are the drainage as best I know, the square to the left is like a square drain flush with the grass level that feeds (I think) along the white line to the other side of the house and down the side of the house out to the road. - The blue is the majority of the water collecting on the surface of the grass. We want to do some paving and gardening and landscaping in the future and I'd like to not have the backyard flooding. The front of the house slopes downhill to the road but the backyard is quite flat. I also don't want water to damage the foundations in anyway. It's our first house and it's the first moderate amt of rain we've had.","We've had some moderate rain for the past 18 hours and the backyard has turned into a bit of a marsh. Wondering how it's best to fix this? The yard is a rectangle. The water has pooled in the grass mostly along the retaining wall, in the middle of the yard and along the concrete patio outside the back of the house. I drew a little picture (not to scale) that I've included. - The green line is the edges of the grass area. - the black is the house and the back fence. - the white lines are the drainage as best I know, the square to the left is like a square drain flush with the grass level that feeds (I think) along the white line to the other side of the house and down the side of the house out to the road. - The blue is the majority of the water collecting on the surface of the grass. We want to do some paving and gardening and landscaping in the future and I'd like to not have the backyard flooding. The front of the house slopes downhill to the road but the backyard is quite flat. I also don't want water to damage the foundations in anyway. It's our first house and it's the first moderate amt of rain we've had.",https://www.reddit.com/r/Plumbing/comments/1rojg0p/weve_had_some_moderate_rain_for_the_past_18_hours/,1,2,https://www.reddit.com/gallery/1rojg0p,flooding,needs_review_urgent_signal,,manual_review_pending,,urgent_safety_risk,0.90,active_flooding_or_sewage:\bflooding\b,"{""urgent_safety_risk"": 3.0}",no,,,,,MR0269,urgent_safety_risk,2,Sarah,,
1qgcr4w,Plumbing,2026-01-18T16:18:20+00:00,Bathtub/shower install,"had to get tub replaced due to damage. asked for comparable tub, this is what the company did. they said it was finished, but the tub isn't caulked at the bottom, and the faucet spins completely around. they scratched the floor and chipped the wall when removing the old tub, and the new tub has scratches as well when my husband saw how much drywall they removed, he called the owner who said ""sorry, I miscalculated some things"" and that they ""work with a company who can fix it, or the owners brother can come do it."" we would still have to pay for it. husband also overheard the installers calling their boss/owner multiple times because the shower didn't fit the area, and they didn't know what to do. they shimmed the studs to attach the surround, but some of the shims stick out an inch further than the others, so it's not level. they charged $4500 for this. last tub was 18in deep, this one is 12"". is this normal?","Bathtub/shower install had to get tub replaced due to damage. asked for comparable tub, this is what the company did. they said it was finished, but the tub isn't caulked at the bottom, and the faucet spins completely around. they scratched the floor and chipped the wall when removing the old tub, and the new tub has scratches as well when my husband saw how much drywall they removed, he called the owner who said ""sorry, I miscalculated some things"" and that they ""work with a company who can fix it, or the owners brother can come do it."" we would still have to pay for it. husband also overheard the installers calling their boss/owner multiple times because the shower didn't fit the area, and they didn't know what to do. they shimmed the studs to attach the surround, but some of the shims stick out an inch further than the others, so it's not level. they charged $4500 for this. last tub was 18in deep, this one is 12"". is this normal?",https://www.reddit.com/r/Plumbing/comments/1qgcr4w/bathtubshower_install/,1,7,https://www.reddit.com/gallery/1qgcr4w,caulk,needs_review_unclear,,manual_review_pending,,low_risk_diy,0.82,cosmetic_or_minor_finish:\bscratch(?:es|ed)?\b,"{""low_risk_diy"": 2.2}",no,,,,,MR0270,low_risk_diy,1,Patrick,,
1snid8p,HomeMaintenance,2026-04-16T22:19:25+00:00,Roof leak repair help - advice needed,"Hi, I have a butterfly membrane roof with no attic. Under the membrane is 1.5"" rigid foam board then sheathing on the joists (24"" spacing). I then I have insulation above my ceiling. During the extremely heavy rains in the PNW last fall, I had a slow dripping leak from the middle of the my roof where the two halves meet. It was like a cup of water overnight and stopped when the rain slowed. It was fixed but there was no clear smoking gun from the roof guys on where there leak was. Some seams were lifted, and three penetrations could have contributed. The drywall at the seams is dry per moisture reader that a water damage company used. They also had a thermal camera and showed that there was a cold spot only at the seam. I was going to take out the drywall at the seams and surrounding area to replace what I assume is wet insulation based on the thermal image. However, I bought a thermal imager to double check and see if I could trace the cold spot back to a potential source or at least in the general direction once the water was under the sheathing. Maybe impossible since water from the leak point could have run along the membrane and foam to a seam then between the seam and sheathing to finally a seam to get to a joist and run along that. Unfortunately, if I walk around with the thermal, I find other ""cold spots"", and they are not linked together like I would expect if insulation gets wet, and water continues to move downhill. Sorry for the blurry photos. The first one shows the seam damage, and the next is thermal at the damage, followed by other thermal readings of random colder spots further away from the damaged seam. These spots are like 1-2 sq. ft. [https://imgur.com/a/brmCh81](https://imgur.com/a/brmCh81) Do I start at the seam damage and see if I can figure out which way the water came from? Am I just seeing cold spots or do I need to cut inspection holes everywhere and see if the insulation is actually wet? Or do I get a fancy insulation moisture probe and push through the 5/8"" drywall to test the spots? Do I just patch it up and worry about the mold another day or put the for sale sign up now? FYI, the water damage company just wanted to repair around the seam area and didn't really scan for other cold areas even though I paid for an inspection. Any advice is appreciated!","Roof leak repair help - advice needed Hi, I have a butterfly membrane roof with no attic. Under the membrane is 1.5"" rigid foam board then sheathing on the joists (24"" spacing). I then I have insulation above my ceiling. During the extremely heavy rains in the PNW last fall, I had a slow dripping leak from the middle of the my roof where the two halves meet. It was like a cup of water overnight and stopped when the rain slowed. It was fixed but there was no clear smoking gun from the roof guys on where there leak was. Some seams were lifted, and three penetrations could have contributed. The drywall at the seams is dry per moisture reader that a water damage company used. They also had a thermal camera and showed that there was a cold spot only at the seam. I was going to take out the drywall at the seams and surrounding area to replace what I assume is wet insulation based on the thermal image. However, I bought a thermal imager to double check and see if I could trace the cold spot back to a potential source or at least in the general direction once the water was under the sheathing. Maybe impossible since water from the leak point could have run along the membrane and foam to a seam then between the seam and sheathing to finally a seam to get to a joist and run along that. Unfortunately, if I walk around with the thermal, I find other ""cold spots"", and they are not linked together like I would expect if insulation gets wet, and water continues to move downhill. Sorry for the blurry photos. The first one shows the seam damage, and the next is thermal at the damage, followed by other thermal readings of random colder spots further away from the damaged seam. These spots are like 1-2 sq. ft. [https://imgur.com/a/brmCh81](https://imgur.com/a/brmCh81) Do I start at the seam damage and see if I can figure out which way the water came from? Am I just seeing cold spots or do I need to cut inspection holes everywhere and see if the insulation is actually wet? Or do I get a fancy insulation moisture probe and push through the 5/8"" drywall to test the spots? Do I just patch it up and worry about the mold another day or put the for sale sign up now? FYI, the water damage company just wanted to repair around the seam area and didn't really scan for other cold areas even though I paid for an inspection. Any advice is appreciated!",https://www.reddit.com/r/HomeMaintenance/comments/1snid8p/roof_leak_repair_help_advice_needed/,1,5,https://www.reddit.com/r/HomeMaintenance/comments/1snid8p/roof_leak_repair_help_advice_needed/,mold,needs_review_medium_signal,,manual_review_pending,,medium_risk_call_pro,0.95,contained_water_damage:\bleak(?:s|ing|ed)?\b; mold_or_foundation_concern:\bmold\b,"{""medium_risk_call_pro"": 4.0}",no,,,,,MR0271,medium_risk_call_pro,3,Max,,
1t7llhw,HomeImprovement,2026-05-08T21:40:41+00:00,Does only blocking air gaps actually prevent the most sound leaking out of a room?,"We have a spare bedroom on the opposite side of the hallway from our bedroom. We've decided to convert it to her arts & crafts room + my gaming room after it went unused for over 5 years. I want to do some sound proofing so if I'm doing a late night gaming session, it doesn't disturb her if she's sleeping early. I want to avoid being too invasive and I read that one of the biggest culprits in sound leakage are air gaps in the doors. Would filling in these gaps in both the recreation room and our bedroom be enough? I'm not that loud, I don't yell or bang my keyboard, and I can use my headphones while she's asleep. But I want to be able to speak to my friends online without having to whisper.","Does only blocking air gaps actually prevent the most sound leaking out of a room? We have a spare bedroom on the opposite side of the hallway from our bedroom. We've decided to convert it to her arts & crafts room + my gaming room after it went unused for over 5 years. I want to do some sound proofing so if I'm doing a late night gaming session, it doesn't disturb her if she's sleeping early. I want to avoid being too invasive and I read that one of the biggest culprits in sound leakage are air gaps in the doors. Would filling in these gaps in both the recreation room and our bedroom be enough? I'm not that loud, I don't yell or bang my keyboard, and I can use my headphones while she's asleep. But I want to be able to speak to my friends online without having to whisper.",https://www.reddit.com/r/HomeImprovement/comments/1t7llhw/does_only_blocking_air_gaps_actually_prevent_the/,1,5,https://www.reddit.com/r/HomeImprovement/comments/1t7llhw/does_only_blocking_air_gaps_actually_prevent_the/,leak,needs_review_medium_signal,,manual_review_pending,,medium_risk_call_pro,0.80,contained_water_damage:\bleak(?:s|ing|ed)?\b,"{""medium_risk_call_pro"": 2.0}",no,,,,,MR0272,medium_risk_call_pro,4,Manthan,,
11hcedo,HomeImprovement,2023-03-03T19:30:18+00:00,Gas smell,Iv got a gas smell coming from one of the floor vents. It’s only in one location in the living room. Iv had the gas company out to do testing. They dectected no gas in the vent. They definitely smelt it and said it most be something used in contraction. The house was built in 1972.,Gas smell Iv got a gas smell coming from one of the floor vents. It’s only in one location in the living room. Iv had the gas company out to do testing. They dectected no gas in the vent. They definitely smelt it and said it most be something used in contraction. The house was built in 1972.,https://www.reddit.com/r/HomeImprovement/comments/11hcedo/gas_smell/,2,3,https://www.reddit.com/r/HomeImprovement/comments/11hcedo/gas_smell/,gas smell,needs_review_urgent_signal,,manual_review_pending,,urgent_safety_risk,0.95,gas_or_carbon_monoxide:\bgas smell\b,"{""urgent_safety_risk"": 4.0}",no,,,,,MR0273,urgent_safety_risk,2,Sarah,,
1htujhh,HomeImprovement,2025-01-05T01:48:47+00:00,Is this a gas line?,"I've always assumed it was but this house is semi new to us and never had a reason to look into it but recently started noticing a very faint gas smell going into the garage. I've found gas lines in the attic when doing insulation and air sealing so I can only assume it is. Checked the valve and it was half open and even with the plug on the end could smell it barely. Haven't noticed the smell since closing the valve but now I'm curious. https://imgur.com/a/Jxx3QKV Leads me to my second question. Would it be possible to attach a gas heater, if this is a gas line, to this to heat my garage only when I want to work out? Attached, not insulated, but the heat would take away the initial chill until I'm warmed up. Thanks!!","Is this a gas line? I've always assumed it was but this house is semi new to us and never had a reason to look into it but recently started noticing a very faint gas smell going into the garage. I've found gas lines in the attic when doing insulation and air sealing so I can only assume it is. Checked the valve and it was half open and even with the plug on the end could smell it barely. Haven't noticed the smell since closing the valve but now I'm curious. https://imgur.com/a/Jxx3QKV Leads me to my second question. Would it be possible to attach a gas heater, if this is a gas line, to this to heat my garage only when I want to work out? Attached, not insulated, but the heat would take away the initial chill until I'm warmed up. Thanks!!",https://www.reddit.com/r/HomeImprovement/comments/1htujhh/is_this_a_gas_line/,1,2,https://www.reddit.com/r/HomeImprovement/comments/1htujhh/is_this_a_gas_line/,gas smell,needs_review_urgent_signal,,manual_review_pending,,urgent_safety_risk,0.95,gas_or_carbon_monoxide:\bgas smell\b,"{""urgent_safety_risk"": 4.0}",no,,,,,MR0274,urgent_safety_risk,3,Max,,
1rb9e46,Plumbing,2026-02-22T02:04:28+00:00,Overflow sink stopper,"I lived overseas many years. We always had these stoppers in the kitchen that would stop up the sink while you filled it, but prevented the sink from overflowing if you walked away and forgot about it. I'm apparently not wise enough to Google this type of apparatus lol. Does anyone know what I'm talking about?! My boyfriend keeps overflowing our sink!! God love him. He works from home and tries to multitask and gets distracted with work. Does this type of stopper exist in America?! Thanks family! I'm tired of using all my good towels to clean up a flood. 🤣","Overflow sink stopper I lived overseas many years. We always had these stoppers in the kitchen that would stop up the sink while you filled it, but prevented the sink from overflowing if you walked away and forgot about it. I'm apparently not wise enough to Google this type of apparatus lol. Does anyone know what I'm talking about?! My boyfriend keeps overflowing our sink!! God love him. He works from home and tries to multitask and gets distracted with work. Does this type of stopper exist in America?! Thanks family! I'm tired of using all my good towels to clean up a flood. 🤣",https://www.reddit.com/r/Plumbing/comments/1rb9e46/overflow_sink_stopper/,1,0,https://www.reddit.com/r/Plumbing/comments/1rb9e46/overflow_sink_stopper/,flooding,needs_review_urgent_signal,,manual_review_pending,,,0.00,no_labeling_function_matched,{},yes,,,,,MR0275,needs_human_review,3,Max,,
z5bjv7,homeowners,2022-11-26T16:31:08+00:00,How do you go about hanging Christmas lights if you have shingles that are basically glued down?,"Just curious what options others have found. With my old roof, the shingles were secured higher up the shingle. This left the edge loose enough that I could clip my strings of lights to the shingles themselves without damaging anything. Since having it replaced, the new shingles are firmly secured all the way up to the edge so that method won't work. There is a strip of metal flashing all the way around. I tried using those magnetic hooks, but they didn't hold well enough to withstand even a stiff breeze. Do I just drill into that? Is that a bad idea? There is wood trim under that, but same question. Is it safe to just drill into that, and if so, do I add permanent hooks or something? Thanks. Edit: [pic](https://imgur.com/c5vZCna.jpg)","How do you go about hanging Christmas lights if you have shingles that are basically glued down? Just curious what options others have found. With my old roof, the shingles were secured higher up the shingle. This left the edge loose enough that I could clip my strings of lights to the shingles themselves without damaging anything. Since having it replaced, the new shingles are firmly secured all the way up to the edge so that method won't work. There is a strip of metal flashing all the way around. I tried using those magnetic hooks, but they didn't hold well enough to withstand even a stiff breeze. Do I just drill into that? Is that a bad idea? There is wood trim under that, but same question. Is it safe to just drill into that, and if so, do I add permanent hooks or something? Thanks. Edit: [pic](https://imgur.com/c5vZCna.jpg)",https://www.reddit.com/r/homeowners/comments/z5bjv7/how_do_you_go_about_hanging_christmas_lights_if/,2,12,https://www.reddit.com/r/homeowners/comments/z5bjv7/how_do_you_go_about_hanging_christmas_lights_if/,loose trim,needs_review_medium_signal,,manual_review_pending,,low_risk_diy,0.82,cosmetic_or_minor_finish:\btrim\b,"{""low_risk_diy"": 2.2}",no,,,,,MR0276,low_risk_diy,2,Sarah,,
11gsvez,askanelectrician,2023-03-03T05:53:52+00:00,Laptop trips fuse,My new laptop seems to trip the electrical sockets in my bed room and master bedroom everyonce in a while. Originally I thought it was the room heater so I keep that unplugged but still it keep tripping the fuse. Would it be cheap to replace the fuse in circuit breaker for the outlets with higher amp load witb electrician. I believe the breaker for the outlets are 15 amp limit or most likely there an issue with new laptop's 180 watt charger .,Laptop trips fuse My new laptop seems to trip the electrical sockets in my bed room and master bedroom everyonce in a while. Originally I thought it was the room heater so I keep that unplugged but still it keep tripping the fuse. Would it be cheap to replace the fuse in circuit breaker for the outlets with higher amp load witb electrician. I believe the breaker for the outlets are 15 amp limit or most likely there an issue with new laptop's 180 watt charger .,https://www.reddit.com/r/askanelectrician/comments/11gsvez/laptop_trips_fuse/,0,3,https://www.reddit.com/r/askanelectrician/comments/11gsvez/laptop_trips_fuse/,electrical issue,needs_review_medium_signal,,manual_review_pending,,medium_risk_call_pro,0.80,trade_system_issue:\bbreaker\b,"{""medium_risk_call_pro"": 2.0}",no,,,,,MR0277,medium_risk_call_pro,4,Manthan,,
1gif8ec,Plumbing,2024-11-03T04:38:52+00:00,Valley shower handle,"I made a post a few days ago asking about this, I ultimately decided to go with the Danco trim kit. Everything fit, except for the faceplate. I reused the old one, just cleaned it and polished it. I was able to use the new rubber gasket that came with the kit. The old bonnet nut gave me some trouble, but eventually it came loose. Part of me wanted to go ahead and replace the old cartridge but it surprisingly works fine. The handle itself isn't wanting to stay on. I bought a universal one, hoping that will fit better.","Valley shower handle I made a post a few days ago asking about this, I ultimately decided to go with the Danco trim kit. Everything fit, except for the faceplate. I reused the old one, just cleaned it and polished it. I was able to use the new rubber gasket that came with the kit. The old bonnet nut gave me some trouble, but eventually it came loose. Part of me wanted to go ahead and replace the old cartridge but it surprisingly works fine. The handle itself isn't wanting to stay on. I bought a universal one, hoping that will fit better.",https://www.reddit.com/r/Plumbing/comments/1gif8ec/valley_shower_handle/,3,0,https://www.reddit.com/gallery/1gif8ec,loose trim,needs_review_low_signal,,manual_review_pending,,low_risk_diy,0.82,cosmetic_or_minor_finish:\btrim\b,"{""low_risk_diy"": 2.2}",no,,,,,MR0278,low_risk_diy,3,Max,,
1ro9kjx,Plumbing,2026-03-08T16:44:03+00:00,"My ""plumber"" did a bad job at caulking. Is this fixable?","I've come to realise that this is guy for only good for actual plumber stuff(rough-in etc.). He caulked the shower walls, half of which looks ok, but some of it looks like the picture. Is there a way I can fix it? Will I need to remove it and redo it or can I just apply more? I don't want him to come redo it cuz don't think he can","My ""plumber"" did a bad job at caulking. Is this fixable? I've come to realise that this is guy for only good for actual plumber stuff(rough-in etc.). He caulked the shower walls, half of which looks ok, but some of it looks like the picture. Is there a way I can fix it? Will I need to remove it and redo it or can I just apply more? I don't want him to come redo it cuz don't think he can",https://www.reddit.com/r/Plumbing/comments/1ro9kjx/my_plumber_did_a_bad_job_at_caulking_is_this/,0,1,https://i.redd.it/p5p9t1pboung1.jpeg,caulk,needs_review_low_signal,,manual_review_pending,,low_risk_diy,0.82,cosmetic_or_minor_finish:\bcaulk(?:ing)?\b,"{""low_risk_diy"": 2.2}",no,,,,,MR0279,low_risk_diy,2,Sarah,,
1rcr048,Plumbing,2026-02-23T19:20:33+00:00,Help - Water Stains Appearing Outside My Shower,"I’m having water seepage issues with my apartment shower and could use some advice. The tiled shower floor has an uneven slope, so water pools instead of draining properly, and we have to squeegee it after every shower. Recently, we noticed water stains and damp marks on the outside edge of the shower near the curb/wall corner. We’ve already caulked the inside edges of the shower, but the issue persists. It appears that water may be getting through the grout or behind the tile. We’re also very careful when showering, so it’s unlikely this is caused by water splashing out. Pictures below. Has anyone experienced this before? Any input would be greatly appreciated. TIA","Help - Water Stains Appearing Outside My Shower I’m having water seepage issues with my apartment shower and could use some advice. The tiled shower floor has an uneven slope, so water pools instead of draining properly, and we have to squeegee it after every shower. Recently, we noticed water stains and damp marks on the outside edge of the shower near the curb/wall corner. We’ve already caulked the inside edges of the shower, but the issue persists. It appears that water may be getting through the grout or behind the tile. We’re also very careful when showering, so it’s unlikely this is caused by water splashing out. Pictures below. Has anyone experienced this before? Any input would be greatly appreciated. TIA",https://www.reddit.com/r/Plumbing/comments/1rcr048/help_water_stains_appearing_outside_my_shower/,3,3,https://www.reddit.com/gallery/1rcr048,caulk,needs_review_unclear,,manual_review_pending,,low_risk_diy,0.82,cosmetic_or_minor_finish:\bgrout\b,"{""low_risk_diy"": 2.2}",no,,,,,MR0280,low_risk_diy,1,Patrick,,
1svjopx,Plumbing,2026-04-25T18:21:27+00:00,Oatey’s No Caulk Drain,"Need some guidance here. Trying to help my daughter fix a leak in her recently installed shower base. Unit was installed by her brother in law. I have installed 3 of these with no problem but I have some questions about her install. First, he used plumbers putty on the acrylic Delta shower base. Oatey says no plumbers putty, only silicone on those type of bases. Second, the two inch pipe doesn’t extend up into the Oatey drain. Isn’t the pipe supposed to extend up into the drain assembly so the rubber gasket can compress around it? It may be that this is a variation that I am no familiar with, which is why I am asking. Bottom line, leaking badly and I need to help diagnose.","Oatey’s No Caulk Drain Need some guidance here. Trying to help my daughter fix a leak in her recently installed shower base. Unit was installed by her brother in law. I have installed 3 of these with no problem but I have some questions about her install. First, he used plumbers putty on the acrylic Delta shower base. Oatey says no plumbers putty, only silicone on those type of bases. Second, the two inch pipe doesn’t extend up into the Oatey drain. Isn’t the pipe supposed to extend up into the drain assembly so the rubber gasket can compress around it? It may be that this is a variation that I am no familiar with, which is why I am asking. Bottom line, leaking badly and I need to help diagnose.",https://www.reddit.com/r/Plumbing/comments/1svjopx/oateys_no_caulk_drain/,2,6,https://i.redd.it/qp8r4zigpdxg1.jpeg,caulk,needs_review_medium_signal,,manual_review_pending,,medium_risk_call_pro,0.67,contained_water_damage:\bleak(?:s|ing|ed)?\b; cosmetic_or_minor_finish:\bcaulk(?:ing)?\b,"{""low_risk_diy"": 2.2, ""medium_risk_call_pro"": 2.0}",yes,,,,,MR0281,needs_human_review,3,Max,,
1tiku73,HomeImprovement,2026-05-20T12:54:03+00:00,Front loader repair issues,"I had a moldy door seal, and couldn’t get the mold out by cleaning it so I decided to change the seal. Everything looked ok for the first couple of washes after I replaced the seal, but noticed after a load today there was some water leaking from the bottom of the machine. The water doesn’t appear to be coming from the door of the machine and it’s a small amount of water. Since the replacement of the seal the machine has been rocking a lot during the wash cycle. Hoping it’s not to do with the seal because I’m pretty certain that the retaining springs are in the correct positions (after lots of fiddling). Anyone who knows about front loaders aware of this problem? Thanks","Front loader repair issues I had a moldy door seal, and couldn’t get the mold out by cleaning it so I decided to change the seal. Everything looked ok for the first couple of washes after I replaced the seal, but noticed after a load today there was some water leaking from the bottom of the machine. The water doesn’t appear to be coming from the door of the machine and it’s a small amount of water. Since the replacement of the seal the machine has been rocking a lot during the wash cycle. Hoping it’s not to do with the seal because I’m pretty certain that the retaining springs are in the correct positions (after lots of fiddling). Anyone who knows about front loaders aware of this problem? Thanks",https://www.reddit.com/r/HomeImprovement/comments/1tiku73/front_loader_repair_issues/,2,1,https://www.reddit.com/r/HomeImprovement/comments/1tiku73/front_loader_repair_issues/,leak,needs_review_medium_signal,,manual_review_pending,,medium_risk_call_pro,0.95,contained_water_damage:\bleak(?:s|ing|ed)?\b; mold_or_foundation_concern:\bmold\b,"{""medium_risk_call_pro"": 4.0}",no,,,,,MR0282,medium_risk_call_pro,1,Patrick,,
1rd7u2y,Plumbing,2026-02-24T05:39:20+00:00,Gap between tile and tub spout. Caulk and send it or adjust?,"The gap is probably about 1/8 inch. It’s not a slip on it’s a threaded adapter so we need to un-solder and then re-solder. Should I just throw some clear cock in there or do I need to pull it all apart? I’m afraid if I turn it anymore, I would snap the elbow in the wall.","Gap between tile and tub spout. Caulk and send it or adjust? The gap is probably about 1/8 inch. It’s not a slip on it’s a threaded adapter so we need to un-solder and then re-solder. Should I just throw some clear cock in there or do I need to pull it all apart? I’m afraid if I turn it anymore, I would snap the elbow in the wall.",https://www.reddit.com/r/Plumbing/comments/1rd7u2y/gap_between_tile_and_tub_spout_caulk_and_send_it/,2,3,https://www.reddit.com/gallery/1rd7u2y,caulk,needs_review_low_signal,,manual_review_pending,,low_risk_diy,0.82,cosmetic_or_minor_finish:\bcaulk(?:ing)?\b,"{""low_risk_diy"": 2.2}",no,,,,,MR0283,low_risk_diy,2,Sarah,,
1oahg9e,HomeMaintenance,2025-10-19T05:22:52+00:00,How do I fix this ?,"This is the side wall of my head room(Entrance to my terrace). The roofing is Stainless Steel cooling sheets. Due to rain water seeping through, the paint in the side wall is peeling off. The side wall is a built using iron mesh and concrete. There are no bricks. So it is very thin... Any ideas, how I can fix this ?","How do I fix this ? This is the side wall of my head room(Entrance to my terrace). The roofing is Stainless Steel cooling sheets. Due to rain water seeping through, the paint in the side wall is peeling off. The side wall is a built using iron mesh and concrete. There are no bricks. So it is very thin... Any ideas, how I can fix this ?",https://www.reddit.com/r/HomeMaintenance/comments/1oahg9e/how_do_i_fix_this/,1,2,https://www.reddit.com/gallery/1oahg9e,paint peeling,needs_review_low_signal,,manual_review_pending,,low_risk_diy,0.82,cosmetic_or_minor_finish:\bpaint(?:ing|ed)?\b,"{""low_risk_diy"": 2.2}",no,,,,,MR0284,low_risk_diy,2,Sarah,,
1t6clkw,HomeMaintenance,2026-05-07T14:43:05+00:00,Is this as bad as it looks?,I just moved into a new rental yesterday and looked behind the AC closet and found this disaster. Is this as bad as it looks? The water heater is also falling apart. I’m so stressed about the mold exposure and damage to the things I just moved here. The landlord says they’ll fix it but I’m worried about there being ongoing issues in this apartment since it looks pretty serious?? Should I see if they fix it properly or try to get out?,Is this as bad as it looks? I just moved into a new rental yesterday and looked behind the AC closet and found this disaster. Is this as bad as it looks? The water heater is also falling apart. I’m so stressed about the mold exposure and damage to the things I just moved here. The landlord says they’ll fix it but I’m worried about there being ongoing issues in this apartment since it looks pretty serious?? Should I see if they fix it properly or try to get out?,https://www.reddit.com/r/HomeMaintenance/comments/1t6clkw/is_this_as_bad_as_it_looks/,10,5,https://www.reddit.com/gallery/1t6clkw,mold,needs_review_medium_signal,,manual_review_pending,,medium_risk_call_pro,0.95,trade_system_issue:\bwater heater\b; mold_or_foundation_concern:\bmold\b,"{""medium_risk_call_pro"": 4.0}",no,,,,,MR0285,medium_risk_call_pro,3,Max,,
131i812,askanelectrician,2023-04-28T05:06:46+00:00,Planning kitchen rewire- is this up to code/safe?,"Hello all, 15 years ago when this kitchen was remodeled the contractor apparently used 14ga wiring throughout. I learned this while fixing up other small electrical issues during a new remodel. Attached is my plan to re-wire the kitchen island with 12/2 Romex throughout on the existing 20a breaker. TLDR: - Add GFCI protection to all outlets & lights - Replace 14/2 with 12/2 - NEC 2020, located in California The details: I wanted to ask here about if this plan is safe/up to code. I know the NEC says there should be more receptacles on the counter, but we have enough for the minimal appliances we plug in. Not a safety issue. All Romex upstream of the 20a GFCI is old, good condition 12/2. All Romex downstream will be brand new, replacing existing 14/2. GFCI protection is provided for all receptacles and the light fixtures. The range hood will not have GFCI protection. The current plan is to leave the lights on this circuit- meaning they will be rewired with 12/2 to replace existing 14/2 and have GFCI protection added (because why not?) How does this sound? Anything I’m missing? Code issues? Thank you in advance! I tried to do my research but ofc it won’t hurt to ask here. This is a fairly large task for me lol.","Planning kitchen rewire- is this up to code/safe? Hello all, 15 years ago when this kitchen was remodeled the contractor apparently used 14ga wiring throughout. I learned this while fixing up other small electrical issues during a new remodel. Attached is my plan to re-wire the kitchen island with 12/2 Romex throughout on the existing 20a breaker. TLDR: - Add GFCI protection to all outlets & lights - Replace 14/2 with 12/2 - NEC 2020, located in California The details: I wanted to ask here about if this plan is safe/up to code. I know the NEC says there should be more receptacles on the counter, but we have enough for the minimal appliances we plug in. Not a safety issue. All Romex upstream of the 20a GFCI is old, good condition 12/2. All Romex downstream will be brand new, replacing existing 14/2. GFCI protection is provided for all receptacles and the light fixtures. The range hood will not have GFCI protection. The current plan is to leave the lights on this circuit- meaning they will be rewired with 12/2 to replace existing 14/2 and have GFCI protection added (because why not?) How does this sound? Anything I’m missing? Code issues? Thank you in advance! I tried to do my research but ofc it won’t hurt to ask here. This is a fairly large task for me lol.",https://www.reddit.com/r/askanelectrician/comments/131i812/planning_kitchen_rewire_is_this_up_to_codesafe/,1,16,https://i.redd.it/9fa04tgcnlwa1.jpg,electrical issue,needs_review_medium_signal,,manual_review_pending,,medium_risk_call_pro,0.80,trade_system_issue:\bbreaker\b,"{""medium_risk_call_pro"": 2.0}",no,,,,,MR0286,medium_risk_call_pro,4,Manthan,,
fhrdfe,askanelectrician,2020-03-13T01:09:19+00:00,What happened with the outlet?,"An outlet in our house hadn't worked since we moved in and I finally decided to look (emphasis on look) at it. There were only wires in the top two of the four back holes plus a grounding copper wire connected to the bottom. The wires were one black, one white. I don't remember which was where. I inadvertently touched each of the wires with my screwdriver while touching the rod of the screwdriver but luckily nothing happened. So I assumed there was no current potential without red or green wires. Since there was a functional outlet literally less than a foot away from this one, I decided to harvest the lengths of the three wires that were accessible. So I got out my cutting pliers, reached in, and started cutting. Grounding wire cut without incident. Then I cut another. Nothing bad happened. Then the last wire. I assume I must have touched the grounding wire or the end of the first insulated wire with my pliers as I cut this last wire, because there was a pop and a bunch of sparks. There was a small, wire-shaped hunk of metal missing from one of the blades on my pliers. (Next time I went to the bathroom the lights wouldn't come on. Neither did the ones in the room with the outlet. I had to flip a breaker. For some reason, my Amazon Echo, which was plugged into an outlet less than five feet away in the same room as the ""dud"" outlet, kept playing music.) What happened, and if the wires were hot then why didn'y I get hurt when I touched them individually?","What happened with the outlet? An outlet in our house hadn't worked since we moved in and I finally decided to look (emphasis on look) at it. There were only wires in the top two of the four back holes plus a grounding copper wire connected to the bottom. The wires were one black, one white. I don't remember which was where. I inadvertently touched each of the wires with my screwdriver while touching the rod of the screwdriver but luckily nothing happened. So I assumed there was no current potential without red or green wires. Since there was a functional outlet literally less than a foot away from this one, I decided to harvest the lengths of the three wires that were accessible. So I got out my cutting pliers, reached in, and started cutting. Grounding wire cut without incident. Then I cut another. Nothing bad happened. Then the last wire. I assume I must have touched the grounding wire or the end of the first insulated wire with my pliers as I cut this last wire, because there was a pop and a bunch of sparks. There was a small, wire-shaped hunk of metal missing from one of the blades on my pliers. (Next time I went to the bathroom the lights wouldn't come on. Neither did the ones in the room with the outlet. I had to flip a breaker. For some reason, my Amazon Echo, which was plugged into an outlet less than five feet away in the same room as the ""dud"" outlet, kept playing music.) What happened, and if the wires were hot then why didn'y I get hurt when I touched them individually?",https://www.reddit.com/r/askanelectrician/comments/fhrdfe/what_happened_with_the_outlet/,0,10,https://www.reddit.com/r/askanelectrician/comments/fhrdfe/what_happened_with_the_outlet/,sparking outlet,needs_review_urgent_signal,,manual_review_pending,,urgent_safety_risk,0.82,fire_smoke_or_sparks:\bspark(?:s|ing|ed)?\b; trade_system_issue:\bbreaker\b,"{""medium_risk_call_pro"": 2.0, ""urgent_safety_risk"": 3.5}",no,,,,,MR0287,urgent_safety_risk,4,Manthan,,
1sjt7ma,HomeMaintenance,2026-04-12T22:49:17+00:00,How to fix/get rid of “red dust” in between window panes,"I’m trying to identify what this is (mold, wood rot, etc). It’s a crimson color “dust”. Is it a hazard and does the the whole window need to be replaced? It’s between the panes of glass.","How to fix/get rid of “red dust” in between window panes I’m trying to identify what this is (mold, wood rot, etc). It’s a crimson color “dust”. Is it a hazard and does the the whole window need to be replaced? It’s between the panes of glass.",https://www.reddit.com/r/HomeMaintenance/comments/1sjt7ma/how_to_fixget_rid_of_red_dust_in_between_window/,3,3,https://www.reddit.com/gallery/1sjt7ma,mold,needs_review_medium_signal,,manual_review_pending,,medium_risk_call_pro,0.80,mold_or_foundation_concern:\bmold\b,"{""medium_risk_call_pro"": 2.0}",no,,,,,MR0288,medium_risk_call_pro,4,Manthan,,
1t1j8al,Plumbing,2026-05-02T07:36:24+00:00,What is going on here with my shower head plate?,There is a slight gap between the escutcheon plate and the wall and what looks like slight hole. This is a pretty new apartment and I just moved in. Should I be concerned about moisture getting behind? Does it need to be caulked? It looks worse in the picture than it does in real life because it’s zoomed in but still don’t want a problem down the road. Thanks!,What is going on here with my shower head plate? There is a slight gap between the escutcheon plate and the wall and what looks like slight hole. This is a pretty new apartment and I just moved in. Should I be concerned about moisture getting behind? Does it need to be caulked? It looks worse in the picture than it does in real life because it’s zoomed in but still don’t want a problem down the road. Thanks!,https://www.reddit.com/r/Plumbing/comments/1t1j8al/what_is_going_on_here_with_my_shower_head_plate/,1,1,https://i.redd.it/j8ky88qegoyg1.jpeg,caulk,needs_review_unclear,,manual_review_pending,,,0.00,no_labeling_function_matched,{},yes,,,,,MR0289,needs_human_review,4,Manthan,,
1mfc0rz,DIY,2025-08-01T23:48:48+00:00,Changing Car Head Unit,"I'm trying to change the head unit in my 2018 Corolla SE, but I can't get the OEM head unit out. After I take the trim off, I can't undo two of the screws. There are 4 screws that hold the head unit on either side. The top two screws are very easy to undo. The bottom two will not budge no matter how hard I try. The plastic in the back starts to flex when I really put force into it, so I'm afraid of pushing any harder. I was having a noise problem when I first bought the car where I would hear something rattling under the dash. The dealership tied things down more to reduce the noise. I'm wondering if they put some Loctite on the screws. It wouldn't really make sense to do that for noise reduction but who knows. Anyone have any tips on loosing a screw that won't budge?","Changing Car Head Unit I'm trying to change the head unit in my 2018 Corolla SE, but I can't get the OEM head unit out. After I take the trim off, I can't undo two of the screws. There are 4 screws that hold the head unit on either side. The top two screws are very easy to undo. The bottom two will not budge no matter how hard I try. The plastic in the back starts to flex when I really put force into it, so I'm afraid of pushing any harder. I was having a noise problem when I first bought the car where I would hear something rattling under the dash. The dealership tied things down more to reduce the noise. I'm wondering if they put some Loctite on the screws. It wouldn't really make sense to do that for noise reduction but who knows. Anyone have any tips on loosing a screw that won't budge?",https://www.reddit.com/r/DIY/comments/1mfc0rz/changing_car_head_unit/,1,0,https://www.reddit.com/r/DIY/comments/1mfc0rz/changing_car_head_unit/,loose trim,needs_review_low_signal,,manual_review_pending,,low_risk_diy,0.82,cosmetic_or_minor_finish:\btrim\b,"{""low_risk_diy"": 2.2}",no,,,,,MR0290,low_risk_diy,1,Patrick,,
n60jgm,askanelectrician,2021-05-06T06:03:20+00:00,"Is this normal, seems sketchy to me. Garage just built and I ran two outlets for real quick. 100 amp coming from house to a box in garage. 20 amp outlets with 12/2 ran to them. Maybe this is a bigger spark than the typical 14/2 that’s in my house outlets? I killed power from the house to be safe.",,"Is this normal, seems sketchy to me. Garage just built and I ran two outlets for real quick. 100 amp coming from house to a box in garage. 20 amp outlets with 12/2 ran to them. Maybe this is a bigger spark than the typical 14/2 that’s in my house outlets? I killed power from the house to be safe.",https://www.reddit.com/r/askanelectrician/comments/n60jgm/is_this_normal_seems_sketchy_to_me_garage_just/,7,44,https://v.redd.it/ilfl4rudxfx61,sparking outlet,needs_review_urgent_signal,,manual_review_pending,,urgent_safety_risk,0.82,fire_smoke_or_sparks:\bspark(?:s|ing|ed)?\b; trade_system_issue:\boutlets?\b,"{""medium_risk_call_pro"": 2.0, ""urgent_safety_risk"": 3.5}",no,,,,,MR0291,urgent_safety_risk,1,Patrick,,
10uhlr3,askanelectrician,2023-02-05T17:12:00+00:00,"Hello, I am switching my gas stove to electric. We are currently worried that the house (built in 1956) cannot run on our home currently. Is this viable or do we need another line?",,"Hello, I am switching my gas stove to electric. We are currently worried that the house (built in 1956) cannot run on our home currently. Is this viable or do we need another line?",https://www.reddit.com/r/askanelectrician/comments/10uhlr3/hello_i_am_switching_my_gas_stove_to_electric_we/,4,19,https://www.reddit.com/gallery/10uhlr3,electrical issue,needs_review_unclear,,manual_review_pending,,,0.00,no_labeling_function_matched,{},yes,,,,,MR0292,needs_human_review,1,Patrick,,
1sa53ki,HomeMaintenance,2026-04-02T02:30:07+00:00,"Water damage caused peeling drywall, don’t know where to start","I’ve patched small holes in drywall, but never this kind of front peeling from water damage. Do I need to cut out the entire area and replace the drywall? Scrape the peeling part off and just paint over it? A series of patches? It’s over about a 12” x 18” area Edit: water source resolved, roof issue where water was getting under the siding in one area and dripping down","Water damage caused peeling drywall, don’t know where to start I’ve patched small holes in drywall, but never this kind of front peeling from water damage. Do I need to cut out the entire area and replace the drywall? Scrape the peeling part off and just paint over it? A series of patches? It’s over about a 12” x 18” area Edit: water source resolved, roof issue where water was getting under the siding in one area and dripping down",https://www.reddit.com/r/HomeMaintenance/comments/1sa53ki/water_damage_caused_peeling_drywall_dont_know/,2,3,https://i.redd.it/8yh9e6iruosg1.jpeg,paint peeling,needs_review_medium_signal,,manual_review_pending,,medium_risk_call_pro,0.67,contained_water_damage:\bwater damage(?:d)?\b; cosmetic_or_minor_finish:\bpaint(?:ing|ed)?\b,"{""low_risk_diy"": 2.2, ""medium_risk_call_pro"": 2.0}",yes,,,,,MR0293,needs_human_review,4,Manthan,,
11fehv2,askanelectrician,2023-03-01T19:34:51+00:00,Burning Through Bulbs...,"See what I did there? Anyway, I have a few rooms in my house where I am going through lightbulbs about every 6 months. There doesn't seem to be a rhyme or reason - for example, one room is the garage using fluorescent tubes, one is a bar area using fluorescent tubes in under cabinet lighting, and another is a room using LEDs in canned ceiling lights. This seems crazy. &#x200B; So, do I just need to buy better lightbulbs, or... do could have an electrical issue somewhere?","Burning Through Bulbs... See what I did there? Anyway, I have a few rooms in my house where I am going through lightbulbs about every 6 months. There doesn't seem to be a rhyme or reason - for example, one room is the garage using fluorescent tubes, one is a bar area using fluorescent tubes in under cabinet lighting, and another is a room using LEDs in canned ceiling lights. This seems crazy. &#x200B; So, do I just need to buy better lightbulbs, or... do could have an electrical issue somewhere?",https://www.reddit.com/r/askanelectrician/comments/11fehv2/burning_through_bulbs/,0,7,https://www.reddit.com/r/askanelectrician/comments/11fehv2/burning_through_bulbs/,electrical issue,needs_review_unclear,,manual_review_pending,,,0.00,no_labeling_function_matched,{},yes,,,,,MR0294,needs_human_review,1,Patrick,,
1rnf6ik,DIY,2026-03-07T17:05:28+00:00,Masonry Paint advice (UK),"I recently agreed to paint the exterior of a friend's terraced house. As you can see the old paint ended up being worse than I first thought. The upper floor paint is still pretty sound. My current plan is - seal the edges with Zinsser Peel Stop, fill the gaps to level the surface, then paint. I know that peeling and bubbling of paint can be caused by moisture unable to escape through the walls because of the paint barrier. That might be the case here, or it might just be that the paint is old. My friend only recently bought the house and there's only one layer of paint so it might have been on there for years. So I have two questions: 1) In terms of filling I'm looking at Toupret Anti-Damp Render or Toupret Masonry Repair filler. The former is breathable, Google AI claims the latter is, but I don't know for sure. Thoughts? 2) How important is it to use a silicone based breathable masonry paint? I'm pretty sure my friend will object to shelling out for Emperor. She's very particular about the colour and is currently into the Valspar range at B&Q because of the mixing options. Again, advice on paint would be well received. Many thanks!","Masonry Paint advice (UK) I recently agreed to paint the exterior of a friend's terraced house. As you can see the old paint ended up being worse than I first thought. The upper floor paint is still pretty sound. My current plan is - seal the edges with Zinsser Peel Stop, fill the gaps to level the surface, then paint. I know that peeling and bubbling of paint can be caused by moisture unable to escape through the walls because of the paint barrier. That might be the case here, or it might just be that the paint is old. My friend only recently bought the house and there's only one layer of paint so it might have been on there for years. So I have two questions: 1) In terms of filling I'm looking at Toupret Anti-Damp Render or Toupret Masonry Repair filler. The former is breathable, Google AI claims the latter is, but I don't know for sure. Thoughts? 2) How important is it to use a silicone based breathable masonry paint? I'm pretty sure my friend will object to shelling out for Emperor. She's very particular about the colour and is currently into the Valspar range at B&Q because of the mixing options. Again, advice on paint would be well received. Many thanks!",https://www.reddit.com/r/DIY/comments/1rnf6ik/masonry_paint_advice_uk/,3,0,https://i.redd.it/sj4qfz8llnng1.jpeg,paint peeling,needs_review_low_signal,,manual_review_pending,,low_risk_diy,0.82,cosmetic_or_minor_finish:\bpaint(?:ing|ed)?\b,"{""low_risk_diy"": 2.2}",no,,,,,MR0295,low_risk_diy,4,Manthan,,
xqjwif,askanelectrician,2022-09-28T18:09:45+00:00,At a loss with half circuit failure..,"My new construction finished basement electric worked fine for several months. I was adding some trim and using my mitre saw indoors (which I’ve used several times before in the basement) when immediately after turning on the saw I lost power to the saw and to the outlet it was plugged into. This particular outlet is on a circuit that contains three outlets, lights in the bathroom, lights to a storage area, and a light at the top of the stairs to the basement. All of these previously worked fine prior to abrupt failure after using the saw. Obviously, my first check was to check the circuit breaker, but it was fine. There are no GFCI outlets in this circuit. The lights in the storage area, the other two outlets on the circuit continue to work. What doesn’t work are the bathroom lights, a third outlet on the circuit, and the light at the top of the stairs I’ve done the following without correcting the problem: 1. Used an outlet tester that on the affected outlet is reading as ground/hot reversed. 2. Other two outlets are reading as normal. 3. From what I’ve read in other forums often times a ground/hot reversal is truly an open neutral. 4. I’ve taken apart all of the outlets none of which have a loose neutral wire and all of which are tightly attached to screws and are not backstabbed. 5. I took apart the outlet switches that control the storage area light, three gang switch box in bathroom (including vanity light, can lights, and exhaust fan and did not find any loose wiring or open neutral). 6. I’ve noticed when I turn on the light switch to control the light at the top of the stairs it changes the outlet tester from hot/brown reverse to open neutral. I took apart the can light at the top of the steps and there is no loose wiring there either. 7. I checked the basement subpanel and the circuit breaker is functioning appropriately and I did not find any loose wires in the neutral bar Any suggestions would be greatly appreciated!","At a loss with half circuit failure.. My new construction finished basement electric worked fine for several months. I was adding some trim and using my mitre saw indoors (which I’ve used several times before in the basement) when immediately after turning on the saw I lost power to the saw and to the outlet it was plugged into. This particular outlet is on a circuit that contains three outlets, lights in the bathroom, lights to a storage area, and a light at the top of the stairs to the basement. All of these previously worked fine prior to abrupt failure after using the saw. Obviously, my first check was to check the circuit breaker, but it was fine. There are no GFCI outlets in this circuit. The lights in the storage area, the other two outlets on the circuit continue to work. What doesn’t work are the bathroom lights, a third outlet on the circuit, and the light at the top of the stairs I’ve done the following without correcting the problem: 1. Used an outlet tester that on the affected outlet is reading as ground/hot reversed. 2. Other two outlets are reading as normal. 3. From what I’ve read in other forums often times a ground/hot reversal is truly an open neutral. 4. I’ve taken apart all of the outlets none of which have a loose neutral wire and all of which are tightly attached to screws and are not backstabbed. 5. I took apart the outlet switches that control the storage area light, three gang switch box in bathroom (including vanity light, can lights, and exhaust fan and did not find any loose wiring or open neutral). 6. I’ve noticed when I turn on the light switch to control the light at the top of the stairs it changes the outlet tester from hot/brown reverse to open neutral. I took apart the can light at the top of the steps and there is no loose wiring there either. 7. I checked the basement subpanel and the circuit breaker is functioning appropriately and I did not find any loose wires in the neutral bar Any suggestions would be greatly appreciated!",https://www.reddit.com/r/askanelectrician/comments/xqjwif/at_a_loss_with_half_circuit_failure/,1,11,https://www.reddit.com/r/askanelectrician/comments/xqjwif/at_a_loss_with_half_circuit_failure/,loose trim,needs_review_medium_signal,,manual_review_pending,,medium_risk_call_pro,0.67,trade_system_issue:\bbreaker\b; cosmetic_or_minor_finish:\btrim\b,"{""low_risk_diy"": 2.2, ""medium_risk_call_pro"": 2.0}",yes,,,,,MR0296,needs_human_review,3,Max,,
1sy0r4r,HomeMaintenance,2026-04-28T13:00:29+00:00,Bad header??,When having contractor install new siding discovered mold and water issues inside wall of the house. See the first 2 photos. The second 2 photos show the other side of the wall after all interior drywall was removed and mold remediated. A close up of the header over the windows in the photos shows damage. My questions are: Does this header need to be replaced? Is the damage in the photos water damage or is there also termite/carpenter ant damage? I am sure there is water damage but maybe also insect damage?,Bad header?? When having contractor install new siding discovered mold and water issues inside wall of the house. See the first 2 photos. The second 2 photos show the other side of the wall after all interior drywall was removed and mold remediated. A close up of the header over the windows in the photos shows damage. My questions are: Does this header need to be replaced? Is the damage in the photos water damage or is there also termite/carpenter ant damage? I am sure there is water damage but maybe also insect damage?,https://www.reddit.com/r/HomeMaintenance/comments/1sy0r4r/bad_header/,3,3,https://www.reddit.com/gallery/1sy0r4r,mold,needs_review_medium_signal,,manual_review_pending,,medium_risk_call_pro,0.95,contained_water_damage:\bwater damage(?:d)?\b; mold_or_foundation_concern:\bmold\b,"{""medium_risk_call_pro"": 4.0}",no,,,,,MR0297,medium_risk_call_pro,2,Sarah,,
1tqlb5d,DIY,2026-05-29T00:16:57+00:00,How do I repair small paint/drywall scuffs on a textured wall + fix scratches on a wood bannister?,"Hey all - new-ish homeowner trying to clean up some cosmetic wear and tear and I’d love advice from people who’ve done this right. # 1) Textured wall paint/drywall scuff I’ve got a small area on a textured interior wall (front room) where the paint is scraped/peeled and the drywall underneath is *slightly* damaged, but not like a big hole or anything. No moisture issues (not near water sources, no humidity concerns). I think I still have some of the original paint left in the garage from the previous owners - and even if it’s too old to use, I should be able to color match it. My main questions about this are: * Can I just color match and dab/roll paint over it, or will it “flash” and be noticeable? * Do I need to spackle + prime first even if it’s a tiny spot? * Any tips for touching up *textured* walls so it blends? # 2) Scratches on wooden bannister/handrail Also, my wood bannister/handrail has a bunch of light scratches/scuffs (looks like finish scratches more than deep gouges). I want to make it look better without making it worse. My questions here are: * What's the best method for fixing these? (sand + stain + poly? wood marker? gel stain? something else?) * How do I tell if it’s polyurethane vs lacquer vs something else? * If I only spot-fix, will it look patchy? I’m trying to keep it DIY-friendly and not turn a small project into a full refinishing nightmare. Any step-by-step advice or product recs appreciated. Thanks!","How do I repair small paint/drywall scuffs on a textured wall + fix scratches on a wood bannister? Hey all - new-ish homeowner trying to clean up some cosmetic wear and tear and I’d love advice from people who’ve done this right. # 1) Textured wall paint/drywall scuff I’ve got a small area on a textured interior wall (front room) where the paint is scraped/peeled and the drywall underneath is *slightly* damaged, but not like a big hole or anything. No moisture issues (not near water sources, no humidity concerns). I think I still have some of the original paint left in the garage from the previous owners - and even if it’s too old to use, I should be able to color match it. My main questions about this are: * Can I just color match and dab/roll paint over it, or will it “flash” and be noticeable? * Do I need to spackle + prime first even if it’s a tiny spot? * Any tips for touching up *textured* walls so it blends? # 2) Scratches on wooden bannister/handrail Also, my wood bannister/handrail has a bunch of light scratches/scuffs (looks like finish scratches more than deep gouges). I want to make it look better without making it worse. My questions here are: * What's the best method for fixing these? (sand + stain + poly? wood marker? gel stain? something else?) * How do I tell if it’s polyurethane vs lacquer vs something else? * If I only spot-fix, will it look patchy? I’m trying to keep it DIY-friendly and not turn a small project into a full refinishing nightmare. Any step-by-step advice or product recs appreciated. Thanks!",https://www.reddit.com/r/DIY/comments/1tqlb5d/how_do_i_repair_small_paintdrywall_scuffs_on_a/,12,3,https://www.reddit.com/r/DIY/comments/1tqlb5d/how_do_i_repair_small_paintdrywall_scuffs_on_a/,paint peeling,needs_review_low_signal,,manual_review_pending,,low_risk_diy,0.82,cosmetic_or_minor_finish:\bpaint(?:ing|ed)?\b,"{""low_risk_diy"": 2.2}",no,,,,,MR0298,low_risk_diy,1,Patrick,,
1ti4hbh,HomeImprovement,2026-05-19T23:44:52+00:00,What do I do about this rotten wood?,"This is in my sunroom that has been leaking for many years. We've managed to stop the leaking, but how can I repair this? Edit: fully intended on posting a photo, but not sure how. It's the base of some posts. The wood is not wet, just stained and dark from rot.","What do I do about this rotten wood? This is in my sunroom that has been leaking for many years. We've managed to stop the leaking, but how can I repair this? Edit: fully intended on posting a photo, but not sure how. It's the base of some posts. The wood is not wet, just stained and dark from rot.",https://www.reddit.com/r/HomeImprovement/comments/1ti4hbh/what_do_i_do_about_this_rotten_wood/,1,1,https://www.reddit.com/r/HomeImprovement/comments/1ti4hbh/what_do_i_do_about_this_rotten_wood/,leak,needs_review_medium_signal,,manual_review_pending,,medium_risk_call_pro,0.67,contained_water_damage:\bleak(?:s|ing|ed)?\b; cosmetic_or_minor_finish:\bstain(?:ing|ed)?\b,"{""low_risk_diy"": 2.2, ""medium_risk_call_pro"": 2.0}",yes,,,,,MR0299,needs_human_review,1,Patrick,,
10zs5x6,askanelectrician,2023-02-11T16:56:54+00:00,Issues replacing electric cooktop,"I hope someone can help, this has become beyond frustrating. I am trying to replace a 15 year old smooth electric cooktop with an induction cooktop. It was a very easy job right up to the point where I turned the breaker on and discovered the new cooktop was getting no power. The house is 15 years old, so modern wiring. Both old and new cooktops use 3 wires, the supply line has 4 wires. The white wire was not used and was capped with a wire nut. The actual connections are black-black, red-red and ground-ground. Old and new cooktops have stranded wires, the supply line is solid copper. I’ve done a lot of back and forth, putting the old cooktop back in and so on. Here is a summary of what I’ve found: - I measured 247 volts at the supply to the cooktop - I cut off the exposed wire on the supply side and stripped it back to expose new wire. - I have not been able to get the old cooktop working again when making the connection with wire nuts. I tried both the original ones and new larger ones (blue) but neither has worked. When I remove the wire nuts the two wires seem to be well connected with the stranded wire wrapped around the solid wire. - I can get the old cooktop working by using electrical tape to connect the wires together. Yes, I know this is not a smart thing to do but it has helped in the trouble shooting. - I was not able to get the new cooktop to work with the taped connection. My initial feeling is that the new cooktop might be defective but I’m not convinced given the trouble I’ve had getting the old one reconnected. I cannot understand why the wire nut connections aren’t working where a taped connection is. Any insight or tricks would be very much welcomed at this point.","Issues replacing electric cooktop I hope someone can help, this has become beyond frustrating. I am trying to replace a 15 year old smooth electric cooktop with an induction cooktop. It was a very easy job right up to the point where I turned the breaker on and discovered the new cooktop was getting no power. The house is 15 years old, so modern wiring. Both old and new cooktops use 3 wires, the supply line has 4 wires. The white wire was not used and was capped with a wire nut. The actual connections are black-black, red-red and ground-ground. Old and new cooktops have stranded wires, the supply line is solid copper. I’ve done a lot of back and forth, putting the old cooktop back in and so on. Here is a summary of what I’ve found: - I measured 247 volts at the supply to the cooktop - I cut off the exposed wire on the supply side and stripped it back to expose new wire. - I have not been able to get the old cooktop working again when making the connection with wire nuts. I tried both the original ones and new larger ones (blue) but neither has worked. When I remove the wire nuts the two wires seem to be well connected with the stranded wire wrapped around the solid wire. - I can get the old cooktop working by using electrical tape to connect the wires together. Yes, I know this is not a smart thing to do but it has helped in the trouble shooting. - I was not able to get the new cooktop to work with the taped connection. My initial feeling is that the new cooktop might be defective but I’m not convinced given the trouble I’ve had getting the old one reconnected. I cannot understand why the wire nut connections aren’t working where a taped connection is. Any insight or tricks would be very much welcomed at this point.",https://www.reddit.com/r/askanelectrician/comments/10zs5x6/issues_replacing_electric_cooktop/,0,6,https://www.reddit.com/r/askanelectrician/comments/10zs5x6/issues_replacing_electric_cooktop/,electrical issue,needs_review_medium_signal,,manual_review_pending,,medium_risk_call_pro,0.80,trade_system_issue:\bbreaker\b,"{""medium_risk_call_pro"": 2.0}",no,,,,,MR0300,medium_risk_call_pro,2,Sarah,,
