reddit_id,subreddit,created_utc,title,selftext,text,permalink,score,num_comments,url,source_query,review_hint,label,label_status,label_notes,auto_label,auto_label_confidence,auto_label_reason,auto_label_scores,needs_human_review,label_source,human_label,human_review_notes,audit_agrees,manual_review_id,review_bucket,assigned_reviewer_number,assigned_reviewer,human_confidence,reviewed_at
17a7vxe,HomeImprovement,2023-10-17T20:30:28+00:00,Gas fireplace hissing sound,I have a Vermont castings Radiance natural gas fireplace. I replaced the pilot assembly and now I hear a hissing noise. I can’t really smell gas though? Any thoughts?,Gas fireplace hissing sound I have a Vermont castings Radiance natural gas fireplace. I replaced the pilot assembly and now I hear a hissing noise. I can’t really smell gas though? Any thoughts?,https://www.reddit.com/r/HomeImprovement/comments/17a7vxe/gas_fireplace_hissing_sound/,2,0,https://www.reddit.com/r/HomeImprovement/comments/17a7vxe/gas_fireplace_hissing_sound/,gas smell,needs_review_urgent_signal,,manual_review_pending,,urgent_safety_risk,0.95,gas_or_carbon_monoxide:\bsmell(?:s|ing)? (?:like )?gas\b,"{""urgent_safety_risk"": 4.0}",no,,,,,MR0003,urgent_safety_risk,2,Sarah,,
13os8iz,HomeImprovement,2023-05-22T14:18:57+00:00,Bad Smell in garage,"A few weeks ago our house was filled with a sulfur, rotten egg smell. Thinking it could be natural gas, I called the fire company and they came out. Luckily, they said it wasn’t a gas leak but most likely a sewer/plumbing issue. The smell went away, but then a week later it came back. We called a plumber and they said they couldn’t find any issues and that it might be a dead animal. We also were able to pin down that the smell was coming from the garage. We cleared out the garage and called an exterminator and they came out, couldn’t find anything, and stated that it’s not a dead animal as the smell would be constant. The smell went away again. Well last night the smell is back and I really don’t know what to do next. Has this happened to anyone else before? Any help is appreciated!!","Bad Smell in garage A few weeks ago our house was filled with a sulfur, rotten egg smell. Thinking it could be natural gas, I called the fire company and they came out. Luckily, they said it wasn’t a gas leak but most likely a sewer/plumbing issue. The smell went away, but then a week later it came back. We called a plumber and they said they couldn’t find any issues and that it might be a dead animal. We also were able to pin down that the smell was coming from the garage. We cleared out the garage and called an exterminator and they came out, couldn’t find anything, and stated that it’s not a dead animal as the smell would be constant. The smell went away again. Well last night the smell is back and I really don’t know what to do next. Has this happened to anyone else before? Any help is appreciated!!",https://www.reddit.com/r/HomeImprovement/comments/13os8iz/bad_smell_in_garage/,1,6,https://www.reddit.com/r/HomeImprovement/comments/13os8iz/bad_smell_in_garage/,gas smell,needs_review_urgent_signal,,manual_review_pending,,urgent_safety_risk,0.87,gas_or_carbon_monoxide:\bnatural gas\b; contained_water_damage:\bleak(?:s|ing|ed)?\b; trade_system_issue:\bplumbing\b,"{""medium_risk_call_pro"": 4.0, ""urgent_safety_risk"": 4.0}",yes,,,,,MR0004,needs_human_review,2,Sarah,,
187db7,DIY,2013-02-09T19:05:31+00:00,Advice on restoring an old drawing table,"Some background: A few years ago my girlfriend bought this gorgeous old drawing table from a semi-antique-semi-old-crap store. The only problem is that someone attached a whiteboard surface to the front of it, and not just with screws - they screwed and glued on the whiteboard as well as the trim around it. Here are some pictures: [Looks like nothing special here, but you can see the whiteboard and trim](http://r.u13.net/permatemp/drawingtable/IMG_20130209_121539.jpg) [The back](http://r.u13.net/permatemp/drawingtable/IMG_20130209_121522.jpg) - here you can start seeing its age a bit, and the awesome old hardware on it [The hardware](http://r.u13.net/permatemp/drawingtable/IMG_20130209_123012.jpg) that controls/locks/clamps the pivot - this is my favorite thing about it. It reminds me of a 120 year old warehouse/factory I used to work in [Vertical/elevation control](http://r.u13.net/permatemp/drawingtable/IMG_20130209_123018.jpg) - It's hard to see at the angle I took this picture, but in the vertical piece there is a long slot that allows the height of the table to be varied and locked with the cast knob sticking out Now to discuss some of the work I want to do, and how to accomplish it: [There are some cracks](http://r.u13.net/permatemp/drawingtable/IMG_20130209_123049.jpg) - 2 or 3 cracks, this is the biggest one. Most or all of them are separations in the tongue-and-groove construction of the board, but this one in particular actually has a split in the wood near the end [Here it is with the whiteboard removed/peeled off](http://r.u13.net/permatemp/drawingtable/IMG_20130209_122659.jpg) - You can see the black which I think is mostly from the glue used to attach the whiteboard or maybe something that someone previously attached to it (sigh) My goal is to strip all of this crap off, and finish the wood properly. I do a lot of DIY stuff, but haven't done much of anything with pretty wood (just light construction and mechanical work). This is where I need /r/DIY's help. [close-up of one end](http://r.u13.net/permatemp/drawingtable/IMG_20130209_122715.jpg) you can see this is where one of the tongue and grooves which is separating turns into an actual crack at the end. you can also see the surface of the board in some detail [Tongue and groove separation](http://r.u13.net/permatemp/drawingtable/IMG_20130209_122729.jpg) [The board is held to the frame](http://r.u13.net/permatemp/drawingtable/IMG_20130209_123025.jpg) with more awesome hardware. These clips are screwed into the board and go into a slot in the back frame of the board [Some promise](http://r.u13.net/permatemp/drawingtable/IMG_20130209_123641.jpg) of what lies underneath. I didn't do anything to this, it is just a cleaner area of what was underneath when I pulled the whiteboard off [last close-up](http://r.u13.net/permatemp/drawingtable/IMG_20130209_122745.jpg) of a section of the board So now that all said - I need some advice: * What is the best way to strip this glue off but not being so aggressive as to create pockmarks or uneveness in the drawing surface? * In the pictures of the end, you can see that some wood glue of some sort was used to hold the trim on the sides (in addition to screws - everything was screwed+glued) * Once the surface is stripped, what is the right finish to try and put on it to protect the surface? I think I would only do this to the front, since the unfinished other sides are in pretty good shape. * Regarding the cracks/tongue in groove which is pulling apart - do you recommed just leaving this, or should I try and pull apart the parts of the board where this is happening and repair the tongue in groove somehow? I don't have access woodworking tools (in an apartment in Chicago) to potentially cut new tongues/grooves in the boards :( I do have a good number of hand tools and am not opposed to buying more, and access to off-street space where I can work on this (and I have a basic 6 tool Dewalt 18V cordless tool set). I'm not opposed to buying the right tools to repair this, but it can't be something like a tablesaw :) * Anyone got any guesses about how old this might be? I'm guessing 80-100 years but that's loosely based on the fact that the age and hardware of it looks similar to what I saw in that old factory I used to work in. * Lastly, the original hardware which is used for the pivot is missing :( It came with some [1/4/20 nuts+bolts and fender washers](http://r.u13.net/permatemp/drawingtable/IMG_20130209_130114.jpg). I would really, really love to find some period-appropriate hardware to replace this! edit: I can provide more or higher resolution/better pictures easily enough edit: looks like Google is rate-limiting views of the pictures, re-hosting them in a few minutes","Advice on restoring an old drawing table Some background: A few years ago my girlfriend bought this gorgeous old drawing table from a semi-antique-semi-old-crap store. The only problem is that someone attached a whiteboard surface to the front of it, and not just with screws - they screwed and glued on the whiteboard as well as the trim around it. Here are some pictures: [Looks like nothing special here, but you can see the whiteboard and trim](http://r.u13.net/permatemp/drawingtable/IMG_20130209_121539.jpg) [The back](http://r.u13.net/permatemp/drawingtable/IMG_20130209_121522.jpg) - here you can start seeing its age a bit, and the awesome old hardware on it [The hardware](http://r.u13.net/permatemp/drawingtable/IMG_20130209_123012.jpg) that controls/locks/clamps the pivot - this is my favorite thing about it. It reminds me of a 120 year old warehouse/factory I used to work in [Vertical/elevation control](http://r.u13.net/permatemp/drawingtable/IMG_20130209_123018.jpg) - It's hard to see at the angle I took this picture, but in the vertical piece there is a long slot that allows the height of the table to be varied and locked with the cast knob sticking out Now to discuss some of the work I want to do, and how to accomplish it: [There are some cracks](http://r.u13.net/permatemp/drawingtable/IMG_20130209_123049.jpg) - 2 or 3 cracks, this is the biggest one. Most or all of them are separations in the tongue-and-groove construction of the board, but this one in particular actually has a split in the wood near the end [Here it is with the whiteboard removed/peeled off](http://r.u13.net/permatemp/drawingtable/IMG_20130209_122659.jpg) - You can see the black which I think is mostly from the glue used to attach the whiteboard or maybe something that someone previously attached to it (sigh) My goal is to strip all of this crap off, and finish the wood properly. I do a lot of DIY stuff, but haven't done much of anything with pretty wood (just light construction and mechanical work). This is where I need /r/DIY's help. [close-up of one end](http://r.u13.net/permatemp/drawingtable/IMG_20130209_122715.jpg) you can see this is where one of the tongue and grooves which is separating turns into an actual crack at the end. you can also see the surface of the board in some detail [Tongue and groove separation](http://r.u13.net/permatemp/drawingtable/IMG_20130209_122729.jpg) [The board is held to the frame](http://r.u13.net/permatemp/drawingtable/IMG_20130209_123025.jpg) with more awesome hardware. These clips are screwed into the board and go into a slot in the back frame of the board [Some promise](http://r.u13.net/permatemp/drawingtable/IMG_20130209_123641.jpg) of what lies underneath. I didn't do anything to this, it is just a cleaner area of what was underneath when I pulled the whiteboard off [last close-up](http://r.u13.net/permatemp/drawingtable/IMG_20130209_122745.jpg) of a section of the board So now that all said - I need some advice: * What is the best way to strip this glue off but not being so aggressive as to create pockmarks or uneveness in the drawing surface? * In the pictures of the end, you can see that some wood glue of some sort was used to hold the trim on the sides (in addition to screws - everything was screwed+glued) * Once the surface is stripped, what is the right finish to try and put on it to protect the surface? I think I would only do this to the front, since the unfinished other sides are in pretty good shape. * Regarding the cracks/tongue in groove which is pulling apart - do you recommed just leaving this, or should I try and pull apart the parts of the board where this is happening and repair the tongue in groove somehow? I don't have access woodworking tools (in an apartment in Chicago) to potentially cut new tongues/grooves in the boards :( I do have a good number of hand tools and am not opposed to buying more, and access to off-street space where I can work on this (and I have a basic 6 tool Dewalt 18V cordless tool set). I'm not opposed to buying the right tools to repair this, but it can't be something like a tablesaw :) * Anyone got any guesses about how old this might be? I'm guessing 80-100 years but that's loosely based on the fact that the age and hardware of it looks similar to what I saw in that old factory I used to work in. * Lastly, the original hardware which is used for the pivot is missing :( It came with some [1/4/20 nuts+bolts and fender washers](http://r.u13.net/permatemp/drawingtable/IMG_20130209_130114.jpg). I would really, really love to find some period-appropriate hardware to replace this! edit: I can provide more or higher resolution/better pictures easily enough edit: looks like Google is rate-limiting views of the pictures, re-hosting them in a few minutes",https://www.reddit.com/r/DIY/comments/187db7/advice_on_restoring_an_old_drawing_table/,3,2,https://www.reddit.com/r/DIY/comments/187db7/advice_on_restoring_an_old_drawing_table/,loose trim,needs_review_low_signal,,manual_review_pending,,low_risk_diy,0.82,cosmetic_or_minor_finish:\btrim\b,"{""low_risk_diy"": 2.2}",no,,,,,MR0010,low_risk_diy,2,Sarah,,
zyk88w,askanelectrician,2022-12-29T23:33:33+00:00,Question about an outlet/fuse box in my home?,I live in a small 1 b1b townhome and the other night I plugged my lamp into my outlet in the living room. It’s been plugged up there since I’ve moved in. As soon as it hit the outlet it sparked and flipped the breaker. I went to the box and flipped breaker back. Lights came back. I went back again to plug in the lamp and it sparked and flipped breaker again. But this time it would not let me reset the breaker. It sits in the middle resting and will not reset. Would that be my outlet or the fuse in the box?,Question about an outlet/fuse box in my home? I live in a small 1 b1b townhome and the other night I plugged my lamp into my outlet in the living room. It’s been plugged up there since I’ve moved in. As soon as it hit the outlet it sparked and flipped the breaker. I went to the box and flipped breaker back. Lights came back. I went back again to plug in the lamp and it sparked and flipped breaker again. But this time it would not let me reset the breaker. It sits in the middle resting and will not reset. Would that be my outlet or the fuse in the box?,https://www.reddit.com/r/askanelectrician/comments/zyk88w/question_about_an_outletfuse_box_in_my_home/,0,2,https://www.reddit.com/r/askanelectrician/comments/zyk88w/question_about_an_outletfuse_box_in_my_home/,sparking outlet,needs_review_medium_signal,,manual_review_pending,,urgent_safety_risk,0.82,fire_smoke_or_sparks:\bspark(?:s|ing|ed)?\b; trade_system_issue:\bbreaker\b,"{""medium_risk_call_pro"": 2.0, ""urgent_safety_risk"": 3.5}",no,,,,,MR0015,urgent_safety_risk,2,Sarah,,
1t7vu7c,HomeImprovement,2026-05-09T05:29:00+00:00,Creating a waterproof seal over a deteriorating brick chimney,"I have an old brick chimney with a metal smokestack in the middle for the heater. During heavy rains, the ground around this pillar always leaks in the basement. It is possible that water is getting through the heat vent, but I suspect the brick is just falling apart. I am trying to figure out a relatively simple way of sealing the crown. My current idea is to remove all lose layers of brick until I get to a solid layer and simply paint roof adhesive over everything. Would this work or will I run into issues down the road?","Creating a waterproof seal over a deteriorating brick chimney I have an old brick chimney with a metal smokestack in the middle for the heater. During heavy rains, the ground around this pillar always leaks in the basement. It is possible that water is getting through the heat vent, but I suspect the brick is just falling apart. I am trying to figure out a relatively simple way of sealing the crown. My current idea is to remove all lose layers of brick until I get to a solid layer and simply paint roof adhesive over everything. Would this work or will I run into issues down the road?",https://www.reddit.com/r/HomeImprovement/comments/1t7vu7c/creating_a_waterproof_seal_over_a_deteriorating/,3,5,https://www.reddit.com/r/HomeImprovement/comments/1t7vu7c/creating_a_waterproof_seal_over_a_deteriorating/,leak,needs_review_medium_signal,,manual_review_pending,,medium_risk_call_pro,0.67,contained_water_damage:\bleak(?:s|ing|ed)?\b; cosmetic_or_minor_finish:\bpaint(?:ing|ed)?\b,"{""low_risk_diy"": 2.2, ""medium_risk_call_pro"": 2.0}",yes,,,,,MR0016,needs_human_review,2,Sarah,,
1tpezpz,HomeImprovement,2026-05-27T18:55:31+00:00,cracked tile under toilet?,"i'm sorry if this post doesn't fit this sub i was vacuuming when i noticed small cracks in the tile at the base of the toilet. i do not think they were here previously. they were brown and they lead into a dark/wet spot in the grout. i wiped them down to see what they were and that's when i found out they were cracks the only thing that has changed lately was that we had a family member over for a week who would flush with the other button (we have a weird dual flush toilet) when we don't usually do that. also, he is a bit on the heavier side, and has some trouble moving because he is old, so it's possible he could've landed with a mild amount of force which could crack the tile, but i feel like that's unlikely. is this a cause for concern? is the toilet leaking? is this easy to fix at home? we've had a lot of plumbing issues in the past and we just want some peace images: [https://imgur.com/a/ILvguTd](https://imgur.com/a/ILvguTd) thank you to anyone who can provide any information.","cracked tile under toilet? i'm sorry if this post doesn't fit this sub i was vacuuming when i noticed small cracks in the tile at the base of the toilet. i do not think they were here previously. they were brown and they lead into a dark/wet spot in the grout. i wiped them down to see what they were and that's when i found out they were cracks the only thing that has changed lately was that we had a family member over for a week who would flush with the other button (we have a weird dual flush toilet) when we don't usually do that. also, he is a bit on the heavier side, and has some trouble moving because he is old, so it's possible he could've landed with a mild amount of force which could crack the tile, but i feel like that's unlikely. is this a cause for concern? is the toilet leaking? is this easy to fix at home? we've had a lot of plumbing issues in the past and we just want some peace images: [https://imgur.com/a/ILvguTd](https://imgur.com/a/ILvguTd) thank you to anyone who can provide any information.",https://www.reddit.com/r/HomeImprovement/comments/1tpezpz/cracked_tile_under_toilet/,1,3,https://www.reddit.com/r/HomeImprovement/comments/1tpezpz/cracked_tile_under_toilet/,leak,needs_review_medium_signal,,manual_review_pending,,medium_risk_call_pro,0.87,contained_water_damage:\bleak(?:s|ing|ed)?\b; trade_system_issue:\bplumbing\b; cosmetic_or_minor_finish:\bgrout\b,"{""low_risk_diy"": 2.2, ""medium_risk_call_pro"": 4.0}",no,,,,,MR0020,medium_risk_call_pro,2,Sarah,,
1thzafk,HomeMaintenance,2026-05-19T20:28:09+00:00,"Window ACs and Mold, we gotta talk","So like a nieve little homeowner, every summer I would just throw the window ACs from the basement into the windows when it got hot, turned them on and go about my day. Did that for years no problem. Then I learned about mold - inspected mine and they were all mold factories. I googled how I clean them and I literally no joke had to take the entire thing apart just to try and deep clean the inside of them I would do that and then 3 months later, molds back again. I would throw out the old ACs and buy new ones and then 4 months later, molds in the new ones. It seems like it literally never ends and you can never win if you want 100% mold free I don’t even think it’s possible. I know for a fact that no one is getting a tool set out and disassembling their entire AC every year just to clean it out , I mean just think about grandma or grandpa who have used the same window AC for 15 years Am I just going to have to accept fate that AC = Some form of mold, even minor?","Window ACs and Mold, we gotta talk So like a nieve little homeowner, every summer I would just throw the window ACs from the basement into the windows when it got hot, turned them on and go about my day. Did that for years no problem. Then I learned about mold - inspected mine and they were all mold factories. I googled how I clean them and I literally no joke had to take the entire thing apart just to try and deep clean the inside of them I would do that and then 3 months later, molds back again. I would throw out the old ACs and buy new ones and then 4 months later, molds in the new ones. It seems like it literally never ends and you can never win if you want 100% mold free I don’t even think it’s possible. I know for a fact that no one is getting a tool set out and disassembling their entire AC every year just to clean it out , I mean just think about grandma or grandpa who have used the same window AC for 15 years Am I just going to have to accept fate that AC = Some form of mold, even minor?",https://www.reddit.com/r/HomeMaintenance/comments/1thzafk/window_acs_and_mold_we_gotta_talk/,1,4,https://www.reddit.com/r/HomeMaintenance/comments/1thzafk/window_acs_and_mold_we_gotta_talk/,mold,needs_review_medium_signal,,manual_review_pending,,medium_risk_call_pro,0.80,mold_or_foundation_concern:\bmold\b,"{""medium_risk_call_pro"": 2.0}",no,,,,,MR0021,medium_risk_call_pro,2,Sarah,,
17qbg28,HomeImprovement,2023-11-08T02:23:06+00:00,Stove not working correctly,"I recently bought a house, and while it worked during the inspection, my stove now won’t light. It clicks, I see a spark and smell gas, and sometimes see a small flame. But the burners won’t light themselves. I can light it with a match, but the flames don’t get that big and some of the burners will go out if I turn it to medium heat. It’s a brand new stove and clean throughout. Any suggestions?","Stove not working correctly I recently bought a house, and while it worked during the inspection, my stove now won’t light. It clicks, I see a spark and smell gas, and sometimes see a small flame. But the burners won’t light themselves. I can light it with a match, but the flames don’t get that big and some of the burners will go out if I turn it to medium heat. It’s a brand new stove and clean throughout. Any suggestions?",https://www.reddit.com/r/HomeImprovement/comments/17qbg28/stove_not_working_correctly/,1,7,https://www.reddit.com/r/HomeImprovement/comments/17qbg28/stove_not_working_correctly/,gas smell,needs_review_urgent_signal,,manual_review_pending,,urgent_safety_risk,0.95,gas_or_carbon_monoxide:\bsmell(?:s|ing)? (?:like )?gas\b; fire_smoke_or_sparks:\bspark(?:s|ing|ed)?\b,"{""urgent_safety_risk"": 7.5}",no,,,,,MR0022,urgent_safety_risk,2,Sarah,,
p1xehv,askanelectrician,2021-08-10T20:20:00+00:00,Question about bizarre electrical problem with PC,"I hope this is the right place for this question. I didn't see anything in the rules indicating otherwise. I had a problem with my PC and it's a problem that I still can't find an answer to anywhere. I recently built a PC and I was basically done with the whole thing. I had it sitting on a desk on my upstairs floor. It was using an 850 Watt Corsair power supply. Everything was working perfectly fine. I opened up a software called to CrystalDiskInfo, which tells the user information about any drives that are in that system. I noticed that some of my drives were running hotter than they should have been. Makes sense, the PC was on the second floor of a non air conditioned house during a heatwave. I decided to move the PC to the basement where I could work on it without worrying about the hard drives and SSDs heating up. I reach around to the back of the tower and I SHUT THE POWER SUPPLY OFF. I take the PC, monitor, keyboard, and mouse down stairs. I plugged the monitor in. I plugged the monitor into the PC with a video cable and turned the monitor on. Then I tried to plug the PC in. The power supply has three prongs, the center one being a ground. The power supply was completely off which means there should be no current in the system. When I plugged the PC/power supply in for the first time, the room instantly went dark. My father was sure that it had to be a coincidence since he was confident the outlet I plugged the PC in to was on another circuit. That seemed odd to me for two reasons. The first being that I previously already had a different PC down there and it worked perfectly fine when it was there. The second being that the PSU switch was in the off position, meaning it should matter zip where it's plugged into as it's not using any electricity. So we reset the breaker and go back to the basement. I plug the PC in a second time, the room goes dark again. My father's getting pissed now because he was adamant that the outlet I was plugging the PC into was on a different breaker. So we went around the house and discovered that the outlet was on the same breaker as everything else in the basement along with a fan, a treadmill, a mini-fridge, tv, dvd drive, a laptop, and a big fridge upstairs. We unplugged the big fridge and plugged it into another outlet on a different circuit and we reset the breaker. I plugged the PC in for a third time and this time the room DIDN'T go dark but sparks shot out of the back of my graphics card (where the monitor is plugged into via DVI cable). The monitor was now flashing grey and black. I unplugged the PS/power supply. The monitor was still flashing so I unplugged it. I can not find a single instance of this same thing happening on the internet. There's things similar that other people have experience but nothing like this. Power supplies that are made by a reputable brand and are TURNED OFF don't just send tons of electricity to a graphics card in a PC that's not even turned on. At first I thought that maybe the power supply failed. But that would mean every single safety feature in that power supply from the power button, to the internal breaker and switch, to the AC and DC isolation, to the over current and over voltage protection failed. That's not likely. I did start to think that maybe the monitor was what killed it. It makes sense. There was a patina of soot and smoke all around the DVI connector on the PC including INSIDE the connector itself. The monitor was powered on and connected to the PC via a DVI cable. The metal in that cable was touching the metal graphics card rear i/o bracket which in turn was touching the metal of the PC case which in turn was touching the metal sidewalls of the power supply which are connected to the ground prong on the connector. The ground key inside the power plug itself looks kind of burnt inside where the hot and return keys both look clean. That all matches with the possibility of the monitor sending tons of electricity through the DVI cable, electricity which had no where to go until I plugged that grounded power supply cable in. But this doesn't make sense. I have been searching this problem for weeks and have not once ever read of someone's monitor doing this. It was a 2008 Samsung monitor. And DVI only has a 5V that it uses to wake the monitor. I read somewhere someone said ""You would be hard pressed to get that much sparking from 5V"" or something like that. Any similar stories to this I see, the comments are saying that ""You should check to see what's grounded inside the PC"" which doesn't make any sense to me either because those similar stories, those people's PCs were also off and the PSU switch was off. I'm just trying the figure out how this was possible. I don't have the equipment to test my outlets and what not.","Question about bizarre electrical problem with PC I hope this is the right place for this question. I didn't see anything in the rules indicating otherwise. I had a problem with my PC and it's a problem that I still can't find an answer to anywhere. I recently built a PC and I was basically done with the whole thing. I had it sitting on a desk on my upstairs floor. It was using an 850 Watt Corsair power supply. Everything was working perfectly fine. I opened up a software called to CrystalDiskInfo, which tells the user information about any drives that are in that system. I noticed that some of my drives were running hotter than they should have been. Makes sense, the PC was on the second floor of a non air conditioned house during a heatwave. I decided to move the PC to the basement where I could work on it without worrying about the hard drives and SSDs heating up. I reach around to the back of the tower and I SHUT THE POWER SUPPLY OFF. I take the PC, monitor, keyboard, and mouse down stairs. I plugged the monitor in. I plugged the monitor into the PC with a video cable and turned the monitor on. Then I tried to plug the PC in. The power supply has three prongs, the center one being a ground. The power supply was completely off which means there should be no current in the system. When I plugged the PC/power supply in for the first time, the room instantly went dark. My father was sure that it had to be a coincidence since he was confident the outlet I plugged the PC in to was on another circuit. That seemed odd to me for two reasons. The first being that I previously already had a different PC down there and it worked perfectly fine when it was there. The second being that the PSU switch was in the off position, meaning it should matter zip where it's plugged into as it's not using any electricity. So we reset the breaker and go back to the basement. I plug the PC in a second time, the room goes dark again. My father's getting pissed now because he was adamant that the outlet I was plugging the PC into was on a different breaker. So we went around the house and discovered that the outlet was on the same breaker as everything else in the basement along with a fan, a treadmill, a mini-fridge, tv, dvd drive, a laptop, and a big fridge upstairs. We unplugged the big fridge and plugged it into another outlet on a different circuit and we reset the breaker. I plugged the PC in for a third time and this time the room DIDN'T go dark but sparks shot out of the back of my graphics card (where the monitor is plugged into via DVI cable). The monitor was now flashing grey and black. I unplugged the PS/power supply. The monitor was still flashing so I unplugged it. I can not find a single instance of this same thing happening on the internet. There's things similar that other people have experience but nothing like this. Power supplies that are made by a reputable brand and are TURNED OFF don't just send tons of electricity to a graphics card in a PC that's not even turned on. At first I thought that maybe the power supply failed. But that would mean every single safety feature in that power supply from the power button, to the internal breaker and switch, to the AC and DC isolation, to the over current and over voltage protection failed. That's not likely. I did start to think that maybe the monitor was what killed it. It makes sense. There was a patina of soot and smoke all around the DVI connector on the PC including INSIDE the connector itself. The monitor was powered on and connected to the PC via a DVI cable. The metal in that cable was touching the metal graphics card rear i/o bracket which in turn was touching the metal of the PC case which in turn was touching the metal sidewalls of the power supply which are connected to the ground prong on the connector. The ground key inside the power plug itself looks kind of burnt inside where the hot and return keys both look clean. That all matches with the possibility of the monitor sending tons of electricity through the DVI cable, electricity which had no where to go until I plugged that grounded power supply cable in. But this doesn't make sense. I have been searching this problem for weeks and have not once ever read of someone's monitor doing this. It was a 2008 Samsung monitor. And DVI only has a 5V that it uses to wake the monitor. I read somewhere someone said ""You would be hard pressed to get that much sparking from 5V"" or something like that. Any similar stories to this I see, the comments are saying that ""You should check to see what's grounded inside the PC"" which doesn't make any sense to me either because those similar stories, those people's PCs were also off and the PSU switch was off. I'm just trying the figure out how this was possible. I don't have the equipment to test my outlets and what not.",https://www.reddit.com/r/askanelectrician/comments/p1xehv/question_about_bizarre_electrical_problem_with_pc/,2,5,https://www.reddit.com/r/askanelectrician/comments/p1xehv/question_about_bizarre_electrical_problem_with_pc/,sparking outlet,needs_review_urgent_signal,,manual_review_pending,,urgent_safety_risk,0.82,fire_smoke_or_sparks:\bspark(?:s|ing|ed)?\b; trade_system_issue:\bbreaker\b,"{""medium_risk_call_pro"": 2.0, ""urgent_safety_risk"": 3.5}",no,,,,,MR0026,urgent_safety_risk,2,Sarah,,
1suqzu4,Plumbing,2026-04-24T20:19:19+00:00,Leak coming from upstairs bathroom after being sick all month taking multiple showers a day,I ran the shower and also ran bath to fill up the over flow but there’s no obvious leak when looking at it. There are droplets just sitting on the bottom of the bath drain pipes and under the overflow trap but nothing obviously leaking while running. There are a few cracks along the tub and floor where I feel there should be more caulk. Any ideas? Thanks,Leak coming from upstairs bathroom after being sick all month taking multiple showers a day I ran the shower and also ran bath to fill up the over flow but there’s no obvious leak when looking at it. There are droplets just sitting on the bottom of the bath drain pipes and under the overflow trap but nothing obviously leaking while running. There are a few cracks along the tub and floor where I feel there should be more caulk. Any ideas? Thanks,https://www.reddit.com/r/Plumbing/comments/1suqzu4/leak_coming_from_upstairs_bathroom_after_being/,1,12,https://v.redd.it/4r12mfli57xg1,caulk,needs_review_medium_signal,,manual_review_pending,,medium_risk_call_pro,0.67,contained_water_damage:\bleak(?:s|ing|ed)?\b; cosmetic_or_minor_finish:\bcaulk(?:ing)?\b,"{""low_risk_diy"": 2.2, ""medium_risk_call_pro"": 2.0}",yes,,,,,MR0030,needs_human_review,2,Sarah,,
1n972mw,HomeMaintenance,2025-09-05T14:39:32+00:00,Refinishing Stairs,"The previous owners slapped a bunch of black paint on our stair railings. It didn't take long for it to all start chipping away and peeling off. We decided we wanted to take it back to wood. I've never done this before so I've been doing research on parts of it. The hand rail itself is tedious to sand but I've got a detail sander and I don't mind using a palm sander. What I'm feeling overwhelmed by is the wood the spindles connect to at the bottom. I've been taking my time, trying to do it right. How perfect does this need to be before I apply a dark stain over it? I know I've got work to go but advice and feedback are appreciated. (The spindles themselves are just going to get a rough sand and repainted so please ignore them.)","Refinishing Stairs The previous owners slapped a bunch of black paint on our stair railings. It didn't take long for it to all start chipping away and peeling off. We decided we wanted to take it back to wood. I've never done this before so I've been doing research on parts of it. The hand rail itself is tedious to sand but I've got a detail sander and I don't mind using a palm sander. What I'm feeling overwhelmed by is the wood the spindles connect to at the bottom. I've been taking my time, trying to do it right. How perfect does this need to be before I apply a dark stain over it? I know I've got work to go but advice and feedback are appreciated. (The spindles themselves are just going to get a rough sand and repainted so please ignore them.)",https://www.reddit.com/r/HomeMaintenance/comments/1n972mw/refinishing_stairs/,3,2,https://www.reddit.com/gallery/1n972mw,paint peeling,needs_review_low_signal,,manual_review_pending,,low_risk_diy,0.82,cosmetic_or_minor_finish:\bpaint(?:ing|ed)?\b,"{""low_risk_diy"": 2.2}",no,,,,,MR0036,low_risk_diy,2,Sarah,,
1tc62o6,DIY,2026-05-13T17:11:31+00:00,Outdoor spigot cracked and leaked water through downstairs bathroom (drywall),"I noticed/cleaned it asap and put in a fan and dehumidifier which will be running for a week or 2 straight. I don't see any sagging or weak spots, just a little discoloring around where the HVAC vent came out and the exhaust vent. Am I probably ok since I caught this and hopefully dried this ASAP?","Outdoor spigot cracked and leaked water through downstairs bathroom (drywall) I noticed/cleaned it asap and put in a fan and dehumidifier which will be running for a week or 2 straight. I don't see any sagging or weak spots, just a little discoloring around where the HVAC vent came out and the exhaust vent. Am I probably ok since I caught this and hopefully dried this ASAP?",https://www.reddit.com/r/DIY/comments/1tc62o6/outdoor_spigot_cracked_and_leaked_water_through/,16,9,https://www.reddit.com/r/DIY/comments/1tc62o6/outdoor_spigot_cracked_and_leaked_water_through/,water leak,needs_review_medium_signal,,manual_review_pending,,medium_risk_call_pro,0.95,contained_water_damage:\bleak(?:s|ing|ed)?\b; trade_system_issue:\bhvac\b,"{""medium_risk_call_pro"": 4.0}",no,,,,,MR0041,medium_risk_call_pro,2,Sarah,,
11rf7gk,askanelectrician,2023-03-14T23:02:57+00:00,Confused and maybe worried?,"So we had a breaker spark at me when I turned it back on the other day, thought it was bad so I changed it out. Today none of the outlets in that room work and the new breaker is sparking when I try to turn it on. I check the wiring from the main to the room, all visually good. So, I do some other elimination: I unplug everything, breaker sparks. I pull all the outlets out of the walls, breaker sparks. I unhook every outlet, breaker turns on. Sweet, must be a bad outlet somewhere. I start hooking them back up one at a time, flipping the switch after everyone. I get them all hooked back up, breaker on. Huh, ok, not a bad outlet? I start putting the outlets back in their boxes, one at a time, thinking maybe something isn’t happy with the wires…nope, all good. Now I’ve got everything hooked back up, breaker on, everything that’s plugged in turned on and functioning, so I have no clue what the original issue was…any insights?","Confused and maybe worried? So we had a breaker spark at me when I turned it back on the other day, thought it was bad so I changed it out. Today none of the outlets in that room work and the new breaker is sparking when I try to turn it on. I check the wiring from the main to the room, all visually good. So, I do some other elimination: I unplug everything, breaker sparks. I pull all the outlets out of the walls, breaker sparks. I unhook every outlet, breaker turns on. Sweet, must be a bad outlet somewhere. I start hooking them back up one at a time, flipping the switch after everyone. I get them all hooked back up, breaker on. Huh, ok, not a bad outlet? I start putting the outlets back in their boxes, one at a time, thinking maybe something isn’t happy with the wires…nope, all good. Now I’ve got everything hooked back up, breaker on, everything that’s plugged in turned on and functioning, so I have no clue what the original issue was…any insights?",https://www.reddit.com/r/askanelectrician/comments/11rf7gk/confused_and_maybe_worried/,18,5,https://www.reddit.com/r/askanelectrician/comments/11rf7gk/confused_and_maybe_worried/,sparking outlet,needs_review_urgent_signal,,manual_review_pending,,urgent_safety_risk,0.82,fire_smoke_or_sparks:\bspark(?:s|ing|ed)?\b; trade_system_issue:\bbreaker\b,"{""medium_risk_call_pro"": 2.0, ""urgent_safety_risk"": 3.5}",no,,,,,MR0044,urgent_safety_risk,2,Sarah,,
114lb9d,HomeImprovement,2023-02-17T14:14:13+00:00,Options for outside gas can storage without a shed,"Hi all. I'm looking for a storage option for a filled 5 gallon gas can that doesn't involve a shed. I was keeping it in my garage, but I started smelling gas fumes inside my house. Does anyone know if something like [this would work](https://www.amazon.com/KETER-City-Gallon-Resin-Accessories/dp/B086X47D2T?ref_=ast_sto_dp&th=1). If not, what is a good option. Thanks in advance!","Options for outside gas can storage without a shed Hi all. I'm looking for a storage option for a filled 5 gallon gas can that doesn't involve a shed. I was keeping it in my garage, but I started smelling gas fumes inside my house. Does anyone know if something like [this would work](https://www.amazon.com/KETER-City-Gallon-Resin-Accessories/dp/B086X47D2T?ref_=ast_sto_dp&th=1). If not, what is a good option. Thanks in advance!",https://www.reddit.com/r/HomeImprovement/comments/114lb9d/options_for_outside_gas_can_storage_without_a_shed/,2,17,https://www.reddit.com/r/HomeImprovement/comments/114lb9d/options_for_outside_gas_can_storage_without_a_shed/,gas smell,needs_review_unclear,,manual_review_pending,,urgent_safety_risk,0.95,gas_or_carbon_monoxide:\bsmell(?:s|ing)? (?:like )?gas\b,"{""urgent_safety_risk"": 4.0}",no,,,,,MR0047,urgent_safety_risk,2,Sarah,,
1umy0v,DIY,2014-01-07T17:42:44+00:00,My Epoxy Garage Project -- Steps And What I Learned Along The Way,"**Edit: not sure why the steps formatting is coming out funny. Apologies for the odd formatting of the detailed steps** First off, I'm not very handy. I've done a lot of research and learned some things along the way. Here's my journey and I hope it helps others who are considering doing something similar. **IMAGES:** http://imgur.com/a/C6rqK#0 **EPOXY:** I had an old 2 car concrete garage floor with few inch tall foundation lips on the left and right sides of the garage floor. The sqft was approx 400 sqft excluding the concrete lips on the left and right sides. There were alot of grease spots on the floor and some parts might have been sealed. This was performed in southern california in the winter when temps were highs of 70’s and lows of 40’s. **General Steps:** (power washed between steps 1-3) 1. Grind all the concrete floor 2. Degrease left over oil marks 3. light acid etch with mild scrubbing 4. concrete patching 5. gentle sanding on concrete patch + spot clean dusty spots 6. epoxy 7. clear coat **Most of the Materials:** Sherwin Williams Macropoxy 646-100 (custom color tinted) Valspar granite flakes (grey, white, black) 10 oz Rust-oleum clear coat professional grade solvent based Rust-oleum epoxy concrete patcher Generic Muriatic Acid Generic Concrete Degreaser Electric Power Washer 1400 psi Large Floor Squeegee Stiff Brush Floor grinder Hand grinder Gas Mask or some full face protection Painting materials / buckets **Detailed Steps:** * 1. First I rented a floor stripper from home depot for about $120. It was very heavy to lift into the car. It creates A LOT of dust, so I used a gas mask to cover my face and kept the floor very wet to keep the dust from going everywhere in the air. The downside is it created all this concrete mud that washed down into the gutter and spread out to all my neighbors’ gutters, spreading it everywhere. It was a big hassle to clean up all the concrete mud since it did not wash down the gutter easily. NOTE: The floor stripper takes some strength! When it first starts up, if you are not prepared it will jump out of your hands. It took some practice to get used to and find a technique that did not require a lot of strength in the long run. Also, it came with a shop vac port which turned out to be pretty useless. Keep the floor wet was much much more effective at reducing airborne concrete dust. After the floor stripper, i used a hand grinder with a diamond wheel to grind down very rough and uneven areas on the concrete foundation’s lip that stuck up to the edges of the wall as well as get to the tight spots that the floor stripper could not get to. The hand grinder generated MUCH more airborne dust than the floor grinder. This is largely because 1) I could not keep those areas very wet since they were close to drywall and 2) the hand grinder ate away at the concrete MUCH faster than the floor stripper, generating much more dust. * 2. At this point the floor looked very white and smooth to the touch. I could feel the concrete pores open with little concrete dust in the way. I used some generic degreaser for the thick oil spots. After i washed it out, I did a water absorption test to make sure it the oil was not going to be a bonding issue for the epoxy. I splashed some water onto the oil spot and onto a clean spot near it. I watched how fast the water absorbed into the concrete. They both absorbed pretty much the same, so i was satisfied with the degrease. * 3. There were still some cracks and areas that did not look like powdery white concrete. Since acid etching is cheap, but labor intensive, but opted to do a quick acid etch around the floor. I didn’t bother scrubbing very hard since the floor was already ground up. Just an acid rinse and repeat. * 4. I used the “rust-oleum” epoxy concrete patcher kit. One kit was enough to do 1 big crack running across my 2 car garage. I did not anticipate how long it took to put in the concrete patcher and how FAST it dries! I definitely needed a 2nd pair of hands to quickly patch the floor since those kits have a pot life of about 20-30 minutes before it hardens. We split up the work between the two of us. Each one of us had throw away plastic putty knives. We first used a skinny putty knife and globbed on the patching into the cracks. We used a downward stroke to help push in all the putty. Before it all hardened, we came back with a much wider putty knife to smooth what was left over from the small putty knife. * 5. We let the floor dry and rest for another 3 nights before we started to epoxy. During this time, we lightly sanded with some sand paper sponges on the concrete patched areas. We heard that the glossy finish of the epoxy concrete patcher makes it harder for the epoxy to stick to, and shows through on your first coat. This is what we heard, can’t really verify it. Either way, we lightly sanded it until it wasn’t super glossy and just slightly dull. Then we wiped it with a wet towel to pick up the sand particles. Some of the patching showed through the epoxy paint when everything was finished, but it was more of a texture issue than it was seeing the patching below it. More flakes help hide issues with texture. A very OCD person could spend more money to get extra patching to fill it in more and smooth it out. * 6. My wife and I started early in the morning for the epoxy process. The epoxy was very thick and difficult to paint onto the concrete. We regretted not using more concrete patching on our corners/foundation lips. Those foundation lips had many little holes and a few big holes. We spent a very long time trying to fill those holes with epoxy. For one, when we used a brush stroke, it would pick up loose dirt in those pockets, which meant we had to glob on more epoxy. Secondly, trying to get the viscous epoxy into those holes took a lot of effort to stuff it into vertical holes. Halfway through, we realized that we were wasting a ton of epoxy on the concrete side walls due to dirt and the holes. I stopped epoxying and used my shop vac on the remaining holes/crevices which helped a ton. I also ran back out to the sherwin williams store and picked up another set of epoxy because I knew we were wasting too much. I mixed the 2nd set of epoxy in a separate 5 gallon bucket and let it “sweat” while we finished all the trimming. Once the sweating was done, we mixed the old epoxy with the new epoxy to make sure the colors were close enough to being the same. We trimmed everything first with brushes, then did the rolling. People warn against that due to roller marks being more obvious, but we didn’t notice any signs of that. It could be that it was not a hot day and we moved fast, but brushing everything first was fine. When we started to roll, it was very strenuous at first since the concrete was very porous and absorbed everything. I rolled a little and then I flaked in small areas using small amounts and tossing it vertically upward. Since we mixed two sets of epoxy together (good enough for double a 2 car garage technically), I regret that we did not roll on more of the epoxy thicker. We did it too thin and when we were done rolling, we had some left over. We did not realize how thin the epoxy was in some areas until the next day. This led us to realize that we needed another coat of epoxy since there were obvious spots of very thin epoxy. We got another set and laid it on very thick. However, we ended up doing it too thick because again, when we got near the garage door exit, we were running out of epoxy and squeezing everything out that we could. We were still too thin. Don't forget to remove the tape while it is still wet! We removed tape after brushing and before starting the rolling. * 7. When we did the clear coat, i realized a mistake in my epoxy process. We should have done the 2nd coat starting in the opposite direction to ensure the thickness of the floor would be about the same. So for the clear coat, we started on the opposite side and laid it on thick. The clear coat was VERY watery compared to the normal epoxy. We were able to brush it and roll it on very thin. it was easy to apply, but hard to see where it was on. We did it at night with alot of garage lighting to give us a reflection/glare to make it easier to see. Still, it was hard to tell where we missed any spots. **Everything turned out great and I’m satisfied! Some notes:** -old paintbrushes for epoxy worked fine for us. Some people say you need to use the “natural brushes” or expensive ones. We used expensive ones, but they kept shedding hairs just like the cheap ones. I ended up using a cheap one too and it worked just as well, if not better than the expensive ones. -big plastic bucket for flakes. It was very useful to have a bigger plastic bucket for flakes. This made it a lot easier to reach in there and grab a consistent handful of flakes and throw it out like birdseed. -having some large sheets of cardboard was very helpful for my staging area. The epoxy gets everywhere. -Someone looking to do this cheap could probably do it for less than $200 if they cut out the grinding and use only ONE coat of epoxy. Power washing can be done with a cheap power washer rental or buy/return if that suits you. Not sure how long it would last though, and $200 does not leave much room for error. -From what I’ve learned, avoid “water-based” epoxy kits that you see in big box stores. Look for solvent based kits. Water based are around 50% solids. you want more solids. Solvent based ones are only about $20~ more expensive compared to water based and they are around 70% solids. $100 kits vs. $120 kits? The difference is tiny and you get a big jump in solids. Rust-oleum’s “industrial” grade or “professional” grade is a solvent based one that has about the same make up as the sherwin williams macropoxy formula. They are both about 70% solids. I’m no expert, but I’d say they are about equivalent in quality. Some people mentioned very high end epoxies that are 100% solids, but those jump suddenly to $300-500 for a kit. From what I know, it’s way more important to prep it right than it is to get better quality epoxies if you want it to last. -I intend to use rubber mats for the tires to rest on. I hear that the #1 cause of epoxies wearing out is due to car tires driving back and forth overtime picking up the epoxy. **Things I would do differently:** -The grinding I would probably skip. my concrete was not in that bad of shape and it made the project more expensive by about $120. the worst part though was the clean up afterward. The dust inside the garage was not a big deal. I sealed off my water heater / heater with plastic sheeting to keep the dust out (i turned it all off of course), but cleaning up the dust was a problem. I washed the concrete dust down the driveway, but it turned into this concrete mud. This concrete mud washed down for like 6 houses to the storm drain, but some concrete mud was lining the street for all 6 houses. If any of the cars drove into their driveway, the tires would pick up the concrete mud and get it everywhere. A neighbor promptly complained the next morning and I immediately started to clean it up. It took me 3 hours to clean and wash down all the mud. In reality, it would have only taken me about 30 minutes after i figured out the good technique. Spraying it with a hose down the gutter while using a broom to agitate the mud into the water stream worked pretty well. Still, this is something to think about if you have a strict HOA. -I wish I had gotten a shroud dust cover for the hand grinder. 90% of the airborne dust came from the angle grinder, and a shroud cover with a shop vac would have helped alot. -I would have concrete patched up nearly all holes/cracks on the sides of the concrete foundation. It would have been pricey though as I think i would have needed 4 $20 sets of the patch kits to do all of my floor -If I were to do it again, I would definitely shopvac the crevices and corners one last time right before the epoxy. -I would sift out the tiny flake dust before flaking. You see, the flakes i bought had big flakes up top, and tiny flake dust at the bottom. When I was first flaking the garage, I started with big flakes at the top. Eventually near the end of the garage flaking, I had A LOT more flake dust I was tossing at the end. If you want consistently large flakes, use a pasta strainer to sift out the tiny flakes. -Investing in a pair of strap on spiked shoes and a squeegee might have been a better idea. I’ve seen videos/forums talking about using spiked shoes and a squeegee is the way to go. I’d say I agree with them that it’s probably a better method. It would definitely be faster and easier to check for uneven spots. That was the thing that got me, which was I could see some uneven spots, but I can’t do anything about it because it’s too far away and I can’t walk over the epoxy. I can imagine squeegeeing it though could have issues if you don’t have a steady hand. -I would have done a 2nd coat starting on the opposite side of the garage that I started with for the 1st coat. This would have made sure my thin spots got filled appropriately.","My Epoxy Garage Project -- Steps And What I Learned Along The Way **Edit: not sure why the steps formatting is coming out funny. Apologies for the odd formatting of the detailed steps** First off, I'm not very handy. I've done a lot of research and learned some things along the way. Here's my journey and I hope it helps others who are considering doing something similar. **IMAGES:** http://imgur.com/a/C6rqK#0 **EPOXY:** I had an old 2 car concrete garage floor with few inch tall foundation lips on the left and right sides of the garage floor. The sqft was approx 400 sqft excluding the concrete lips on the left and right sides. There were alot of grease spots on the floor and some parts might have been sealed. This was performed in southern california in the winter when temps were highs of 70’s and lows of 40’s. **General Steps:** (power washed between steps 1-3) 1. Grind all the concrete floor 2. Degrease left over oil marks 3. light acid etch with mild scrubbing 4. concrete patching 5. gentle sanding on concrete patch + spot clean dusty spots 6. epoxy 7. clear coat **Most of the Materials:** Sherwin Williams Macropoxy 646-100 (custom color tinted) Valspar granite flakes (grey, white, black) 10 oz Rust-oleum clear coat professional grade solvent based Rust-oleum epoxy concrete patcher Generic Muriatic Acid Generic Concrete Degreaser Electric Power Washer 1400 psi Large Floor Squeegee Stiff Brush Floor grinder Hand grinder Gas Mask or some full face protection Painting materials / buckets **Detailed Steps:** * 1. First I rented a floor stripper from home depot for about $120. It was very heavy to lift into the car. It creates A LOT of dust, so I used a gas mask to cover my face and kept the floor very wet to keep the dust from going everywhere in the air. The downside is it created all this concrete mud that washed down into the gutter and spread out to all my neighbors’ gutters, spreading it everywhere. It was a big hassle to clean up all the concrete mud since it did not wash down the gutter easily. NOTE: The floor stripper takes some strength! When it first starts up, if you are not prepared it will jump out of your hands. It took some practice to get used to and find a technique that did not require a lot of strength in the long run. Also, it came with a shop vac port which turned out to be pretty useless. Keep the floor wet was much much more effective at reducing airborne concrete dust. After the floor stripper, i used a hand grinder with a diamond wheel to grind down very rough and uneven areas on the concrete foundation’s lip that stuck up to the edges of the wall as well as get to the tight spots that the floor stripper could not get to. The hand grinder generated MUCH more airborne dust than the floor grinder. This is largely because 1) I could not keep those areas very wet since they were close to drywall and 2) the hand grinder ate away at the concrete MUCH faster than the floor stripper, generating much more dust. * 2. At this point the floor looked very white and smooth to the touch. I could feel the concrete pores open with little concrete dust in the way. I used some generic degreaser for the thick oil spots. After i washed it out, I did a water absorption test to make sure it the oil was not going to be a bonding issue for the epoxy. I splashed some water onto the oil spot and onto a clean spot near it. I watched how fast the water absorbed into the concrete. They both absorbed pretty much the same, so i was satisfied with the degrease. * 3. There were still some cracks and areas that did not look like powdery white concrete. Since acid etching is cheap, but labor intensive, but opted to do a quick acid etch around the floor. I didn’t bother scrubbing very hard since the floor was already ground up. Just an acid rinse and repeat. * 4. I used the “rust-oleum” epoxy concrete patcher kit. One kit was enough to do 1 big crack running across my 2 car garage. I did not anticipate how long it took to put in the concrete patcher and how FAST it dries! I definitely needed a 2nd pair of hands to quickly patch the floor since those kits have a pot life of about 20-30 minutes before it hardens. We split up the work between the two of us. Each one of us had throw away plastic putty knives. We first used a skinny putty knife and globbed on the patching into the cracks. We used a downward stroke to help push in all the putty. Before it all hardened, we came back with a much wider putty knife to smooth what was left over from the small putty knife. * 5. We let the floor dry and rest for another 3 nights before we started to epoxy. During this time, we lightly sanded with some sand paper sponges on the concrete patched areas. We heard that the glossy finish of the epoxy concrete patcher makes it harder for the epoxy to stick to, and shows through on your first coat. This is what we heard, can’t really verify it. Either way, we lightly sanded it until it wasn’t super glossy and just slightly dull. Then we wiped it with a wet towel to pick up the sand particles. Some of the patching showed through the epoxy paint when everything was finished, but it was more of a texture issue than it was seeing the patching below it. More flakes help hide issues with texture. A very OCD person could spend more money to get extra patching to fill it in more and smooth it out. * 6. My wife and I started early in the morning for the epoxy process. The epoxy was very thick and difficult to paint onto the concrete. We regretted not using more concrete patching on our corners/foundation lips. Those foundation lips had many little holes and a few big holes. We spent a very long time trying to fill those holes with epoxy. For one, when we used a brush stroke, it would pick up loose dirt in those pockets, which meant we had to glob on more epoxy. Secondly, trying to get the viscous epoxy into those holes took a lot of effort to stuff it into vertical holes. Halfway through, we realized that we were wasting a ton of epoxy on the concrete side walls due to dirt and the holes. I stopped epoxying and used my shop vac on the remaining holes/crevices which helped a ton. I also ran back out to the sherwin williams store and picked up another set of epoxy because I knew we were wasting too much. I mixed the 2nd set of epoxy in a separate 5 gallon bucket and let it “sweat” while we finished all the trimming. Once the sweating was done, we mixed the old epoxy with the new epoxy to make sure the colors were close enough to being the same. We trimmed everything first with brushes, then did the rolling. People warn against that due to roller marks being more obvious, but we didn’t notice any signs of that. It could be that it was not a hot day and we moved fast, but brushing everything first was fine. When we started to roll, it was very strenuous at first since the concrete was very porous and absorbed everything. I rolled a little and then I flaked in small areas using small amounts and tossing it vertically upward. Since we mixed two sets of epoxy together (good enough for double a 2 car garage technically), I regret that we did not roll on more of the epoxy thicker. We did it too thin and when we were done rolling, we had some left over. We did not realize how thin the epoxy was in some areas until the next day. This led us to realize that we needed another coat of epoxy since there were obvious spots of very thin epoxy. We got another set and laid it on very thick. However, we ended up doing it too thick because again, when we got near the garage door exit, we were running out of epoxy and squeezing everything out that we could. We were still too thin. Don't forget to remove the tape while it is still wet! We removed tape after brushing and before starting the rolling. * 7. When we did the clear coat, i realized a mistake in my epoxy process. We should have done the 2nd coat starting in the opposite direction to ensure the thickness of the floor would be about the same. So for the clear coat, we started on the opposite side and laid it on thick. The clear coat was VERY watery compared to the normal epoxy. We were able to brush it and roll it on very thin. it was easy to apply, but hard to see where it was on. We did it at night with alot of garage lighting to give us a reflection/glare to make it easier to see. Still, it was hard to tell where we missed any spots. **Everything turned out great and I’m satisfied! Some notes:** -old paintbrushes for epoxy worked fine for us. Some people say you need to use the “natural brushes” or expensive ones. We used expensive ones, but they kept shedding hairs just like the cheap ones. I ended up using a cheap one too and it worked just as well, if not better than the expensive ones. -big plastic bucket for flakes. It was very useful to have a bigger plastic bucket for flakes. This made it a lot easier to reach in there and grab a consistent handful of flakes and throw it out like birdseed. -having some large sheets of cardboard was very helpful for my staging area. The epoxy gets everywhere. -Someone looking to do this cheap could probably do it for less than $200 if they cut out the grinding and use only ONE coat of epoxy. Power washing can be done with a cheap power washer rental or buy/return if that suits you. Not sure how long it would last though, and $200 does not leave much room for error. -From what I’ve learned, avoid “water-based” epoxy kits that you see in big box stores. Look for solvent based kits. Water based are around 50% solids. you want more solids. Solvent based ones are only about $20~ more expensive compared to water based and they are around 70% solids. $100 kits vs. $120 kits? The difference is tiny and you get a big jump in solids. Rust-oleum’s “industrial” grade or “professional” grade is a solvent based one that has about the same make up as the sherwin williams macropoxy formula. They are both about 70% solids. I’m no expert, but I’d say they are about equivalent in quality. Some people mentioned very high end epoxies that are 100% solids, but those jump suddenly to $300-500 for a kit. From what I know, it’s way more important to prep it right than it is to get better quality epoxies if you want it to last. -I intend to use rubber mats for the tires to rest on. I hear that the #1 cause of epoxies wearing out is due to car tires driving back and forth overtime picking up the epoxy. **Things I would do differently:** -The grinding I would probably skip. my concrete was not in that bad of shape and it made the project more expensive by about $120. the worst part though was the clean up afterward. The dust inside the garage was not a big deal. I sealed off my water heater / heater with plastic sheeting to keep the dust out (i turned it all off of course), but cleaning up the dust was a problem. I washed the concrete dust down the driveway, but it turned into this concrete mud. This concrete mud washed down for like 6 houses to the storm drain, but some concrete mud was lining the street for all 6 houses. If any of the cars drove into their driveway, the tires would pick up the concrete mud and get it everywhere. A neighbor promptly complained the next morning and I immediately started to clean it up. It took me 3 hours to clean and wash down all the mud. In reality, it would have only taken me about 30 minutes after i figured out the good technique. Spraying it with a hose down the gutter while using a broom to agitate the mud into the water stream worked pretty well. Still, this is something to think about if you have a strict HOA. -I wish I had gotten a shroud dust cover for the hand grinder. 90% of the airborne dust came from the angle grinder, and a shroud cover with a shop vac would have helped alot. -I would have concrete patched up nearly all holes/cracks on the sides of the concrete foundation. It would have been pricey though as I think i would have needed 4 $20 sets of the patch kits to do all of my floor -If I were to do it again, I would definitely shopvac the crevices and corners one last time right before the epoxy. -I would sift out the tiny flake dust before flaking. You see, the flakes i bought had big flakes up top, and tiny flake dust at the bottom. When I was first flaking the garage, I started with big flakes at the top. Eventually near the end of the garage flaking, I had A LOT more flake dust I was tossing at the end. If you want consistently large flakes, use a pasta strainer to sift out the tiny flakes. -Investing in a pair of strap on spiked shoes and a squeegee might have been a better idea. I’ve seen videos/forums talking about using spiked shoes and a squeegee is the way to go. I’d say I agree with them that it’s probably a better method. It would definitely be faster and easier to check for uneven spots. That was the thing that got me, which was I could see some uneven spots, but I can’t do anything about it because it’s too far away and I can’t walk over the epoxy. I can imagine squeegeeing it though could have issues if you don’t have a steady hand. -I would have done a 2nd coat starting on the opposite side of the garage that I started with for the 1st coat. This would have made sure my thin spots got filled appropriately.",https://www.reddit.com/r/DIY/comments/1umy0v/my_epoxy_garage_project_steps_and_what_i_learned/,39,20,https://www.reddit.com/r/DIY/comments/1umy0v/my_epoxy_garage_project_steps_and_what_i_learned/,loose trim,needs_review_medium_signal,,manual_review_pending,,medium_risk_call_pro,0.67,trade_system_issue:\bwater heater\b; cosmetic_or_minor_finish:\bpaint(?:ing|ed)?\b,"{""low_risk_diy"": 2.2, ""medium_risk_call_pro"": 2.0}",yes,,,,,MR0052,needs_human_review,2,Sarah,,
1sclvx0,Plumbing,2026-04-04T21:53:22+00:00,Name of flush valve gasket/general leaking toilet advice,"Howdy everyone, 3 questions and then some backstory: 1) What is this gasket called? It's a 3inch gasket that goes between the flush mechanism and the tank (it's not the tank to bowl gasket) 2) Is it worth it to replace this gasket or would I be better off buying a whole new flush valve assembly/kit? 3) Would I be better off trying to caulk the hell out of the gasket to prevent the leaking since I already have caulk? So basically I initially replaced the screw fastener thingies that hold the tank in place to the bowl because it looked like the water was leaking from the left one. Turns out it was coming from higher up and just happened to be dripping from there. After replacement, I bought a new tank to bowl gasket thinking that was what was leaking. Nope. Might return it, but my old tank to bowl gasket was crusty and old anyway so I might keep it. Now I find myself in this situation where I can't find what this part is even called so I can't simply buy a replacement. I just need advice, thanks y'all.","Name of flush valve gasket/general leaking toilet advice Howdy everyone, 3 questions and then some backstory: 1) What is this gasket called? It's a 3inch gasket that goes between the flush mechanism and the tank (it's not the tank to bowl gasket) 2) Is it worth it to replace this gasket or would I be better off buying a whole new flush valve assembly/kit? 3) Would I be better off trying to caulk the hell out of the gasket to prevent the leaking since I already have caulk? So basically I initially replaced the screw fastener thingies that hold the tank in place to the bowl because it looked like the water was leaking from the left one. Turns out it was coming from higher up and just happened to be dripping from there. After replacement, I bought a new tank to bowl gasket thinking that was what was leaking. Nope. Might return it, but my old tank to bowl gasket was crusty and old anyway so I might keep it. Now I find myself in this situation where I can't find what this part is even called so I can't simply buy a replacement. I just need advice, thanks y'all.",https://www.reddit.com/r/Plumbing/comments/1sclvx0/name_of_flush_valve_gasketgeneral_leaking_toilet/,1,2,https://www.reddit.com/gallery/1sclvx0,caulk,needs_review_medium_signal,,manual_review_pending,,medium_risk_call_pro,0.67,contained_water_damage:\bleak(?:s|ing|ed)?\b; cosmetic_or_minor_finish:\bcaulk(?:ing)?\b,"{""low_risk_diy"": 2.2, ""medium_risk_call_pro"": 2.0}",yes,,,,,MR0054,needs_human_review,2,Sarah,,
10menrb,askanelectrician,2023-01-27T06:58:49+00:00,Got a doozy for ya; giant metal structure wrapped in extension cord,"Be me: live in an apartment where the landlords created a giant mezzanine structure out of what is presumably intumescent painted steel, with 2"" plywood sheets for the flooring. It's absolutely, terrifyingly not up to code, in any way whatsoever. I didn't always worry about it so much. I thought it was cool and industrial looking and was happy it added a lot of space to our unit. Then I started to worry about certain things as I learned more about various residential safety codes and proper construction. One of those things I've begun to worry about is the risk of electrical shock. There is a really long extension cord running up there, plugged into a regular 120v outlet on the main floor, to provide power up there since there are no electrical outlets up there. We plugged in an uninterrupted power supply up there, which powers a PC, monitors, a LED lighting setup, and some other small devices. This is my partner's office/studio. I worry that if somehow a wire gets exposed and touches this structure that it will electrify the entire thing, or that the extension cord might overheat and start a fire. We've been using this setup for 4 years now with no problems, but it's time to address potential issues like this. This is definitely stupid and I know the easiest solution is to just not have live wires all over this thing, but that's not really an option for us. We both work from home and we're kind of stuck with this until we're able to afford to move. The extension cord is long, at least 50'. That's the minimum length to reach where my partner's equipment is set up. It's a polarized 3-prong, but I'm not sure what gauge it is. It was there when we first moved in. I think it's rated for outdoor use. It looks like it's in good condition the whole length, and to my knowledge it has never even gotten warm much less hot. What I'd love to know is if there are any options for running power up there that are safer than this, or that might save our asses if this cord somehow electrified the structure. Should we get a heavy duty extension cord, something that's a thicker gauge than this one? Should we get a GFCI outlet adapter that we can plug this cord into? Something like [this](https://www.amazon.com/TRC-Southwire-14650013-6-120-Volt-1800-Watts/dp/B000XU5MEG/ref=sr_1_11?crid=ZJ9XQF3WXD7G&keywords=gfci+extension+cord&qid=1674789322&sprefix=gfci%2Caps%2C203&sr=8-11)? Is there a way to wire something that might set off some kind of alarm if it ever did become electrified? I know the proper solution is to have a certified electrician wire an actual outlet up there, but I'm not sure we'll be able to get our landlords to agree to do that. There's always the option of going to a tenant's union or rent board with the city, but that could mean the entire structure would need to come down and our home would be unlivable during that and we wouldn't have enough space after. I'm very open to creative and safe solutions. I know this isn't an ideal setup, but I'm trying to learn here and am pretty much exhausted by this sort of thing so please be kind :)","Got a doozy for ya; giant metal structure wrapped in extension cord Be me: live in an apartment where the landlords created a giant mezzanine structure out of what is presumably intumescent painted steel, with 2"" plywood sheets for the flooring. It's absolutely, terrifyingly not up to code, in any way whatsoever. I didn't always worry about it so much. I thought it was cool and industrial looking and was happy it added a lot of space to our unit. Then I started to worry about certain things as I learned more about various residential safety codes and proper construction. One of those things I've begun to worry about is the risk of electrical shock. There is a really long extension cord running up there, plugged into a regular 120v outlet on the main floor, to provide power up there since there are no electrical outlets up there. We plugged in an uninterrupted power supply up there, which powers a PC, monitors, a LED lighting setup, and some other small devices. This is my partner's office/studio. I worry that if somehow a wire gets exposed and touches this structure that it will electrify the entire thing, or that the extension cord might overheat and start a fire. We've been using this setup for 4 years now with no problems, but it's time to address potential issues like this. This is definitely stupid and I know the easiest solution is to just not have live wires all over this thing, but that's not really an option for us. We both work from home and we're kind of stuck with this until we're able to afford to move. The extension cord is long, at least 50'. That's the minimum length to reach where my partner's equipment is set up. It's a polarized 3-prong, but I'm not sure what gauge it is. It was there when we first moved in. I think it's rated for outdoor use. It looks like it's in good condition the whole length, and to my knowledge it has never even gotten warm much less hot. What I'd love to know is if there are any options for running power up there that are safer than this, or that might save our asses if this cord somehow electrified the structure. Should we get a heavy duty extension cord, something that's a thicker gauge than this one? Should we get a GFCI outlet adapter that we can plug this cord into? Something like [this](https://www.amazon.com/TRC-Southwire-14650013-6-120-Volt-1800-Watts/dp/B000XU5MEG/ref=sr_1_11?crid=ZJ9XQF3WXD7G&keywords=gfci+extension+cord&qid=1674789322&sprefix=gfci%2Caps%2C203&sr=8-11)? Is there a way to wire something that might set off some kind of alarm if it ever did become electrified? I know the proper solution is to have a certified electrician wire an actual outlet up there, but I'm not sure we'll be able to get our landlords to agree to do that. There's always the option of going to a tenant's union or rent board with the city, but that could mean the entire structure would need to come down and our home would be unlivable during that and we wouldn't have enough space after. I'm very open to creative and safe solutions. I know this isn't an ideal setup, but I'm trying to learn here and am pretty much exhausted by this sort of thing so please be kind :)",https://www.reddit.com/r/askanelectrician/comments/10menrb/got_a_doozy_for_ya_giant_metal_structure_wrapped/,0,2,https://www.reddit.com/r/askanelectrician/comments/10menrb/got_a_doozy_for_ya_giant_metal_structure_wrapped/,electrical issue,needs_review_medium_signal,,manual_review_pending,,medium_risk_call_pro,0.67,trade_system_issue:\boutlets?\b; cosmetic_or_minor_finish:\bpaint(?:ing|ed)?\b,"{""low_risk_diy"": 2.2, ""medium_risk_call_pro"": 2.0}",yes,,,,,MR0055,needs_human_review,2,Sarah,,
hqv6gm,askanelectrician,2020-07-14T04:50:32+00:00,"Plugged in dryer cord to outlet, outlet sparked, now nothing in the laundry room/adjacent room has power","I know next to nothing about electrical stuff, but I know enough to check the circuit breaker box and see if the breaker is tripped. It didn’t look like it was, but I tried turning it off and back on anyway.. went back in laundry room and nothing had changed, everything’s still out of power. Any ideas? I’ve tried the only thing I sorta know how to do and wording it in google search isn’t exactly much help.","Plugged in dryer cord to outlet, outlet sparked, now nothing in the laundry room/adjacent room has power I know next to nothing about electrical stuff, but I know enough to check the circuit breaker box and see if the breaker is tripped. It didn’t look like it was, but I tried turning it off and back on anyway.. went back in laundry room and nothing had changed, everything’s still out of power. Any ideas? I’ve tried the only thing I sorta know how to do and wording it in google search isn’t exactly much help.",https://www.reddit.com/r/askanelectrician/comments/hqv6gm/plugged_in_dryer_cord_to_outlet_outlet_sparked/,1,4,https://www.reddit.com/r/askanelectrician/comments/hqv6gm/plugged_in_dryer_cord_to_outlet_outlet_sparked/,sparking outlet,needs_review_medium_signal,,manual_review_pending,,urgent_safety_risk,0.82,fire_smoke_or_sparks:\bspark(?:s|ing|ed)?\b; trade_system_issue:\bbreaker\b,"{""medium_risk_call_pro"": 2.0, ""urgent_safety_risk"": 3.5}",no,,,,,MR0057,urgent_safety_risk,2,Sarah,,
1twblia,HomeImprovement,2026-06-04T03:17:37+00:00,What is this part of the window called,"[https://imgur.com/a/gK4n6w7](https://imgur.com/a/gK4n6w7) Just had a random massive storm where the rain came horizontal and this window started leaking from the circled part All other windows has that bottom part covered, but I do not know the name of that part lmao","What is this part of the window called [https://imgur.com/a/gK4n6w7](https://imgur.com/a/gK4n6w7) Just had a random massive storm where the rain came horizontal and this window started leaking from the circled part All other windows has that bottom part covered, but I do not know the name of that part lmao",https://www.reddit.com/r/HomeImprovement/comments/1twblia/what_is_this_part_of_the_window_called/,4,2,https://www.reddit.com/r/HomeImprovement/comments/1twblia/what_is_this_part_of_the_window_called/,leak,needs_review_medium_signal,,manual_review_pending,,medium_risk_call_pro,0.80,contained_water_damage:\bleak(?:s|ing|ed)?\b,"{""medium_risk_call_pro"": 2.0}",no,,,,,MR0058,medium_risk_call_pro,2,Sarah,,
1sr1uaf,DIY,2026-04-20T20:24:47+00:00,"Bottom window trim, caulk or no?","[https://imgur.com/a/J4Wy8Oj](https://imgur.com/a/J4Wy8Oj) I have a window leak i am trying to diagnose but in the meantime I noticed the entire exterior window trim is caulked around with silicone, even the bottom. I used a utility knife to remove the paint and found clear silicone under. I cut about an inch off to expose the trim. This is a 70+ yr old house and there is no proper flashing, so we just rely on sealing and hope for no intrusion for these old houses. I always hear bottom trim should be left uncaulked for drainage. Should I remove the entire bottom caulking and leave the wood exposed for drainage? Or is that typically for PVC trim that has a drain channel.","Bottom window trim, caulk or no? [https://imgur.com/a/J4Wy8Oj](https://imgur.com/a/J4Wy8Oj) I have a window leak i am trying to diagnose but in the meantime I noticed the entire exterior window trim is caulked around with silicone, even the bottom. I used a utility knife to remove the paint and found clear silicone under. I cut about an inch off to expose the trim. This is a 70+ yr old house and there is no proper flashing, so we just rely on sealing and hope for no intrusion for these old houses. I always hear bottom trim should be left uncaulked for drainage. Should I remove the entire bottom caulking and leave the wood exposed for drainage? Or is that typically for PVC trim that has a drain channel.",https://www.reddit.com/r/DIY/comments/1sr1uaf/bottom_window_trim_caulk_or_no/,4,3,https://www.reddit.com/r/DIY/comments/1sr1uaf/bottom_window_trim_caulk_or_no/,caulk,needs_review_medium_signal,,manual_review_pending,,medium_risk_call_pro,0.67,contained_water_damage:\bleak(?:s|ing|ed)?\b; cosmetic_or_minor_finish:\bpaint(?:ing|ed)?\b,"{""low_risk_diy"": 2.2, ""medium_risk_call_pro"": 2.0}",yes,,,,,MR0060,needs_human_review,2,Sarah,,
1s06ols,Plumbing,2026-03-21T23:55:35+00:00,Hydraulic fuse for sump pump discharge?,"My sump pump discharge froze this winter. The underground path is about 100' of 1.5"" PVC, and definitely not pitched down the whole way to the storm drain. I installed this rubber T-fitting and a 10' extension to get me through the winter (1st picture). Now it is spring, so I removed the extension and put on a PVC plug with no glue (2nd picture). It seals fine. I even backed it off \~1/2"" to be a little looser (the left blue line is full on). Does not leak. In fact, I can hear suction in it, and feel it when I try to pull off the plug (it literally tries to suck it on tighter when the pump cycles). What I want this to be is a ""hydraulic fuse"". I'm hoping that next time the underground path freezes, the plug will blow out and my basement won't flood. Then when I walk by and notice it eventually, I'll put the 10' extension back on again. Can this work?","Hydraulic fuse for sump pump discharge? My sump pump discharge froze this winter. The underground path is about 100' of 1.5"" PVC, and definitely not pitched down the whole way to the storm drain. I installed this rubber T-fitting and a 10' extension to get me through the winter (1st picture). Now it is spring, so I removed the extension and put on a PVC plug with no glue (2nd picture). It seals fine. I even backed it off \~1/2"" to be a little looser (the left blue line is full on). Does not leak. In fact, I can hear suction in it, and feel it when I try to pull off the plug (it literally tries to suck it on tighter when the pump cycles). What I want this to be is a ""hydraulic fuse"". I'm hoping that next time the underground path freezes, the plug will blow out and my basement won't flood. Then when I walk by and notice it eventually, I'll put the 10' extension back on again. Can this work?",https://www.reddit.com/r/Plumbing/comments/1s06ols/hydraulic_fuse_for_sump_pump_discharge/,21,10,https://www.reddit.com/gallery/1s06ols,flooding,needs_review_urgent_signal,,manual_review_pending,,medium_risk_call_pro,0.80,contained_water_damage:\bleak(?:s|ing|ed)?\b,"{""medium_risk_call_pro"": 2.0}",no,,,,,MR0066,medium_risk_call_pro,2,Sarah,,
1qw096w,HomeMaintenance,2026-02-04T20:40:29+00:00,Help me figure out what to do with this wall-- do it myself or hire out?,"Hi everyone! I have a wall (**8.5 ft** tall by **11 ft** wide) that had one wall with long pieces of wood nailed to it that was then painted over. We carefully removed the wood, but some of the pieces still peeled away the drywall mud and we were left with this (*see photos*). My goal is to smooth this out and then paint it off-white, to match the other walls in the room. Do you think this is an easy fix for a complete -- rather clueless -- beginner? Or should I hire out? And if I do, what do you think is a fair price for this kind of job in Texas?","Help me figure out what to do with this wall-- do it myself or hire out? Hi everyone! I have a wall (**8.5 ft** tall by **11 ft** wide) that had one wall with long pieces of wood nailed to it that was then painted over. We carefully removed the wood, but some of the pieces still peeled away the drywall mud and we were left with this (*see photos*). My goal is to smooth this out and then paint it off-white, to match the other walls in the room. Do you think this is an easy fix for a complete -- rather clueless -- beginner? Or should I hire out? And if I do, what do you think is a fair price for this kind of job in Texas?",https://www.reddit.com/r/HomeMaintenance/comments/1qw096w/help_me_figure_out_what_to_do_with_this_wall_do/,0,18,https://www.reddit.com/gallery/1qw096w,paint peeling,needs_review_low_signal,,manual_review_pending,,low_risk_diy,0.82,cosmetic_or_minor_finish:\bpaint(?:ing|ed)?\b,"{""low_risk_diy"": 2.2}",no,,,,,MR0069,low_risk_diy,2,Sarah,,
1tbzl64,HomeImprovement,2026-05-13T13:24:48+00:00,Window Wells Questions,"Just bought our first house. Inspector said there were some stains on the concrete walls of the basement meaning there has been water leaking in, in the past. But everything was dry and still is currently dry. I told him my biggest worry was water flooding the basement, as there is no sump pump and our plan is to eventually finish the basement. His recommendation was to put covers on the window wells, and then add dirt around the perimeter of the house on a slope leading away from the house. Then to put some sort of water resistant mesh down on top of the dirt, and then layer gravel on that. Does this seem like the correct way to go? And if so, is there anything I should know before attempting this myself? Is there a distance the slope should be leading away from the house? As in, is the slope leading one foot away from the foundation enough? Should it be 2 feet? 3 feet? The gutters connect to pipes that go underground and lead away from the property. But I am not sure if there is any sort of water drainage other than the gutters, around the foundation. Also considering replacing all the window wells at the same time. As I will not be putting new covers on rusted out metal wells that are already falling apart.","Window Wells Questions Just bought our first house. Inspector said there were some stains on the concrete walls of the basement meaning there has been water leaking in, in the past. But everything was dry and still is currently dry. I told him my biggest worry was water flooding the basement, as there is no sump pump and our plan is to eventually finish the basement. His recommendation was to put covers on the window wells, and then add dirt around the perimeter of the house on a slope leading away from the house. Then to put some sort of water resistant mesh down on top of the dirt, and then layer gravel on that. Does this seem like the correct way to go? And if so, is there anything I should know before attempting this myself? Is there a distance the slope should be leading away from the house? As in, is the slope leading one foot away from the foundation enough? Should it be 2 feet? 3 feet? The gutters connect to pipes that go underground and lead away from the property. But I am not sure if there is any sort of water drainage other than the gutters, around the foundation. Also considering replacing all the window wells at the same time. As I will not be putting new covers on rusted out metal wells that are already falling apart.",https://www.reddit.com/r/HomeImprovement/comments/1tbzl64/window_wells_questions/,6,4,https://www.reddit.com/r/HomeImprovement/comments/1tbzl64/window_wells_questions/,leak,needs_review_urgent_signal,,manual_review_pending,,urgent_safety_risk,0.77,active_flooding_or_sewage:\bflooding\b; contained_water_damage:\bleak(?:s|ing|ed)?\b,"{""medium_risk_call_pro"": 2.0, ""urgent_safety_risk"": 3.0}",no,,,,,MR0076,urgent_safety_risk,2,Sarah,,
1tdyr20,HomeImprovement,2026-05-15T14:55:16+00:00,Humidity rising in basement,"I'm looking for advice on how to find what may be a hidden water leak. Over the last week, our temperature and humidity sensor has shown an increase in humidity in our fully finished basement. It went from averaging about 55% to 60%. Not a big jump, I know, but we are serious about keeping it below 60% to keep mold and mildew down, and it's very rare for it to go that high. Additionaly, my parter (who is senstive to mold and mildew) is starting to react when she's in the basement. This is where our master bedroom is. It's also where our laundry is. There is also a full bathroom, but we only use the toilet and sink (never the shower or bath). With all this plumbing, and it being behind drywall, I'm worried we have a hidden leak. The weather here has been dry and sunny, with no precipitation, so I don't think it is coming from outside. In the mean time, we are running a dehumidifier. It initially took the hummidty level down to about 45%, but it comes back up when we don't run the dehumidifier. Any suggetions on how we might find a leak, without cutting drywall? EDIT: There is no AC in use, and the temp in the basement is pretty steady around 60F.","Humidity rising in basement I'm looking for advice on how to find what may be a hidden water leak. Over the last week, our temperature and humidity sensor has shown an increase in humidity in our fully finished basement. It went from averaging about 55% to 60%. Not a big jump, I know, but we are serious about keeping it below 60% to keep mold and mildew down, and it's very rare for it to go that high. Additionaly, my parter (who is senstive to mold and mildew) is starting to react when she's in the basement. This is where our master bedroom is. It's also where our laundry is. There is also a full bathroom, but we only use the toilet and sink (never the shower or bath). With all this plumbing, and it being behind drywall, I'm worried we have a hidden leak. The weather here has been dry and sunny, with no precipitation, so I don't think it is coming from outside. In the mean time, we are running a dehumidifier. It initially took the hummidty level down to about 45%, but it comes back up when we don't run the dehumidifier. Any suggetions on how we might find a leak, without cutting drywall? EDIT: There is no AC in use, and the temp in the basement is pretty steady around 60F.",https://www.reddit.com/r/HomeImprovement/comments/1tdyr20/humidity_rising_in_basement/,1,6,https://www.reddit.com/r/HomeImprovement/comments/1tdyr20/humidity_rising_in_basement/,leak,needs_review_medium_signal,,manual_review_pending,,medium_risk_call_pro,0.95,contained_water_damage:\bleak(?:s|ing|ed)?\b; trade_system_issue:\bplumbing\b; mold_or_foundation_concern:\bmold\b,"{""medium_risk_call_pro"": 6.0}",no,,,,,MR0083,medium_risk_call_pro,2,Sarah,,
1trugc5,HomeImprovement,2026-05-30T08:46:22+00:00,Water heater leaking from top,https://imgur.com/a/RYaEGbY The water was pooled around where the cold water enters before I dried it up. We just got this installed last year.,Water heater leaking from top https://imgur.com/a/RYaEGbY The water was pooled around where the cold water enters before I dried it up. We just got this installed last year.,https://www.reddit.com/r/HomeImprovement/comments/1trugc5/water_heater_leaking_from_top/,1,3,https://www.reddit.com/r/HomeImprovement/comments/1trugc5/water_heater_leaking_from_top/,leak,needs_review_medium_signal,,manual_review_pending,,medium_risk_call_pro,0.95,contained_water_damage:\bleak(?:s|ing|ed)?\b; trade_system_issue:\bwater heater\b,"{""medium_risk_call_pro"": 4.0}",no,,,,,MR0091,medium_risk_call_pro,2,Sarah,,
1st6n2h,DIY,2026-04-23T03:00:43+00:00,Problem with Sprinklers,Hopefully the right sub for this. When I turn A on it fills about halfway up with water. A couple hours later B also fills up with water. My lawn guy who can’t come out for a few weeks says the pipe at the bottom of A has a leak and needs to be replaced. Does this sound correct? I think A is about 3-4 feet deep. If I dig it out how hard is it to replace the valve at the bottom? I have done some minor pipe repair in the past.,Problem with Sprinklers Hopefully the right sub for this. When I turn A on it fills about halfway up with water. A couple hours later B also fills up with water. My lawn guy who can’t come out for a few weeks says the pipe at the bottom of A has a leak and needs to be replaced. Does this sound correct? I think A is about 3-4 feet deep. If I dig it out how hard is it to replace the valve at the bottom? I have done some minor pipe repair in the past.,https://www.reddit.com/r/DIY/comments/1st6n2h/problem_with_sprinklers/,11,9,https://i.redd.it/8gkjed5dvuwg1.jpeg,water leak,needs_review_medium_signal,,manual_review_pending,,medium_risk_call_pro,0.80,contained_water_damage:\bleak(?:s|ing|ed)?\b,"{""medium_risk_call_pro"": 2.0}",no,,,,,MR0093,medium_risk_call_pro,2,Sarah,,
1q0nu33,DIY,2025-12-31T21:25:33+00:00,Renovated Powder Bath (novice/beginner),"[Before](https://preview.redd.it/k1ufx1obwlag1.png?width=1024&format=png&auto=webp&s=803d16b68785eebc7ecf9b62bf631a32e916e323) [Before](https://preview.redd.it/espbk1obwlag1.jpg?width=3024&format=pjpg&auto=webp&s=ad62227bde8c9786dbaa4c0f537e511ff966bc82) [Skim Coating](https://preview.redd.it/u2mrsj1iwlag1.jpg?width=3024&format=pjpg&auto=webp&s=10f1c3a398836db13e0f0c5ba39ab78a5dac9df0) [Beadboard size testing](https://preview.redd.it/mf52z8eqwlag1.jpg?width=3024&format=pjpg&auto=webp&s=c44a113de9a2e04a23a689ab5d53eb8dd28d3a3a) [Cutting around pipes. Glued the missing square piece below after.](https://preview.redd.it/3orthrvswlag1.jpg?width=3024&format=pjpg&auto=webp&s=7907fd0a1f15f480a0bae59a7926a58e820179e1) [Primer and paint](https://preview.redd.it/8jpvdkqxwlag1.jpg?width=3024&format=pjpg&auto=webp&s=2b38d45c90da6f092b0c4b8f9cae8daf8fb15bbb) [Guide line for wallpaper](https://preview.redd.it/hw2v6y7zwlag1.jpg?width=3024&format=pjpg&auto=webp&s=de95e0ea384a959a34d4fca756ddea323363e754) [After](https://preview.redd.it/1xtsfrv3xlag1.jpg?width=3024&format=pjpg&auto=webp&s=ee7467f40eaf7be5e59cdf060304655b62913e9c) [After](https://preview.redd.it/ajla4mj5xlag1.jpg?width=3024&format=pjpg&auto=webp&s=fc045ea53a1da1d3345cdb7239cb91ec1160722c) [After \(notice the cut out leaf above door to cover seam\)](https://preview.redd.it/bti5mpf7xlag1.jpg?width=3024&format=pjpg&auto=webp&s=8600f64012d8ce0ef9b6bd95fa2dd2f36ae09486) Finally tackled our powder bathroom as an amateur tinkerer and did it all ourselves! I'll break down the steps and then link to the products I was able to source. I replaced the light scone, faucet, towel/tp holders, and toilet handle last year when I already knew the theme, so this big chunk of the work was mostly the walls. **1. Measured everything** 4-5x over and over again. The bathroom was fine as it was so changing every square inch was daunting. I usually cut corners but this time took the time and patience to try and do it correctly. Along the way I realized no wall or corner was square in this 20 year old house so it was going to take some fine tuning to make sure stuff fit. **2. Purchased the wallpaper and cut the bead board and chair railing** at Home Depot. The guy at the cutting station noted how banged up some of the corners were so he took 70% off the whole thing. Was only about $20 for the boards total — not bad! For the wallpaper, it was pretty pricey (like $700 ish) but I googled a coupon code and found one that took off 60% to make it a bit more reasonable. I needed 9 72"" sheets for this project. **3. Skim coated the walls.** This was the first part that really scared me. I really wanted to cut this corner by wallpapering over orange peel but everyone said the walls needed to be smooth and clean first, and this was the best way. Again Home Depot crew helped break down my situation and got me the pre-mixed mud. Also bought the trowel, bucket, some and cleaning sponges. Shit got REAL dusty so a mask is suggested. **4. Premiered the walls, bead board, and chair railing.** Explained to the guy in the paint department what I was doing and he suggested KILZ primer for the bead board, walls, and chair rail. It dried in about 20 min and was good to go. **5. Painted the bead board and chair railing**. Just used a roller and it only took one coat! **6. Installed the peel-and-stick wallpaper**. This was the part I was most scared of. Lots of choices of patterns, thicknesses, brands, and types of adhesion. Peel-and-stick seemed the easiest, but everyone online said it would be a paid. The wallpaper brand I bought suggested using a bottle of E-Z Hang and that made the whole thing bearable. It basically provided a slimy thin layer under the sticky wallpaper so I can slide it around. The version of wallpaper I bought needed to butt up against the edges so EZ Hang made it possible to get the seams really tight, but some of the wall is still just barely visible. One of my regrets. Most tutorials on YouTube suggested taking a piece in the corner, overlapping the corner by an inch, using a straight edge to mark the opposite long end, and then starting your first piece along that straight edge. When I finally hung everything on the wall and came back to that corner though, it was a little warped and that one inch was difficult to work with. If I were to redo it I would have left 2-3 inches overhang instead. Live and learn I guess. My room ended up connecting above the bathroom door, but I needed 2 pieces to connect in the middle. Luckily with my pattern and the fact it was peel-and-stick like a thick sticker, I cut out leaves from the pattern and placed them over the seams. Looks flawless and professional there in the spot I thought would look the worst. Little win for that one. **7. Installed the bead board panels.** This was fun because I had an excuse for a new tool — 2"" brad nailer. When I loosely put all the boards in place is when the not-square walls became an issue. I just used a rotary sander attached to a shop vac to trim down the corners and edges where needed until they all fit snuggly. Then I glued on a bunch of liquid nails and brad-nailed into all the studs, top and bottoms of the boards, and a couple in between the studs where some of the boards bowed. **THIS IS WHERE I HAD A BIG MESS UP**. I left the pocket door fully open, so when I nailed in the bead board along the wall of the pocket door, the brads went through the door and nailed it open. I felt like a major idiot. Luckily they only went in about 1/16th of an inch. To solve this, I took a long metal straight edge, slid it between the door and the wall and over the nails, and whacked it with a hammer to bend the nails down. They were sticking so far out of the back of the dry wall that they actually bent down far enough to let the door smoothly slide past. Could have been much worse. **Make sure you have shorter nails for those pocket door walls!** **8. Finally, I installed the chair railing.** The angles I cut weren't perfect 45º so again I used a sander until they fit snuggly. Then some wall spackle to fill in the gaps. Then light sand and painted when it was cleaned and dried. Ta-da! Looks a lot different and I'm proud to have taken on a little piece of my home. I think if I were to do anything else to polish this it would be adding painted quarter round on the top corners all the way around to cover where the wallpaper meets the ceiling, but for now I'm just going to enjoy the New Year. Here's the list of products: 1. [Wallpaper](https://ondecor.com/products/botanical-wallpaper-layered-banana-leaves-black-gold-c444?_pos=1&_sid=eefd3d27e&_ss=r) 2. [Beadboard](https://www.homedepot.com/p/EUCATILE-3-16-in-x-32-in-x-48-in-White-True-Bead-Wainscot-Panel-975-891/205669197) 3. [Chair railing](https://www.homedepot.com/p/Builders-Choice-256-9-16-in-x-1-17-27-in-Primed-MDF-Casing-Sold-by-Linear-Foot-F320158RL/206069364) 4. [Sconce](https://lights.com/products/carlisle-2-light-vanity-matte-black-brushed-brass?variant=41461276082241) 5. [Faucet](https://www.homedepot.com/p/KOHLER-Cursiva-4-in-Centerset-Double-Handle-Bathroom-Faucet-in-Vibrant-Brushed-Moderne-Brass-R30578-4D-2MB/315091336) 6. [Toilet holder (same style as towel holder)](https://www.homedepot.com/p/KOHLER-Cursiva-Wall-Mount-Single-Post-Toilet-Paper-Holder-in-Vibrant-Brushed-Modern-Brass-K-R26688-2MB/319144615?MERCH=REC-_-fbt_test-_-319144536-_-1-_-n/a-_-n/a-_-n/a-_-n/a-_-n/a) 7. [Paint (""Peppercorn"" by Behr)](https://www.homedepot.com/pep/BEHR-PREMIUM-PLUS-1-qt-PPU18-01-Cracked-Pepper-Satin-Enamel-Low-Odor-Interior-Paint-Primer-730004/310986223)","Renovated Powder Bath (novice/beginner) [Before](https://preview.redd.it/k1ufx1obwlag1.png?width=1024&format=png&auto=webp&s=803d16b68785eebc7ecf9b62bf631a32e916e323) [Before](https://preview.redd.it/espbk1obwlag1.jpg?width=3024&format=pjpg&auto=webp&s=ad62227bde8c9786dbaa4c0f537e511ff966bc82) [Skim Coating](https://preview.redd.it/u2mrsj1iwlag1.jpg?width=3024&format=pjpg&auto=webp&s=10f1c3a398836db13e0f0c5ba39ab78a5dac9df0) [Beadboard size testing](https://preview.redd.it/mf52z8eqwlag1.jpg?width=3024&format=pjpg&auto=webp&s=c44a113de9a2e04a23a689ab5d53eb8dd28d3a3a) [Cutting around pipes. Glued the missing square piece below after.](https://preview.redd.it/3orthrvswlag1.jpg?width=3024&format=pjpg&auto=webp&s=7907fd0a1f15f480a0bae59a7926a58e820179e1) [Primer and paint](https://preview.redd.it/8jpvdkqxwlag1.jpg?width=3024&format=pjpg&auto=webp&s=2b38d45c90da6f092b0c4b8f9cae8daf8fb15bbb) [Guide line for wallpaper](https://preview.redd.it/hw2v6y7zwlag1.jpg?width=3024&format=pjpg&auto=webp&s=de95e0ea384a959a34d4fca756ddea323363e754) [After](https://preview.redd.it/1xtsfrv3xlag1.jpg?width=3024&format=pjpg&auto=webp&s=ee7467f40eaf7be5e59cdf060304655b62913e9c) [After](https://preview.redd.it/ajla4mj5xlag1.jpg?width=3024&format=pjpg&auto=webp&s=fc045ea53a1da1d3345cdb7239cb91ec1160722c) [After \(notice the cut out leaf above door to cover seam\)](https://preview.redd.it/bti5mpf7xlag1.jpg?width=3024&format=pjpg&auto=webp&s=8600f64012d8ce0ef9b6bd95fa2dd2f36ae09486) Finally tackled our powder bathroom as an amateur tinkerer and did it all ourselves! I'll break down the steps and then link to the products I was able to source. I replaced the light scone, faucet, towel/tp holders, and toilet handle last year when I already knew the theme, so this big chunk of the work was mostly the walls. **1. Measured everything** 4-5x over and over again. The bathroom was fine as it was so changing every square inch was daunting. I usually cut corners but this time took the time and patience to try and do it correctly. Along the way I realized no wall or corner was square in this 20 year old house so it was going to take some fine tuning to make sure stuff fit. **2. Purchased the wallpaper and cut the bead board and chair railing** at Home Depot. The guy at the cutting station noted how banged up some of the corners were so he took 70% off the whole thing. Was only about $20 for the boards total — not bad! For the wallpaper, it was pretty pricey (like $700 ish) but I googled a coupon code and found one that took off 60% to make it a bit more reasonable. I needed 9 72"" sheets for this project. **3. Skim coated the walls.** This was the first part that really scared me. I really wanted to cut this corner by wallpapering over orange peel but everyone said the walls needed to be smooth and clean first, and this was the best way. Again Home Depot crew helped break down my situation and got me the pre-mixed mud. Also bought the trowel, bucket, some and cleaning sponges. Shit got REAL dusty so a mask is suggested. **4. Premiered the walls, bead board, and chair railing.** Explained to the guy in the paint department what I was doing and he suggested KILZ primer for the bead board, walls, and chair rail. It dried in about 20 min and was good to go. **5. Painted the bead board and chair railing**. Just used a roller and it only took one coat! **6. Installed the peel-and-stick wallpaper**. This was the part I was most scared of. Lots of choices of patterns, thicknesses, brands, and types of adhesion. Peel-and-stick seemed the easiest, but everyone online said it would be a paid. The wallpaper brand I bought suggested using a bottle of E-Z Hang and that made the whole thing bearable. It basically provided a slimy thin layer under the sticky wallpaper so I can slide it around. The version of wallpaper I bought needed to butt up against the edges so EZ Hang made it possible to get the seams really tight, but some of the wall is still just barely visible. One of my regrets. Most tutorials on YouTube suggested taking a piece in the corner, overlapping the corner by an inch, using a straight edge to mark the opposite long end, and then starting your first piece along that straight edge. When I finally hung everything on the wall and came back to that corner though, it was a little warped and that one inch was difficult to work with. If I were to redo it I would have left 2-3 inches overhang instead. Live and learn I guess. My room ended up connecting above the bathroom door, but I needed 2 pieces to connect in the middle. Luckily with my pattern and the fact it was peel-and-stick like a thick sticker, I cut out leaves from the pattern and placed them over the seams. Looks flawless and professional there in the spot I thought would look the worst. Little win for that one. **7. Installed the bead board panels.** This was fun because I had an excuse for a new tool — 2"" brad nailer. When I loosely put all the boards in place is when the not-square walls became an issue. I just used a rotary sander attached to a shop vac to trim down the corners and edges where needed until they all fit snuggly. Then I glued on a bunch of liquid nails and brad-nailed into all the studs, top and bottoms of the boards, and a couple in between the studs where some of the boards bowed. **THIS IS WHERE I HAD A BIG MESS UP**. I left the pocket door fully open, so when I nailed in the bead board along the wall of the pocket door, the brads went through the door and nailed it open. I felt like a major idiot. Luckily they only went in about 1/16th of an inch. To solve this, I took a long metal straight edge, slid it between the door and the wall and over the nails, and whacked it with a hammer to bend the nails down. They were sticking so far out of the back of the dry wall that they actually bent down far enough to let the door smoothly slide past. Could have been much worse. **Make sure you have shorter nails for those pocket door walls!** **8. Finally, I installed the chair railing.** The angles I cut weren't perfect 45º so again I used a sander until they fit snuggly. Then some wall spackle to fill in the gaps. Then light sand and painted when it was cleaned and dried. Ta-da! Looks a lot different and I'm proud to have taken on a little piece of my home. I think if I were to do anything else to polish this it would be adding painted quarter round on the top corners all the way around to cover where the wallpaper meets the ceiling, but for now I'm just going to enjoy the New Year. Here's the list of products: 1. [Wallpaper](https://ondecor.com/products/botanical-wallpaper-layered-banana-leaves-black-gold-c444?_pos=1&_sid=eefd3d27e&_ss=r) 2. [Beadboard](https://www.homedepot.com/p/EUCATILE-3-16-in-x-32-in-x-48-in-White-True-Bead-Wainscot-Panel-975-891/205669197) 3. [Chair railing](https://www.homedepot.com/p/Builders-Choice-256-9-16-in-x-1-17-27-in-Primed-MDF-Casing-Sold-by-Linear-Foot-F320158RL/206069364) 4. [Sconce](https://lights.com/products/carlisle-2-light-vanity-matte-black-brushed-brass?variant=41461276082241) 5. [Faucet](https://www.homedepot.com/p/KOHLER-Cursiva-4-in-Centerset-Double-Handle-Bathroom-Faucet-in-Vibrant-Brushed-Moderne-Brass-R30578-4D-2MB/315091336) 6. [Toilet holder (same style as towel holder)](https://www.homedepot.com/p/KOHLER-Cursiva-Wall-Mount-Single-Post-Toilet-Paper-Holder-in-Vibrant-Brushed-Modern-Brass-K-R26688-2MB/319144615?MERCH=REC-_-fbt_test-_-319144536-_-1-_-n/a-_-n/a-_-n/a-_-n/a-_-n/a) 7. [Paint (""Peppercorn"" by Behr)](https://www.homedepot.com/pep/BEHR-PREMIUM-PLUS-1-qt-PPU18-01-Cracked-Pepper-Satin-Enamel-Low-Odor-Interior-Paint-Primer-730004/310986223)",https://www.reddit.com/r/DIY/comments/1q0nu33/renovated_powder_bath_novicebeginner/,22,0,https://www.reddit.com/r/DIY/comments/1q0nu33/renovated_powder_bath_novicebeginner/,loose trim,needs_review_low_signal,,manual_review_pending,,low_risk_diy,0.82,cosmetic_or_minor_finish:\bpaint(?:ing|ed)?\b,"{""low_risk_diy"": 2.2}",no,,,,,MR0094,low_risk_diy,2,Sarah,,
yve8yd,HomeImprovement,2022-11-14T22:08:46+00:00,Cannot find source of natural gas smell?,"Hi all, I'm not able to pinpoint the source of a natural gas leak in my basement. I have a new, 2 year old gas-fired furnace and hot water tank (maybe 10 years old) next to each other in the corner of the basement. Mounted next to this at high level, I have a combination natural gas/propane/CO detector which has \*never\* sounded an alarm/gone off. I also have CO detectors on every floor. In the morning sometimes, I can smell the natural gas at the top of the stairwell landing leading into the basement, and other times I can smell it faintly when the furnace is cycling on/off. One time when I detected the smell, I called over the gas company to take a look and they couldn't detect a leak from the furnace. The furnace vents horizontally through the side wall (new opening/exhaust) and the gas-fired hot water tank vents vertically up to the chimney on the roof. We had a roofer who re-roofed the entire roof last summer and I suspect he covered up the chimney siding with tar paper. So it's possible that the furnace is not venting/exhausting properly and that the gas cycles back down through the chimney if there is some obstruction on the chimney (such as the tar paper) which prevents the gas from venting properly. Just wondering if anyone has ideas on what I could try next to find the source of the problem? Certainly I should try to go on the roof to see if the chimney is obstructed in any way but looking for other suggestions also. Thanks!","Cannot find source of natural gas smell? Hi all, I'm not able to pinpoint the source of a natural gas leak in my basement. I have a new, 2 year old gas-fired furnace and hot water tank (maybe 10 years old) next to each other in the corner of the basement. Mounted next to this at high level, I have a combination natural gas/propane/CO detector which has \*never\* sounded an alarm/gone off. I also have CO detectors on every floor. In the morning sometimes, I can smell the natural gas at the top of the stairwell landing leading into the basement, and other times I can smell it faintly when the furnace is cycling on/off. One time when I detected the smell, I called over the gas company to take a look and they couldn't detect a leak from the furnace. The furnace vents horizontally through the side wall (new opening/exhaust) and the gas-fired hot water tank vents vertically up to the chimney on the roof. We had a roofer who re-roofed the entire roof last summer and I suspect he covered up the chimney siding with tar paper. So it's possible that the furnace is not venting/exhausting properly and that the gas cycles back down through the chimney if there is some obstruction on the chimney (such as the tar paper) which prevents the gas from venting properly. Just wondering if anyone has ideas on what I could try next to find the source of the problem? Certainly I should try to go on the roof to see if the chimney is obstructed in any way but looking for other suggestions also. Thanks!",https://www.reddit.com/r/HomeImprovement/comments/yve8yd/cannot_find_source_of_natural_gas_smell/,4,9,https://www.reddit.com/r/HomeImprovement/comments/yve8yd/cannot_find_source_of_natural_gas_smell/,gas smell,needs_review_urgent_signal,,manual_review_pending,,urgent_safety_risk,0.87,gas_or_carbon_monoxide:\bgas smell\b; contained_water_damage:\bleak(?:s|ing|ed)?\b; trade_system_issue:\bfurnace\b,"{""medium_risk_call_pro"": 4.0, ""urgent_safety_risk"": 4.0}",yes,,,,,MR0098,needs_human_review,2,Sarah,,
1t6pnh1,HomeMaintenance,2026-05-07T22:29:50+00:00,Moisture Intrusion,"Purchased the home in February. Was removing a shelf that was connected to the basement wall in the corner. Tore it out and found it like this. The back of the shelf was rotted, but it has since dried out. There are a few other places on this part of the basement that have water intrusion, but not this bad. Mold test was clear and there’s no musty smell. The neighbors informed me that years ago there was a flood cause by a neighbor two streets up that threw his lawn clipping into the city owned drain. It formed a dam and eventually burst and sent the water flowing down. I’m guessing during the flooding the water was absorbed through the wood and was dried out eventually. The wall is not damp, nor has there been any actual water spotted in the basement. It has also rained the past two days. I have had two dehumidifiers running since February. The yard slopes away from the house. I’m going to clear out my gutters and ensure the downspouts are clean as well. I have a feeling they’re causing the issue. I have not witnessed any water pooling outside by the house either. Today I had a basement remediation company come out and quote me 20k for adding water guards, a sump pump, wallie lining, and a built in dehumidifier. He never mentioned the gutters once. I’m feeling like all of this is overkill/he’s trying to maximize sales. I’m guessing ensuring the gutters are draining farther away would do the trick. If not I can reassess at a later date/cracks appear/basement floods. Is there anything I am overlooking or should be aware of? Thanks for any assistance!","Moisture Intrusion Purchased the home in February. Was removing a shelf that was connected to the basement wall in the corner. Tore it out and found it like this. The back of the shelf was rotted, but it has since dried out. There are a few other places on this part of the basement that have water intrusion, but not this bad. Mold test was clear and there’s no musty smell. The neighbors informed me that years ago there was a flood cause by a neighbor two streets up that threw his lawn clipping into the city owned drain. It formed a dam and eventually burst and sent the water flowing down. I’m guessing during the flooding the water was absorbed through the wood and was dried out eventually. The wall is not damp, nor has there been any actual water spotted in the basement. It has also rained the past two days. I have had two dehumidifiers running since February. The yard slopes away from the house. I’m going to clear out my gutters and ensure the downspouts are clean as well. I have a feeling they’re causing the issue. I have not witnessed any water pooling outside by the house either. Today I had a basement remediation company come out and quote me 20k for adding water guards, a sump pump, wallie lining, and a built in dehumidifier. He never mentioned the gutters once. I’m feeling like all of this is overkill/he’s trying to maximize sales. I’m guessing ensuring the gutters are draining farther away would do the trick. If not I can reassess at a later date/cracks appear/basement floods. Is there anything I am overlooking or should be aware of? Thanks for any assistance!",https://www.reddit.com/r/HomeMaintenance/comments/1t6pnh1/moisture_intrusion/,3,3,https://i.redd.it/d1l96zlpkszg1.jpeg,mold,needs_review_urgent_signal,,manual_review_pending,,urgent_safety_risk,0.77,active_flooding_or_sewage:\bflooding\b; contained_water_damage:\bwater intrusion\b; mold_or_foundation_concern:\bmold\b,"{""medium_risk_call_pro"": 4.0, ""urgent_safety_risk"": 3.0}",yes,,,,,MR0100,needs_human_review,2,Sarah,,
1pspsjg,HomeMaintenance,2025-12-22T03:55:31+00:00,Fixing up Failing faux tile,The faux tile wall of my bathtub is failing and starting to pull from the wall. The previous owners didn’t do a great job sealing from the top of the tile wall and seemed to just paint over the top without caulking. Should I be sanding down the paint that’s peeling up to do a proper caulk job after I glue behind the wall?,Fixing up Failing faux tile The faux tile wall of my bathtub is failing and starting to pull from the wall. The previous owners didn’t do a great job sealing from the top of the tile wall and seemed to just paint over the top without caulking. Should I be sanding down the paint that’s peeling up to do a proper caulk job after I glue behind the wall?,https://www.reddit.com/r/HomeMaintenance/comments/1pspsjg/fixing_up_failing_faux_tile/,1,4,https://www.reddit.com/gallery/1pspsjg,paint peeling,needs_review_low_signal,,manual_review_pending,,low_risk_diy,0.82,cosmetic_or_minor_finish:\bpaint(?:ing|ed)?\b,"{""low_risk_diy"": 2.2}",no,,,,,MR0105,low_risk_diy,2,Sarah,,
1t00lja,HomeMaintenance,2026-04-30T16:03:00+00:00,Advice on how to repair this exterior door? (Renter),"For context, I am a renter of this property. It is a pretty old home, I believe around 1890. This is relevant because (though I’m not 100%) I’m pretty sure the paint here is lead. There was a lead disclosure clause in my lease, and though the landlord said he has not found any, in my experience that just means he hasn’t looked. Anyways, a pane on the window is cracked and the paint on the exterior side is peeling badly and honestly kinda gross looking. Every time I see this door I have an urge to just start scraping away at this peeling paint and I’m not sure if I can hold myself back for another summer. First, does anyone have experience with making small renovations in their (historic) rental? And second, would there be a proper way to bring this up to the landlord as a project I would be willing to do independently? Or would it be more ask for forgiveness, not permission situation?","Advice on how to repair this exterior door? (Renter) For context, I am a renter of this property. It is a pretty old home, I believe around 1890. This is relevant because (though I’m not 100%) I’m pretty sure the paint here is lead. There was a lead disclosure clause in my lease, and though the landlord said he has not found any, in my experience that just means he hasn’t looked. Anyways, a pane on the window is cracked and the paint on the exterior side is peeling badly and honestly kinda gross looking. Every time I see this door I have an urge to just start scraping away at this peeling paint and I’m not sure if I can hold myself back for another summer. First, does anyone have experience with making small renovations in their (historic) rental? And second, would there be a proper way to bring this up to the landlord as a project I would be willing to do independently? Or would it be more ask for forgiveness, not permission situation?",https://www.reddit.com/r/HomeMaintenance/comments/1t00lja/advice_on_how_to_repair_this_exterior_door_renter/,2,2,https://www.reddit.com/gallery/1t00lja,paint peeling,needs_review_low_signal,,manual_review_pending,,low_risk_diy,0.82,cosmetic_or_minor_finish:\bpaint(?:ing|ed)?\b,"{""low_risk_diy"": 2.2}",no,,,,,MR0107,low_risk_diy,2,Sarah,,
13iqrqy,askanelectrician,2023-05-16T01:15:55+00:00,AFCI Nuisance Tripping,"Hello all, hoping someone has some insight into this very weird problem. Our house was built in 2021, we have AFCI's and combo GFCI's/AFCI's as typically required by code. We have had no problems with our electricity until about two months ago. Randomly, one AFCI breaker has started tripping. We've checked all the wiring on this circuit, removed loads that were suspicious, like a Laser printer, aquarium heaters, etc, and yet the random trips keep happening. Confirmed with the breaker's self-test diagnosis that it's tripping on arc fault, not over current. I replaced this AFCI in question. Here's where it gets weird, when it trips, it trips at exactly second 00 of the minute. For example, last night it tripped 3 times, at 21:17:00, 21:28:00 and 21:31:00. Then, after the last reset, it just stopped. A few months ago when this all started, it did the same sequence, same time of day (although at the time I didn't think to check the specific times when it was happening), but it was the 2100 hour for sure. It has also done this once during the day on a Friday; several trips with no load switching correlation, then just stopped tripping. Today, it tripped at 11:11:00, my wife WFH and was just sitting at her desk when it tripped. Interestingly, the bedroom that this circuit supplies also contains our foundation ground, and it's run is parallel in the wall with the circuit wiring back to the electrical panel. There have been no wiring changes, no new devices, nothing of the sort. We did receive Xfinity cable service to our house around the time when this started and the modem is on this circuit. It's one of their provided XB8 modems. There's nothing helpful in the modem logs. We also noticed that our electric company installed a new Smart Electrical Meter radio concentrator on a pole that is about 1.5 miles from us, and there is a ham radio operator registered about the same distance away from us. Problem is, no matter how hard I try, I cannot cause a trip purposely. I even vacuum every weekend using this very circuit, and have had zero trips. Just curious if anyone has any idea as to what is happening? I'm fairly adept with troubleshooting, and would really like to figure out what is causing this. I know I know, just swap it for a standard breaker, which I have no problem doing (mostly because I believe this to be some type of RFI/EMI type issue, not a true arc fault). At this point though, I'm just kinda interested to try and see if we can't figure out what's happening. Appreciate any suggestions! &#x200B; Edit: forgot to close a parenthesis and forgotten word Edit/Update: it’s not tripping at :00. I realized that this is just when the camera on that circuit stops recording. No matter when in the minute it actually loses power. Probably a buffer to keep the SD card from getting corrupted. Anyway. Moved the Xfinity modem to different circuit. Had 5 trips Tuesday night. All within/around the 2100 hour like all the rest have been. Now, I’ve moved the PC to another circuit. Testing continues.","AFCI Nuisance Tripping Hello all, hoping someone has some insight into this very weird problem. Our house was built in 2021, we have AFCI's and combo GFCI's/AFCI's as typically required by code. We have had no problems with our electricity until about two months ago. Randomly, one AFCI breaker has started tripping. We've checked all the wiring on this circuit, removed loads that were suspicious, like a Laser printer, aquarium heaters, etc, and yet the random trips keep happening. Confirmed with the breaker's self-test diagnosis that it's tripping on arc fault, not over current. I replaced this AFCI in question. Here's where it gets weird, when it trips, it trips at exactly second 00 of the minute. For example, last night it tripped 3 times, at 21:17:00, 21:28:00 and 21:31:00. Then, after the last reset, it just stopped. A few months ago when this all started, it did the same sequence, same time of day (although at the time I didn't think to check the specific times when it was happening), but it was the 2100 hour for sure. It has also done this once during the day on a Friday; several trips with no load switching correlation, then just stopped tripping. Today, it tripped at 11:11:00, my wife WFH and was just sitting at her desk when it tripped. Interestingly, the bedroom that this circuit supplies also contains our foundation ground, and it's run is parallel in the wall with the circuit wiring back to the electrical panel. There have been no wiring changes, no new devices, nothing of the sort. We did receive Xfinity cable service to our house around the time when this started and the modem is on this circuit. It's one of their provided XB8 modems. There's nothing helpful in the modem logs. We also noticed that our electric company installed a new Smart Electrical Meter radio concentrator on a pole that is about 1.5 miles from us, and there is a ham radio operator registered about the same distance away from us. Problem is, no matter how hard I try, I cannot cause a trip purposely. I even vacuum every weekend using this very circuit, and have had zero trips. Just curious if anyone has any idea as to what is happening? I'm fairly adept with troubleshooting, and would really like to figure out what is causing this. I know I know, just swap it for a standard breaker, which I have no problem doing (mostly because I believe this to be some type of RFI/EMI type issue, not a true arc fault). At this point though, I'm just kinda interested to try and see if we can't figure out what's happening. Appreciate any suggestions! &#x200B; Edit: forgot to close a parenthesis and forgotten word Edit/Update: it’s not tripping at :00. I realized that this is just when the camera on that circuit stops recording. No matter when in the minute it actually loses power. Probably a buffer to keep the SD card from getting corrupted. Anyway. Moved the Xfinity modem to different circuit. Had 5 trips Tuesday night. All within/around the 2100 hour like all the rest have been. Now, I’ve moved the PC to another circuit. Testing continues.",https://www.reddit.com/r/askanelectrician/comments/13iqrqy/afci_nuisance_tripping/,2,9,https://www.reddit.com/r/askanelectrician/comments/13iqrqy/afci_nuisance_tripping/,electrical issue,needs_review_medium_signal,,manual_review_pending,,urgent_safety_risk,0.82,fire_smoke_or_sparks:\barc(?:ing|ed)?\b; trade_system_issue:\bbreaker\b,"{""medium_risk_call_pro"": 2.0, ""urgent_safety_risk"": 3.5}",no,,,,,MR0108,urgent_safety_risk,2,Sarah,,
12rht3l,askanelectrician,2023-04-19T05:12:47+00:00,Burnt wires behind dryer 220 outlet,"I noticed a burning smell and assumed it was lint (I remove it everytime). It happened about 2 and I vacuumed out the lint area. I had a friend come over and he said a loose connector burnt the a wire. He thinks he can fix it by trimming back the burnt wire. He has done this before, but I am worried it might have damaged the middle of the wiring and my house will catch on fire. Is something relatively easy to fix or do I need a trained electrician?","Burnt wires behind dryer 220 outlet I noticed a burning smell and assumed it was lint (I remove it everytime). It happened about 2 and I vacuumed out the lint area. I had a friend come over and he said a loose connector burnt the a wire. He thinks he can fix it by trimming back the burnt wire. He has done this before, but I am worried it might have damaged the middle of the wiring and my house will catch on fire. Is something relatively easy to fix or do I need a trained electrician?",https://www.reddit.com/r/askanelectrician/comments/12rht3l/burnt_wires_behind_dryer_220_outlet/,1,0,https://www.reddit.com/r/askanelectrician/comments/12rht3l/burnt_wires_behind_dryer_220_outlet/,loose trim,needs_review_urgent_signal,,manual_review_pending,,urgent_safety_risk,0.82,fire_smoke_or_sparks:\bburning smell\b; trade_system_issue:\boutlets?\b,"{""medium_risk_call_pro"": 2.0, ""urgent_safety_risk"": 3.5}",no,,,,,MR0123,urgent_safety_risk,2,Sarah,,
1tqpk70,HomeMaintenance,2026-05-29T03:25:17+00:00,Could it be termite damage? NE FL.,"Please ignore the weird photo coloring. The lighting was green, I couldn’t get flash to work, and I just needed it to show up. There’s some water damage happening in my apartment (I know. I’m leaving. Tonight I found mold) but I want to know what the wood crumblies are? They’re like perfect circles….","Could it be termite damage? NE FL. Please ignore the weird photo coloring. The lighting was green, I couldn’t get flash to work, and I just needed it to show up. There’s some water damage happening in my apartment (I know. I’m leaving. Tonight I found mold) but I want to know what the wood crumblies are? They’re like perfect circles….",https://www.reddit.com/r/HomeMaintenance/comments/1tqpk70/could_it_be_termite_damage_ne_fl/,1,4,https://i.redd.it/gb6t0t5iwz3h1.jpeg,mold,needs_review_medium_signal,,manual_review_pending,,medium_risk_call_pro,0.95,contained_water_damage:\bwater damage(?:d)?\b; mold_or_foundation_concern:\bmold\b,"{""medium_risk_call_pro"": 4.0}",no,,,,,MR0125,medium_risk_call_pro,2,Sarah,,
10mnxeg,askanelectrician,2023-01-27T15:42:50+00:00,lights flickering from certain appliances,"Hi Electricians - I have several appliances that are causing all (LED) lights in the house to flicker. Looking for some troubleshooting advice. Some examples: * vacuum turning on * table saw running * miter saw running * a tea kettle - this kettle has two phases - a ""bulk"" heat phase and a ""i'm almost at temp phase"". during the ""bulk"" it draws 10 amps. this causes no issues on the lights. then a click (assuming a relay) occurs when it's close to temp and then it draws 5 amps. this is when the lights flicker. I assume the kettle is causing the lights to flicker cause it's china junk and introducing noise back into the circuit by whatever circuitry it uses to draw half the power. (amperage measured w/ a kill-a-watt) I've been slowly replacing all of the light bulbs w/ LEDs and that is when I started to notice the flickering. The strange part to me is that it's affecting all circuits. (e.g. I plugged the kettle into every circuit in the house, and the same lights flicker due to it). The vacuum will make all lights flicker regardless if it's a circuit off the main panel or the subpanel. If it was affecting just one circuit, I'd assume a loose neutral at the light. So I'm thinking it might be something between the main panel and the power company? I called the power company the other day and they ran some basic tests at the xformer. e.g one that he described was drawing 60 amps from the pole and the voltage dropped less than 1% (from 120 to 118). As a test, I ran my table saw and then asked one neighbor if his lights were flickering too, and got a negative back. As I'm typing this - realized I didn't ask if he uses LED lights or not - so maybe I need to bring a bulb over for that sort of test. fwiw - i'm an electrical engineer, so i know how the spicy pixies work - just aint a certified electrician. edit: before/after of the main panel - https://imgur.com/a/XHvxO0Q","lights flickering from certain appliances Hi Electricians - I have several appliances that are causing all (LED) lights in the house to flicker. Looking for some troubleshooting advice. Some examples: * vacuum turning on * table saw running * miter saw running * a tea kettle - this kettle has two phases - a ""bulk"" heat phase and a ""i'm almost at temp phase"". during the ""bulk"" it draws 10 amps. this causes no issues on the lights. then a click (assuming a relay) occurs when it's close to temp and then it draws 5 amps. this is when the lights flicker. I assume the kettle is causing the lights to flicker cause it's china junk and introducing noise back into the circuit by whatever circuitry it uses to draw half the power. (amperage measured w/ a kill-a-watt) I've been slowly replacing all of the light bulbs w/ LEDs and that is when I started to notice the flickering. The strange part to me is that it's affecting all circuits. (e.g. I plugged the kettle into every circuit in the house, and the same lights flicker due to it). The vacuum will make all lights flicker regardless if it's a circuit off the main panel or the subpanel. If it was affecting just one circuit, I'd assume a loose neutral at the light. So I'm thinking it might be something between the main panel and the power company? I called the power company the other day and they ran some basic tests at the xformer. e.g one that he described was drawing 60 amps from the pole and the voltage dropped less than 1% (from 120 to 118). As a test, I ran my table saw and then asked one neighbor if his lights were flickering too, and got a negative back. As I'm typing this - realized I didn't ask if he uses LED lights or not - so maybe I need to bring a bulb over for that sort of test. fwiw - i'm an electrical engineer, so i know how the spicy pixies work - just aint a certified electrician. edit: before/after of the main panel - https://imgur.com/a/XHvxO0Q",https://www.reddit.com/r/askanelectrician/comments/10mnxeg/lights_flickering_from_certain_appliances/,0,10,https://www.reddit.com/r/askanelectrician/comments/10mnxeg/lights_flickering_from_certain_appliances/,electrical issue,needs_review_unclear,,manual_review_pending,,,0.00,no_labeling_function_matched,{},yes,,,,,MR0128,needs_human_review,2,Sarah,,
12rujma,askanelectrician,2023-04-19T14:10:01+00:00,Annoying Subwoofer Pop,"I'm troubleshooting a wireless sub that pops when I cut the power to the receiver off. I've done a bunch of troubleshooting so far but there is no indication of bad receiver configuration, sound setting issue or sub or sub settings. I have actually replaced the sub with a new one. The Sub out is disconnected, and I've plug it into every room in the house only to get the same pop when the power on the receiver goes off. Someone brought up that there is a possible grounding issue. I have a Commercial electric outlet tester and have tested all the plugs in the Den. They all show correct with no issue. My question, Is it possible this is still a grounding issue if the outlets are testing normal? IF so do you have any recommendations?","Annoying Subwoofer Pop I'm troubleshooting a wireless sub that pops when I cut the power to the receiver off. I've done a bunch of troubleshooting so far but there is no indication of bad receiver configuration, sound setting issue or sub or sub settings. I have actually replaced the sub with a new one. The Sub out is disconnected, and I've plug it into every room in the house only to get the same pop when the power on the receiver goes off. Someone brought up that there is a possible grounding issue. I have a Commercial electric outlet tester and have tested all the plugs in the Den. They all show correct with no issue. My question, Is it possible this is still a grounding issue if the outlets are testing normal? IF so do you have any recommendations?",https://www.reddit.com/r/askanelectrician/comments/12rujma/annoying_subwoofer_pop/,1,1,https://www.reddit.com/r/askanelectrician/comments/12rujma/annoying_subwoofer_pop/,electrical issue,needs_review_medium_signal,,manual_review_pending,,medium_risk_call_pro,0.80,trade_system_issue:\boutlets?\b,"{""medium_risk_call_pro"": 2.0}",no,,,,,MR0136,medium_risk_call_pro,2,Sarah,,
1hm3hf3,Plumbing,2024-12-25T16:13:18+00:00,Shower Handle Repair Help: Stuck with Retaining Ring and Trim Sleeve,"Hi all, Merry Christmas! I hope you’re all enjoying the holiday season. I’m reaching out for advice on what I hope is a simple fix for my shower handle. Apologies in advance if I get some of the terminology wrong—I’m doing my best to describe the issue accurately. Yesterday, the escutcheon on my shower handle became loose, so I removed the handle and tightened the screws. However, now I’m completely stumped on how to reattach the handle! Here’s what I’m dealing with: • Pictures of the escutcheon and valve stem are attached. • There’s a metal retaining ring (possibly copper?) that slides over the valve stem, but it doesn’t go all the way to the base of the stem. The part that juts out at the end seems to align with the trim sleeve, which also fits snugly over the valve stem. • The problem: The trim sleeve has no threading or screws to secure it in place, and the screw in the handle base doesn’t reach the valve stem or seem to attach anywhere. It looks like the screw just holds the handle base to the trim sleeve. I’ve tried reverse image searches to identify the model of my shower handle unit, but I’ve come up empty-handed. I’m at a complete loss as to: 1. How to attach the trim sleeve back to the escutcheon/valve stem securely. 2. What role the retaining ring plays in all of this. If anyone could offer advice, resources, or a simple fix (for someone who isn’t super handy), I’d be incredibly grateful! Thank you in advance, and I hope you’re having a wonderful Christmas. https://preview.redd.it/9kzi5o9jr09e1.png?width=451&format=png&auto=webp&s=c0da5b5975e64cdb848063a7c692a8e0c2a3e3c8 https://preview.redd.it/fg5t2p9jr09e1.png?width=495&format=png&auto=webp&s=49acc9aa16c578829dafa92d56d6a555084e1927 https://preview.redd.it/hnawtp9jr09e1.png?width=950&format=png&auto=webp&s=730cc5b4c4c68e0c68208ee7288f9d288dadd2ea https://preview.redd.it/rr5xmp9jr09e1.png?width=199&format=png&auto=webp&s=d6d8eb3ffcfd9ab8638965d780f8bb9bb5487864","Shower Handle Repair Help: Stuck with Retaining Ring and Trim Sleeve Hi all, Merry Christmas! I hope you’re all enjoying the holiday season. I’m reaching out for advice on what I hope is a simple fix for my shower handle. Apologies in advance if I get some of the terminology wrong—I’m doing my best to describe the issue accurately. Yesterday, the escutcheon on my shower handle became loose, so I removed the handle and tightened the screws. However, now I’m completely stumped on how to reattach the handle! Here’s what I’m dealing with: • Pictures of the escutcheon and valve stem are attached. • There’s a metal retaining ring (possibly copper?) that slides over the valve stem, but it doesn’t go all the way to the base of the stem. The part that juts out at the end seems to align with the trim sleeve, which also fits snugly over the valve stem. • The problem: The trim sleeve has no threading or screws to secure it in place, and the screw in the handle base doesn’t reach the valve stem or seem to attach anywhere. It looks like the screw just holds the handle base to the trim sleeve. I’ve tried reverse image searches to identify the model of my shower handle unit, but I’ve come up empty-handed. I’m at a complete loss as to: 1. How to attach the trim sleeve back to the escutcheon/valve stem securely. 2. What role the retaining ring plays in all of this. If anyone could offer advice, resources, or a simple fix (for someone who isn’t super handy), I’d be incredibly grateful! Thank you in advance, and I hope you’re having a wonderful Christmas. https://preview.redd.it/9kzi5o9jr09e1.png?width=451&format=png&auto=webp&s=c0da5b5975e64cdb848063a7c692a8e0c2a3e3c8 https://preview.redd.it/fg5t2p9jr09e1.png?width=495&format=png&auto=webp&s=49acc9aa16c578829dafa92d56d6a555084e1927 https://preview.redd.it/hnawtp9jr09e1.png?width=950&format=png&auto=webp&s=730cc5b4c4c68e0c68208ee7288f9d288dadd2ea https://preview.redd.it/rr5xmp9jr09e1.png?width=199&format=png&auto=webp&s=d6d8eb3ffcfd9ab8638965d780f8bb9bb5487864",https://www.reddit.com/r/Plumbing/comments/1hm3hf3/shower_handle_repair_help_stuck_with_retaining/,1,1,https://www.reddit.com/r/Plumbing/comments/1hm3hf3/shower_handle_repair_help_stuck_with_retaining/,loose trim,needs_review_low_signal,,manual_review_pending,,low_risk_diy,0.82,cosmetic_or_minor_finish:\btrim\b,"{""low_risk_diy"": 2.2}",no,,,,,MR0144,low_risk_diy,2,Sarah,,
1tmyf62,Plumbing,2026-05-25T04:33:58+00:00,Sink leak help,I woke up this morning and my sink that I’ve never had an issue with immediately started leaking and flooding my cabinet when I turned both faucets on to brush my teeth. Can someone help me how to solve this? My landlord is such an asshole he charges an insane amount I can’t post per a fix regardless of whose fault and I can’t afford this right now. How can I fix this? It only happens when I turn my faucets on..,Sink leak help I woke up this morning and my sink that I’ve never had an issue with immediately started leaking and flooding my cabinet when I turned both faucets on to brush my teeth. Can someone help me how to solve this? My landlord is such an asshole he charges an insane amount I can’t post per a fix regardless of whose fault and I can’t afford this right now. How can I fix this? It only happens when I turn my faucets on..,https://www.reddit.com/r/Plumbing/comments/1tmyf62/sink_leak_help/,3,1,https://v.redd.it/fknkspm5p73h1,flooding,needs_review_urgent_signal,,manual_review_pending,,urgent_safety_risk,0.77,active_flooding_or_sewage:\bflooding\b; contained_water_damage:\bleak(?:s|ing|ed)?\b,"{""medium_risk_call_pro"": 2.0, ""urgent_safety_risk"": 3.0}",no,,,,,MR0145,urgent_safety_risk,2,Sarah,,
12q6yoe,askanelectrician,2023-04-18T02:28:03+00:00,12V Power Adapters,"We use these 12V power adapters in a fencing club. They worked for years until we changed locations, and now they quit working after a week or two, sometimes as little as an hour or two. There is no obvious signs of damage when pulled apart, but once they quit they never work again. Looking for thoughts on what could be causing this, and possible preventative measures. We thought it may have been static electricity from the new gym floor, and started using humidifiers, which helped with the static shocks, but not with the power supply issue. Thoughts?","12V Power Adapters We use these 12V power adapters in a fencing club. They worked for years until we changed locations, and now they quit working after a week or two, sometimes as little as an hour or two. There is no obvious signs of damage when pulled apart, but once they quit they never work again. Looking for thoughts on what could be causing this, and possible preventative measures. We thought it may have been static electricity from the new gym floor, and started using humidifiers, which helped with the static shocks, but not with the power supply issue. Thoughts?",https://www.reddit.com/r/askanelectrician/comments/12q6yoe/12v_power_adapters/,1,2,https://www.reddit.com/gallery/12q6yoe,electrical issue,needs_review_unclear,,manual_review_pending,,,0.00,no_labeling_function_matched,{},yes,,,,,MR0155,needs_human_review,2,Sarah,,
11jhat3,HomeImprovement,2023-03-05T23:19:23+00:00,Weird smell coming from basement?,"There's been a weird smell coming from our basement for a couple of days now. It is NOT: musty, moldy, gas/sulphur, or sewer-smelling. It's kind of hard to describe but when we first walked in my partner asked if it was my plants because it almost smells like dirt or soil but I haven't gotten any new plants. We smell it in the living room and on the first floor for a little until we go noseblind to it and then it gets stronger in the basement. Any idea what it could be?","Weird smell coming from basement? There's been a weird smell coming from our basement for a couple of days now. It is NOT: musty, moldy, gas/sulphur, or sewer-smelling. It's kind of hard to describe but when we first walked in my partner asked if it was my plants because it almost smells like dirt or soil but I haven't gotten any new plants. We smell it in the living room and on the first floor for a little until we go noseblind to it and then it gets stronger in the basement. Any idea what it could be?",https://www.reddit.com/r/HomeImprovement/comments/11jhat3/weird_smell_coming_from_basement/,2,23,https://www.reddit.com/r/HomeImprovement/comments/11jhat3/weird_smell_coming_from_basement/,gas smell,needs_review_unclear,,manual_review_pending,,,0.00,no_labeling_function_matched,{},yes,,,,,MR0157,needs_human_review,2,Sarah,,
11l6wqr,askanelectrician,2023-03-07T18:22:13+00:00,Need help with electrical installation issue in my house,"Hello everyone, I am experiencing some strange behavior with 2 outlets in my house and I was hoping to get some advice on how to fix the problem. Here are the details: * On some occasions, the outlets work perfectly fine * Other times, they trip the circuit breaker * Sometimes, they don't trip the breaker but cause other outlets to stop working * And in some cases, they switch off other outlets for a second and then everything goes back to normal. The outlets are in the same room. My house has an old electrical installation, some of the cables are made of aluminum and some parts of the installation have only two conductors and no ground. I live in Europe and have 230V @ 50Hz I have completely no idea what is causing these issues, so any help or suggestions would be greatly appreciated.","Need help with electrical installation issue in my house Hello everyone, I am experiencing some strange behavior with 2 outlets in my house and I was hoping to get some advice on how to fix the problem. Here are the details: * On some occasions, the outlets work perfectly fine * Other times, they trip the circuit breaker * Sometimes, they don't trip the breaker but cause other outlets to stop working * And in some cases, they switch off other outlets for a second and then everything goes back to normal. The outlets are in the same room. My house has an old electrical installation, some of the cables are made of aluminum and some parts of the installation have only two conductors and no ground. I live in Europe and have 230V @ 50Hz I have completely no idea what is causing these issues, so any help or suggestions would be greatly appreciated.",https://www.reddit.com/r/askanelectrician/comments/11l6wqr/need_help_with_electrical_installation_issue_in/,1,2,https://www.reddit.com/r/askanelectrician/comments/11l6wqr/need_help_with_electrical_installation_issue_in/,electrical issue,needs_review_medium_signal,,manual_review_pending,,medium_risk_call_pro,0.80,trade_system_issue:\bbreaker\b,"{""medium_risk_call_pro"": 2.0}",no,,,,,MR0159,medium_risk_call_pro,2,Sarah,,
1svohmi,Plumbing,2026-04-25T21:27:32+00:00,Help with sewer scope inspection,"Wife and I are in the process of buying a home built in 60s, sewer scope inspection has us confused on severity of the cast iron. Inspection states roots at 5, 7, 28 and 33ft. Excessive wear, build up and standing water. Our realtor thinks asking for a Jett should be good enough. Are we looking at full replacement in near future or maintenance holding us out for a while? It is worth note that I had a terrible sewer experience in my first home where the basement flooded a month after closing so that has me nervous to end up in that same situation again.","Help with sewer scope inspection Wife and I are in the process of buying a home built in 60s, sewer scope inspection has us confused on severity of the cast iron. Inspection states roots at 5, 7, 28 and 33ft. Excessive wear, build up and standing water. Our realtor thinks asking for a Jett should be good enough. Are we looking at full replacement in near future or maintenance holding us out for a while? It is worth note that I had a terrible sewer experience in my first home where the basement flooded a month after closing so that has me nervous to end up in that same situation again.",https://www.reddit.com/r/Plumbing/comments/1svohmi/help_with_sewer_scope_inspection/,1,3,https://v.redd.it/vz1a5ufhmexg1,flooding,needs_review_urgent_signal,,manual_review_pending,,urgent_safety_risk,0.90,active_flooding_or_sewage:\bflooded\b,"{""urgent_safety_risk"": 3.0}",no,,,,,MR0162,urgent_safety_risk,2,Sarah,,
1qk5i9f,Plumbing,2026-01-22T20:17:46+00:00,Bathroom sink drain,"Dealing with plumbing issues at my daughter's 1957 house, and needed to pull the P-trap under the bathroom sink. The drain line is galvanized and I assume there's a tee behind the wall with the pictured bushing screwed into it. The bushing is not threaded on the inside, and a prior DIYer installed a polypropylene P-trap using silicone adhesive and way too much caulk. I'd like to remove the bushing, stub out from the drain line, and install a P-trap correctly. First question: Is this the correct approach, or is there a better way to deal with the problem? The bushing probably hasn't been removed for nearly 70 years - is trying to unscrew it a fool's errand? Second question: If this is a plausible plan of attack, is there a way to remove the bushing without ripping out the drywall? It's pretty much flush, so there's no way to get a pipe wrench or slip-jaw pliers onto it. A 2"" socket, maybe? TIA for any thoughts, pointers, or advice.","Bathroom sink drain Dealing with plumbing issues at my daughter's 1957 house, and needed to pull the P-trap under the bathroom sink. The drain line is galvanized and I assume there's a tee behind the wall with the pictured bushing screwed into it. The bushing is not threaded on the inside, and a prior DIYer installed a polypropylene P-trap using silicone adhesive and way too much caulk. I'd like to remove the bushing, stub out from the drain line, and install a P-trap correctly. First question: Is this the correct approach, or is there a better way to deal with the problem? The bushing probably hasn't been removed for nearly 70 years - is trying to unscrew it a fool's errand? Second question: If this is a plausible plan of attack, is there a way to remove the bushing without ripping out the drywall? It's pretty much flush, so there's no way to get a pipe wrench or slip-jaw pliers onto it. A 2"" socket, maybe? TIA for any thoughts, pointers, or advice.",https://www.reddit.com/r/Plumbing/comments/1qk5i9f/bathroom_sink_drain/,2,1,https://www.reddit.com/gallery/1qk5i9f,caulk,needs_review_medium_signal,,manual_review_pending,,medium_risk_call_pro,0.67,trade_system_issue:\bplumbing\b; cosmetic_or_minor_finish:\bcaulk(?:ing)?\b,"{""low_risk_diy"": 2.2, ""medium_risk_call_pro"": 2.0}",yes,,,,,MR0169,needs_human_review,2,Sarah,,
1suyv1h,Plumbing,2026-04-25T01:51:46+00:00,Looking for some input on dealing with a leak/some leaks.,"I have an upstairs bathroom. One day a fire alarm in my garage started going off. Obviously checked for any fire/smoke and found nothing. Then I checked the alarm and found that it was getting flooded with water. I cut a hole in the ceiling and found that the drain to the tub upstairs was directly above it and seemed to be leaking. I cut a hole in the closet wall behind the drain and ran some water. I noticed some water coming out right by the drain so I pulled the drain out and found a crack of to the side where I'd seen the water. So I got a fiberglass repair kit and patched it. I ran some more water and didn't see any leaks at the drain but I did see some water coming from higher up, specifically right where the tub water spout went through the wall. So I put some caulking around the spout inside the tube. Then I ran some more water and saw some leaks coming through by the holes for the screws that hold the shower faucet handle in place. That's what the attached photo is of. I was lying on my back looking up and took a picture. You can see the water tracks from the screw holes and where the handle attaches through the wall. I'm not a plumber but it seems to me there should have been something to keep water from leaking through the screw holes and the hole for the handle? Can I just put some caulking around those openings? As I said, Im not a plumber so any suggestions would be greatly appreciated. I have some more pictures but it seems like I can only put one on this post? I don't know, I am not a smart man.","Looking for some input on dealing with a leak/some leaks. I have an upstairs bathroom. One day a fire alarm in my garage started going off. Obviously checked for any fire/smoke and found nothing. Then I checked the alarm and found that it was getting flooded with water. I cut a hole in the ceiling and found that the drain to the tub upstairs was directly above it and seemed to be leaking. I cut a hole in the closet wall behind the drain and ran some water. I noticed some water coming out right by the drain so I pulled the drain out and found a crack of to the side where I'd seen the water. So I got a fiberglass repair kit and patched it. I ran some more water and didn't see any leaks at the drain but I did see some water coming from higher up, specifically right where the tub water spout went through the wall. So I put some caulking around the spout inside the tube. Then I ran some more water and saw some leaks coming through by the holes for the screws that hold the shower faucet handle in place. That's what the attached photo is of. I was lying on my back looking up and took a picture. You can see the water tracks from the screw holes and where the handle attaches through the wall. I'm not a plumber but it seems to me there should have been something to keep water from leaking through the screw holes and the hole for the handle? Can I just put some caulking around those openings? As I said, Im not a plumber so any suggestions would be greatly appreciated. I have some more pictures but it seems like I can only put one on this post? I don't know, I am not a smart man.",https://www.reddit.com/r/Plumbing/comments/1suyv1h/looking_for_some_input_on_dealing_with_a_leaksome/,1,1,https://www.reddit.com/r/Plumbing/comments/1suyv1h/looking_for_some_input_on_dealing_with_a_leaksome/,caulk,needs_review_urgent_signal,,manual_review_pending,,urgent_safety_risk,0.92,fire_smoke_or_sparks:\bsmoke\b; active_flooding_or_sewage:\bflooded\b; contained_water_damage:\bleak(?:s|ing|ed)?\b; cosmetic_or_minor_finish:\bcaulk(?:ing)?\b,"{""low_risk_diy"": 2.2, ""medium_risk_call_pro"": 2.0, ""urgent_safety_risk"": 6.5}",no,,,,,MR0182,urgent_safety_risk,2,Sarah,,
1t8qzz9,HomeMaintenance,2026-05-09T23:52:47+00:00,Is this black mold?,"Hello Everyone. Could you please let me know if this black mold. If so, how can I get rid of it. Thank you.","Is this black mold? Hello Everyone. Could you please let me know if this black mold. If so, how can I get rid of it. Thank you.",https://www.reddit.com/r/HomeMaintenance/comments/1t8qzz9/is_this_black_mold/,0,6,https://www.reddit.com/gallery/1t8qzz9,mold,needs_review_medium_signal,,manual_review_pending,,medium_risk_call_pro,0.80,mold_or_foundation_concern:\bmold\b,"{""medium_risk_call_pro"": 2.0}",no,,,,,MR0183,medium_risk_call_pro,2,Sarah,,
1l18het,DIY,2025-06-02T03:59:35+00:00,How do you feel about people who dont DIY over simple things?,"Im a youtube DIYer. I grew up in a city and never really learned how to fix certain things bjt as i got older i didnt always wanted to wait and pay for a guy to fix my shit so i started watching YouTube videos and learned how to do certain things on my own. I try to know my limits though. I avoid electrical wiring unless it’s like changing an outlet or light fixture. I also avoid any hardcore plumbing too. I can understand people who may be nervous abojt it. But when i see someone wait or pay a guy to just change a filter, a headlight, or even a lawn mower spark plug, i cringe a little. It’s not so much because they got a person to do it, it’s more the lack of not at least watching a video to see if you could possibly do it yourself. It’s one thing to watch the video and think “i dont feel comfortable doing that so ill just get the expert”. But to not even watch the video when alot of times these DIYs are literally unscrew, replace the item, screw it back in. A friend of mine paid a mechanic 20 bucks to change his back headlights. Took 5 minutes and was easiest 20 bucks he had made. Maybe it’s just me. Do others who diy feel the same?","How do you feel about people who dont DIY over simple things? Im a youtube DIYer. I grew up in a city and never really learned how to fix certain things bjt as i got older i didnt always wanted to wait and pay for a guy to fix my shit so i started watching YouTube videos and learned how to do certain things on my own. I try to know my limits though. I avoid electrical wiring unless it’s like changing an outlet or light fixture. I also avoid any hardcore plumbing too. I can understand people who may be nervous abojt it. But when i see someone wait or pay a guy to just change a filter, a headlight, or even a lawn mower spark plug, i cringe a little. It’s not so much because they got a person to do it, it’s more the lack of not at least watching a video to see if you could possibly do it yourself. It’s one thing to watch the video and think “i dont feel comfortable doing that so ill just get the expert”. But to not even watch the video when alot of times these DIYs are literally unscrew, replace the item, screw it back in. A friend of mine paid a mechanic 20 bucks to change his back headlights. Took 5 minutes and was easiest 20 bucks he had made. Maybe it’s just me. Do others who diy feel the same?",https://www.reddit.com/r/DIY/comments/1l18het/how_do_you_feel_about_people_who_dont_diy_over/,0,27,https://www.reddit.com/r/DIY/comments/1l18het/how_do_you_feel_about_people_who_dont_diy_over/,sparking outlet,needs_review_urgent_signal,,manual_review_pending,,urgent_safety_risk,0.82,fire_smoke_or_sparks:\bspark(?:s|ing|ed)?\b; trade_system_issue:\boutlets?\b,"{""medium_risk_call_pro"": 2.0, ""urgent_safety_risk"": 3.5}",no,,,,,MR0185,urgent_safety_risk,2,Sarah,,
s68lb3,homeowners,2022-01-17T16:53:01+00:00,How can I fix this/who can I call to fix this?,As the video here shows (https://imgur.com/a/DRhbW6w) the door stopper mechanism has come completely loose and also smashed a hole in the door trim. Does anyone know who I can call to fix this? Can the trim be repaired or does it need to be replaced?,How can I fix this/who can I call to fix this? As the video here shows (https://imgur.com/a/DRhbW6w) the door stopper mechanism has come completely loose and also smashed a hole in the door trim. Does anyone know who I can call to fix this? Can the trim be repaired or does it need to be replaced?,https://www.reddit.com/r/homeowners/comments/s68lb3/how_can_i_fix_thiswho_can_i_call_to_fix_this/,0,9,https://www.reddit.com/r/homeowners/comments/s68lb3/how_can_i_fix_thiswho_can_i_call_to_fix_this/,loose trim,needs_review_low_signal,,manual_review_pending,,low_risk_diy,0.82,cosmetic_or_minor_finish:\btrim\b,"{""low_risk_diy"": 2.2}",no,,,,,MR0191,low_risk_diy,2,Sarah,,
10kib8z,askanelectrician,2023-01-24T22:29:21+00:00,Repurposing double pole breaker,"My main panel has a double pole 20A breaker that I believe was once used for baseboard electric heating that has since been removed. The breaker has been shut off since I moved in a few years ago. I would like to install a new 20A 120v GFCI receptacle on the exterior of my house. Is there any issue disconnect the wiring from the old baseboard heating, and just using one leg (leaving nothing attached to the other leg) of the double pole breaker to power the new receptacle? I don't really have any use for a MWBC.","Repurposing double pole breaker My main panel has a double pole 20A breaker that I believe was once used for baseboard electric heating that has since been removed. The breaker has been shut off since I moved in a few years ago. I would like to install a new 20A 120v GFCI receptacle on the exterior of my house. Is there any issue disconnect the wiring from the old baseboard heating, and just using one leg (leaving nothing attached to the other leg) of the double pole breaker to power the new receptacle? I don't really have any use for a MWBC.",https://www.reddit.com/r/askanelectrician/comments/10kib8z/repurposing_double_pole_breaker/,0,1,https://www.reddit.com/r/askanelectrician/comments/10kib8z/repurposing_double_pole_breaker/,electrical issue,needs_review_medium_signal,,manual_review_pending,,medium_risk_call_pro,0.67,trade_system_issue:\bbreaker\b; cosmetic_or_minor_finish:\bbaseboard\b,"{""low_risk_diy"": 2.2, ""medium_risk_call_pro"": 2.0}",yes,,,,,MR0199,needs_human_review,2,Sarah,,
1td0fym,HomeMaintenance,2026-05-14T14:48:11+00:00,Question about weep holes on new-build home,"Located in NW Florida. Main question up front: Do weep holes/flashing still work as intended if the flashing has 4-5 inches on mortar dried on top of it? Context: Bought a new-build home in 2025 and have been having some water damage/mold and humidity problems in the home. The home has a full-brick veneer with an air gap. We noticed a significant majority of the weep holes are completely plugged with mortar. Trying to understand the extent of the issue, we went looking at some of the homes currently being built in the development and took the pictures above. The wall we looked at was only about half built, but the issue was obvious. In the annotated picture, the layer of bricks that are outlined in red are the layer containing the weep holes. From what we could see, it looks like there is a solid 4 to 5 inches of mortar that is pooled on the flashing (highlighted with dashed cyan line) behind the weep holes. We have no reason to think they built our home any differently, so it seems most of our weep holes are blocked because a large amount of mortar pooled on the flashing while the bricks were laid and, while still wet, flowed into the weep holes before drying in place. We brought up the issue to our builder to get the problem fixed. They want to try to drill/chisel out all the weep holes. Since that will still leave a significant amount of mortar on the flashing, we are wondering: Even if they're drilled out, will the weep holes and flashing still do their job if covered in mortar like that? We are concerned that trying to drill or chisel out the holes will result in drilling through the flashing and destroying it, allowing water to pool on the ground inside our walls and start to cause water and mold damage. Thank you so much for help!","Question about weep holes on new-build home Located in NW Florida. Main question up front: Do weep holes/flashing still work as intended if the flashing has 4-5 inches on mortar dried on top of it? Context: Bought a new-build home in 2025 and have been having some water damage/mold and humidity problems in the home. The home has a full-brick veneer with an air gap. We noticed a significant majority of the weep holes are completely plugged with mortar. Trying to understand the extent of the issue, we went looking at some of the homes currently being built in the development and took the pictures above. The wall we looked at was only about half built, but the issue was obvious. In the annotated picture, the layer of bricks that are outlined in red are the layer containing the weep holes. From what we could see, it looks like there is a solid 4 to 5 inches of mortar that is pooled on the flashing (highlighted with dashed cyan line) behind the weep holes. We have no reason to think they built our home any differently, so it seems most of our weep holes are blocked because a large amount of mortar pooled on the flashing while the bricks were laid and, while still wet, flowed into the weep holes before drying in place. We brought up the issue to our builder to get the problem fixed. They want to try to drill/chisel out all the weep holes. Since that will still leave a significant amount of mortar on the flashing, we are wondering: Even if they're drilled out, will the weep holes and flashing still do their job if covered in mortar like that? We are concerned that trying to drill or chisel out the holes will result in drilling through the flashing and destroying it, allowing water to pool on the ground inside our walls and start to cause water and mold damage. Thank you so much for help!",https://www.reddit.com/r/HomeMaintenance/comments/1td0fym/question_about_weep_holes_on_newbuild_home/,2,9,https://www.reddit.com/gallery/1td0fym,mold,needs_review_medium_signal,,manual_review_pending,,medium_risk_call_pro,0.95,contained_water_damage:\bwater damage(?:d)?\b; mold_or_foundation_concern:\bmold\b,"{""medium_risk_call_pro"": 4.0}",no,,,,,MR0201,medium_risk_call_pro,2,Sarah,,
1t2ulk4,HomeMaintenance,2026-05-03T19:13:56+00:00,Exterior house cleaning question,"I grabbed this product from my local hardware store on the clearance rack, I offered $5. It worked fine, but I have more siding and decking to clean and it ran out. It's 5.25% Sodium Hypochlorite, 94.75% ""other ingredients"". Can I just refill this with 6% bleach concentrate (6% Sodium Hypochlorite) so I can use the wand/sprayer to apply it? https://preview.redd.it/n7umlypr1zyg1.jpg?width=589&format=pjpg&auto=webp&s=3cb02382b18e8bff9a45aefe47a94699448a6e76","Exterior house cleaning question I grabbed this product from my local hardware store on the clearance rack, I offered $5. It worked fine, but I have more siding and decking to clean and it ran out. It's 5.25% Sodium Hypochlorite, 94.75% ""other ingredients"". Can I just refill this with 6% bleach concentrate (6% Sodium Hypochlorite) so I can use the wand/sprayer to apply it? https://preview.redd.it/n7umlypr1zyg1.jpg?width=589&format=pjpg&auto=webp&s=3cb02382b18e8bff9a45aefe47a94699448a6e76",https://www.reddit.com/r/HomeMaintenance/comments/1t2ulk4/exterior_house_cleaning_question/,2,3,https://www.reddit.com/r/HomeMaintenance/comments/1t2ulk4/exterior_house_cleaning_question/,mold,needs_review_unclear,,manual_review_pending,,,0.00,no_labeling_function_matched,{},yes,,,,,MR0216,needs_human_review,2,Sarah,,
1sr1a7z,Plumbing,2026-04-20T20:07:03+00:00,First Water Heater Install: Rheem ProTerra 65 Gal HPWH. PEX-A with Crimps.,"# Just finished swapping out a 15+ year old atmospheric tank for a **Rheem ProTerra 65 Gal. High Efficiency Hybrid Heat Pump Water Heater**. Being in Marysville, WA, the utility rebates made this the right move. **The Build:** * **Pipe & Fittings:** This was my first time working with PEX. I chose **PEX-A** for the flexibility, but opted to use **crimp rings/crimp tool** for the connections. * **The Transition:** I used **SharkBites** strictly for the transition from the old copper to the new PEX-A. Honestly, I didn't want to risk a failed solder joint on my first water heater project and end up with a flood. * **Height:** The unit is 6' 2"", so I had to extend the hot and cold lines to the top-side ports. * **Seismic Strapping:** To stay strictly within Washington state code, I have the seismic straps set exactly at the bottom 1/3 and upper 1/3 limits. * **Expansion Tank:** Added a new expansion tank on the cold side, mounted to the structural cabinet to the right of the unit for better support. * **Electrical:** Cleaned up the old wiring and ran everything through new conduit for protection. * **Condensate:** Currently draining directly to the garage floor. It’s at a part of the garage that gets rained on anyway, but I’m planning to add a **condensate pump** soon to feed into my future lawn irrigation setup. * **The App:** Currently losing the battle against the **EcoNet app**. It won’t connect to my network, so Wi-Fi troubleshooting is the next step. I'm missing some ""in-progress"" shots of the cold line extension, but I’d love a professional critique of the final setup. Any ""silver bullet"" tips for getting the EcoNet app to finally handshake with a modern router?","First Water Heater Install: Rheem ProTerra 65 Gal HPWH. PEX-A with Crimps. # Just finished swapping out a 15+ year old atmospheric tank for a **Rheem ProTerra 65 Gal. High Efficiency Hybrid Heat Pump Water Heater**. Being in Marysville, WA, the utility rebates made this the right move. **The Build:** * **Pipe & Fittings:** This was my first time working with PEX. I chose **PEX-A** for the flexibility, but opted to use **crimp rings/crimp tool** for the connections. * **The Transition:** I used **SharkBites** strictly for the transition from the old copper to the new PEX-A. Honestly, I didn't want to risk a failed solder joint on my first water heater project and end up with a flood. * **Height:** The unit is 6' 2"", so I had to extend the hot and cold lines to the top-side ports. * **Seismic Strapping:** To stay strictly within Washington state code, I have the seismic straps set exactly at the bottom 1/3 and upper 1/3 limits. * **Expansion Tank:** Added a new expansion tank on the cold side, mounted to the structural cabinet to the right of the unit for better support. * **Electrical:** Cleaned up the old wiring and ran everything through new conduit for protection. * **Condensate:** Currently draining directly to the garage floor. It’s at a part of the garage that gets rained on anyway, but I’m planning to add a **condensate pump** soon to feed into my future lawn irrigation setup. * **The App:** Currently losing the battle against the **EcoNet app**. It won’t connect to my network, so Wi-Fi troubleshooting is the next step. I'm missing some ""in-progress"" shots of the cold line extension, but I’d love a professional critique of the final setup. Any ""silver bullet"" tips for getting the EcoNet app to finally handshake with a modern router?",https://www.reddit.com/r/Plumbing/comments/1sr1a7z/first_water_heater_install_rheem_proterra_65_gal/,1,9,https://www.reddit.com/gallery/1sr1a7z,flooding,needs_review_urgent_signal,,manual_review_pending,,medium_risk_call_pro,0.80,trade_system_issue:\bwater heater\b,"{""medium_risk_call_pro"": 2.0}",no,,,,,MR0224,medium_risk_call_pro,2,Sarah,,
1oegl2r,DIY,2025-10-23T22:02:40+00:00,Water Heater is leaking after replacing anode rod,"I put teflon tape on the threads, but perhaps that wasn't enough? I'm concerned I may have damaged the threads when I took the old one out, because I stupidly had the ratchet on righty-tighty and was really forcing it. If I did, is there anything I can do to create a better seal? https://preview.redd.it/6gtfb9d2pxwf1.jpg?width=3840&format=pjpg&auto=webp&s=c8db80a3316ee4818ae44655f8248318e336a569 https://preview.redd.it/j0pfedb4pxwf1.jpg?width=2160&format=pjpg&auto=webp&s=72c225e613641f954c602b8f7653cfefad58f05e","Water Heater is leaking after replacing anode rod I put teflon tape on the threads, but perhaps that wasn't enough? I'm concerned I may have damaged the threads when I took the old one out, because I stupidly had the ratchet on righty-tighty and was really forcing it. If I did, is there anything I can do to create a better seal? https://preview.redd.it/6gtfb9d2pxwf1.jpg?width=3840&format=pjpg&auto=webp&s=c8db80a3316ee4818ae44655f8248318e336a569 https://preview.redd.it/j0pfedb4pxwf1.jpg?width=2160&format=pjpg&auto=webp&s=72c225e613641f954c602b8f7653cfefad58f05e",https://www.reddit.com/r/DIY/comments/1oegl2r/water_heater_is_leaking_after_replacing_anode_rod/,0,5,https://www.reddit.com/r/DIY/comments/1oegl2r/water_heater_is_leaking_after_replacing_anode_rod/,water leak,needs_review_medium_signal,,manual_review_pending,,medium_risk_call_pro,0.95,contained_water_damage:\bleak(?:s|ing|ed)?\b; trade_system_issue:\bwater heater\b,"{""medium_risk_call_pro"": 4.0}",no,,,,,MR0227,medium_risk_call_pro,2,Sarah,,
1nwcwi4,HomeMaintenance,2025-10-02T19:09:23+00:00,Paint peels off in chunks,"It’s like the paint isn’t actually stuck to the wall? This is a rental so I do not know what paint was used. If a command strip is used it peels a whole chunk off, even when removing it the proper way. Any idea on fixes?","Paint peels off in chunks It’s like the paint isn’t actually stuck to the wall? This is a rental so I do not know what paint was used. If a command strip is used it peels a whole chunk off, even when removing it the proper way. Any idea on fixes?",https://www.reddit.com/r/HomeMaintenance/comments/1nwcwi4/paint_peels_off_in_chunks/,3,7,https://v.redd.it/0nuoyi84zqsf1,paint peeling,needs_review_low_signal,,manual_review_pending,,low_risk_diy,0.82,cosmetic_or_minor_finish:\bpaint(?:ing|ed)?\b,"{""low_risk_diy"": 2.2}",no,,,,,MR0228,low_risk_diy,2,Sarah,,
1ejpkn,DIY,2013-05-17T23:03:08+00:00,Electrical question. Outlets in one room not working. Breaker not flipped.,"I just noticed I have no power to any outlets in my upstairs room. The only thing I can attribute this to is my attempt at fixing an outlet in the downstairs room directly below this room earlier today. I have a wall outlet with one always on, bottom, plug and one light switch controlled, top, outlet. The light switch controlled outlet has never worked so today I decided to turn off the power and take a look for a loose connection or anything of the sort. I didn't see anything that struck me as out of the ordinary, honestly I didn't know what to look for. The two black lines on the side of the outlet pulled right out so I put them back in and tightened them down. I put the outlet back in the wall and plug a light into the always on, bottom, outlet. I flipped the breaker back on and my girlfriend said she saw a small spark and the light did not turn back on. I turned the breaker back off, removed the outlet, played with the connections a little, and tried the breaker again. This time the light turns on. I tried the switch controlled, top outlet to see if I somehow fixed the problem, nothing. I figured I didn't know what the hell I was doing, but was glad that I was at least able to get the bottom outlet to work as it did before. Now that I see my upstairs room doesn't have power I am back to kicking myself for attempting to fix the downstairs outlet without the proper knowledge of what I was doing. To sum up where I am right now, the outlets in the downstairs room, with the exception of the one switch controlled outlet, work fine. The outlets to the upstairs room do not. I flipped every breaker in my box, still nothing. Any help is greatly appreciated. I'm trying to fix this before my girlfriend freaks out. http://imgur.com/a/a1otj","Electrical question. Outlets in one room not working. Breaker not flipped. I just noticed I have no power to any outlets in my upstairs room. The only thing I can attribute this to is my attempt at fixing an outlet in the downstairs room directly below this room earlier today. I have a wall outlet with one always on, bottom, plug and one light switch controlled, top, outlet. The light switch controlled outlet has never worked so today I decided to turn off the power and take a look for a loose connection or anything of the sort. I didn't see anything that struck me as out of the ordinary, honestly I didn't know what to look for. The two black lines on the side of the outlet pulled right out so I put them back in and tightened them down. I put the outlet back in the wall and plug a light into the always on, bottom, outlet. I flipped the breaker back on and my girlfriend said she saw a small spark and the light did not turn back on. I turned the breaker back off, removed the outlet, played with the connections a little, and tried the breaker again. This time the light turns on. I tried the switch controlled, top outlet to see if I somehow fixed the problem, nothing. I figured I didn't know what the hell I was doing, but was glad that I was at least able to get the bottom outlet to work as it did before. Now that I see my upstairs room doesn't have power I am back to kicking myself for attempting to fix the downstairs outlet without the proper knowledge of what I was doing. To sum up where I am right now, the outlets in the downstairs room, with the exception of the one switch controlled outlet, work fine. The outlets to the upstairs room do not. I flipped every breaker in my box, still nothing. Any help is greatly appreciated. I'm trying to fix this before my girlfriend freaks out. http://imgur.com/a/a1otj",https://www.reddit.com/r/DIY/comments/1ejpkn/electrical_question_outlets_in_one_room_not/,4,7,https://www.reddit.com/r/DIY/comments/1ejpkn/electrical_question_outlets_in_one_room_not/,sparking outlet,needs_review_urgent_signal,,manual_review_pending,,urgent_safety_risk,0.82,fire_smoke_or_sparks:\bspark(?:s|ing|ed)?\b; trade_system_issue:\bbreaker\b,"{""medium_risk_call_pro"": 2.0, ""urgent_safety_risk"": 3.5}",no,,,,,MR0232,urgent_safety_risk,2,Sarah,,
1sx5wty,Plumbing,2026-04-27T14:48:36+00:00,what dap to use in bathroom counters?,"Hey everyone, new owner here. Builder put one of those giant contractor grade mirrors in the bathroom (the shitty ones). So I pulled it off and found that they didn't caulk between the wall and the quartz counter. There is some caulking but its kind of odd to me. Its hard, not springy or spongy like normal silicone. Had to use a sharp utility knife to clean up some of the edges. Hopefully the pictures show what they used. https://imgur.com/a/RB2wGW8 Any ideas are greatly appreciated. Thanks","what dap to use in bathroom counters? Hey everyone, new owner here. Builder put one of those giant contractor grade mirrors in the bathroom (the shitty ones). So I pulled it off and found that they didn't caulk between the wall and the quartz counter. There is some caulking but its kind of odd to me. Its hard, not springy or spongy like normal silicone. Had to use a sharp utility knife to clean up some of the edges. Hopefully the pictures show what they used. https://imgur.com/a/RB2wGW8 Any ideas are greatly appreciated. Thanks",https://www.reddit.com/r/Plumbing/comments/1sx5wty/what_dap_to_use_in_bathroom_counters/,1,2,https://www.reddit.com/r/Plumbing/comments/1sx5wty/what_dap_to_use_in_bathroom_counters/,caulk,needs_review_low_signal,,manual_review_pending,,low_risk_diy,0.82,cosmetic_or_minor_finish:\bcaulk(?:ing)?\b,"{""low_risk_diy"": 2.2}",no,,,,,MR0235,low_risk_diy,2,Sarah,,
1sq8s4l,HomeMaintenance,2026-04-19T23:38:09+00:00,Mold?,"I had a strong mold smell in my bathroom, cleaned everything with no luck. Took the fan cover off to remove the dust and found this. Rust? Dust? Mold? Still have a strong mold smell with the cover off. Fan was replaced around a year ago by complex maintenance.","Mold? I had a strong mold smell in my bathroom, cleaned everything with no luck. Took the fan cover off to remove the dust and found this. Rust? Dust? Mold? Still have a strong mold smell with the cover off. Fan was replaced around a year ago by complex maintenance.",https://www.reddit.com/r/HomeMaintenance/comments/1sq8s4l/mold/,2,3,https://www.reddit.com/gallery/1sq8s4l,mold,needs_review_medium_signal,,manual_review_pending,,medium_risk_call_pro,0.80,mold_or_foundation_concern:\bmold\b,"{""medium_risk_call_pro"": 2.0}",no,,,,,MR0236,medium_risk_call_pro,2,Sarah,,
1sh0gnj,Plumbing,2026-04-09T19:57:08+00:00,Tub spout gap,Installed a tub spout but it won’t sit flush against the tub wall. Good size gap to caulk. What’s the fix? Get an extended spout? Cut 1/4” off the copper pipe under the spout?,Tub spout gap Installed a tub spout but it won’t sit flush against the tub wall. Good size gap to caulk. What’s the fix? Get an extended spout? Cut 1/4” off the copper pipe under the spout?,https://www.reddit.com/r/Plumbing/comments/1sh0gnj/tub_spout_gap/,1,6,https://i.redd.it/qk67r6vxz7ug1.jpeg,caulk,needs_review_low_signal,,manual_review_pending,,low_risk_diy,0.82,cosmetic_or_minor_finish:\bcaulk(?:ing)?\b,"{""low_risk_diy"": 2.2}",no,,,,,MR0237,low_risk_diy,2,Sarah,,
11kpzvj,askanelectrician,2023-03-07T05:11:38+00:00,breaker problem...,"So we got a pretty old breaker, and it already has been tripped twice( span of 1 year) and we had to call electricians in to check it out. Both times they said you really need to replace this ( out of code, plus we keep adding more gadgets that take up power). We use quite a bit of electricity. But the reason we did not get it replaced, was because they gave us a quote, maybe like 4500, then after doing their checks and assesing, bump it up to maybe like 6000. Now idk but my parents really do not want to spend ""that much"". I just see it as delaying the inevitable. Which is exactly what happened. After the 2nd fix(no replacement just did what they could to restore power) smooth sailing, but just today maybe 3 ish weeks after the fix, the breaker cuts and now we cannot turn it on. Now everyone is suspecting that the recent electrician crew did shoddy work. For me im seeing that you shouldve replaced it earlier when they said so. Now they are probably going to give that company crap for not having a working breaker, their reasoning? The first crew the breaker lasted much longer and we were able to solve the issue ourselves a couple times. What do you think? Is my family justified in making a ruckus?","breaker problem... So we got a pretty old breaker, and it already has been tripped twice( span of 1 year) and we had to call electricians in to check it out. Both times they said you really need to replace this ( out of code, plus we keep adding more gadgets that take up power). We use quite a bit of electricity. But the reason we did not get it replaced, was because they gave us a quote, maybe like 4500, then after doing their checks and assesing, bump it up to maybe like 6000. Now idk but my parents really do not want to spend ""that much"". I just see it as delaying the inevitable. Which is exactly what happened. After the 2nd fix(no replacement just did what they could to restore power) smooth sailing, but just today maybe 3 ish weeks after the fix, the breaker cuts and now we cannot turn it on. Now everyone is suspecting that the recent electrician crew did shoddy work. For me im seeing that you shouldve replaced it earlier when they said so. Now they are probably going to give that company crap for not having a working breaker, their reasoning? The first crew the breaker lasted much longer and we were able to solve the issue ourselves a couple times. What do you think? Is my family justified in making a ruckus?",https://www.reddit.com/r/askanelectrician/comments/11kpzvj/breaker_problem/,0,3,https://www.reddit.com/r/askanelectrician/comments/11kpzvj/breaker_problem/,electrical issue,needs_review_medium_signal,,manual_review_pending,,medium_risk_call_pro,0.80,trade_system_issue:\bbreaker\b,"{""medium_risk_call_pro"": 2.0}",no,,,,,MR0241,medium_risk_call_pro,2,Sarah,,
1o4yxs2,DIY,2025-10-12T19:54:57+00:00,Where could the leak be coming from??,"Hi. This might be an impossible question to answer but I’d be grateful for any suggestions, please. We live in a 10yr old house with underfloor heating both upstairs and downstairs. I recently noticed 2 new, small, damp patches on the ceiling downstairs. This room is directly below the family bathroom. The following day, there was a small damp section of carpet at the top of the stairs - about 4ft away from the bathroom’s door. I’ve had a plumber out who initially thought it was most likely a leak in the toilet system of this upstairs bathroom. Whilst waiting for parts to fix this, I taped up the toilet and put it out of action. The loo hasn’t been used for 3 weeks and there are no new signs of damp. Upon removing the toilet, the plumber can’t see any signs that it is leaking. No damp patches, no rust on the frame that held it up, nothing. Now, to complicate things, our pipes are all boxed in by large tiles, so the view is frustratingly, restricted. Peering in, we were able to see a large droplet of water on the underside of the cistern. This was wiped away and over the weekend I’ve been checking to see if there are any new signs of water on the underside of that tank. Nothing, it’s bone dry. I’ve also looked underneath the bath and the floor there appears to be dry. I’m waiting to speak to the plumber tomorrow but just wondering if anyone here might have a clue about what could be going on, before we have to rip the bathroom apart. Is it likely to be the heating system? We’ve not had the heating on for months and it’s not cold enough where we live for any pipes to have frozen since it was last used. Does underfloor heating spring a leak, I’m assuming that’s possible. But, also, nothing has been wet since the toilet went out of commission, so does that not likely make it the culprit?? Apologies if this is a ridiculous question, I’m clueless on all this and as I said, just crossing my fingers it’s not going to be a huge job. Thanks in advance!","Where could the leak be coming from?? Hi. This might be an impossible question to answer but I’d be grateful for any suggestions, please. We live in a 10yr old house with underfloor heating both upstairs and downstairs. I recently noticed 2 new, small, damp patches on the ceiling downstairs. This room is directly below the family bathroom. The following day, there was a small damp section of carpet at the top of the stairs - about 4ft away from the bathroom’s door. I’ve had a plumber out who initially thought it was most likely a leak in the toilet system of this upstairs bathroom. Whilst waiting for parts to fix this, I taped up the toilet and put it out of action. The loo hasn’t been used for 3 weeks and there are no new signs of damp. Upon removing the toilet, the plumber can’t see any signs that it is leaking. No damp patches, no rust on the frame that held it up, nothing. Now, to complicate things, our pipes are all boxed in by large tiles, so the view is frustratingly, restricted. Peering in, we were able to see a large droplet of water on the underside of the cistern. This was wiped away and over the weekend I’ve been checking to see if there are any new signs of water on the underside of that tank. Nothing, it’s bone dry. I’ve also looked underneath the bath and the floor there appears to be dry. I’m waiting to speak to the plumber tomorrow but just wondering if anyone here might have a clue about what could be going on, before we have to rip the bathroom apart. Is it likely to be the heating system? We’ve not had the heating on for months and it’s not cold enough where we live for any pipes to have frozen since it was last used. Does underfloor heating spring a leak, I’m assuming that’s possible. But, also, nothing has been wet since the toilet went out of commission, so does that not likely make it the culprit?? Apologies if this is a ridiculous question, I’m clueless on all this and as I said, just crossing my fingers it’s not going to be a huge job. Thanks in advance!",https://www.reddit.com/r/DIY/comments/1o4yxs2/where_could_the_leak_be_coming_from/,24,13,https://www.reddit.com/r/DIY/comments/1o4yxs2/where_could_the_leak_be_coming_from/,water leak,needs_review_medium_signal,,manual_review_pending,,medium_risk_call_pro,0.80,contained_water_damage:\bleak(?:s|ing|ed)?\b,"{""medium_risk_call_pro"": 2.0}",no,,,,,MR0242,medium_risk_call_pro,2,Sarah,,
134f0cz,askanelectrician,2023-05-01T06:50:24+00:00,New cracks and peeling around outlet,"[https://imgur.com/a/9zdO3bI](https://imgur.com/a/9zdO3bI) When plugging in my phone to charge I noticed that the wall was discolored, cracking, chipped all around the outlet. I've never noticed this before and I use this outlet a lot. I actually had the charger in the wall when I saw this, and quickly removed it. Can a bad outlet or a short somehow have caused this? There's no melting on the outlet, it's not hot and neither is the wall, no noticeable smell from a foot away. Just this new crack and discoloration (the line on the right side is the crack). My apartment doesn't allow us to bring in electricians, so I'm hoping it's just a case of nothing, but figured you all would know better than I would. ETA: In case it's relevant, yesterday when I unplugged my charger, I ended up talking it out at a weird angle. When it was still pretty far back, it hit something on the left side interior and make a spark sound. The crack and peeling is on the right, but again, I don't know anything about how wires work. I did look at an old picture (the only picture) I have that shows the outlet, and the crack and stuff is all new.","New cracks and peeling around outlet [https://imgur.com/a/9zdO3bI](https://imgur.com/a/9zdO3bI) When plugging in my phone to charge I noticed that the wall was discolored, cracking, chipped all around the outlet. I've never noticed this before and I use this outlet a lot. I actually had the charger in the wall when I saw this, and quickly removed it. Can a bad outlet or a short somehow have caused this? There's no melting on the outlet, it's not hot and neither is the wall, no noticeable smell from a foot away. Just this new crack and discoloration (the line on the right side is the crack). My apartment doesn't allow us to bring in electricians, so I'm hoping it's just a case of nothing, but figured you all would know better than I would. ETA: In case it's relevant, yesterday when I unplugged my charger, I ended up talking it out at a weird angle. When it was still pretty far back, it hit something on the left side interior and make a spark sound. The crack and peeling is on the right, but again, I don't know anything about how wires work. I did look at an old picture (the only picture) I have that shows the outlet, and the crack and stuff is all new.",https://www.reddit.com/r/askanelectrician/comments/134f0cz/new_cracks_and_peeling_around_outlet/,0,1,https://www.reddit.com/r/askanelectrician/comments/134f0cz/new_cracks_and_peeling_around_outlet/,sparking outlet,needs_review_urgent_signal,,manual_review_pending,,urgent_safety_risk,0.82,fire_smoke_or_sparks:\bspark(?:s|ing|ed)?\b; trade_system_issue:\boutlets?\b,"{""medium_risk_call_pro"": 2.0, ""urgent_safety_risk"": 3.5}",no,,,,,MR0243,urgent_safety_risk,2,Sarah,,
1rkou3n,Plumbing,2026-03-04T15:45:26+00:00,Washing machine flooding,"Hey hey folks hope you are well, my washing machine has been filling up with water whilst not in use, and turned off. I bought a new one and in taking out the old one I realised that the T connector is totally hollow (the landlord installed this connection when they updated the boiler). My very amateur thoughts are that the water from the boiler is running through the run off pipe (red in the diagram) through the T connector (purple), down through the washing machine run off (blue), causing the drum to fill up and flood. Can anyone confirm if this is the case, and what should be done to stop it from happening? Just a Y connector to help angle the flow? Thank you","Washing machine flooding Hey hey folks hope you are well, my washing machine has been filling up with water whilst not in use, and turned off. I bought a new one and in taking out the old one I realised that the T connector is totally hollow (the landlord installed this connection when they updated the boiler). My very amateur thoughts are that the water from the boiler is running through the run off pipe (red in the diagram) through the T connector (purple), down through the washing machine run off (blue), causing the drum to fill up and flood. Can anyone confirm if this is the case, and what should be done to stop it from happening? Just a Y connector to help angle the flow? Thank you",https://www.reddit.com/r/Plumbing/comments/1rkou3n/washing_machine_flooding/,1,0,https://i.redd.it/fu3f03v7u1ng1.jpeg,flooding,needs_review_urgent_signal,,manual_review_pending,,urgent_safety_risk,0.90,active_flooding_or_sewage:\bflooding\b,"{""urgent_safety_risk"": 3.0}",no,,,,,MR0248,urgent_safety_risk,2,Sarah,,
1tpkgje,HomeImprovement,2026-05-27T22:14:13+00:00,Bought my first house and immediately regretted it.,"bought my first house recently. On the day of closing, I took a shower to discover that the shower drains out of the back porch light fixture. Two weeks later when that finally got “fixed,” the toilets started- anytime they were flushed they leak through the kitchen ceiling. Both bathrooms are on the second floor right above the kitchen. I had a plumber out to cut into the drywall ceiling, which revealed the culprit to be a severe back slope problem (sloped approx. 2” away from the stack). Ive been getting quotes between $5-15k on fixing the issue and home insurance doesn’t cover the pipe, only whatever was damaged by the leak. The issue was discovered the day of closing. How fucked am I? I feel like I severely overpaid for a “move in ready” house that is indeed not move in ready.","Bought my first house and immediately regretted it. bought my first house recently. On the day of closing, I took a shower to discover that the shower drains out of the back porch light fixture. Two weeks later when that finally got “fixed,” the toilets started- anytime they were flushed they leak through the kitchen ceiling. Both bathrooms are on the second floor right above the kitchen. I had a plumber out to cut into the drywall ceiling, which revealed the culprit to be a severe back slope problem (sloped approx. 2” away from the stack). Ive been getting quotes between $5-15k on fixing the issue and home insurance doesn’t cover the pipe, only whatever was damaged by the leak. The issue was discovered the day of closing. How fucked am I? I feel like I severely overpaid for a “move in ready” house that is indeed not move in ready.",https://www.reddit.com/r/HomeImprovement/comments/1tpkgje/bought_my_first_house_and_immediately_regretted_it/,0,31,https://www.reddit.com/r/HomeImprovement/comments/1tpkgje/bought_my_first_house_and_immediately_regretted_it/,leak,needs_review_medium_signal,,manual_review_pending,,medium_risk_call_pro,0.80,contained_water_damage:\bleak(?:s|ing|ed)?\b,"{""medium_risk_call_pro"": 2.0}",no,,,,,MR0250,medium_risk_call_pro,2,Sarah,,
1swelbw,Plumbing,2026-04-26T17:58:20+00:00,Caulk less shower drain question,"I paid a plumber to put it a shower pan, but looking at videos online it seems my 2 inch pipe was cut too low. Correct me if I am wrong and what can I do to fix it? There is about a 1/2'' between the top of the gasket and the pipe. Thanks.","Caulk less shower drain question I paid a plumber to put it a shower pan, but looking at videos online it seems my 2 inch pipe was cut too low. Correct me if I am wrong and what can I do to fix it? There is about a 1/2'' between the top of the gasket and the pipe. Thanks.",https://www.reddit.com/r/Plumbing/comments/1swelbw/caulk_less_shower_drain_question/,1,0,https://i.redd.it/4g57xbu7qkxg1.jpeg,caulk,needs_review_low_signal,,manual_review_pending,,low_risk_diy,0.82,cosmetic_or_minor_finish:\bcaulk(?:ing)?\b,"{""low_risk_diy"": 2.2}",no,,,,,MR0252,low_risk_diy,2,Sarah,,
1ttvi16,HomeImprovement,2026-06-01T15:22:00+00:00,Is my chimney worth saving if its only used for a water heater?,6 years ago I got a new HE furnace that vents out the side of my house leaving an orphaned water heater. Currently the chimney is unlined and over-sized for the water heater which is 7 years old. I got 2 quotes for the chimney and 1 from a plumber Quote 1: reline the chimney cap included $1900 Quote 2: reline interior and repoint the chimney masonry $4200 Quote 3: from a plumbing company to replace the water heater with a power vent and expansion tank. $4000. This would allow me to just cap the chimney and leave it. I havent had any issues so far with doing nothing at all no back drafts no monoxide---occassionally some leaks during especially hard down pours. But its just been on the back of my mind of needing to fix it the right way. I keep going back and forth. I kind of like the idea of saving the chimney and keeping my super quiet no power needed old school WH. Am I crazy? I feel like theres no cheap solutions here.,Is my chimney worth saving if its only used for a water heater? 6 years ago I got a new HE furnace that vents out the side of my house leaving an orphaned water heater. Currently the chimney is unlined and over-sized for the water heater which is 7 years old. I got 2 quotes for the chimney and 1 from a plumber Quote 1: reline the chimney cap included $1900 Quote 2: reline interior and repoint the chimney masonry $4200 Quote 3: from a plumbing company to replace the water heater with a power vent and expansion tank. $4000. This would allow me to just cap the chimney and leave it. I havent had any issues so far with doing nothing at all no back drafts no monoxide---occassionally some leaks during especially hard down pours. But its just been on the back of my mind of needing to fix it the right way. I keep going back and forth. I kind of like the idea of saving the chimney and keeping my super quiet no power needed old school WH. Am I crazy? I feel like theres no cheap solutions here.,https://www.reddit.com/r/HomeImprovement/comments/1ttvi16/is_my_chimney_worth_saving_if_its_only_used_for_a/,1,2,https://www.reddit.com/r/HomeImprovement/comments/1ttvi16/is_my_chimney_worth_saving_if_its_only_used_for_a/,leak,needs_review_medium_signal,,manual_review_pending,,medium_risk_call_pro,0.95,contained_water_damage:\bleak(?:s|ing|ed)?\b; trade_system_issue:\bwater heater\b,"{""medium_risk_call_pro"": 4.0}",no,,,,,MR0254,medium_risk_call_pro,2,Sarah,,
1ttrol4,HomeMaintenance,2026-06-01T13:07:21+00:00,Show Drain Mildew,"Is there any way to keep mildew from building up in here? The caulk is supposed to be mold/mildew resistant, so I’m not sure if there is anything else I need to do.","Show Drain Mildew Is there any way to keep mildew from building up in here? The caulk is supposed to be mold/mildew resistant, so I’m not sure if there is anything else I need to do.",https://www.reddit.com/r/HomeMaintenance/comments/1ttrol4/show_drain_mildew/,0,2,https://i.redd.it/kj6ndy957o4h1.jpeg,mold,needs_review_medium_signal,,manual_review_pending,,medium_risk_call_pro,0.67,mold_or_foundation_concern:\bmold\b; cosmetic_or_minor_finish:\bcaulk(?:ing)?\b,"{""low_risk_diy"": 2.2, ""medium_risk_call_pro"": 2.0}",yes,,,,,MR0256,needs_human_review,2,Sarah,,
1rsunoj,HomeMaintenance,2026-03-13T17:59:53+00:00,Am I over conerned? New Renovation Quality,"I'm not very experienced with construction so I'd like to get feedback on if I am overconcerned and should take a chill pill. We recently purchased a very expensive home in Boston marketed as a ""FULL renovation down to the studs"". We are the first owners since the builder's renovation. Unfortunately we moved from out of state so I only was able to see the house once. Now, each and every single day, I am uncovering and fixing issues what I perceive as unreasonably low quality of workmanship. I've attached a few pictures for example. Is this common or expected workmanship quality for a new renovation? Or is this out of the ordinary? The selected pictures are a fraction of the total amount of cosmetic issues. I am completely on board for paint to crack as the house settles, but some of the other issues in the pictures such as the NEW cement pad peeling, old insulation exposed and not replaced, and the styrofoam corners (painted grey) on the outside of the cement garage cause concern. I don't even know what I paid a $750 inspection for while out of state. The guy did not see any of this and did not inspect structural integrity, plumbing, or insulation because it was ""not accessible"". Maybe that's normal? Thank you in advance for the feedback!","Am I over conerned? New Renovation Quality I'm not very experienced with construction so I'd like to get feedback on if I am overconcerned and should take a chill pill. We recently purchased a very expensive home in Boston marketed as a ""FULL renovation down to the studs"". We are the first owners since the builder's renovation. Unfortunately we moved from out of state so I only was able to see the house once. Now, each and every single day, I am uncovering and fixing issues what I perceive as unreasonably low quality of workmanship. I've attached a few pictures for example. Is this common or expected workmanship quality for a new renovation? Or is this out of the ordinary? The selected pictures are a fraction of the total amount of cosmetic issues. I am completely on board for paint to crack as the house settles, but some of the other issues in the pictures such as the NEW cement pad peeling, old insulation exposed and not replaced, and the styrofoam corners (painted grey) on the outside of the cement garage cause concern. I don't even know what I paid a $750 inspection for while out of state. The guy did not see any of this and did not inspect structural integrity, plumbing, or insulation because it was ""not accessible"". Maybe that's normal? Thank you in advance for the feedback!",https://www.reddit.com/r/HomeMaintenance/comments/1rsunoj/am_i_over_conerned_new_renovation_quality/,3,23,https://www.reddit.com/gallery/1rsunoj,paint peeling,needs_review_urgent_signal,,manual_review_pending,,medium_risk_call_pro,0.67,trade_system_issue:\bplumbing\b; cosmetic_or_minor_finish:\bpaint(?:ing|ed)?\b,"{""low_risk_diy"": 2.2, ""medium_risk_call_pro"": 2.0}",yes,,,,,MR0259,needs_human_review,2,Sarah,,
13ss8oa,askanelectrician,2023-05-26T23:45:33+00:00,What’s happening to this breaker?,I’ve been troubleshooting our electric hot water heater as we lost hot water recently in our summer home. The heater had at least enough power to be read on my contact voltage tester. I replaced the two elements in the boiler earlier today and still no hot water. I did notice when I turned the breaker back on that there was a buzz. If I jiggled the breaker switch at all the buzz persisted. I just replaced the breaker and am now hoping that that solves the issue. What happened to this breaker? There’s a little melty spot on one side and a white crystalline powder around the two terminals. What looks like a clear epoxy on the new breaker is a hard white almost ceramic like substance on the old breaker.,What’s happening to this breaker? I’ve been troubleshooting our electric hot water heater as we lost hot water recently in our summer home. The heater had at least enough power to be read on my contact voltage tester. I replaced the two elements in the boiler earlier today and still no hot water. I did notice when I turned the breaker back on that there was a buzz. If I jiggled the breaker switch at all the buzz persisted. I just replaced the breaker and am now hoping that that solves the issue. What happened to this breaker? There’s a little melty spot on one side and a white crystalline powder around the two terminals. What looks like a clear epoxy on the new breaker is a hard white almost ceramic like substance on the old breaker.,https://www.reddit.com/r/askanelectrician/comments/13ss8oa/whats_happening_to_this_breaker/,1,1,https://www.reddit.com/gallery/13ss8oa,electrical issue,needs_review_medium_signal,,manual_review_pending,,medium_risk_call_pro,0.80,trade_system_issue:\bwater heater\b,"{""medium_risk_call_pro"": 2.0}",no,,,,,MR0266,medium_risk_call_pro,2,Sarah,,
1rojg0p,Plumbing,2026-03-08T23:05:17+00:00,We've had some moderate rain for the past 18 hours and the backyard has turned into a bit of a marsh. Wondering how it's best to fix this?,"The yard is a rectangle. The water has pooled in the grass mostly along the retaining wall, in the middle of the yard and along the concrete patio outside the back of the house. I drew a little picture (not to scale) that I've included. - The green line is the edges of the grass area. - the black is the house and the back fence. - the white lines are the drainage as best I know, the square to the left is like a square drain flush with the grass level that feeds (I think) along the white line to the other side of the house and down the side of the house out to the road. - The blue is the majority of the water collecting on the surface of the grass. We want to do some paving and gardening and landscaping in the future and I'd like to not have the backyard flooding. The front of the house slopes downhill to the road but the backyard is quite flat. I also don't want water to damage the foundations in anyway. It's our first house and it's the first moderate amt of rain we've had.","We've had some moderate rain for the past 18 hours and the backyard has turned into a bit of a marsh. Wondering how it's best to fix this? The yard is a rectangle. The water has pooled in the grass mostly along the retaining wall, in the middle of the yard and along the concrete patio outside the back of the house. I drew a little picture (not to scale) that I've included. - The green line is the edges of the grass area. - the black is the house and the back fence. - the white lines are the drainage as best I know, the square to the left is like a square drain flush with the grass level that feeds (I think) along the white line to the other side of the house and down the side of the house out to the road. - The blue is the majority of the water collecting on the surface of the grass. We want to do some paving and gardening and landscaping in the future and I'd like to not have the backyard flooding. The front of the house slopes downhill to the road but the backyard is quite flat. I also don't want water to damage the foundations in anyway. It's our first house and it's the first moderate amt of rain we've had.",https://www.reddit.com/r/Plumbing/comments/1rojg0p/weve_had_some_moderate_rain_for_the_past_18_hours/,1,2,https://www.reddit.com/gallery/1rojg0p,flooding,needs_review_urgent_signal,,manual_review_pending,,urgent_safety_risk,0.90,active_flooding_or_sewage:\bflooding\b,"{""urgent_safety_risk"": 3.0}",no,,,,,MR0269,urgent_safety_risk,2,Sarah,,
11hcedo,HomeImprovement,2023-03-03T19:30:18+00:00,Gas smell,Iv got a gas smell coming from one of the floor vents. It’s only in one location in the living room. Iv had the gas company out to do testing. They dectected no gas in the vent. They definitely smelt it and said it most be something used in contraction. The house was built in 1972.,Gas smell Iv got a gas smell coming from one of the floor vents. It’s only in one location in the living room. Iv had the gas company out to do testing. They dectected no gas in the vent. They definitely smelt it and said it most be something used in contraction. The house was built in 1972.,https://www.reddit.com/r/HomeImprovement/comments/11hcedo/gas_smell/,2,3,https://www.reddit.com/r/HomeImprovement/comments/11hcedo/gas_smell/,gas smell,needs_review_urgent_signal,,manual_review_pending,,urgent_safety_risk,0.95,gas_or_carbon_monoxide:\bgas smell\b,"{""urgent_safety_risk"": 4.0}",no,,,,,MR0273,urgent_safety_risk,2,Sarah,,
z5bjv7,homeowners,2022-11-26T16:31:08+00:00,How do you go about hanging Christmas lights if you have shingles that are basically glued down?,"Just curious what options others have found. With my old roof, the shingles were secured higher up the shingle. This left the edge loose enough that I could clip my strings of lights to the shingles themselves without damaging anything. Since having it replaced, the new shingles are firmly secured all the way up to the edge so that method won't work. There is a strip of metal flashing all the way around. I tried using those magnetic hooks, but they didn't hold well enough to withstand even a stiff breeze. Do I just drill into that? Is that a bad idea? There is wood trim under that, but same question. Is it safe to just drill into that, and if so, do I add permanent hooks or something? Thanks. Edit: [pic](https://imgur.com/c5vZCna.jpg)","How do you go about hanging Christmas lights if you have shingles that are basically glued down? Just curious what options others have found. With my old roof, the shingles were secured higher up the shingle. This left the edge loose enough that I could clip my strings of lights to the shingles themselves without damaging anything. Since having it replaced, the new shingles are firmly secured all the way up to the edge so that method won't work. There is a strip of metal flashing all the way around. I tried using those magnetic hooks, but they didn't hold well enough to withstand even a stiff breeze. Do I just drill into that? Is that a bad idea? There is wood trim under that, but same question. Is it safe to just drill into that, and if so, do I add permanent hooks or something? Thanks. Edit: [pic](https://imgur.com/c5vZCna.jpg)",https://www.reddit.com/r/homeowners/comments/z5bjv7/how_do_you_go_about_hanging_christmas_lights_if/,2,12,https://www.reddit.com/r/homeowners/comments/z5bjv7/how_do_you_go_about_hanging_christmas_lights_if/,loose trim,needs_review_medium_signal,,manual_review_pending,,low_risk_diy,0.82,cosmetic_or_minor_finish:\btrim\b,"{""low_risk_diy"": 2.2}",no,,,,,MR0276,low_risk_diy,2,Sarah,,
1ro9kjx,Plumbing,2026-03-08T16:44:03+00:00,"My ""plumber"" did a bad job at caulking. Is this fixable?","I've come to realise that this is guy for only good for actual plumber stuff(rough-in etc.). He caulked the shower walls, half of which looks ok, but some of it looks like the picture. Is there a way I can fix it? Will I need to remove it and redo it or can I just apply more? I don't want him to come redo it cuz don't think he can","My ""plumber"" did a bad job at caulking. Is this fixable? I've come to realise that this is guy for only good for actual plumber stuff(rough-in etc.). He caulked the shower walls, half of which looks ok, but some of it looks like the picture. Is there a way I can fix it? Will I need to remove it and redo it or can I just apply more? I don't want him to come redo it cuz don't think he can",https://www.reddit.com/r/Plumbing/comments/1ro9kjx/my_plumber_did_a_bad_job_at_caulking_is_this/,0,1,https://i.redd.it/p5p9t1pboung1.jpeg,caulk,needs_review_low_signal,,manual_review_pending,,low_risk_diy,0.82,cosmetic_or_minor_finish:\bcaulk(?:ing)?\b,"{""low_risk_diy"": 2.2}",no,,,,,MR0279,low_risk_diy,2,Sarah,,
1rd7u2y,Plumbing,2026-02-24T05:39:20+00:00,Gap between tile and tub spout. Caulk and send it or adjust?,"The gap is probably about 1/8 inch. It’s not a slip on it’s a threaded adapter so we need to un-solder and then re-solder. Should I just throw some clear cock in there or do I need to pull it all apart? I’m afraid if I turn it anymore, I would snap the elbow in the wall.","Gap between tile and tub spout. Caulk and send it or adjust? The gap is probably about 1/8 inch. It’s not a slip on it’s a threaded adapter so we need to un-solder and then re-solder. Should I just throw some clear cock in there or do I need to pull it all apart? I’m afraid if I turn it anymore, I would snap the elbow in the wall.",https://www.reddit.com/r/Plumbing/comments/1rd7u2y/gap_between_tile_and_tub_spout_caulk_and_send_it/,2,3,https://www.reddit.com/gallery/1rd7u2y,caulk,needs_review_low_signal,,manual_review_pending,,low_risk_diy,0.82,cosmetic_or_minor_finish:\bcaulk(?:ing)?\b,"{""low_risk_diy"": 2.2}",no,,,,,MR0283,low_risk_diy,2,Sarah,,
1oahg9e,HomeMaintenance,2025-10-19T05:22:52+00:00,How do I fix this ?,"This is the side wall of my head room(Entrance to my terrace). The roofing is Stainless Steel cooling sheets. Due to rain water seeping through, the paint in the side wall is peeling off. The side wall is a built using iron mesh and concrete. There are no bricks. So it is very thin... Any ideas, how I can fix this ?","How do I fix this ? This is the side wall of my head room(Entrance to my terrace). The roofing is Stainless Steel cooling sheets. Due to rain water seeping through, the paint in the side wall is peeling off. The side wall is a built using iron mesh and concrete. There are no bricks. So it is very thin... Any ideas, how I can fix this ?",https://www.reddit.com/r/HomeMaintenance/comments/1oahg9e/how_do_i_fix_this/,1,2,https://www.reddit.com/gallery/1oahg9e,paint peeling,needs_review_low_signal,,manual_review_pending,,low_risk_diy,0.82,cosmetic_or_minor_finish:\bpaint(?:ing|ed)?\b,"{""low_risk_diy"": 2.2}",no,,,,,MR0284,low_risk_diy,2,Sarah,,
1sy0r4r,HomeMaintenance,2026-04-28T13:00:29+00:00,Bad header??,When having contractor install new siding discovered mold and water issues inside wall of the house. See the first 2 photos. The second 2 photos show the other side of the wall after all interior drywall was removed and mold remediated. A close up of the header over the windows in the photos shows damage. My questions are: Does this header need to be replaced? Is the damage in the photos water damage or is there also termite/carpenter ant damage? I am sure there is water damage but maybe also insect damage?,Bad header?? When having contractor install new siding discovered mold and water issues inside wall of the house. See the first 2 photos. The second 2 photos show the other side of the wall after all interior drywall was removed and mold remediated. A close up of the header over the windows in the photos shows damage. My questions are: Does this header need to be replaced? Is the damage in the photos water damage or is there also termite/carpenter ant damage? I am sure there is water damage but maybe also insect damage?,https://www.reddit.com/r/HomeMaintenance/comments/1sy0r4r/bad_header/,3,3,https://www.reddit.com/gallery/1sy0r4r,mold,needs_review_medium_signal,,manual_review_pending,,medium_risk_call_pro,0.95,contained_water_damage:\bwater damage(?:d)?\b; mold_or_foundation_concern:\bmold\b,"{""medium_risk_call_pro"": 4.0}",no,,,,,MR0297,medium_risk_call_pro,2,Sarah,,
10zs5x6,askanelectrician,2023-02-11T16:56:54+00:00,Issues replacing electric cooktop,"I hope someone can help, this has become beyond frustrating. I am trying to replace a 15 year old smooth electric cooktop with an induction cooktop. It was a very easy job right up to the point where I turned the breaker on and discovered the new cooktop was getting no power. The house is 15 years old, so modern wiring. Both old and new cooktops use 3 wires, the supply line has 4 wires. The white wire was not used and was capped with a wire nut. The actual connections are black-black, red-red and ground-ground. Old and new cooktops have stranded wires, the supply line is solid copper. I’ve done a lot of back and forth, putting the old cooktop back in and so on. Here is a summary of what I’ve found: - I measured 247 volts at the supply to the cooktop - I cut off the exposed wire on the supply side and stripped it back to expose new wire. - I have not been able to get the old cooktop working again when making the connection with wire nuts. I tried both the original ones and new larger ones (blue) but neither has worked. When I remove the wire nuts the two wires seem to be well connected with the stranded wire wrapped around the solid wire. - I can get the old cooktop working by using electrical tape to connect the wires together. Yes, I know this is not a smart thing to do but it has helped in the trouble shooting. - I was not able to get the new cooktop to work with the taped connection. My initial feeling is that the new cooktop might be defective but I’m not convinced given the trouble I’ve had getting the old one reconnected. I cannot understand why the wire nut connections aren’t working where a taped connection is. Any insight or tricks would be very much welcomed at this point.","Issues replacing electric cooktop I hope someone can help, this has become beyond frustrating. I am trying to replace a 15 year old smooth electric cooktop with an induction cooktop. It was a very easy job right up to the point where I turned the breaker on and discovered the new cooktop was getting no power. The house is 15 years old, so modern wiring. Both old and new cooktops use 3 wires, the supply line has 4 wires. The white wire was not used and was capped with a wire nut. The actual connections are black-black, red-red and ground-ground. Old and new cooktops have stranded wires, the supply line is solid copper. I’ve done a lot of back and forth, putting the old cooktop back in and so on. Here is a summary of what I’ve found: - I measured 247 volts at the supply to the cooktop - I cut off the exposed wire on the supply side and stripped it back to expose new wire. - I have not been able to get the old cooktop working again when making the connection with wire nuts. I tried both the original ones and new larger ones (blue) but neither has worked. When I remove the wire nuts the two wires seem to be well connected with the stranded wire wrapped around the solid wire. - I can get the old cooktop working by using electrical tape to connect the wires together. Yes, I know this is not a smart thing to do but it has helped in the trouble shooting. - I was not able to get the new cooktop to work with the taped connection. My initial feeling is that the new cooktop might be defective but I’m not convinced given the trouble I’ve had getting the old one reconnected. I cannot understand why the wire nut connections aren’t working where a taped connection is. Any insight or tricks would be very much welcomed at this point.",https://www.reddit.com/r/askanelectrician/comments/10zs5x6/issues_replacing_electric_cooktop/,0,6,https://www.reddit.com/r/askanelectrician/comments/10zs5x6/issues_replacing_electric_cooktop/,electrical issue,needs_review_medium_signal,,manual_review_pending,,medium_risk_call_pro,0.80,trade_system_issue:\bbreaker\b,"{""medium_risk_call_pro"": 2.0}",no,,,,,MR0300,medium_risk_call_pro,2,Sarah,,
