reddit_id,subreddit,created_utc,title,selftext,text,permalink,score,num_comments,url,source_query,review_hint,label,label_status,label_notes,auto_label,auto_label_confidence,auto_label_reason,auto_label_scores,needs_human_review,label_source,human_label,human_review_notes,audit_agrees,manual_review_id,review_bucket,assigned_reviewer_number,assigned_reviewer,human_confidence,reviewed_at
13e8w70,askanelectrician,2023-05-11T01:03:58+00:00,Need help diagnosing exterior outlets!,"Hi there! My wife and I just bought a house and I have found some issues with the electrical. None of our exterior outlets get any power to them, and the mailbox light and outlet also are dead. I had a veteran electrician come out to take a look at that and other things, and he told me he was 98% sure it was caused by a faulty GFCI outlet in the garage (that was getting power). So I took the old outlet out and installed a new one. I get power to that outlet, but still nothing to the other exterior outlets and mailbox. Am I missing something? I would like to DIY it if possible before calling an electrician back. Let me know if you need any more information, and thanks! Edit Update: I did a little poking around. I found a normal outlet in my garage that had 2 white and 1 black hooked to it. The other black was tucked away behind the outlet. There was also a conduit coming from the back of that box, outside my garage, and into the ground, and looks to be going to the mailbox area. When I reconnect that black wire so I have 2w 2b, it trips the GFCI outlet in the garage. So I assume one of the exterior outlets keeps tripping or is damaged, and in order to prevent the GFCI outlet from constantly tripping too, they just disconnected that black wire to cancel the circuit? If so, what do you guys suggest i do?","Need help diagnosing exterior outlets! Hi there! My wife and I just bought a house and I have found some issues with the electrical. None of our exterior outlets get any power to them, and the mailbox light and outlet also are dead. I had a veteran electrician come out to take a look at that and other things, and he told me he was 98% sure it was caused by a faulty GFCI outlet in the garage (that was getting power). So I took the old outlet out and installed a new one. I get power to that outlet, but still nothing to the other exterior outlets and mailbox. Am I missing something? I would like to DIY it if possible before calling an electrician back. Let me know if you need any more information, and thanks! Edit Update: I did a little poking around. I found a normal outlet in my garage that had 2 white and 1 black hooked to it. The other black was tucked away behind the outlet. There was also a conduit coming from the back of that box, outside my garage, and into the ground, and looks to be going to the mailbox area. When I reconnect that black wire so I have 2w 2b, it trips the GFCI outlet in the garage. So I assume one of the exterior outlets keeps tripping or is damaged, and in order to prevent the GFCI outlet from constantly tripping too, they just disconnected that black wire to cancel the circuit? If so, what do you guys suggest i do?",https://www.reddit.com/r/askanelectrician/comments/13e8w70/need_help_diagnosing_exterior_outlets/,1,5,https://www.reddit.com/r/askanelectrician/comments/13e8w70/need_help_diagnosing_exterior_outlets/,electrical issue,needs_review_medium_signal,,manual_review_pending,,medium_risk_call_pro,0.80,trade_system_issue:\boutlets?\b,"{""medium_risk_call_pro"": 2.0}",no,,,,,MR0002,medium_risk_call_pro,4,Manthan,,
195e3np,HomeImprovement,2024-01-13T03:16:43+00:00,Crawl space is too low under Addition - trying to understand what I need to do,"TL:DR - 1962 House has addition built and the crawl space is too low, preventing access. Excavation is the solution but is it worth it? Should I consider foundation checks - because it could very well be sinking… First time homeowner - learning all the big lessons early. Berating myself because I’ve second guessed myself constantly and have been paranoid about it all just falling down one of these days (thanks Anxiety). In the first year I’ve had to put a roof on (efff State Farm) and replaced the package unit (heat pump failed, decided to replace with the gas utility original to the house) Today I’ve noticed a sewer gas smell coming from the master bathroom. There’s a small gap around the shutoff valve and that’s where the smell is coming from - so my guess is something’s come loose under the floor. Problem is…. I can’t get to it through the crawl space. I’m a skinny guy and even I can’t fit there. It’s maybe 12” tall and there’s pipes and HVAC crisscrossing all over the entry point. I’m narrow enough to fit between the joists and go over it but if I get stuck I’d have to call the fire department to come cut me out. Looking for advice? Prayers? Idk. This bathroom was “fixed” as part of the sale so I’m reaching out to my old realtor to see if there’s any sort of warranty on it. Not holding out too much hope.. Sometimes I feel like I wasn’t advised very well on the front end - even if I do like the house…. I’m in SC, USA. Put out a few request for quotes already on crawlspace repairs/excavation/work. It’ll be expensive I know but if anyone else has had experience with this I’d love to hear your story.","Crawl space is too low under Addition - trying to understand what I need to do TL:DR - 1962 House has addition built and the crawl space is too low, preventing access. Excavation is the solution but is it worth it? Should I consider foundation checks - because it could very well be sinking… First time homeowner - learning all the big lessons early. Berating myself because I’ve second guessed myself constantly and have been paranoid about it all just falling down one of these days (thanks Anxiety). In the first year I’ve had to put a roof on (efff State Farm) and replaced the package unit (heat pump failed, decided to replace with the gas utility original to the house) Today I’ve noticed a sewer gas smell coming from the master bathroom. There’s a small gap around the shutoff valve and that’s where the smell is coming from - so my guess is something’s come loose under the floor. Problem is…. I can’t get to it through the crawl space. I’m a skinny guy and even I can’t fit there. It’s maybe 12” tall and there’s pipes and HVAC crisscrossing all over the entry point. I’m narrow enough to fit between the joists and go over it but if I get stuck I’d have to call the fire department to come cut me out. Looking for advice? Prayers? Idk. This bathroom was “fixed” as part of the sale so I’m reaching out to my old realtor to see if there’s any sort of warranty on it. Not holding out too much hope.. Sometimes I feel like I wasn’t advised very well on the front end - even if I do like the house…. I’m in SC, USA. Put out a few request for quotes already on crawlspace repairs/excavation/work. It’ll be expensive I know but if anyone else has had experience with this I’d love to hear your story.",https://www.reddit.com/r/HomeImprovement/comments/195e3np/crawl_space_is_too_low_under_addition_trying_to/,1,1,https://www.reddit.com/r/HomeImprovement/comments/195e3np/crawl_space_is_too_low_under_addition_trying_to/,gas smell,needs_review_urgent_signal,,manual_review_pending,,urgent_safety_risk,0.87,gas_or_carbon_monoxide:\bgas smell\b; trade_system_issue:\bhvac\b; mold_or_foundation_concern:\bcrawlspace\b,"{""medium_risk_call_pro"": 4.0, ""urgent_safety_risk"": 4.0}",yes,,,,,MR0009,needs_human_review,4,Manthan,,
1sn6lwm,Plumbing,2026-04-16T15:19:13+00:00,Puzzling issue with Burnham ES2 boiler after basement flood,"Had a flood in my basement and I need the heat on for remediation work. The plumber has been down for a month despite a couple different plumbers taking a look at it. The damper has been changed, and a new TACO control panel was put in yesterday. After the plumber left yesterday the system worked for at least 5 hours, but when I checked on it this morning I'm getting the same error code that we were getting before the new control panel install and the heat was off. Error code: E56. Any ideas how to approach this problem?","Puzzling issue with Burnham ES2 boiler after basement flood Had a flood in my basement and I need the heat on for remediation work. The plumber has been down for a month despite a couple different plumbers taking a look at it. The damper has been changed, and a new TACO control panel was put in yesterday. After the plumber left yesterday the system worked for at least 5 hours, but when I checked on it this morning I'm getting the same error code that we were getting before the new control panel install and the heat was off. Error code: E56. Any ideas how to approach this problem?",https://www.reddit.com/r/Plumbing/comments/1sn6lwm/puzzling_issue_with_burnham_es2_boiler_after/,1,1,https://www.reddit.com/gallery/1sn6lwm,flooding,needs_review_urgent_signal,,manual_review_pending,,urgent_safety_risk,0.90,active_flooding_or_sewage:\bbasement flood(?:ing|ed)?\b,"{""urgent_safety_risk"": 3.0}",no,,,,,MR0012,urgent_safety_risk,4,Manthan,,
1mnn9s6,HomeMaintenance,2025-08-11T19:53:37+00:00,Peeling paint by window,Can anyone please help me identify what is causing the peeling paint around my window? There is no damage above or below what’s shown in the picture anywhere else in the house. It is on the Third story of a 3 story townhouse built in 2014.,Peeling paint by window Can anyone please help me identify what is causing the peeling paint around my window? There is no damage above or below what’s shown in the picture anywhere else in the house. It is on the Third story of a 3 story townhouse built in 2014.,https://www.reddit.com/r/HomeMaintenance/comments/1mnn9s6/peeling_paint_by_window/,2,2,https://www.reddit.com/gallery/1mnn9s6,paint peeling,needs_review_low_signal,,manual_review_pending,,low_risk_diy,0.82,cosmetic_or_minor_finish:\bpaint(?:ing|ed)?\b,"{""low_risk_diy"": 2.2}",no,,,,,MR0013,low_risk_diy,4,Manthan,,
1t6zwdm,HomeImprovement,2026-05-08T06:39:24+00:00,Hot water heater pressure relief valve needs replacing?,"I want to make sure im not missing anything and sanity check my approach to diagnosing this problem. The Problem My pressure relief valve on my water heater is leaking. I feel a light mist spraying out of it when I put my hand close. What iv done so far. Turn off the pilot light and run the hot water out of the tank via the bath tub. Result : leaked cold water instead of hot at the same rate. Turned the water off to the tank, drained the tank, removed the pressure relief valve and cleaned the hard water build up off it best I could, re installed it. Turned the water back on. Result: Soon as the water was back on it was leaking agian In my head this means the valve is faulty in some way and it needs to be replaced. Am I correct?","Hot water heater pressure relief valve needs replacing? I want to make sure im not missing anything and sanity check my approach to diagnosing this problem. The Problem My pressure relief valve on my water heater is leaking. I feel a light mist spraying out of it when I put my hand close. What iv done so far. Turn off the pilot light and run the hot water out of the tank via the bath tub. Result : leaked cold water instead of hot at the same rate. Turned the water off to the tank, drained the tank, removed the pressure relief valve and cleaned the hard water build up off it best I could, re installed it. Turned the water back on. Result: Soon as the water was back on it was leaking agian In my head this means the valve is faulty in some way and it needs to be replaced. Am I correct?",https://www.reddit.com/r/HomeImprovement/comments/1t6zwdm/hot_water_heater_pressure_relief_valve_needs/,1,4,https://www.reddit.com/r/HomeImprovement/comments/1t6zwdm/hot_water_heater_pressure_relief_valve_needs/,leak,needs_review_medium_signal,,manual_review_pending,,medium_risk_call_pro,0.95,contained_water_damage:\bleak(?:s|ing|ed)?\b; trade_system_issue:\bwater heater\b,"{""medium_risk_call_pro"": 4.0}",no,,,,,MR0017,medium_risk_call_pro,4,Manthan,,
1qv74vw,HomeMaintenance,2026-02-03T22:55:37+00:00,What do I do here?,"Deep cleaning the bathroom, and we found this wasn’t just peeling paint… I figure water has been following the tub seam to the wall, which means my first step is preventative: caulk the seam so water flows down the wall instead of following the seam. But, what do I do next? How do I repair the wall? Behind the hole is tub flashing. That mold is luckily surface deep and my pocket knife scraped most of it off. We have treated it with Lysol bathroom spray that claims to kill black mold on contact.","What do I do here? Deep cleaning the bathroom, and we found this wasn’t just peeling paint… I figure water has been following the tub seam to the wall, which means my first step is preventative: caulk the seam so water flows down the wall instead of following the seam. But, what do I do next? How do I repair the wall? Behind the hole is tub flashing. That mold is luckily surface deep and my pocket knife scraped most of it off. We have treated it with Lysol bathroom spray that claims to kill black mold on contact.",https://www.reddit.com/r/HomeMaintenance/comments/1qv74vw/what_do_i_do_here/,6,7,https://www.reddit.com/gallery/1qv74vw,paint peeling,needs_review_medium_signal,,manual_review_pending,,medium_risk_call_pro,0.67,mold_or_foundation_concern:\bmold\b; cosmetic_or_minor_finish:\bpaint(?:ing|ed)?\b,"{""low_risk_diy"": 2.2, ""medium_risk_call_pro"": 2.0}",yes,,,,,MR0024,needs_human_review,4,Manthan,,
1odj0on,HomeMaintenance,2025-10-22T20:07:51+00:00,How would you fix/repair this?,We recently got our garage doors replaced and when the weather stripping was removed it peeled up some of the paint around the frame. The previous owners were “caulk happy” around the entire house and the exterior was no exception and these parts by the garage almost look like they’re melting due to the excessive caulking and then painting. We’ve let it be but since the garage door peeled the paint up I don’t want to leave the wood exposed and figure I should just fix it all at once. Thanks!!,How would you fix/repair this? We recently got our garage doors replaced and when the weather stripping was removed it peeled up some of the paint around the frame. The previous owners were “caulk happy” around the entire house and the exterior was no exception and these parts by the garage almost look like they’re melting due to the excessive caulking and then painting. We’ve let it be but since the garage door peeled the paint up I don’t want to leave the wood exposed and figure I should just fix it all at once. Thanks!!,https://www.reddit.com/r/HomeMaintenance/comments/1odj0on/how_would_you_fixrepair_this/,0,4,https://www.reddit.com/gallery/1odj0on,paint peeling,needs_review_low_signal,,manual_review_pending,,low_risk_diy,0.82,cosmetic_or_minor_finish:\bpaint(?:ing|ed)?\b,"{""low_risk_diy"": 2.2}",no,,,,,MR0031,low_risk_diy,4,Manthan,,
10ttlsw,HomeImprovement,2023-02-04T22:42:52+00:00,Just moved into rural home. Replacing LP gas stove. Should we change to electric?(complications)_,"We just moved into a home in rural Indiana. The current stovetop/oven is LP gas. It is old and needs to be replaced - the oven doesn't work but the stovetop does. When we walked in, we smelled some gas. We pulled it away from the wall, and there was no gas shutoff. I found the shutoff for the stove in the garage. The smell is gone. I guess the options for getting a new one are: 1. Have a gas repairman install the shutoff and check the line for leaks. Then install new gas stove 2. Have electrician come out and put in a 220 (?) and get an electric stove/oven Thoughts about which would be the better route? Thanks.","Just moved into rural home. Replacing LP gas stove. Should we change to electric?(complications)_ We just moved into a home in rural Indiana. The current stovetop/oven is LP gas. It is old and needs to be replaced - the oven doesn't work but the stovetop does. When we walked in, we smelled some gas. We pulled it away from the wall, and there was no gas shutoff. I found the shutoff for the stove in the garage. The smell is gone. I guess the options for getting a new one are: 1. Have a gas repairman install the shutoff and check the line for leaks. Then install new gas stove 2. Have electrician come out and put in a 220 (?) and get an electric stove/oven Thoughts about which would be the better route? Thanks.",https://www.reddit.com/r/HomeImprovement/comments/10ttlsw/just_moved_into_rural_home_replacing_lp_gas_stove/,0,27,https://www.reddit.com/r/HomeImprovement/comments/10ttlsw/just_moved_into_rural_home_replacing_lp_gas_stove/,gas smell,needs_review_medium_signal,,manual_review_pending,,medium_risk_call_pro,0.80,contained_water_damage:\bleak(?:s|ing|ed)?\b,"{""medium_risk_call_pro"": 2.0}",no,,,,,MR0032,medium_risk_call_pro,4,Manthan,,
vvrwv5,askanelectrician,2022-07-10T13:50:47+00:00,Can an electrical short to a device also damage the wall outlet?,"I posted about this story yesterday, but had a different follow-up question today. Long story short, I think some water may have gotten into my Samsung phone's USB port and I didn't realize it. Moments afterward I plugged it into a non-GFCI wall outlet (whoops), via a fast-charge 12v/2amp adapter, and I don't think the tip of the USB connector was completely flush with the phone, so the metal tip was slightly exposed. A few minutes later I picked up my phone, and my pinky finger brushed against the exposed part, and I got an immediate shock to my finger. It felt quite tingly afterward, and even this morning still feels a little weird, but I asked a nurse and she told me I had nothing to worry about and likely just got a minor electrical burn. After this I tried a different charger/cable and the phone would not charge. I also tried connecting it to a different electrical outlet in my kitchen (GFCI protected) and same deal, no charge at all. So I let the phone power off overnight and hoped for the best, but this morning I tried connecting the phone again, and it still will not charge via USB. When I plug it in the phone doesn't even recognize that a power source is connected. However, the tip of the USB cord (the area that inserts into the phone) gets extremely hot very quickly. I reached out to a friend in IT who told me if the USB input on the phone was damp yesterday, it may have prevented the electrical charge from being delivered to the phone, and then when I touched it with my finger it delivered the full 12v charge to me and simultaneously fried the capacitor on the phone. He said the tip of the cable is getting hot now because the capacitor is fried, so the electrical current isn't being delivered to the phone, and the heat is just building up in the cable because it has ""nowhere else to go"". Luckily the wireless charger seems to be working so I have a short-term solution to power on my phone, but I guess my question now is: if the device did indeed cause an electrical short, is there any way that the actual wall outlet could have also been damaged, or would I have known immediately? I'm assuming there would have been sparks/smoke/fire/etc., right? I just want to make sure it's safe to continue to use the wall outlet and there's no conceivable way the short to the phone could have caused any ""hidden damage"" to the outlet that could place it at a risk of causing other devices to get fried. I do have the wireless charger plugged in right now and it seems to be working, but just wanted to double check with the experts. Thanks!!","Can an electrical short to a device also damage the wall outlet? I posted about this story yesterday, but had a different follow-up question today. Long story short, I think some water may have gotten into my Samsung phone's USB port and I didn't realize it. Moments afterward I plugged it into a non-GFCI wall outlet (whoops), via a fast-charge 12v/2amp adapter, and I don't think the tip of the USB connector was completely flush with the phone, so the metal tip was slightly exposed. A few minutes later I picked up my phone, and my pinky finger brushed against the exposed part, and I got an immediate shock to my finger. It felt quite tingly afterward, and even this morning still feels a little weird, but I asked a nurse and she told me I had nothing to worry about and likely just got a minor electrical burn. After this I tried a different charger/cable and the phone would not charge. I also tried connecting it to a different electrical outlet in my kitchen (GFCI protected) and same deal, no charge at all. So I let the phone power off overnight and hoped for the best, but this morning I tried connecting the phone again, and it still will not charge via USB. When I plug it in the phone doesn't even recognize that a power source is connected. However, the tip of the USB cord (the area that inserts into the phone) gets extremely hot very quickly. I reached out to a friend in IT who told me if the USB input on the phone was damp yesterday, it may have prevented the electrical charge from being delivered to the phone, and then when I touched it with my finger it delivered the full 12v charge to me and simultaneously fried the capacitor on the phone. He said the tip of the cable is getting hot now because the capacitor is fried, so the electrical current isn't being delivered to the phone, and the heat is just building up in the cable because it has ""nowhere else to go"". Luckily the wireless charger seems to be working so I have a short-term solution to power on my phone, but I guess my question now is: if the device did indeed cause an electrical short, is there any way that the actual wall outlet could have also been damaged, or would I have known immediately? I'm assuming there would have been sparks/smoke/fire/etc., right? I just want to make sure it's safe to continue to use the wall outlet and there's no conceivable way the short to the phone could have caused any ""hidden damage"" to the outlet that could place it at a risk of causing other devices to get fried. I do have the wireless charger plugged in right now and it seems to be working, but just wanted to double check with the experts. Thanks!!",https://www.reddit.com/r/askanelectrician/comments/vvrwv5/can_an_electrical_short_to_a_device_also_damage/,0,2,https://www.reddit.com/r/askanelectrician/comments/vvrwv5/can_an_electrical_short_to_a_device_also_damage/,sparking outlet,needs_review_urgent_signal,,manual_review_pending,,urgent_safety_risk,0.82,fire_smoke_or_sparks:\bspark(?:s|ing|ed)?\b; trade_system_issue:\boutlets?\b,"{""medium_risk_call_pro"": 2.0, ""urgent_safety_risk"": 3.5}",no,,,,,MR0035,urgent_safety_risk,4,Manthan,,
vd8gg0,askanelectrician,2022-06-16T00:01:36+00:00,Baseboard heater questions,"Our garage doubles as a rec space but gets chilly, so I bought a 1,000w 208v baseboard heater thinking that I could throw a plug onto it and plug it into an old 208v dryer outlet that is no longer used. I didn't see until after the purchase that it ""requires a hard-wire installation"". A few questions: - Is it actually dangerous to put a 6 foot cord on this? Why else would it require hard-wiring? - Since the baseboard only calls for two hots and a ground, should I just cap the neutral wire on the cord? - Since my heater only draws 4.8 amps, can I use 14 gauge wire for the cord? or would that create a fire hazard because a malfunction of the device might cause it to try to draw more amps and fry the cord? - Last but not least: my dad tried to wire it himself but said it kept cutting off after starting. It looked like he wired it correctly but I redid his work just to make sure everything had good contact. When I tried it last night, it started kicking out heat but also started smoking quite a bit, so I turned it off and inspected it. I didn't see any damage to the unit, and I read online that it's normal for baseboard heaters to smoke on first use. Any pro-tips for how to safely test a device that smokes during normal operation? Do you seriously just let it run until you see melting, sparks, and/or fire? Thanks for any guidance!","Baseboard heater questions Our garage doubles as a rec space but gets chilly, so I bought a 1,000w 208v baseboard heater thinking that I could throw a plug onto it and plug it into an old 208v dryer outlet that is no longer used. I didn't see until after the purchase that it ""requires a hard-wire installation"". A few questions: - Is it actually dangerous to put a 6 foot cord on this? Why else would it require hard-wiring? - Since the baseboard only calls for two hots and a ground, should I just cap the neutral wire on the cord? - Since my heater only draws 4.8 amps, can I use 14 gauge wire for the cord? or would that create a fire hazard because a malfunction of the device might cause it to try to draw more amps and fry the cord? - Last but not least: my dad tried to wire it himself but said it kept cutting off after starting. It looked like he wired it correctly but I redid his work just to make sure everything had good contact. When I tried it last night, it started kicking out heat but also started smoking quite a bit, so I turned it off and inspected it. I didn't see any damage to the unit, and I read online that it's normal for baseboard heaters to smoke on first use. Any pro-tips for how to safely test a device that smokes during normal operation? Do you seriously just let it run until you see melting, sparks, and/or fire? Thanks for any guidance!",https://www.reddit.com/r/askanelectrician/comments/vd8gg0/baseboard_heater_questions/,1,5,https://www.reddit.com/r/askanelectrician/comments/vd8gg0/baseboard_heater_questions/,sparking outlet,needs_review_urgent_signal,,manual_review_pending,,urgent_safety_risk,0.82,fire_smoke_or_sparks:\bspark(?:s|ing|ed)?\b; trade_system_issue:\boutlets?\b; cosmetic_or_minor_finish:\bbaseboard\b,"{""low_risk_diy"": 2.2, ""medium_risk_call_pro"": 2.0, ""urgent_safety_risk"": 3.5}",no,,,,,MR0038,urgent_safety_risk,4,Manthan,,
1qctvm4,DIY,2026-01-14T17:43:29+00:00,Adding a room to my basement,"So long story short, we want to add a room to our basement but the basement has a tenancy to leak after a hard rain or in the spring when the snow melts. The basement has a perimeter trench that allows water to move to the sump pump. Unfortunately it’s an electric pump so if we lose power the basement floods. The question is what can I use to keep the water out of the new room? I was thinking a brick wall about a foot tall then finish with standard wood frame and drywall. I’m not familiar with brick work or water barriers so I’m looking for any advice to keep the water out of our new room. Side note: we rent so certain things our landlord won’t do. Like hire a guy or replace the sump pump with a hydro pump. Edit: we do have permission from the landlord. He is paying for the materials but I’m doing the work.","Adding a room to my basement So long story short, we want to add a room to our basement but the basement has a tenancy to leak after a hard rain or in the spring when the snow melts. The basement has a perimeter trench that allows water to move to the sump pump. Unfortunately it’s an electric pump so if we lose power the basement floods. The question is what can I use to keep the water out of the new room? I was thinking a brick wall about a foot tall then finish with standard wood frame and drywall. I’m not familiar with brick work or water barriers so I’m looking for any advice to keep the water out of our new room. Side note: we rent so certain things our landlord won’t do. Like hire a guy or replace the sump pump with a hydro pump. Edit: we do have permission from the landlord. He is paying for the materials but I’m doing the work.",https://www.reddit.com/r/DIY/comments/1qctvm4/adding_a_room_to_my_basement/,0,12,https://www.reddit.com/r/DIY/comments/1qctvm4/adding_a_room_to_my_basement/,water leak,needs_review_medium_signal,,manual_review_pending,,medium_risk_call_pro,0.80,contained_water_damage:\bleak(?:s|ing|ed)?\b,"{""medium_risk_call_pro"": 2.0}",no,,,,,MR0039,medium_risk_call_pro,4,Manthan,,
1s6qzsp,Plumbing,2026-03-29T09:54:22+00:00,Behind washing machine just started pouring water. What is this and should I call a plumber?,"I heard water running and discovered this tube is pouring water into what appears to be a drain. This is behind the washing machine. The house is six years old. The air conditioning is not running, so this is not a condensation drain; and the condensation drain from the AC dumps into the sink on the opposing wall. It is a steady full stream and just started pouring water. I’ve lived here at the full six years and have never seen this before. Should I be concerned that something is flooding somewhere? There’s no water on the floor or behind the washer. That is not mold, just leftover construction dust. Edit/update: the plumber who installed the water softener stated yes, it is the water softener running a regeneration cycle to clean the system and it will happen every 1700 gallons of water or every two weeks whatever comes first and will run for about an hour. All is good – normal and anticipated. I’ve never been awake and in the living room in the middle of the night to hear the water running. Thanks for all the helpful suggestions, I was getting concerned and did not want to wake up any plumbers in the middle of the night.","Behind washing machine just started pouring water. What is this and should I call a plumber? I heard water running and discovered this tube is pouring water into what appears to be a drain. This is behind the washing machine. The house is six years old. The air conditioning is not running, so this is not a condensation drain; and the condensation drain from the AC dumps into the sink on the opposing wall. It is a steady full stream and just started pouring water. I’ve lived here at the full six years and have never seen this before. Should I be concerned that something is flooding somewhere? There’s no water on the floor or behind the washer. That is not mold, just leftover construction dust. Edit/update: the plumber who installed the water softener stated yes, it is the water softener running a regeneration cycle to clean the system and it will happen every 1700 gallons of water or every two weeks whatever comes first and will run for about an hour. All is good – normal and anticipated. I’ve never been awake and in the living room in the middle of the night to hear the water running. Thanks for all the helpful suggestions, I was getting concerned and did not want to wake up any plumbers in the middle of the night.",https://www.reddit.com/r/Plumbing/comments/1s6qzsp/behind_washing_machine_just_started_pouring_water/,7,23,https://i.redd.it/0ec8a3gdiyrg1.jpeg,flooding,needs_review_urgent_signal,,manual_review_pending,,urgent_safety_risk,0.77,active_flooding_or_sewage:\bflooding\b; mold_or_foundation_concern:\bmold\b,"{""medium_risk_call_pro"": 2.0, ""urgent_safety_risk"": 3.0}",no,,,,,MR0048,urgent_safety_risk,4,Manthan,,
10bxwhd,HomeImprovement,2023-01-14T20:04:35+00:00,"Brand new gas oven installed, broiler turned on instead of baking","Hello, I recently had a renovation done in my kitchen. With this I purchased a brand new gas oven and range. The workers who came connected the new oven/stove and put it in place between the new cabinets. That was yesterday. Today I went to use the oven for the first time. I put it on to preheat at 400 degrees. A few seconds later, two things happened: first, I smelled gas. Second, instead of the oven turning on, it looked like the broiler turned on (the part below the oven, I think that’s the broiler?). Is there something I can do to fix this or do I have to call the contractor to send the workers again? Has it not been set up properly? Are we in danger with the gas? Thank you","Brand new gas oven installed, broiler turned on instead of baking Hello, I recently had a renovation done in my kitchen. With this I purchased a brand new gas oven and range. The workers who came connected the new oven/stove and put it in place between the new cabinets. That was yesterday. Today I went to use the oven for the first time. I put it on to preheat at 400 degrees. A few seconds later, two things happened: first, I smelled gas. Second, instead of the oven turning on, it looked like the broiler turned on (the part below the oven, I think that’s the broiler?). Is there something I can do to fix this or do I have to call the contractor to send the workers again? Has it not been set up properly? Are we in danger with the gas? Thank you",https://www.reddit.com/r/HomeImprovement/comments/10bxwhd/brand_new_gas_oven_installed_broiler_turned_on/,0,8,https://www.reddit.com/r/HomeImprovement/comments/10bxwhd/brand_new_gas_oven_installed_broiler_turned_on/,gas smell,needs_review_unclear,,manual_review_pending,,,0.00,no_labeling_function_matched,{},yes,,,,,MR0050,needs_human_review,4,Manthan,,
ywb1u3,askanelectrician,2022-11-15T22:05:29+00:00,Dropped drywall behind wall with wiring...,"I was patching a wall after removing a recessed medicine cabinet and dropped a piece of drywall (about 6"" x 18"") behind the wall. There are wires running behind the wall. I wasn't able to reach the drywall to remove it. Could this create a dangerous situation in term of the wiring?","Dropped drywall behind wall with wiring... I was patching a wall after removing a recessed medicine cabinet and dropped a piece of drywall (about 6"" x 18"") behind the wall. There are wires running behind the wall. I wasn't able to reach the drywall to remove it. Could this create a dangerous situation in term of the wiring?",https://www.reddit.com/r/askanelectrician/comments/ywb1u3/dropped_drywall_behind_wall_with_wiring/,1,3,https://www.reddit.com/r/askanelectrician/comments/ywb1u3/dropped_drywall_behind_wall_with_wiring/,drywall patch,needs_review_medium_signal,,manual_review_pending,,medium_risk_call_pro,0.80,trade_system_issue:\bwiring\b,"{""medium_risk_call_pro"": 2.0}",no,,,,,MR0056,medium_risk_call_pro,4,Manthan,,
z7ur2v,HomeImprovement,2022-11-29T13:55:39+00:00,Foul rotting/mulch-like smell outside of house - Only appears in colder months?,"Moved into my house a little over a year ago. While doing yard work late last year (late fall/early winter) I noticed one spot near my garage had a very strong mulch-like smell but more sour and a much stronger, more displeasing odor. I didn't think anything of it and it eventually went away. The whole rest of this year went by and the smell never came back the whole spring or summer. Now, it is back as of yesterday and even worse than it was last year. It's really an offensive smell and borderline makes me gag. I can't figure out what it might be. First thought was something died in a bush and it's rotting, but I can't see anything. Other than that, I have no clue. It's simply right outside my garage in the vicinity of a bush (this plant has no odor) and a downspout connected to an underground drain. It's not natural gas (and nowhere near the gas line), not fresh mulch (haven't put any down this year), and can't be traced to a fairly specific spot. Any thoughts?","Foul rotting/mulch-like smell outside of house - Only appears in colder months? Moved into my house a little over a year ago. While doing yard work late last year (late fall/early winter) I noticed one spot near my garage had a very strong mulch-like smell but more sour and a much stronger, more displeasing odor. I didn't think anything of it and it eventually went away. The whole rest of this year went by and the smell never came back the whole spring or summer. Now, it is back as of yesterday and even worse than it was last year. It's really an offensive smell and borderline makes me gag. I can't figure out what it might be. First thought was something died in a bush and it's rotting, but I can't see anything. Other than that, I have no clue. It's simply right outside my garage in the vicinity of a bush (this plant has no odor) and a downspout connected to an underground drain. It's not natural gas (and nowhere near the gas line), not fresh mulch (haven't put any down this year), and can't be traced to a fairly specific spot. Any thoughts?",https://www.reddit.com/r/HomeImprovement/comments/z7ur2v/foul_rottingmulchlike_smell_outside_of_house_only/,3,3,https://www.reddit.com/r/HomeImprovement/comments/z7ur2v/foul_rottingmulchlike_smell_outside_of_house_only/,gas smell,needs_review_urgent_signal,,manual_review_pending,,urgent_safety_risk,0.95,gas_or_carbon_monoxide:\bnatural gas\b,"{""urgent_safety_risk"": 4.0}",no,,,,,MR0062,urgent_safety_risk,4,Manthan,,
1tnnnex,HomeMaintenance,2026-05-25T22:13:58+00:00,exterior window sill paint help,i painted over the bottom window sill twice already in two years because it keeps turning out like this after maybe months. I used Kilz mold and mildew to prime then used exterior paint ontop for a second coat. Any ideas what im doing wrong? This is NC,exterior window sill paint help i painted over the bottom window sill twice already in two years because it keeps turning out like this after maybe months. I used Kilz mold and mildew to prime then used exterior paint ontop for a second coat. Any ideas what im doing wrong? This is NC,https://www.reddit.com/r/HomeMaintenance/comments/1tnnnex/exterior_window_sill_paint_help/,1,1,https://www.reddit.com/gallery/1tnnnex,mold,needs_review_medium_signal,,manual_review_pending,,medium_risk_call_pro,0.67,mold_or_foundation_concern:\bmold\b; cosmetic_or_minor_finish:\bpaint(?:ing|ed)?\b,"{""low_risk_diy"": 2.2, ""medium_risk_call_pro"": 2.0}",yes,,,,,MR0070,needs_human_review,4,Manthan,,
1tuqnlc,HomeImprovement,2026-06-02T13:15:40+00:00,Water leaking around window frame - Help!,"We’ve lived in our house for 6 years now. We had a roof leak issue within the first few months of moving in but got that fixed and never had any water intrusion issues after that until now. We have a window at the bottom of our steps that all of a sudden started leaking water around the frame and separating from the wall. This happened sometime while we were out of town for a week and it rained like crazy where we live while we were gone. There was some brown dried residue on the windowsill when we got back and I thought it was from our cat puking, but now I’m thinking it was from water leaking in and pudding on the sill! I also noticed the window started pulling away from the interior wall/frame at the top and right side. It doesn’t look like it pulled away at all on the left side. The window is under the covered front patio, so it’s not like rain was hitting it and getting in. I’m thinking there’s a different issue with improper sealing somewhere else and this is just where the water is going to? We have vinyl siding if that helps narrow anything down. I’m a pretty handy person, but I’ve never dealt with windows or vinyl siding before, and water intrusion isn’t something I want to try to fix and screw up. I can fix the interior portion, but need help on the exterior and wondering who I should call - window company, siding company, handyman? Any recommendations on what could cause this and who to call to fix it would be greatly appreciated! Reference photos: https://imgur.com/a/1QcDVct","Water leaking around window frame - Help! We’ve lived in our house for 6 years now. We had a roof leak issue within the first few months of moving in but got that fixed and never had any water intrusion issues after that until now. We have a window at the bottom of our steps that all of a sudden started leaking water around the frame and separating from the wall. This happened sometime while we were out of town for a week and it rained like crazy where we live while we were gone. There was some brown dried residue on the windowsill when we got back and I thought it was from our cat puking, but now I’m thinking it was from water leaking in and pudding on the sill! I also noticed the window started pulling away from the interior wall/frame at the top and right side. It doesn’t look like it pulled away at all on the left side. The window is under the covered front patio, so it’s not like rain was hitting it and getting in. I’m thinking there’s a different issue with improper sealing somewhere else and this is just where the water is going to? We have vinyl siding if that helps narrow anything down. I’m a pretty handy person, but I’ve never dealt with windows or vinyl siding before, and water intrusion isn’t something I want to try to fix and screw up. I can fix the interior portion, but need help on the exterior and wondering who I should call - window company, siding company, handyman? Any recommendations on what could cause this and who to call to fix it would be greatly appreciated! Reference photos: https://imgur.com/a/1QcDVct",https://www.reddit.com/r/HomeImprovement/comments/1tuqnlc/water_leaking_around_window_frame_help/,1,3,https://www.reddit.com/r/HomeImprovement/comments/1tuqnlc/water_leaking_around_window_frame_help/,leak,needs_review_medium_signal,,manual_review_pending,,medium_risk_call_pro,0.80,contained_water_damage:\bleak(?:s|ing|ed)?\b,"{""medium_risk_call_pro"": 2.0}",no,,,,,MR0072,medium_risk_call_pro,4,Manthan,,
102qk1c,HomeImprovement,2023-01-04T01:53:23+00:00,Sewer gas smell in two separate rooms,"Hesitating on calling the plumber on this one since the general advice seems to be “if you smell sewer gas, just run your water.” But since that’s not working so far: We have a sewer gas smell in two bathrooms on two levels. One in the basement, where the smell is coming from the bathtub drain. In the upstairs bathroom, it’s coming from the P trap under the sink (this bathroom is brand new, so I don’t think it’s an issue with the P trap). The bathtub downstairs is pretty old and used less often, but we still run it now and then. All the other sinks/tubs/toilets in the house seem fine. I’ve run water in both places where we’re having the issue, and it seems to clear up for a bit before coming back. I’ve also noticed that the tub downstairs is draining slowly. Anything else besides we could try before calling a pro? And any idea why this issue would show up in two separate places at the same time, but not others?","Sewer gas smell in two separate rooms Hesitating on calling the plumber on this one since the general advice seems to be “if you smell sewer gas, just run your water.” But since that’s not working so far: We have a sewer gas smell in two bathrooms on two levels. One in the basement, where the smell is coming from the bathtub drain. In the upstairs bathroom, it’s coming from the P trap under the sink (this bathroom is brand new, so I don’t think it’s an issue with the P trap). The bathtub downstairs is pretty old and used less often, but we still run it now and then. All the other sinks/tubs/toilets in the house seem fine. I’ve run water in both places where we’re having the issue, and it seems to clear up for a bit before coming back. I’ve also noticed that the tub downstairs is draining slowly. Anything else besides we could try before calling a pro? And any idea why this issue would show up in two separate places at the same time, but not others?",https://www.reddit.com/r/HomeImprovement/comments/102qk1c/sewer_gas_smell_in_two_separate_rooms/,2,2,https://www.reddit.com/r/HomeImprovement/comments/102qk1c/sewer_gas_smell_in_two_separate_rooms/,gas smell,needs_review_urgent_signal,,manual_review_pending,,urgent_safety_risk,0.95,gas_or_carbon_monoxide:\bgas smell\b,"{""urgent_safety_risk"": 4.0}",no,,,,,MR0074,urgent_safety_risk,4,Manthan,,
1t3tu7y,HomeImprovement,2026-05-04T20:34:15+00:00,Leaking Dishwasher,I have an Amana dishwasher (the model number is adb1500awb) that leaks every time it's used. It seems as though there's more water outside the dishwasher than inside. I've seen online that people say to clear the filer and drain hose so yesterday I got in the thing and took it apart. I couldn't find a filter but was able to clean some stuff out the drain hose (didn't look like enough to cause a blockage). Well the dang thing is still leaking. I don't really have the expenses to go and buy a new one but I don't know if there's anything else I can do to help save my bank account. Does anyone know what else I can try to do?,Leaking Dishwasher I have an Amana dishwasher (the model number is adb1500awb) that leaks every time it's used. It seems as though there's more water outside the dishwasher than inside. I've seen online that people say to clear the filer and drain hose so yesterday I got in the thing and took it apart. I couldn't find a filter but was able to clean some stuff out the drain hose (didn't look like enough to cause a blockage). Well the dang thing is still leaking. I don't really have the expenses to go and buy a new one but I don't know if there's anything else I can do to help save my bank account. Does anyone know what else I can try to do?,https://www.reddit.com/r/HomeImprovement/comments/1t3tu7y/leaking_dishwasher/,0,5,https://www.reddit.com/r/HomeImprovement/comments/1t3tu7y/leaking_dishwasher/,leak,needs_review_medium_signal,,manual_review_pending,,medium_risk_call_pro,0.80,contained_water_damage:\bleak(?:s|ing|ed)?\b,"{""medium_risk_call_pro"": 2.0}",no,,,,,MR0075,medium_risk_call_pro,4,Manthan,,
113ijsm,askanelectrician,2023-02-16T05:03:57+00:00,Can anyone offer insight into what probably happened to my oven tonight?,"First of all, to be clear, I don't intend to DIY this -- I'll be contacting my apartment complex office with a maintenance request-- but I just want to understand what happened. The bottom heating element in my oven (electric, GE, about 4 years old) seems to have failed, but it happened a lot differently from what I've experienced before with other ovens. I was baking tonight and the oven had been on for a while, when all of the sudden it started making a loud sort of rumbling/humming noise. For a second i thought it was my garbage disposal, but then in the oven window (the oven light was off) there was a strong white light and i think a saw a spark or two. I turned off the oven and it stopped. Towards the back of the heating element it looks a little rough in texture with a few bits of white on it, but that's all i notice that looks different. In the past, I've seen heating elements fail with a pop and then the element just breaks at the weak spot -- replace the element and everything is fine. But I'm worried about that hum and white light. Was that an electrical malfunction maybe? A wiring issue? Is there anything special i should be looking for to make sure it is still safe to use? The apartment maintenance team aren't electricians or anything and they spend most of their time on landscaping, so I'd feel more comfortable getting an electrician's take on this whole thing.","Can anyone offer insight into what probably happened to my oven tonight? First of all, to be clear, I don't intend to DIY this -- I'll be contacting my apartment complex office with a maintenance request-- but I just want to understand what happened. The bottom heating element in my oven (electric, GE, about 4 years old) seems to have failed, but it happened a lot differently from what I've experienced before with other ovens. I was baking tonight and the oven had been on for a while, when all of the sudden it started making a loud sort of rumbling/humming noise. For a second i thought it was my garbage disposal, but then in the oven window (the oven light was off) there was a strong white light and i think a saw a spark or two. I turned off the oven and it stopped. Towards the back of the heating element it looks a little rough in texture with a few bits of white on it, but that's all i notice that looks different. In the past, I've seen heating elements fail with a pop and then the element just breaks at the weak spot -- replace the element and everything is fine. But I'm worried about that hum and white light. Was that an electrical malfunction maybe? A wiring issue? Is there anything special i should be looking for to make sure it is still safe to use? The apartment maintenance team aren't electricians or anything and they spend most of their time on landscaping, so I'd feel more comfortable getting an electrician's take on this whole thing.",https://www.reddit.com/r/askanelectrician/comments/113ijsm/can_anyone_offer_insight_into_what_probably/,0,1,https://www.reddit.com/r/askanelectrician/comments/113ijsm/can_anyone_offer_insight_into_what_probably/,electrical issue,needs_review_urgent_signal,,manual_review_pending,,urgent_safety_risk,0.82,fire_smoke_or_sparks:\bspark(?:s|ing|ed)?\b; trade_system_issue:\bwiring\b,"{""medium_risk_call_pro"": 2.0, ""urgent_safety_risk"": 3.5}",no,,,,,MR0078,urgent_safety_risk,4,Manthan,,
lr6u15,askanelectrician,2021-02-24T07:36:15+00:00,"Dryer sparked when plugging in, outlets no longer work","Hello, my dryer was unplugged and when I plugged it back in there was a large, loud spark from the outlet. The breaker did not trip. I turned the breaker off/on and when it was flipped on the dryer outlet sparked again, though smaller. The washer and dryer were probably touching slightly, which they usually are not. The washer will not work, and the washer will not work either. The outlet for the washer shows no power with a plug in meter (didn't test the dryer outlet because I didn't want to plug the meter into it). Any ideas on what happened and what needs to happen now to get this fixed? Are the washer and dryer going to be ruined? The water heater is in the same room and has it's own switch in the breaker box -- will it be affected too?","Dryer sparked when plugging in, outlets no longer work Hello, my dryer was unplugged and when I plugged it back in there was a large, loud spark from the outlet. The breaker did not trip. I turned the breaker off/on and when it was flipped on the dryer outlet sparked again, though smaller. The washer and dryer were probably touching slightly, which they usually are not. The washer will not work, and the washer will not work either. The outlet for the washer shows no power with a plug in meter (didn't test the dryer outlet because I didn't want to plug the meter into it). Any ideas on what happened and what needs to happen now to get this fixed? Are the washer and dryer going to be ruined? The water heater is in the same room and has it's own switch in the breaker box -- will it be affected too?",https://www.reddit.com/r/askanelectrician/comments/lr6u15/dryer_sparked_when_plugging_in_outlets_no_longer/,1,13,https://www.reddit.com/r/askanelectrician/comments/lr6u15/dryer_sparked_when_plugging_in_outlets_no_longer/,sparking outlet,needs_review_urgent_signal,,manual_review_pending,,urgent_safety_risk,0.82,fire_smoke_or_sparks:\bspark(?:s|ing|ed)?\b; trade_system_issue:\bwater heater\b,"{""medium_risk_call_pro"": 2.0, ""urgent_safety_risk"": 3.5}",no,,,,,MR0079,urgent_safety_risk,4,Manthan,,
1tc02um,DIY,2026-05-13T13:43:24+00:00,Painting window frames but rental friendly?,"I'm going to move soon, renting the apartment but I still want a cool and pretty home. currently everything is white with woodchip wallpaper. but worst of all are the window frames. I absolutely despise white window frames. I want to paint them but I don't think my landlord would like that so I need a removable method. i thought about just covering the whole thing in frog tape and peeling it off eventually when I move out, but I don't know how long that'll last - if at all. I don't want to make the effort only for the tape to unstick itself after 3 days. any ideas are highly appreciated. thanks in advance :>","Painting window frames but rental friendly? I'm going to move soon, renting the apartment but I still want a cool and pretty home. currently everything is white with woodchip wallpaper. but worst of all are the window frames. I absolutely despise white window frames. I want to paint them but I don't think my landlord would like that so I need a removable method. i thought about just covering the whole thing in frog tape and peeling it off eventually when I move out, but I don't know how long that'll last - if at all. I don't want to make the effort only for the tape to unstick itself after 3 days. any ideas are highly appreciated. thanks in advance :>",https://www.reddit.com/r/DIY/comments/1tc02um/painting_window_frames_but_rental_friendly/,0,11,https://www.reddit.com/r/DIY/comments/1tc02um/painting_window_frames_but_rental_friendly/,paint peeling,needs_review_low_signal,,manual_review_pending,,low_risk_diy,0.82,cosmetic_or_minor_finish:\bpaint(?:ing|ed)?\b,"{""low_risk_diy"": 2.2}",no,,,,,MR0082,low_risk_diy,4,Manthan,,
xufyka,askanelectrician,2022-10-03T10:44:57+00:00,how concerned should I be?,"I knocked over a glass of water and a bit splashed onto some plugged in wall sockets. Saw some sparking behind the outlet switches, could see and hear it for a good 10 seconds at least. Other than that, nothing happened, and all appliances plugged in were working just fine... I wiped off any water that could be seen and unplugged the sockets in the hopes they will air dry. Bit worried that damage is done though, do I need to get someone to come in? How long should I wait before plugging everything back in?","how concerned should I be? I knocked over a glass of water and a bit splashed onto some plugged in wall sockets. Saw some sparking behind the outlet switches, could see and hear it for a good 10 seconds at least. Other than that, nothing happened, and all appliances plugged in were working just fine... I wiped off any water that could be seen and unplugged the sockets in the hopes they will air dry. Bit worried that damage is done though, do I need to get someone to come in? How long should I wait before plugging everything back in?",https://www.reddit.com/r/askanelectrician/comments/xufyka/how_concerned_should_i_be/,1,2,https://www.reddit.com/r/askanelectrician/comments/xufyka/how_concerned_should_i_be/,sparking outlet,needs_review_urgent_signal,,manual_review_pending,,urgent_safety_risk,0.82,fire_smoke_or_sparks:\bspark(?:s|ing|ed)?\b; trade_system_issue:\boutlets?\b,"{""medium_risk_call_pro"": 2.0, ""urgent_safety_risk"": 3.5}",no,,,,,MR0087,urgent_safety_risk,4,Manthan,,
1t8rtw1,HomeImprovement,2026-05-10T00:29:59+00:00,Cash out refi: what should I focus on before appraisal,"So I'm working on my house (actually it's a mobile home). When we bought it we intended to mortgage it and use our savings to fix it up. Then the mortgage company bailed because of a roof leak, so we bought it with cash and just have struggled with money ever since. Anyway, it's been two years and the roof is fixed so there isn't any structural damage that they know of. We need a loan to be able to finish the house, and we've had an extremely difficult time getting any sort of personal loan or home improvement loan even though we had credit in the 750's, never missed a payment on anything ever, low debt to income ratio, etc. It's because we're low income. So I want to refinance the house. Since we bought it we've done a ton of work: put new siding, insulation, and sheetrock on one side of the house, replaced all the kitchen cabinets and sink, redid most of the plumbing and electrical, gutted the bathroom and rebuilt it with a better layout and two new closets (including one for the washer and dryer so they aren't in the bathroom anymore and have proper hookups that are up to code), replaced all the appliances with new stainless steel models, installed a bathroom fan with ducts, replaced the roof and added 6"" eaves all around the house, replaced all the paneling in the kid's room with sheetrock, and installed a new heat pump to replace our electric furnace (the furnace is still there in case it gets too cold). I feel like our house should be worth quite a bit more now, but I read that having your house appraised with unfinished work really damages the value. The exterior is only half finished, but I need a loan to finish it. I do think I can finish a few smaller interior projects with cash before the appraisal though. I'm planning to finish the sheetrock in the bathroom, and probably replace the floor and tile the countertop in there, since I already have all the paint, mud, and tile needed. So I just have to buy a few sheets of sheetrock and lvp and we're good. However I have several other unfinished projects : the kitchen cabinets and sink are done besides a few simple details, but one wall is unfinished sheetrock, the other walls are paneling, and part of the ceiling is cut open. Should I try to sheetrock and paint some of it? I'm not sure I can realistically afford to, but I don't want to be forced to pay for an appraisal just to be told my house is worth nothing because it's half done. 🤷🏻‍♀️ TLDR: What projects do I need to be completely finished before I can get a loan besides the bathroom? Do I need to sheetrock my entire hallway and kitchen? Or will my major improvements to the bones of the house be enough to offset the unfinished cosmetic things I can't afford to finish before getting the loan?","Cash out refi: what should I focus on before appraisal So I'm working on my house (actually it's a mobile home). When we bought it we intended to mortgage it and use our savings to fix it up. Then the mortgage company bailed because of a roof leak, so we bought it with cash and just have struggled with money ever since. Anyway, it's been two years and the roof is fixed so there isn't any structural damage that they know of. We need a loan to be able to finish the house, and we've had an extremely difficult time getting any sort of personal loan or home improvement loan even though we had credit in the 750's, never missed a payment on anything ever, low debt to income ratio, etc. It's because we're low income. So I want to refinance the house. Since we bought it we've done a ton of work: put new siding, insulation, and sheetrock on one side of the house, replaced all the kitchen cabinets and sink, redid most of the plumbing and electrical, gutted the bathroom and rebuilt it with a better layout and two new closets (including one for the washer and dryer so they aren't in the bathroom anymore and have proper hookups that are up to code), replaced all the appliances with new stainless steel models, installed a bathroom fan with ducts, replaced the roof and added 6"" eaves all around the house, replaced all the paneling in the kid's room with sheetrock, and installed a new heat pump to replace our electric furnace (the furnace is still there in case it gets too cold). I feel like our house should be worth quite a bit more now, but I read that having your house appraised with unfinished work really damages the value. The exterior is only half finished, but I need a loan to finish it. I do think I can finish a few smaller interior projects with cash before the appraisal though. I'm planning to finish the sheetrock in the bathroom, and probably replace the floor and tile the countertop in there, since I already have all the paint, mud, and tile needed. So I just have to buy a few sheets of sheetrock and lvp and we're good. However I have several other unfinished projects : the kitchen cabinets and sink are done besides a few simple details, but one wall is unfinished sheetrock, the other walls are paneling, and part of the ceiling is cut open. Should I try to sheetrock and paint some of it? I'm not sure I can realistically afford to, but I don't want to be forced to pay for an appraisal just to be told my house is worth nothing because it's half done. 🤷🏻‍♀️ TLDR: What projects do I need to be completely finished before I can get a loan besides the bathroom? Do I need to sheetrock my entire hallway and kitchen? Or will my major improvements to the bones of the house be enough to offset the unfinished cosmetic things I can't afford to finish before getting the loan?",https://www.reddit.com/r/HomeImprovement/comments/1t8rtw1/cash_out_refi_what_should_i_focus_on_before/,2,4,https://www.reddit.com/r/HomeImprovement/comments/1t8rtw1/cash_out_refi_what_should_i_focus_on_before/,leak,needs_review_urgent_signal,,manual_review_pending,,urgent_safety_risk,0.77,structural_danger:\bstructural damage\b; contained_water_damage:\bleak(?:s|ing|ed)?\b; trade_system_issue:\bfurnace\b; cosmetic_or_minor_finish:\bpaint(?:ing|ed)?\b,"{""low_risk_diy"": 2.2, ""medium_risk_call_pro"": 4.0, ""urgent_safety_risk"": 3.0}",yes,,,,,MR0089,needs_human_review,4,Manthan,,
1sq1it9,Plumbing,2026-04-19T18:49:44+00:00,Update: need advice on plumbing issues in new build,"I had previously posted about how I was having plumbing issues in our new build that we've been living in for about 7 months (it's still under warranty). Shower drains and toilets would back up, gurgling in drains and toilets, etc. The plumbing company that put in the plumbing had come out about 10 times to unclog the pipes but never found an issue and blamed us saying we were putting paper towels in the toilet (we weren't). We've had 2 floods so far due to this (bathroom flooded and the 2 rooms that join it flooded). The builder sided with the plumbing company and wouldn't do anything saying it was our fault (wouldn't replace the floors and we asked to get a different plumbing company come look at it and they wouldn't). We recently had another flood, the plumbing company came out again and when my husband was standing over their shoulder watching the camera with them suddenly they found the issue, the grade is wrong. They said it was barely off (is that even a thing?) and that's why they didn't detect it sooner. So instead of digging it up and fixing it they are trying to install high flow toilets and they are ""very confident"" this will fix the drains backing up issue. My question is, will it fix the issue or are they just wasting their time with it? Also, I assume their work was inspected while the house was being built and we had a home inspection before we bought the house. Isn't this something they should have caught? It seems like a major issue. Any advice on who to contact or how to proceed would be appreciated. We wouldn't have bought the house if we knew it didn't even have functioning plumbing.","Update: need advice on plumbing issues in new build I had previously posted about how I was having plumbing issues in our new build that we've been living in for about 7 months (it's still under warranty). Shower drains and toilets would back up, gurgling in drains and toilets, etc. The plumbing company that put in the plumbing had come out about 10 times to unclog the pipes but never found an issue and blamed us saying we were putting paper towels in the toilet (we weren't). We've had 2 floods so far due to this (bathroom flooded and the 2 rooms that join it flooded). The builder sided with the plumbing company and wouldn't do anything saying it was our fault (wouldn't replace the floors and we asked to get a different plumbing company come look at it and they wouldn't). We recently had another flood, the plumbing company came out again and when my husband was standing over their shoulder watching the camera with them suddenly they found the issue, the grade is wrong. They said it was barely off (is that even a thing?) and that's why they didn't detect it sooner. So instead of digging it up and fixing it they are trying to install high flow toilets and they are ""very confident"" this will fix the drains backing up issue. My question is, will it fix the issue or are they just wasting their time with it? Also, I assume their work was inspected while the house was being built and we had a home inspection before we bought the house. Isn't this something they should have caught? It seems like a major issue. Any advice on who to contact or how to proceed would be appreciated. We wouldn't have bought the house if we knew it didn't even have functioning plumbing.",https://www.reddit.com/r/Plumbing/comments/1sq1it9/update_need_advice_on_plumbing_issues_in_new_build/,1,9,https://www.reddit.com/r/Plumbing/comments/1sq1it9/update_need_advice_on_plumbing_issues_in_new_build/,flooding,needs_review_urgent_signal,,manual_review_pending,,urgent_safety_risk,0.77,active_flooding_or_sewage:\bflooded\b; trade_system_issue:\bplumbing\b,"{""medium_risk_call_pro"": 2.0, ""urgent_safety_risk"": 3.0}",no,,,,,MR0092,urgent_safety_risk,4,Manthan,,
1323q36,askanelectrician,2023-04-28T17:27:32+00:00,4 way switch help,"Hi everyone. I ran into an issue that has me stumped! I replaced 2 3-way switches and 1 4-way switch that controls stairway lights on the first, second and throw floor of the house. I tested the switches and they worked. Then I shut off the breaker so I could screw the switches back into the electrical box. When I turned on the breaker, none of the lights work when I flip the switches. I checked all the wires to see if one was broken but I can’t see any issues. Any help is appreciated! Not sure what would cause all the lights on those switches to stop working. When I turn in the breaker, there is power going to the common wires.","4 way switch help Hi everyone. I ran into an issue that has me stumped! I replaced 2 3-way switches and 1 4-way switch that controls stairway lights on the first, second and throw floor of the house. I tested the switches and they worked. Then I shut off the breaker so I could screw the switches back into the electrical box. When I turned on the breaker, none of the lights work when I flip the switches. I checked all the wires to see if one was broken but I can’t see any issues. Any help is appreciated! Not sure what would cause all the lights on those switches to stop working. When I turn in the breaker, there is power going to the common wires.",https://www.reddit.com/r/askanelectrician/comments/1323q36/4_way_switch_help/,0,4,https://www.reddit.com/r/askanelectrician/comments/1323q36/4_way_switch_help/,electrical issue,needs_review_medium_signal,,manual_review_pending,,medium_risk_call_pro,0.80,trade_system_issue:\bbreaker\b,"{""medium_risk_call_pro"": 2.0}",no,,,,,MR0095,medium_risk_call_pro,4,Manthan,,
1t85r06,DIY,2026-05-09T13:58:14+00:00,How to fix siding that goes directly into a slab?,"Previous owners of my house had a sunroom built on a concrete slab in the siding just butts up against the concrete at the bottom resulting in swelling and rot. Other than just continually smearing a bunch of caulk on it, what is the ""correct"" way to address this?","How to fix siding that goes directly into a slab? Previous owners of my house had a sunroom built on a concrete slab in the siding just butts up against the concrete at the bottom resulting in swelling and rot. Other than just continually smearing a bunch of caulk on it, what is the ""correct"" way to address this?",https://www.reddit.com/r/DIY/comments/1t85r06/how_to_fix_siding_that_goes_directly_into_a_slab/,6,5,https://www.reddit.com/r/DIY/comments/1t85r06/how_to_fix_siding_that_goes_directly_into_a_slab/,caulk,needs_review_low_signal,,manual_review_pending,,low_risk_diy,0.82,cosmetic_or_minor_finish:\bcaulk(?:ing)?\b,"{""low_risk_diy"": 2.2}",no,,,,,MR0097,low_risk_diy,4,Manthan,,
1pmzq0b,DIY,2025-12-15T05:39:55+00:00,Bathroom wall paint bubble at tub,"Wall base at tub appears to bubble. Obviously it’s getting wet, is this something that can be easily fix with just replacing the drywall? What would be the likely cause, leak behind the tile or just water splashing out? Hoping I don’t have to replace the entire tiled wall. TIA","Bathroom wall paint bubble at tub Wall base at tub appears to bubble. Obviously it’s getting wet, is this something that can be easily fix with just replacing the drywall? What would be the likely cause, leak behind the tile or just water splashing out? Hoping I don’t have to replace the entire tiled wall. TIA",https://www.reddit.com/r/DIY/comments/1pmzq0b/bathroom_wall_paint_bubble_at_tub/,1,4,https://i.redd.it/6t482yc62b7g1.jpeg,water leak,needs_review_medium_signal,,manual_review_pending,,medium_risk_call_pro,0.67,contained_water_damage:\bleak(?:s|ing|ed)?\b; cosmetic_or_minor_finish:\bpaint(?:ing|ed)?\b,"{""low_risk_diy"": 2.2, ""medium_risk_call_pro"": 2.0}",yes,,,,,MR0102,needs_human_review,4,Manthan,,
1tl2wys,Plumbing,2026-05-23T01:56:44+00:00,This doesn't seam normal,"My dishwasher has been smelling a bit lately and I noticed I had standing water here. I'm assuming this isn't normal. Is there any ideas of what could be causing it. It doesn't flood, just has a little water under the filter for the drain","This doesn't seam normal My dishwasher has been smelling a bit lately and I noticed I had standing water here. I'm assuming this isn't normal. Is there any ideas of what could be causing it. It doesn't flood, just has a little water under the filter for the drain",https://www.reddit.com/r/Plumbing/comments/1tl2wys/this_doesnt_seam_normal/,3,3,https://i.redd.it/shsphtqans2h1.jpeg,flooding,needs_review_urgent_signal,,manual_review_pending,,,0.00,no_labeling_function_matched,{},yes,,,,,MR0104,needs_human_review,4,Manthan,,
157zvuf,HomeMaintenance,2023-07-24T04:15:50+00:00,How bad is our home inspection? What would you ask for?,"Were about to buy a newly reno'd home from some flippers but were not in the city, and this is our first buy, not gonna lie this inspection is a bit overwhlmeing with these items flagged, the house is in a highly competitive market and is priced according to the area and its newly reno'd appeal. Any tips on what we should ask for off, or what MUST be done and what we can DIY or handle later would be highly appreciated. Ty kindly; &#x200B; here is the list of issues identified during the home inspection, along with the necessary fixes indicated in parentheses: 1. Renovations, Remodeling, and Additions (Provide documentation or evidence of permits obtained, missing permits). 2. Plumbing Vent Pipes (Seal plumbing vent pipe(s) and roof penetration(s) to prevent leaks, missing seal). 3. Gutters & Downspouts on standalone garage (Install missing gutters). 4. Exterior Electrical Receptacle Outlet (Install at least one receptacle in the front and back of the house, none at the moment). 5. Doorbell (Repair the inoperative doorbell, doesn't ring). 6. Windows (Fix loose hardware at windows, one window with loose hardware). 7. Switches, Fixtures & Receptacles (Replace missing light bulbs and damaged cover plates in kitchen). 8. Power at Exterior Garage Receptacle (Investigate and fix power issue, none from garage). 9. Reversed Polarity in Basement (Address reversed polarity at wall receptacles). 10. Ungrounded Receptacles in Basement (Fix ungrounded wall receptacles). 11. Kitchen Ventilation, windows only. 12. Bathroom Fan Exhaust (Redirect bathroom fan exhaust outside, goes to attic). 13. Inoperable Thermostat (Evaluate and fix thermostat). 14. Temperature Pressure Relief Valve (TPR) Discharge Pipe missing (Install TPR discharge pipe). 15. Water Leak (Address active water leak at hot water source). 16. Defective Breaker and Missing Labels (Consult electrician for breaker and panel label inspection). Or heres the full list from the inspection if this makes more sense, that was a rewrite through chatgpt attempting to list all major issues and possible fixes &#x200B; 1.1.1 Inspection Detail - General Inspection Info: Renovations,remodelling and additions 1.3.1 Inspection Detail - ON POSSESSION DAY : consider checking following parts and surrounding on the possession day 2.1.1 Roof - Roof Covering: ROOF TUNE up 2.1.2 Roof - Roof Covering: Tree Too Close 2.1.3 Roof - Roof Covering: Chimney cap 2.3.1 Roof - Plumbing Vent Pipes: Seal Roof Penetrations 2.4.1 Roof - Gutters & Downspouts: Debris in Gutters 2.4.2 Roof - Gutters & Downspouts: MAINTENANCE TIP 2.4.3 Roof - Gutters & Downspouts: Gutters Missing 3.1.1 Exterior - General: GAS METER TIP 3.3.1 Exterior - Wall-Covering, Flashing & Trim: Damaged Wall-Covering Material 3.3.2 Exterior - Wall-Covering, Flashing & Trim: Loose Wall-Covering Material 3.5.1 Exterior - GFCIs & Electrical: Missing GFCI AND COVER 3.5.2 Exterior - GFCIs & Electrical: Consider Receptacle 3.11.1 Exterior - Exterior Doors: Doorbell Does Not Ring 4.2.1 Doors, Windows & Interior - Windows: A common question from clients when viewing a basement bedroom: “Is that a legal size window?” 4.2.2 Doors, Windows & Interior - Windows: loose Hardware at Window 4.3.1 Doors, Windows & Interior - Switches, Fixtures & Receptacles: Missing bulbs. 4.3.2 Doors, Windows & Interior - Switches, Fixtures & Receptacles: Cover Plates Missing or Damaged 4.3.3 Doors, Windows & Interior - Switches, Fixtures & Receptacles: Power Not Present at Receptacle 4.3.4 Doors, Windows & Interior - Switches, Fixtures & Receptacles: Reversed Polarity 4.3.5 Doors, Windows & Interior - Switches, Fixtures & Receptacles: Ungrounded Receptacle 4.7.1 Doors, Windows & Interior - Presence of Smoke and CO Detectors: MAINTENANCE TIP FOR SMOKE ALARMS 4.7.2 Doors, Windows & Interior - Presence of Smoke and CO Detectors: MAINTENANCE TIP FOR CARBON MONOXIDE DETECTORS 4.7.3 Doors, Windows & Interior - Presence of Smoke and CO Detectors: HOME SAFETY PLACEMENT RECOMMENDATIONS 5.1.1 Kitchen/Appliances - Information: owner's manual 5.1.2 Kitchen/Appliances - Information: APPLIANCE(S) INSPECTION 5.2.1 Kitchen/Appliances - Kitchen Sink: Defect at S-Trap 5.3.1 Kitchen/Appliances - GFCI: Missing GFCI Protection 5.5.1 Kitchen/Appliances - Range/Oven/Cooktop: Cosmetic Damage 5.5.2 Kitchen/Appliances - Range/Oven/Cooktop: Stove in packing 5.5.3 Kitchen/Appliances - Range/Oven/Cooktop: Loose door handle 5.6.1 Kitchen/Appliances - Exhaust Fan: Light Did Not Turn On 5.6.2 Kitchen/Appliances - Exhaust Fan: KITCHEN VENTED BY WINDOWS ONLY 7.1.1 Attic, Insulation & Ventilation - Structural Components & Observations in Attic: Prior Water Penetration Observed 7.2.1 Attic, Insulation & Ventilation - Insulation in Attic: wood chip insulation 7.4.1 Attic, Insulation & Ventilation - Mechanical Exhaust System: Bathroom Fan Exhausts Into Attic 8.3.1 Bathrooms - Sinks, Tubs & Showers: CAULKING IMPROVEMENTS NEEDED 10.8.1 Basement, Foundation, Crawlspace & Structure - Sump Pump: sump pump 11.1.1 Heating - Thermostat and Normal Operating Controls: Heating System Maintenance 11.1.2 Heating - Thermostat and Normal Operating Controls: Inoperable Thermostat 11.2.1 Heating - Heating System Information: Old System 13.4.1 Plumbing - Hot Water Tank: MAINTENANCE TIP FOR WATER TANK 13.4.2 Plumbing - Hot Water Tank: Old System 13.4.3 Plumbing - Hot Water Tank: NO TPR DISCHARGE PIPE 13.4.4 Plumbing - Hot Water Tank: Water Leak 14.4.1 Electrical - Electrical Wiring: Double tapped neutral Wires 14.4.2 Electrical - Electrical Wiring: Defective breaker 14.4.3 Electrical - Electrical Wiring: Power line in contact 14.5.1 Electrical - Panelboards & Breakers: Missing labels 15.1.1 Garage - Garage Floor: Cracked Concrete at Garage Floor 15.1.2 Garage - Garage Floor: GARAGE DOOR TIP 15.3.1 Garage - Garage Vehicle Door Opener: Photo-Electric Eyes Were Too High 15.5.1 Garage - Ceiling, Walls & Firewalls in Garage: Water damage &#x200B; &#x200B; This seems like a LOT. &#x200B;","How bad is our home inspection? What would you ask for? Were about to buy a newly reno'd home from some flippers but were not in the city, and this is our first buy, not gonna lie this inspection is a bit overwhlmeing with these items flagged, the house is in a highly competitive market and is priced according to the area and its newly reno'd appeal. Any tips on what we should ask for off, or what MUST be done and what we can DIY or handle later would be highly appreciated. Ty kindly; &#x200B; here is the list of issues identified during the home inspection, along with the necessary fixes indicated in parentheses: 1. Renovations, Remodeling, and Additions (Provide documentation or evidence of permits obtained, missing permits). 2. Plumbing Vent Pipes (Seal plumbing vent pipe(s) and roof penetration(s) to prevent leaks, missing seal). 3. Gutters & Downspouts on standalone garage (Install missing gutters). 4. Exterior Electrical Receptacle Outlet (Install at least one receptacle in the front and back of the house, none at the moment). 5. Doorbell (Repair the inoperative doorbell, doesn't ring). 6. Windows (Fix loose hardware at windows, one window with loose hardware). 7. Switches, Fixtures & Receptacles (Replace missing light bulbs and damaged cover plates in kitchen). 8. Power at Exterior Garage Receptacle (Investigate and fix power issue, none from garage). 9. Reversed Polarity in Basement (Address reversed polarity at wall receptacles). 10. Ungrounded Receptacles in Basement (Fix ungrounded wall receptacles). 11. Kitchen Ventilation, windows only. 12. Bathroom Fan Exhaust (Redirect bathroom fan exhaust outside, goes to attic). 13. Inoperable Thermostat (Evaluate and fix thermostat). 14. Temperature Pressure Relief Valve (TPR) Discharge Pipe missing (Install TPR discharge pipe). 15. Water Leak (Address active water leak at hot water source). 16. Defective Breaker and Missing Labels (Consult electrician for breaker and panel label inspection). Or heres the full list from the inspection if this makes more sense, that was a rewrite through chatgpt attempting to list all major issues and possible fixes &#x200B; 1.1.1 Inspection Detail - General Inspection Info: Renovations,remodelling and additions 1.3.1 Inspection Detail - ON POSSESSION DAY : consider checking following parts and surrounding on the possession day 2.1.1 Roof - Roof Covering: ROOF TUNE up 2.1.2 Roof - Roof Covering: Tree Too Close 2.1.3 Roof - Roof Covering: Chimney cap 2.3.1 Roof - Plumbing Vent Pipes: Seal Roof Penetrations 2.4.1 Roof - Gutters & Downspouts: Debris in Gutters 2.4.2 Roof - Gutters & Downspouts: MAINTENANCE TIP 2.4.3 Roof - Gutters & Downspouts: Gutters Missing 3.1.1 Exterior - General: GAS METER TIP 3.3.1 Exterior - Wall-Covering, Flashing & Trim: Damaged Wall-Covering Material 3.3.2 Exterior - Wall-Covering, Flashing & Trim: Loose Wall-Covering Material 3.5.1 Exterior - GFCIs & Electrical: Missing GFCI AND COVER 3.5.2 Exterior - GFCIs & Electrical: Consider Receptacle 3.11.1 Exterior - Exterior Doors: Doorbell Does Not Ring 4.2.1 Doors, Windows & Interior - Windows: A common question from clients when viewing a basement bedroom: “Is that a legal size window?” 4.2.2 Doors, Windows & Interior - Windows: loose Hardware at Window 4.3.1 Doors, Windows & Interior - Switches, Fixtures & Receptacles: Missing bulbs. 4.3.2 Doors, Windows & Interior - Switches, Fixtures & Receptacles: Cover Plates Missing or Damaged 4.3.3 Doors, Windows & Interior - Switches, Fixtures & Receptacles: Power Not Present at Receptacle 4.3.4 Doors, Windows & Interior - Switches, Fixtures & Receptacles: Reversed Polarity 4.3.5 Doors, Windows & Interior - Switches, Fixtures & Receptacles: Ungrounded Receptacle 4.7.1 Doors, Windows & Interior - Presence of Smoke and CO Detectors: MAINTENANCE TIP FOR SMOKE ALARMS 4.7.2 Doors, Windows & Interior - Presence of Smoke and CO Detectors: MAINTENANCE TIP FOR CARBON MONOXIDE DETECTORS 4.7.3 Doors, Windows & Interior - Presence of Smoke and CO Detectors: HOME SAFETY PLACEMENT RECOMMENDATIONS 5.1.1 Kitchen/Appliances - Information: owner's manual 5.1.2 Kitchen/Appliances - Information: APPLIANCE(S) INSPECTION 5.2.1 Kitchen/Appliances - Kitchen Sink: Defect at S-Trap 5.3.1 Kitchen/Appliances - GFCI: Missing GFCI Protection 5.5.1 Kitchen/Appliances - Range/Oven/Cooktop: Cosmetic Damage 5.5.2 Kitchen/Appliances - Range/Oven/Cooktop: Stove in packing 5.5.3 Kitchen/Appliances - Range/Oven/Cooktop: Loose door handle 5.6.1 Kitchen/Appliances - Exhaust Fan: Light Did Not Turn On 5.6.2 Kitchen/Appliances - Exhaust Fan: KITCHEN VENTED BY WINDOWS ONLY 7.1.1 Attic, Insulation & Ventilation - Structural Components & Observations in Attic: Prior Water Penetration Observed 7.2.1 Attic, Insulation & Ventilation - Insulation in Attic: wood chip insulation 7.4.1 Attic, Insulation & Ventilation - Mechanical Exhaust System: Bathroom Fan Exhausts Into Attic 8.3.1 Bathrooms - Sinks, Tubs & Showers: CAULKING IMPROVEMENTS NEEDED 10.8.1 Basement, Foundation, Crawlspace & Structure - Sump Pump: sump pump 11.1.1 Heating - Thermostat and Normal Operating Controls: Heating System Maintenance 11.1.2 Heating - Thermostat and Normal Operating Controls: Inoperable Thermostat 11.2.1 Heating - Heating System Information: Old System 13.4.1 Plumbing - Hot Water Tank: MAINTENANCE TIP FOR WATER TANK 13.4.2 Plumbing - Hot Water Tank: Old System 13.4.3 Plumbing - Hot Water Tank: NO TPR DISCHARGE PIPE 13.4.4 Plumbing - Hot Water Tank: Water Leak 14.4.1 Electrical - Electrical Wiring: Double tapped neutral Wires 14.4.2 Electrical - Electrical Wiring: Defective breaker 14.4.3 Electrical - Electrical Wiring: Power line in contact 14.5.1 Electrical - Panelboards & Breakers: Missing labels 15.1.1 Garage - Garage Floor: Cracked Concrete at Garage Floor 15.1.2 Garage - Garage Floor: GARAGE DOOR TIP 15.3.1 Garage - Garage Vehicle Door Opener: Photo-Electric Eyes Were Too High 15.5.1 Garage - Ceiling, Walls & Firewalls in Garage: Water damage &#x200B; &#x200B; This seems like a LOT. &#x200B;",https://www.reddit.com/r/HomeMaintenance/comments/157zvuf/how_bad_is_our_home_inspection_what_would_you_ask/,2,3,https://www.reddit.com/r/HomeMaintenance/comments/157zvuf/how_bad_is_our_home_inspection_what_would_you_ask/,loose trim,needs_review_urgent_signal,,manual_review_pending,,urgent_safety_risk,0.87,gas_or_carbon_monoxide:\bcarbon monoxide\b; fire_smoke_or_sparks:\bsmoke\b; contained_water_damage:\bleak(?:s|ing|ed)?\b; trade_system_issue:\bbreaker\b; mold_or_foundation_concern:\bcrawlspace\b; cosmetic_or_minor_finish:\btrim\b,"{""low_risk_diy"": 2.2, ""medium_risk_call_pro"": 6.0, ""urgent_safety_risk"": 7.5}",no,,,,,MR0114,urgent_safety_risk,4,Manthan,,
13hgxiz,askanelectrician,2023-05-14T16:41:32+00:00,Recall concern,"So the company whose electrical box is in our house had a recall. ( I am purposefully trying to be vague). They sent an electrician out to our house. He gave us no report, simply said it’s fine and put a green sticker on it. Five months later, we had partial power and another electrician did a diagnostic and found that we had a burnt neutral in panel and the lug that bonds neutral bar to the ground bar. He also found we had 6 AFCI combination breakers that are bad now they are tripping and won’t reset.They installed 6 AFCI combination breakers which cost us over 2,000. Then our fans went out in the bathroom ( another separate issue). However I called the company with the recall and asked for a report for when we got the green sticker, detailing what was okay. They can’t produce it ( or are taking their sweet time). I don’t think this is normal. The house was purchased new in 2020. I feel an inspection in 2022 would have caught the issue which is why I want to see what he saw or didn’t see myself. Anyone have any ideas?","Recall concern So the company whose electrical box is in our house had a recall. ( I am purposefully trying to be vague). They sent an electrician out to our house. He gave us no report, simply said it’s fine and put a green sticker on it. Five months later, we had partial power and another electrician did a diagnostic and found that we had a burnt neutral in panel and the lug that bonds neutral bar to the ground bar. He also found we had 6 AFCI combination breakers that are bad now they are tripping and won’t reset.They installed 6 AFCI combination breakers which cost us over 2,000. Then our fans went out in the bathroom ( another separate issue). However I called the company with the recall and asked for a report for when we got the green sticker, detailing what was okay. They can’t produce it ( or are taking their sweet time). I don’t think this is normal. The house was purchased new in 2020. I feel an inspection in 2022 would have caught the issue which is why I want to see what he saw or didn’t see myself. Anyone have any ideas?",https://www.reddit.com/r/askanelectrician/comments/13hgxiz/recall_concern/,0,1,https://www.reddit.com/r/askanelectrician/comments/13hgxiz/recall_concern/,electrical issue,needs_review_unclear,,manual_review_pending,,,0.00,no_labeling_function_matched,{},yes,,,,,MR0119,needs_human_review,4,Manthan,,
1139y32,askanelectrician,2023-02-15T22:06:30+00:00,My shower valve feels like it’s shocking me.,"I don’t know if I should post this here but I don’t know where else to put it (obligatory sorry for formatting I’m on mobile.) I was taking a shower and tried to adjust the water and whenever I touched the valve (right where it connected to the wall) I felt a tingling sensation in my hand that started hurting after I left it there for a moment. I’ve never really experienced electricity shocks before but I think that’s what this was from what I’ve heard. Felt exactly like a more extreme version of a static electricity shock. I immediately got out of the shower but now I’m worried if this is a bigger issue or if it’s normal. My family doesn’t think we should call an electrician, but I don’t know. Advice? Update: Okay, we have an electrician coming out here. Are all the other bathrooms in the house safe or just this one?","My shower valve feels like it’s shocking me. I don’t know if I should post this here but I don’t know where else to put it (obligatory sorry for formatting I’m on mobile.) I was taking a shower and tried to adjust the water and whenever I touched the valve (right where it connected to the wall) I felt a tingling sensation in my hand that started hurting after I left it there for a moment. I’ve never really experienced electricity shocks before but I think that’s what this was from what I’ve heard. Felt exactly like a more extreme version of a static electricity shock. I immediately got out of the shower but now I’m worried if this is a bigger issue or if it’s normal. My family doesn’t think we should call an electrician, but I don’t know. Advice? Update: Okay, we have an electrician coming out here. Are all the other bathrooms in the house safe or just this one?",https://www.reddit.com/r/askanelectrician/comments/1139y32/my_shower_valve_feels_like_its_shocking_me/,1,6,https://www.reddit.com/r/askanelectrician/comments/1139y32/my_shower_valve_feels_like_its_shocking_me/,electrical issue,needs_review_unclear,,manual_review_pending,,,0.00,no_labeling_function_matched,{},yes,,,,,MR0127,needs_human_review,4,Manthan,,
14mharq,DIY,2023-06-29T21:36:37+00:00,Help with new vent install,"Hey everyone, I'm looking for some help here. I am updating my kitchen vent from the cheap plastic ones that loose the flaps every 1-2 years. I didn't realize how close to the siding/brick transition this was going to be. What's the best way to get this snug against the wall? Can I move the aluminum trim piece? Should I cut the sides, fold it upwards for clearance then once the panel is snug fold it back down? I'm not familiar with how siding is installed so not sure of the best way to approach this.","Help with new vent install Hey everyone, I'm looking for some help here. I am updating my kitchen vent from the cheap plastic ones that loose the flaps every 1-2 years. I didn't realize how close to the siding/brick transition this was going to be. What's the best way to get this snug against the wall? Can I move the aluminum trim piece? Should I cut the sides, fold it upwards for clearance then once the panel is snug fold it back down? I'm not familiar with how siding is installed so not sure of the best way to approach this.",https://www.reddit.com/r/DIY/comments/14mharq/help_with_new_vent_install/,5,1,https://www.reddit.com/gallery/14mharq,loose trim,needs_review_low_signal,,manual_review_pending,,low_risk_diy,0.82,cosmetic_or_minor_finish:\btrim\b,"{""low_risk_diy"": 2.2}",no,,,,,MR0131,low_risk_diy,4,Manthan,,
1d4ya3s,homeowners,2024-05-31T15:26:07+00:00,Window World is the WORST,"I bought 16 double hung vinyl windows from Window World that were installed on 9/12/2023. As of today 5/31/2024, nine of them still do not have screens. Only two of the original screens fit. They have measured and remade the others **FOUR MORE TIMES** since September. They got 5 more to fit with those 4 additional attempts. As I write this, they are remaking the nine for a fifth time. They won't guarantee these will fit either. Apparently this is a real challenge for this pitiful company. And you can see their sense of urgency. We're in the ninth month now and still not complete! They work at their own convenience. Customer service is the worst. They had numerous other problem at the installation and they fixed some of them. But two of the defects cannot be fixed. The windows leak air at the corners where the top and bottom windows meet. The Energy Star illusion is based on the windows, not the frames. So you will feel cold air coming in at these corners. Some of the loose trim on some windows can not be fixed. Before you buy from these losers, you need to Google Window World Customer Complaints and read them all. I think their 1.9 Customer Satisfaction rating is way too high!","Window World is the WORST I bought 16 double hung vinyl windows from Window World that were installed on 9/12/2023. As of today 5/31/2024, nine of them still do not have screens. Only two of the original screens fit. They have measured and remade the others **FOUR MORE TIMES** since September. They got 5 more to fit with those 4 additional attempts. As I write this, they are remaking the nine for a fifth time. They won't guarantee these will fit either. Apparently this is a real challenge for this pitiful company. And you can see their sense of urgency. We're in the ninth month now and still not complete! They work at their own convenience. Customer service is the worst. They had numerous other problem at the installation and they fixed some of them. But two of the defects cannot be fixed. The windows leak air at the corners where the top and bottom windows meet. The Energy Star illusion is based on the windows, not the frames. So you will feel cold air coming in at these corners. Some of the loose trim on some windows can not be fixed. Before you buy from these losers, you need to Google Window World Customer Complaints and read them all. I think their 1.9 Customer Satisfaction rating is way too high!",https://www.reddit.com/r/homeowners/comments/1d4ya3s/window_world_is_the_worst/,52,74,https://www.reddit.com/r/homeowners/comments/1d4ya3s/window_world_is_the_worst/,loose trim,needs_review_medium_signal,,manual_review_pending,,medium_risk_call_pro,0.67,contained_water_damage:\bleak(?:s|ing|ed)?\b; cosmetic_or_minor_finish:\btrim\b,"{""low_risk_diy"": 2.2, ""medium_risk_call_pro"": 2.0}",yes,,,,,MR0138,needs_human_review,4,Manthan,,
1rtpo6a,DIY,2026-03-14T17:40:45+00:00,Behr DeckOver for enclosed dirt bike trailer floor and sides?,"Howdy, folks. I just picked up an enclosed utility trailer I am building out for dirt bikes and adventure motorcycles. Before I start installing tie-down and e-track anchors I want to caulk and seal the floor and sides. I see a lot of folks using garage floor epoxy coatings and that does make a certain sense but I am thinking to use translucent Behr DeckOver just because I like the look of it better. Curious is anyone has used DeckOver in a somewhat high-wear situation like a moto trailer? Opinions on the DeckOver versus a garage floor epoxy? thx EDIT: Wow, I did some digging on YouTube and people are NOT fans of DeckOver...","Behr DeckOver for enclosed dirt bike trailer floor and sides? Howdy, folks. I just picked up an enclosed utility trailer I am building out for dirt bikes and adventure motorcycles. Before I start installing tie-down and e-track anchors I want to caulk and seal the floor and sides. I see a lot of folks using garage floor epoxy coatings and that does make a certain sense but I am thinking to use translucent Behr DeckOver just because I like the look of it better. Curious is anyone has used DeckOver in a somewhat high-wear situation like a moto trailer? Opinions on the DeckOver versus a garage floor epoxy? thx EDIT: Wow, I did some digging on YouTube and people are NOT fans of DeckOver...",https://www.reddit.com/r/DIY/comments/1rtpo6a/behr_deckover_for_enclosed_dirt_bike_trailer/,15,26,https://www.reddit.com/r/DIY/comments/1rtpo6a/behr_deckover_for_enclosed_dirt_bike_trailer/,caulk,needs_review_low_signal,,manual_review_pending,,low_risk_diy,0.82,cosmetic_or_minor_finish:\bcaulk(?:ing)?\b,"{""low_risk_diy"": 2.2}",no,,,,,MR0141,low_risk_diy,4,Manthan,,
13srpt3,askanelectrician,2023-05-26T23:22:40+00:00,"Weird issue happening in our house, lights flickering, internet resets....","We rent a house on the Oregon Coast (only mentioning that because the salt water seems to screw with everything out here). It's small, with the living and dining rooms at the back and the three bedrooms at the front. Our landlady is in her 80s and nothing gets done around here very quickly, bless her heart. Don't know the exact year it was built, but 1970s if I had to guess. For the past three months or so we've been having a weird issue where the lights intermittently flicker...not all of them, just lamps, the stove light, etc. When this happens, the TVs reset, our computers black-screen, the internet reboots, and various small electronics stop working. This lasts from 2 seconds up to one minute. Everything clicks back on again until the next time it happens. There seems to be no rhyme or reason for when it occurs. It happens whether devices are in use or powered off. It happens in the middle of the night. During the day it's totally random, and can be once every three hours, or several times a minute. Only two of the bedrooms are affected...one isn't at all. Two outlets in the living room and one in the dining room are affected, and possibly one in the kitchen. The rest of the house doesn't seem to have any issues...neither of the bathrooms. As you can see, the breaker box is super old. Also, I know jack crap about electrical issues. Any clue from the experts? We just lived with it, but it seems to be getting worse.","Weird issue happening in our house, lights flickering, internet resets.... We rent a house on the Oregon Coast (only mentioning that because the salt water seems to screw with everything out here). It's small, with the living and dining rooms at the back and the three bedrooms at the front. Our landlady is in her 80s and nothing gets done around here very quickly, bless her heart. Don't know the exact year it was built, but 1970s if I had to guess. For the past three months or so we've been having a weird issue where the lights intermittently flicker...not all of them, just lamps, the stove light, etc. When this happens, the TVs reset, our computers black-screen, the internet reboots, and various small electronics stop working. This lasts from 2 seconds up to one minute. Everything clicks back on again until the next time it happens. There seems to be no rhyme or reason for when it occurs. It happens whether devices are in use or powered off. It happens in the middle of the night. During the day it's totally random, and can be once every three hours, or several times a minute. Only two of the bedrooms are affected...one isn't at all. Two outlets in the living room and one in the dining room are affected, and possibly one in the kitchen. The rest of the house doesn't seem to have any issues...neither of the bathrooms. As you can see, the breaker box is super old. Also, I know jack crap about electrical issues. Any clue from the experts? We just lived with it, but it seems to be getting worse.",https://www.reddit.com/r/askanelectrician/comments/13srpt3/weird_issue_happening_in_our_house_lights/,3,25,https://i.redd.it/7cc8yksdwa2b1.jpg,electrical issue,needs_review_medium_signal,,manual_review_pending,,medium_risk_call_pro,0.80,trade_system_issue:\bbreaker\b,"{""medium_risk_call_pro"": 2.0}",no,,,,,MR0143,medium_risk_call_pro,4,Manthan,,
17c1fu5,HomeImprovement,2023-10-20T03:14:07+00:00,"Help! Very sensitive to smells, will 100% wool carpet have off-gassing?","We put carpeting down 2 months ago in our guest room and the smell from the off gassing has been insane- we have run two different high powered charcoal air purifiers, run dehumidifier, opened windows with fan blowing out, we even had a professional carpet cleaner come and do an acid rinse on it to help it along. It is still SO smelly -I can even taste it in my mouth after a minute or two. I cannot go in that room. We are now renovating our primary bedroom and have heard that 100%wool rugs do not off-gas that badly because of the natural fibers? I get that there will be some with the padding and glue going down, but from the rug itself. And I know it’s the rug that smells because there was leftover scraps that we were given and keep in our laundry room, and now it stinks and smells the same as the guest room. We are pretty set on ripping out the carpet we just installed and doing wool carpet in both rooms if feedback is positive, and doing hardwood for both rooms if feedback is negative.","Help! Very sensitive to smells, will 100% wool carpet have off-gassing? We put carpeting down 2 months ago in our guest room and the smell from the off gassing has been insane- we have run two different high powered charcoal air purifiers, run dehumidifier, opened windows with fan blowing out, we even had a professional carpet cleaner come and do an acid rinse on it to help it along. It is still SO smelly -I can even taste it in my mouth after a minute or two. I cannot go in that room. We are now renovating our primary bedroom and have heard that 100%wool rugs do not off-gas that badly because of the natural fibers? I get that there will be some with the padding and glue going down, but from the rug itself. And I know it’s the rug that smells because there was leftover scraps that we were given and keep in our laundry room, and now it stinks and smells the same as the guest room. We are pretty set on ripping out the carpet we just installed and doing wool carpet in both rooms if feedback is positive, and doing hardwood for both rooms if feedback is negative.",https://www.reddit.com/r/HomeImprovement/comments/17c1fu5/help_very_sensitive_to_smells_will_100_wool/,1,8,https://www.reddit.com/r/HomeImprovement/comments/17c1fu5/help_very_sensitive_to_smells_will_100_wool/,gas smell,needs_review_unclear,,manual_review_pending,,,0.00,no_labeling_function_matched,{},yes,,,,,MR0147,needs_human_review,4,Manthan,,
1ro7n3j,HomeMaintenance,2026-03-08T15:26:58+00:00,Paint peeling off the walls,"Hey there, I’m hoping for some advice. I moved into this house three years ago and painted the bathroom walls white. Over the past year, I noticed a bubble, went to remove, sand and repaint but noticed I could actually peel most of the paint right off the walls! I think the tan layer are the original drywall, (you can see the layers of the cardboard/brown paper in some areas where the paint pulled off deeply). I know this isn’t the right language and apologize for my poor description, but I was hoping to have some advice on how to treat these walls so that I could repaint again and have it stick, I guess? It happened to another bathroom, but I just sanded and wallpaper’d that one (but now that wallpaper is peeling off too!). Both bathrooms are toilet/sinks only with working fans for ventilation. Thank you for your help :)","Paint peeling off the walls Hey there, I’m hoping for some advice. I moved into this house three years ago and painted the bathroom walls white. Over the past year, I noticed a bubble, went to remove, sand and repaint but noticed I could actually peel most of the paint right off the walls! I think the tan layer are the original drywall, (you can see the layers of the cardboard/brown paper in some areas where the paint pulled off deeply). I know this isn’t the right language and apologize for my poor description, but I was hoping to have some advice on how to treat these walls so that I could repaint again and have it stick, I guess? It happened to another bathroom, but I just sanded and wallpaper’d that one (but now that wallpaper is peeling off too!). Both bathrooms are toilet/sinks only with working fans for ventilation. Thank you for your help :)",https://www.reddit.com/r/HomeMaintenance/comments/1ro7n3j/paint_peeling_off_the_walls/,10,13,https://www.reddit.com/gallery/1ro7n3j,paint peeling,needs_review_low_signal,,manual_review_pending,,low_risk_diy,0.82,cosmetic_or_minor_finish:\bpaint(?:ing|ed)?\b,"{""low_risk_diy"": 2.2}",no,,,,,MR0152,low_risk_diy,4,Manthan,,
1rgkzz7,Plumbing,2026-02-27T22:26:50+00:00,How do I resolve this overflowing issue?,"There is a water trap at my apartment as we can see from the picture. It is constantly overflowing, flooding my backyard on the ground floor. The location of this water trap is on the outside of my apartment, in the backyard. The vertical pvc pipe leading into it is directing waster water from my air conditioner. The water trap is overflowing even there is no water coming from my ac’s pvc pipe; I tried to clean it and managed to dig out reddish dust and sand yet it is still over flowing, which suggests the water comes from some where else and the blockage is deeper away from my wall. Any suggestions?","How do I resolve this overflowing issue? There is a water trap at my apartment as we can see from the picture. It is constantly overflowing, flooding my backyard on the ground floor. The location of this water trap is on the outside of my apartment, in the backyard. The vertical pvc pipe leading into it is directing waster water from my air conditioner. The water trap is overflowing even there is no water coming from my ac’s pvc pipe; I tried to clean it and managed to dig out reddish dust and sand yet it is still over flowing, which suggests the water comes from some where else and the blockage is deeper away from my wall. Any suggestions?",https://www.reddit.com/r/Plumbing/comments/1rgkzz7/how_do_i_resolve_this_overflowing_issue/,1,3,https://i.redd.it/promy1t954mg1.jpeg,flooding,needs_review_urgent_signal,,manual_review_pending,,urgent_safety_risk,0.77,active_flooding_or_sewage:\bflooding\b; trade_system_issue:\bair conditioner\b,"{""medium_risk_call_pro"": 2.0, ""urgent_safety_risk"": 3.0}",no,,,,,MR0154,urgent_safety_risk,4,Manthan,,
10m1y3t,askanelectrician,2023-01-26T20:43:03+00:00,One flickering light,"My husband converted part of our garage to a home office early in the pandemic. Part of that construction involved some DIWhy electrical work. I have three LED Canless Downlights on my ceiling that all connect to one light switch. Until recently, flip the switch and all three successfully light up. Mid-way during our recent onslaught of stormy weather (Northern California), the middle light started flickering. And it hasn’t stopped. It doesn’t ever stay on for more than 10 seconds at a time, and usually it’s more like it’s off for 30 seconds, then a quick flash and back off. Husband just suggests he might go pick up another light and swap it out. I’m worried about an actual electrical issue and possible danger. He shrugs that idea off. What are the professionals’ thoughts on this?","One flickering light My husband converted part of our garage to a home office early in the pandemic. Part of that construction involved some DIWhy electrical work. I have three LED Canless Downlights on my ceiling that all connect to one light switch. Until recently, flip the switch and all three successfully light up. Mid-way during our recent onslaught of stormy weather (Northern California), the middle light started flickering. And it hasn’t stopped. It doesn’t ever stay on for more than 10 seconds at a time, and usually it’s more like it’s off for 30 seconds, then a quick flash and back off. Husband just suggests he might go pick up another light and swap it out. I’m worried about an actual electrical issue and possible danger. He shrugs that idea off. What are the professionals’ thoughts on this?",https://www.reddit.com/r/askanelectrician/comments/10m1y3t/one_flickering_light/,0,5,https://www.reddit.com/r/askanelectrician/comments/10m1y3t/one_flickering_light/,electrical issue,needs_review_unclear,,manual_review_pending,,,0.00,no_labeling_function_matched,{},yes,,,,,MR0171,needs_human_review,4,Manthan,,
1smsuyl,DIY,2026-04-16T04:08:19+00:00,Best material to seal basement hole after termite treatment,Have a basement that is now full of holes after termite treatment but my house has high radon (pending mitigation) and no sump pump. so now I'm concerned i could have both radon and water coming in through those holes. what would be best material or technique to use to fill those up? hydraulic cement? caulk? polyurethane? combination of the above? thanks!,Best material to seal basement hole after termite treatment Have a basement that is now full of holes after termite treatment but my house has high radon (pending mitigation) and no sump pump. so now I'm concerned i could have both radon and water coming in through those holes. what would be best material or technique to use to fill those up? hydraulic cement? caulk? polyurethane? combination of the above? thanks!,https://www.reddit.com/r/DIY/comments/1smsuyl/best_material_to_seal_basement_hole_after_termite/,3,8,https://www.reddit.com/r/DIY/comments/1smsuyl/best_material_to_seal_basement_hole_after_termite/,caulk,needs_review_low_signal,,manual_review_pending,,medium_risk_call_pro,0.67,mold_or_foundation_concern:\btermite\b; cosmetic_or_minor_finish:\bcaulk(?:ing)?\b,"{""low_risk_diy"": 2.2, ""medium_risk_call_pro"": 2.0}",yes,,,,,MR0174,needs_human_review,4,Manthan,,
1t6engp,Plumbing,2026-05-07T15:55:22+00:00,"Is this caulking already done, or is this grout? Confused about the hard material in my tub corner","I just bought a house and I have a question about the corner where my tub meets the wall. I always thought caulking was a soft, flexible material, but the stuff in my tub corner is completely hard — not flexible at all. Is this already caulked, or is this something else like grout? Did whoever did this use the wrong material? Should it be replaced with actual flexible caulk? Including pics for reference. Any help appreciated!","Is this caulking already done, or is this grout? Confused about the hard material in my tub corner I just bought a house and I have a question about the corner where my tub meets the wall. I always thought caulking was a soft, flexible material, but the stuff in my tub corner is completely hard — not flexible at all. Is this already caulked, or is this something else like grout? Did whoever did this use the wrong material? Should it be replaced with actual flexible caulk? Including pics for reference. Any help appreciated!",https://www.reddit.com/r/Plumbing/comments/1t6engp/is_this_caulking_already_done_or_is_this_grout/,6,40,https://www.reddit.com/gallery/1t6engp,caulk,needs_review_low_signal,,manual_review_pending,,low_risk_diy,0.82,cosmetic_or_minor_finish:\bcaulk(?:ing)?\b,"{""low_risk_diy"": 2.2}",no,,,,,MR0177,low_risk_diy,4,Manthan,,
1tix3il,HomeMaintenance,2026-05-20T19:59:40+00:00,Help! Drop-in tub not caulked… How do I check for mold,"We just moved here and I’m having all my typical mold-allergy symptoms while showering. What’s the chance there’s mold underneath the tub? How do I check? Thought about having a mold company scope in… It’s wrong that it’s not sealed around the edges, right?","Help! Drop-in tub not caulked… How do I check for mold We just moved here and I’m having all my typical mold-allergy symptoms while showering. What’s the chance there’s mold underneath the tub? How do I check? Thought about having a mold company scope in… It’s wrong that it’s not sealed around the edges, right?",https://www.reddit.com/r/HomeMaintenance/comments/1tix3il/help_dropin_tub_not_caulked_how_do_i_check_for/,55,34,https://www.reddit.com/gallery/1tix3il,mold,needs_review_medium_signal,,manual_review_pending,,medium_risk_call_pro,0.80,mold_or_foundation_concern:\bmold\b,"{""medium_risk_call_pro"": 2.0}",no,,,,,MR0178,medium_risk_call_pro,4,Manthan,,
zert8a,HomeImprovement,2022-12-07T04:20:06+00:00,Small gas leak from fireplace. At a loss for what to do.,"[Key Valve Image](https://imgur.com/E0s0rxD) [Fireplace gas line image](https://imgur.com/wkvZv9o) [3-way valve inside wall image](https://imgur.com/ElvPIgO) A few weeks ago my wife and I noticed a faint gas smell in our living room and with the aid of a cheap gas detector for HD determined the leak was coming from the fireplace. It appears the valve does not fully seat anymore. Not only is gas detected from the outlet inside the fireplace when the valve is closed, but gas is also detected in the hole where the key is inserted in the wall, also with the valve closed. Capping the outlet to the fireplace does stop the leak in the fireplace, however, when I cap the key hole I can still detect gas. I opened up a hole in wall behind the fireplace get access to the valve (see photo). The space is very crammed. To remove the valve it looks like I would have to chisel out the line to the fireplace to unthread it from the 3-way, and then somehow unthread the key valve. Thinking it would be easier to cut the 3 way valve out entirely and cap the gas line. My wife and I are impartial to the gas fireplace btw. The space behind the wall is very small and will be difficult to remove the valve so wondering if I should have a plumber cut the pipe from the crawl space under the house and cap from there. At a bit of a loss as to what the easiest solution is and curious if someone sees something that would be easy. Thank you for the input!","Small gas leak from fireplace. At a loss for what to do. [Key Valve Image](https://imgur.com/E0s0rxD) [Fireplace gas line image](https://imgur.com/wkvZv9o) [3-way valve inside wall image](https://imgur.com/ElvPIgO) A few weeks ago my wife and I noticed a faint gas smell in our living room and with the aid of a cheap gas detector for HD determined the leak was coming from the fireplace. It appears the valve does not fully seat anymore. Not only is gas detected from the outlet inside the fireplace when the valve is closed, but gas is also detected in the hole where the key is inserted in the wall, also with the valve closed. Capping the outlet to the fireplace does stop the leak in the fireplace, however, when I cap the key hole I can still detect gas. I opened up a hole in wall behind the fireplace get access to the valve (see photo). The space is very crammed. To remove the valve it looks like I would have to chisel out the line to the fireplace to unthread it from the 3-way, and then somehow unthread the key valve. Thinking it would be easier to cut the 3 way valve out entirely and cap the gas line. My wife and I are impartial to the gas fireplace btw. The space behind the wall is very small and will be difficult to remove the valve so wondering if I should have a plumber cut the pipe from the crawl space under the house and cap from there. At a bit of a loss as to what the easiest solution is and curious if someone sees something that would be easy. Thank you for the input!",https://www.reddit.com/r/HomeImprovement/comments/zert8a/small_gas_leak_from_fireplace_at_a_loss_for_what/,6,3,https://www.reddit.com/r/HomeImprovement/comments/zert8a/small_gas_leak_from_fireplace_at_a_loss_for_what/,gas smell,needs_review_urgent_signal,,manual_review_pending,,urgent_safety_risk,0.87,gas_or_carbon_monoxide:\bgas smell\b; contained_water_damage:\bleak(?:s|ing|ed)?\b; trade_system_issue:\boutlets?\b,"{""medium_risk_call_pro"": 4.0, ""urgent_safety_risk"": 4.0}",yes,,,,,MR0186,needs_human_review,4,Manthan,,
1tu5xvj,HomeImprovement,2026-06-01T21:11:08+00:00,How to fix these steps and tiles?,"Hi, My front steps have been leaking for while and under them has beams supporting it not sure if iron or steel. Over time the tiles are cracking on top and rotting and rusting to them due to water seeping in. I tried repairing the tiles and steps but it keeps cracking maybe because the people who installed in didn’t do a good job in the beginning. I cleaned out the old grout and put new quikrete gray type N mortar to redo it. It didn’t work and started cracking again. I think it’s due to people walking on it but that’s what steps are for. Did I use the wrong product or mix it incorrectly? Also does anyone have a better approach to solve this issue. Maybe a caulking on top? This is already my 3rd time trying. Images: https://imgur.com/a/Qwmztqi Thank you so much","How to fix these steps and tiles? Hi, My front steps have been leaking for while and under them has beams supporting it not sure if iron or steel. Over time the tiles are cracking on top and rotting and rusting to them due to water seeping in. I tried repairing the tiles and steps but it keeps cracking maybe because the people who installed in didn’t do a good job in the beginning. I cleaned out the old grout and put new quikrete gray type N mortar to redo it. It didn’t work and started cracking again. I think it’s due to people walking on it but that’s what steps are for. Did I use the wrong product or mix it incorrectly? Also does anyone have a better approach to solve this issue. Maybe a caulking on top? This is already my 3rd time trying. Images: https://imgur.com/a/Qwmztqi Thank you so much",https://www.reddit.com/r/HomeImprovement/comments/1tu5xvj/how_to_fix_these_steps_and_tiles/,1,1,https://www.reddit.com/r/HomeImprovement/comments/1tu5xvj/how_to_fix_these_steps_and_tiles/,leak,needs_review_medium_signal,,manual_review_pending,,medium_risk_call_pro,0.67,contained_water_damage:\bleak(?:s|ing|ed)?\b; cosmetic_or_minor_finish:\bcaulk(?:ing)?\b,"{""low_risk_diy"": 2.2, ""medium_risk_call_pro"": 2.0}",yes,,,,,MR0187,needs_human_review,4,Manthan,,
1tbpcot,DIY,2026-05-13T04:41:52+00:00,Coving - Cement Floor - Waterproofing?,I need to install vinyl coving on a new wall. The wall is located near an area that will be wet. We have a cement floor. This is not a bathroom. I know to use liquid nails to install the coving. Can I use an animal safe silicone caulk on the bottom and top of the coving to stop water getting past it inside the wall?,Coving - Cement Floor - Waterproofing? I need to install vinyl coving on a new wall. The wall is located near an area that will be wet. We have a cement floor. This is not a bathroom. I know to use liquid nails to install the coving. Can I use an animal safe silicone caulk on the bottom and top of the coving to stop water getting past it inside the wall?,https://www.reddit.com/r/DIY/comments/1tbpcot/coving_cement_floor_waterproofing/,6,2,https://www.reddit.com/r/DIY/comments/1tbpcot/coving_cement_floor_waterproofing/,caulk,needs_review_low_signal,,manual_review_pending,,low_risk_diy,0.82,cosmetic_or_minor_finish:\bcaulk(?:ing)?\b,"{""low_risk_diy"": 2.2}",no,,,,,MR0188,low_risk_diy,4,Manthan,,
foivhg,askanelectrician,2020-03-25T02:55:23+00:00,Popping (clicking) Sound and LED’s blow,"Hello, i have a 2 year old home and have had issues in the master bath. I have led ceiling lights and ever time we have strong lighting nearby I hear a popping sound. If the lights are on when this pop occurs the led fixtures burnout. If all lights are off sometimes they blow as soon as I turn them on, but not all of them. The electrician has checked with a multimeter several times with no luck. I replace the lights and they work till the next storm. The only other oddity is that the giving outlet near the sink sometimes sparks when we unplug a space heater from it. The breaker has never tripped when this happens and the electrician replaced it. Any ideas of what this could be or how I can troubleshoot? Thanks, Steve","Popping (clicking) Sound and LED’s blow Hello, i have a 2 year old home and have had issues in the master bath. I have led ceiling lights and ever time we have strong lighting nearby I hear a popping sound. If the lights are on when this pop occurs the led fixtures burnout. If all lights are off sometimes they blow as soon as I turn them on, but not all of them. The electrician has checked with a multimeter several times with no luck. I replace the lights and they work till the next storm. The only other oddity is that the giving outlet near the sink sometimes sparks when we unplug a space heater from it. The breaker has never tripped when this happens and the electrician replaced it. Any ideas of what this could be or how I can troubleshoot? Thanks, Steve",https://www.reddit.com/r/askanelectrician/comments/foivhg/popping_clicking_sound_and_leds_blow/,3,3,https://www.reddit.com/r/askanelectrician/comments/foivhg/popping_clicking_sound_and_leds_blow/,sparking outlet,needs_review_urgent_signal,,manual_review_pending,,urgent_safety_risk,0.82,fire_smoke_or_sparks:\bspark(?:s|ing|ed)?\b; trade_system_issue:\bbreaker\b,"{""medium_risk_call_pro"": 2.0, ""urgent_safety_risk"": 3.5}",no,,,,,MR0189,urgent_safety_risk,4,Manthan,,
1re2wnj,DIY,2026-02-25T04:06:46+00:00,What to do about the trim?,"Just bought our house, and the sellers painted everything (including the trim) white before the sale. We used painters tape around the trim while painting the walls. We did not paint the trim. But when we took off the painters tape, the paint on the trim peeled in multiple spots, as seen in the photo. Now we don’t know what to do. Do we have to take the trim off, sand it, and paint everything? Should we try and strip the paint and see if there is beautiful wood underneath. Our house was built in 1959 and is mostly original, including doors, hardwood, and tile. I would love for there to be real beautiful wood but also don’t want mess things up even more. Any advice welcomed, except for bits about painters tape. Considered ourselves warned. We will learn to do the to paint without it in the future.","What to do about the trim? Just bought our house, and the sellers painted everything (including the trim) white before the sale. We used painters tape around the trim while painting the walls. We did not paint the trim. But when we took off the painters tape, the paint on the trim peeled in multiple spots, as seen in the photo. Now we don’t know what to do. Do we have to take the trim off, sand it, and paint everything? Should we try and strip the paint and see if there is beautiful wood underneath. Our house was built in 1959 and is mostly original, including doors, hardwood, and tile. I would love for there to be real beautiful wood but also don’t want mess things up even more. Any advice welcomed, except for bits about painters tape. Considered ourselves warned. We will learn to do the to paint without it in the future.",https://www.reddit.com/r/DIY/comments/1re2wnj/what_to_do_about_the_trim/,3,5,https://i.redd.it/qpdbt7y6fklg1.jpeg,paint peeling,needs_review_low_signal,,manual_review_pending,,low_risk_diy,0.82,cosmetic_or_minor_finish:\bpaint(?:ing|ed)?\b,"{""low_risk_diy"": 2.2}",no,,,,,MR0194,low_risk_diy,4,Manthan,,
1t1xr9p,HomeMaintenance,2026-05-02T18:30:20+00:00,How should I fix this?,"Hey home maintenancers, my dad passed, and I’m moving into his old place. It is a 3 story town house in Ontario, Canada. There was some water damage on the drywall ceiling below the 3rd floor shower. I removed the drywall to find this catastrophe. I am not too worried about the mold. I will scrub it with a mixture of bleach/water, let it dry, then spray it with a mold killer and let it dry again. I will wear appropriate PPE. The joist however is another problem. Can I reinforce it? Or should it be replaced? I’m hoping I can mend it with a section of 2x6 and truss plates. I do have a contractor coming next week to inspect as well. I am renovating the bathroom and will address the plumbing later.","How should I fix this? Hey home maintenancers, my dad passed, and I’m moving into his old place. It is a 3 story town house in Ontario, Canada. There was some water damage on the drywall ceiling below the 3rd floor shower. I removed the drywall to find this catastrophe. I am not too worried about the mold. I will scrub it with a mixture of bleach/water, let it dry, then spray it with a mold killer and let it dry again. I will wear appropriate PPE. The joist however is another problem. Can I reinforce it? Or should it be replaced? I’m hoping I can mend it with a section of 2x6 and truss plates. I do have a contractor coming next week to inspect as well. I am renovating the bathroom and will address the plumbing later.",https://www.reddit.com/r/HomeMaintenance/comments/1t1xr9p/how_should_i_fix_this/,1,4,https://www.reddit.com/gallery/1t1xr9p,mold,needs_review_medium_signal,,manual_review_pending,,medium_risk_call_pro,0.95,contained_water_damage:\bwater damage(?:d)?\b; trade_system_issue:\bplumbing\b; mold_or_foundation_concern:\bmold\b,"{""medium_risk_call_pro"": 6.0}",no,,,,,MR0195,medium_risk_call_pro,4,Manthan,,
1q8hh3f,HomeMaintenance,2026-01-09T19:17:29+00:00,Wha need to be solved here?,"We are trying to sell our house and needed to have the ceiling on the screened patio redone because all the paint was peeling (thanks Florida). So we had a handy guy come and do it. And it looks like this now. Those lines were definitely the new mud on the seams because there was no water damage before and I saw it before he put the texture down and the roof is new. Was there a step that got missed? what needs to be done to solve it? can it be painted? He’s suppose to come back later for another thing and I kind of want to know what I’m dealing with. (Yeah he got texture all over the walls too, so I need to scrub it).","Wha need to be solved here? We are trying to sell our house and needed to have the ceiling on the screened patio redone because all the paint was peeling (thanks Florida). So we had a handy guy come and do it. And it looks like this now. Those lines were definitely the new mud on the seams because there was no water damage before and I saw it before he put the texture down and the roof is new. Was there a step that got missed? what needs to be done to solve it? can it be painted? He’s suppose to come back later for another thing and I kind of want to know what I’m dealing with. (Yeah he got texture all over the walls too, so I need to scrub it).",https://www.reddit.com/r/HomeMaintenance/comments/1q8hh3f/wha_need_to_be_solved_here/,3,10,https://i.redd.it/7q4rubytidcg1.jpeg,paint peeling,needs_review_medium_signal,,manual_review_pending,,medium_risk_call_pro,0.67,contained_water_damage:\bwater damage(?:d)?\b; cosmetic_or_minor_finish:\bpaint(?:ing|ed)?\b,"{""low_risk_diy"": 2.2, ""medium_risk_call_pro"": 2.0}",yes,,,,,MR0196,needs_human_review,4,Manthan,,
1sfxh00,HomeMaintenance,2026-04-08T16:16:10+00:00,Weird foamy spots on wall paint,"Hello. Recently we had to paint our entrance hall walls after the wallpapers started peeling off due to what we assumed was either water damage or humidity from floor heating. The floor heating can be a bit intense, but we turned it off but the foaming is still getting worse. Why is this happening and what can we do? I'd appreciate any help, and if more information is needed, let me know. Thank you in advance.","Weird foamy spots on wall paint Hello. Recently we had to paint our entrance hall walls after the wallpapers started peeling off due to what we assumed was either water damage or humidity from floor heating. The floor heating can be a bit intense, but we turned it off but the foaming is still getting worse. Why is this happening and what can we do? I'd appreciate any help, and if more information is needed, let me know. Thank you in advance.",https://www.reddit.com/r/HomeMaintenance/comments/1sfxh00/weird_foamy_spots_on_wall_paint/,1,8,https://www.reddit.com/gallery/1sfxh00,paint peeling,needs_review_medium_signal,,manual_review_pending,,medium_risk_call_pro,0.67,contained_water_damage:\bwater damage(?:d)?\b; cosmetic_or_minor_finish:\bpaint(?:ing|ed)?\b,"{""low_risk_diy"": 2.2, ""medium_risk_call_pro"": 2.0}",yes,,,,,MR0197,needs_human_review,4,Manthan,,
1mbnfa0,HomeMaintenance,2025-07-28T18:00:39+00:00,Help locating roof leak..,I need help locating a roof leak. I have someone coming out in a week and I just want to prepare myself for the money part 😬 I have a few shingles that are cracked or broken it looks like (I have a pack in the garage). I also looked while walking and saw that the roof was sagging a bit and the shingles in that area are loose at the top near the trim. Could this be the area where water is getting in most?,Help locating roof leak.. I need help locating a roof leak. I have someone coming out in a week and I just want to prepare myself for the money part 😬 I have a few shingles that are cracked or broken it looks like (I have a pack in the garage). I also looked while walking and saw that the roof was sagging a bit and the shingles in that area are loose at the top near the trim. Could this be the area where water is getting in most?,https://www.reddit.com/r/HomeMaintenance/comments/1mbnfa0/help_locating_roof_leak/,2,9,https://www.reddit.com/gallery/1mbnfa0,loose trim,needs_review_medium_signal,,manual_review_pending,,medium_risk_call_pro,0.67,contained_water_damage:\bleak(?:s|ing|ed)?\b; cosmetic_or_minor_finish:\btrim\b,"{""low_risk_diy"": 2.2, ""medium_risk_call_pro"": 2.0}",yes,,,,,MR0210,needs_human_review,4,Manthan,,
1t6b3fe,DIY,2026-05-07T13:48:23+00:00,Plumber's putty or silicone caulk to plug leak under faucet gasket?,"When water pools around the faucet on the kitchen sink, water seeps through and drips down. After a few attempts and little success, I changed the faucet and still, there's a leak. My only explanation is that the sink is warped and the gasket doesn't sit flush with the sink. Same problem with the little hand faucet. What's my best course of action? I want to try a little bit of plumber's putty under the gasket or a little bit of silicon caulk, but in my experience, adding glue to a problem isn't always a good idea.","Plumber's putty or silicone caulk to plug leak under faucet gasket? When water pools around the faucet on the kitchen sink, water seeps through and drips down. After a few attempts and little success, I changed the faucet and still, there's a leak. My only explanation is that the sink is warped and the gasket doesn't sit flush with the sink. Same problem with the little hand faucet. What's my best course of action? I want to try a little bit of plumber's putty under the gasket or a little bit of silicon caulk, but in my experience, adding glue to a problem isn't always a good idea.",https://www.reddit.com/r/DIY/comments/1t6b3fe/plumbers_putty_or_silicone_caulk_to_plug_leak/,2,21,https://www.reddit.com/r/DIY/comments/1t6b3fe/plumbers_putty_or_silicone_caulk_to_plug_leak/,water leak,needs_review_medium_signal,,manual_review_pending,,medium_risk_call_pro,0.67,contained_water_damage:\bleak(?:s|ing|ed)?\b; cosmetic_or_minor_finish:\bcaulk(?:ing)?\b,"{""low_risk_diy"": 2.2, ""medium_risk_call_pro"": 2.0}",yes,,,,,MR0211,needs_human_review,4,Manthan,,
1qfkumg,Plumbing,2026-01-17T18:29:17+00:00,How to replace shower drain?,"My shower drain is slightly leaking in one spot, a few drips after every shower. I believe the seal in it has gone bad. It is a oatey no caulk drain. If I get the same oatey one from home depot (about $10) can I fix it from above/below without taking the drain pan out or making any cuts? I assume no, if i get the drain, could I use the tool to get the old ring and seal out and use the new ones from the drain kit? thanks!","How to replace shower drain? My shower drain is slightly leaking in one spot, a few drips after every shower. I believe the seal in it has gone bad. It is a oatey no caulk drain. If I get the same oatey one from home depot (about $10) can I fix it from above/below without taking the drain pan out or making any cuts? I assume no, if i get the drain, could I use the tool to get the old ring and seal out and use the new ones from the drain kit? thanks!",https://www.reddit.com/r/Plumbing/comments/1qfkumg/how_to_replace_shower_drain/,1,10,https://www.reddit.com/gallery/1qfkumg,caulk,needs_review_medium_signal,,manual_review_pending,,medium_risk_call_pro,0.67,contained_water_damage:\bleak(?:s|ing|ed)?\b; cosmetic_or_minor_finish:\bcaulk(?:ing)?\b,"{""low_risk_diy"": 2.2, ""medium_risk_call_pro"": 2.0}",yes,,,,,MR0214,needs_human_review,4,Manthan,,
1d0pp00,DIY,2024-05-26T00:37:53+00:00,Remove muntins from old sidelight windows?,"So I own a home that came with all the typical builder-grade materials and I’m now working on replacing my interior trim. I went to case out my front door and sidelight windows as a single unit, but then I noticed the jambs of my door were rotted and needed to be replaced. In order to replace the jambs, I had to then remove the brick moldings (also rotted at the bottom). While removing all these materials, I disturbed the sidelights in such a way that one of the muntins knocked loose and fell down inside the window. My research so far has told me that there’s basically no saving the window when this happens because the windows are made with a vacuum and special gas between the panes of glass, and as soon as that vacuum is exposed to the atmosphere, it can never be truly repaired. Some mention that it will fog up, etc… Well, we never particularly cared much for the classic look of the sidelights in the first place. One of the first things we did when we bought the house was remove the window dressings from them (something I’d find in my grandmas house), and added a frosted look to the windows so that strangers couldn’t just walk up to our front door and see inside. People warn about breaking the vacuum seal of the windows because it could then cause them to fog up. My question is, since I don’t care about the windows being perfectly clear to see through, might I have have some special liberties to “mess” with the windows for DIY repair and it be perfectly fine since I have them masked with the frosted look anyways? One idea I have is to drill a small hole into the side of the window frame. I just so happen to uniquley have access to the side of the window because I’m in the middle of replacing the exterior trim work. I would insert a little BB into the drilled hole and use a neodymium magnet to guide the BB to pull the muntin back in place. I don’t imagine the Munion would stay there without some kind of adhesive or mechanical fastener, so I might then try to just keep the magnet and BB in place as inconspicuously as I can get it. Then I’d do whatever I can to plug the drilled hole, air-tight (JB Weld?) 🤷‍♂️ My other idea is to take it a step further and use the magnet to guide the BB all up and around the insides of the window, between the glass panels, knocking ALL the muntins loose, and try to feed them OUT of the window completely in order to be left with a full length window with no muntins at all. Seeing how this first muntin so easily knocked loose, I’m confident they don’t provide any structural support nor any other utility – they’re just there for looks. What are y’all’s thought on this? Am I risking facing something else more disastrous than some moisture just fogging up the insides of these windows by doing this? If that’s the only thing in my way, then I’m just a dab of JB Weld away from tinkering around and ending up with windows that I’ll be much happier with the looks of, without having to drop hundreds and hundreds of dollars on ordering a new set of custom fit windows and all my other work being delayed until those would arrive.","Remove muntins from old sidelight windows? So I own a home that came with all the typical builder-grade materials and I’m now working on replacing my interior trim. I went to case out my front door and sidelight windows as a single unit, but then I noticed the jambs of my door were rotted and needed to be replaced. In order to replace the jambs, I had to then remove the brick moldings (also rotted at the bottom). While removing all these materials, I disturbed the sidelights in such a way that one of the muntins knocked loose and fell down inside the window. My research so far has told me that there’s basically no saving the window when this happens because the windows are made with a vacuum and special gas between the panes of glass, and as soon as that vacuum is exposed to the atmosphere, it can never be truly repaired. Some mention that it will fog up, etc… Well, we never particularly cared much for the classic look of the sidelights in the first place. One of the first things we did when we bought the house was remove the window dressings from them (something I’d find in my grandmas house), and added a frosted look to the windows so that strangers couldn’t just walk up to our front door and see inside. People warn about breaking the vacuum seal of the windows because it could then cause them to fog up. My question is, since I don’t care about the windows being perfectly clear to see through, might I have have some special liberties to “mess” with the windows for DIY repair and it be perfectly fine since I have them masked with the frosted look anyways? One idea I have is to drill a small hole into the side of the window frame. I just so happen to uniquley have access to the side of the window because I’m in the middle of replacing the exterior trim work. I would insert a little BB into the drilled hole and use a neodymium magnet to guide the BB to pull the muntin back in place. I don’t imagine the Munion would stay there without some kind of adhesive or mechanical fastener, so I might then try to just keep the magnet and BB in place as inconspicuously as I can get it. Then I’d do whatever I can to plug the drilled hole, air-tight (JB Weld?) 🤷‍♂️ My other idea is to take it a step further and use the magnet to guide the BB all up and around the insides of the window, between the glass panels, knocking ALL the muntins loose, and try to feed them OUT of the window completely in order to be left with a full length window with no muntins at all. Seeing how this first muntin so easily knocked loose, I’m confident they don’t provide any structural support nor any other utility – they’re just there for looks. What are y’all’s thought on this? Am I risking facing something else more disastrous than some moisture just fogging up the insides of these windows by doing this? If that’s the only thing in my way, then I’m just a dab of JB Weld away from tinkering around and ending up with windows that I’ll be much happier with the looks of, without having to drop hundreds and hundreds of dollars on ordering a new set of custom fit windows and all my other work being delayed until those would arrive.",https://www.reddit.com/r/DIY/comments/1d0pp00/remove_muntins_from_old_sidelight_windows/,2,5,https://www.reddit.com/gallery/1d0pp00,loose trim,needs_review_urgent_signal,,manual_review_pending,,low_risk_diy,0.82,cosmetic_or_minor_finish:\btrim\b,"{""low_risk_diy"": 2.2}",no,,,,,MR0215,low_risk_diy,4,Manthan,,
1oge7uf,DIY,2025-10-26T07:13:28+00:00,Permanent extension lead (outdoors),"Hi all. I think I already know the answer, but wondered why it can’t be done this way… I have a garage, disconnected from the house, across a patio. At present, if something needs power in the garage, we run an extension lead out back window across the patio and into the garage through a window. The lead is plugged into a socket close to the back door. A spark quoted over £1000 to do this properly, with it going back to the consumer unit, involving pulling the bathroom floor up to run a cable out higher up the house. Seems excessive for something we may only use once a month - it’s just the extension lead through the windows seems a bit dodgy when it’s raining. My question really, is can I drill holes out the house, and into the garage, and run a cable through permanently? -the cable does not always need to be powered on -what type of cable or armouring does the outside portion of it need, to be outdoors permanently? I’m thinking inside the garage I could wire it to a double outlet (maybe an outside rated one) - just to make it neater. TLDR: how can I run an extension lead between to buildings permanently.","Permanent extension lead (outdoors) Hi all. I think I already know the answer, but wondered why it can’t be done this way… I have a garage, disconnected from the house, across a patio. At present, if something needs power in the garage, we run an extension lead out back window across the patio and into the garage through a window. The lead is plugged into a socket close to the back door. A spark quoted over £1000 to do this properly, with it going back to the consumer unit, involving pulling the bathroom floor up to run a cable out higher up the house. Seems excessive for something we may only use once a month - it’s just the extension lead through the windows seems a bit dodgy when it’s raining. My question really, is can I drill holes out the house, and into the garage, and run a cable through permanently? -the cable does not always need to be powered on -what type of cable or armouring does the outside portion of it need, to be outdoors permanently? I’m thinking inside the garage I could wire it to a double outlet (maybe an outside rated one) - just to make it neater. TLDR: how can I run an extension lead between to buildings permanently.",https://www.reddit.com/r/DIY/comments/1oge7uf/permanent_extension_lead_outdoors/,2,21,https://www.reddit.com/r/DIY/comments/1oge7uf/permanent_extension_lead_outdoors/,sparking outlet,needs_review_urgent_signal,,manual_review_pending,,urgent_safety_risk,0.82,fire_smoke_or_sparks:\bspark(?:s|ing|ed)?\b; trade_system_issue:\boutlets?\b,"{""medium_risk_call_pro"": 2.0, ""urgent_safety_risk"": 3.5}",no,,,,,MR0223,urgent_safety_risk,4,Manthan,,
1rgnn2e,Plumbing,2026-02-28T00:14:17+00:00,Water shut off,"I have a street water shut off valve that gets flooded or buried, that’s not easy to access in a pinch. I’ve looked all over my house,exterior and interior, for anything that resembles an additional potential shut off but have had no luck. My water heater has some knobs and turns but I don’t want to start turning things on and off that I’m not well versed in. Can anyone identify what these knobs do in the photos below?","Water shut off I have a street water shut off valve that gets flooded or buried, that’s not easy to access in a pinch. I’ve looked all over my house,exterior and interior, for anything that resembles an additional potential shut off but have had no luck. My water heater has some knobs and turns but I don’t want to start turning things on and off that I’m not well versed in. Can anyone identify what these knobs do in the photos below?",https://www.reddit.com/r/Plumbing/comments/1rgnn2e/water_shut_off/,1,4,https://www.reddit.com/gallery/1rgnn2e,flooding,needs_review_urgent_signal,,manual_review_pending,,urgent_safety_risk,0.77,active_flooding_or_sewage:\bflooded\b; trade_system_issue:\bwater heater\b,"{""medium_risk_call_pro"": 2.0, ""urgent_safety_risk"": 3.0}",no,,,,,MR0225,urgent_safety_risk,4,Manthan,,
gpzun,DIY,2011-04-14T16:06:47+00:00,Strange metallic/electrical smell in bedroom,"My four-year old's bedroom has a very faint smell. It is hard to describe. Here's the best I could come up with: You know the metallic taste certain things cause you to sense in your mouth? (maybe like putting a coin in your mouth) This smells like the accompanying scent to that taste. It also reminds me of a burnt out motor, but without the heat and charred parts. I cannot for the life of me pinpoint it. After being in the room for a minute or two the smell is hard to detect. A while back a penny landed in the outlet between a lamp and the socket and caused blue sparks to shoot out everywhere. I could smell it after that. My wife swears that the smell was there before and I do remember her complaining about it before the penny. I changed the outlet just in case with no results. I'm convinced this is something electrical, but what? Any and all ideas are appreciated! Thanks r/DIY!!! [EDIT] I'd like to add that this smell has been present for at least 6-months. It is there even when there are no electronics plugged in or turned on. Many people can't smell it. [UPDATE] An electrician relative came and inspected it today. After a few attempts he said he could smell what we were talking about and that it is definitely not electrical. Any other ideas would help.","Strange metallic/electrical smell in bedroom My four-year old's bedroom has a very faint smell. It is hard to describe. Here's the best I could come up with: You know the metallic taste certain things cause you to sense in your mouth? (maybe like putting a coin in your mouth) This smells like the accompanying scent to that taste. It also reminds me of a burnt out motor, but without the heat and charred parts. I cannot for the life of me pinpoint it. After being in the room for a minute or two the smell is hard to detect. A while back a penny landed in the outlet between a lamp and the socket and caused blue sparks to shoot out everywhere. I could smell it after that. My wife swears that the smell was there before and I do remember her complaining about it before the penny. I changed the outlet just in case with no results. I'm convinced this is something electrical, but what? Any and all ideas are appreciated! Thanks r/DIY!!! [EDIT] I'd like to add that this smell has been present for at least 6-months. It is there even when there are no electronics plugged in or turned on. Many people can't smell it. [UPDATE] An electrician relative came and inspected it today. After a few attempts he said he could smell what we were talking about and that it is definitely not electrical. Any other ideas would help.",https://www.reddit.com/r/DIY/comments/gpzun/strange_metallicelectrical_smell_in_bedroom/,11,19,https://www.reddit.com/r/DIY/comments/gpzun/strange_metallicelectrical_smell_in_bedroom/,sparking outlet,needs_review_urgent_signal,,manual_review_pending,,urgent_safety_risk,0.82,fire_smoke_or_sparks:\bspark(?:s|ing|ed)?\b; trade_system_issue:\boutlets?\b,"{""medium_risk_call_pro"": 2.0, ""urgent_safety_risk"": 3.5}",no,,,,,MR0229,urgent_safety_risk,4,Manthan,,
1o2y3lb,DIY,2025-10-10T11:17:11+00:00,Need Help Fixing Shower Head – Water Leaking from Top Pipe,"Hey everyone, I’m trying to fix my shower head myself, but I’m a bit stuck. The water is leaking from the top pipe that connects to the showerhead itself, and I’m not sure how to stop it. I’ve tried tightening it, but the leak is still there. Does anyone have any tips or advice on how to fix this? Any help would be greatly appreciated! Thanks in advance!","Need Help Fixing Shower Head – Water Leaking from Top Pipe Hey everyone, I’m trying to fix my shower head myself, but I’m a bit stuck. The water is leaking from the top pipe that connects to the showerhead itself, and I’m not sure how to stop it. I’ve tried tightening it, but the leak is still there. Does anyone have any tips or advice on how to fix this? Any help would be greatly appreciated! Thanks in advance!",https://www.reddit.com/r/DIY/comments/1o2y3lb/need_help_fixing_shower_head_water_leaking_from/,32,25,https://www.reddit.com/r/DIY/comments/1o2y3lb/need_help_fixing_shower_head_water_leaking_from/,water leak,needs_review_medium_signal,,manual_review_pending,,medium_risk_call_pro,0.80,contained_water_damage:\bleak(?:s|ing|ed)?\b,"{""medium_risk_call_pro"": 2.0}",no,,,,,MR0231,medium_risk_call_pro,4,Manthan,,
e55dru,askanelectrician,2019-12-02T20:57:07+00:00,Tried to plug in my laptop's adapter/charging cord to a wall outlet and heard a loud pop and saw sparks.,Wanted to charge my laptop and when I inserted the plug into the wall outlet I heard a pop and big sparks came out tripping the breaker and leaving burned marks on the plate. The adapter/charging cord was not connected to the laptop . What could've caused it and do I need to have an electrician come in? Thx,Tried to plug in my laptop's adapter/charging cord to a wall outlet and heard a loud pop and saw sparks. Wanted to charge my laptop and when I inserted the plug into the wall outlet I heard a pop and big sparks came out tripping the breaker and leaving burned marks on the plate. The adapter/charging cord was not connected to the laptop . What could've caused it and do I need to have an electrician come in? Thx,https://www.reddit.com/r/askanelectrician/comments/e55dru/tried_to_plug_in_my_laptops_adaptercharging_cord/,3,2,https://www.reddit.com/r/askanelectrician/comments/e55dru/tried_to_plug_in_my_laptops_adaptercharging_cord/,sparking outlet,needs_review_urgent_signal,,manual_review_pending,,urgent_safety_risk,0.82,fire_smoke_or_sparks:\bspark(?:s|ing|ed)?\b; trade_system_issue:\bbreaker\b,"{""medium_risk_call_pro"": 2.0, ""urgent_safety_risk"": 3.5}",no,,,,,MR0244,urgent_safety_risk,4,Manthan,,
1ra6khh,Plumbing,2026-02-20T20:29:57+00:00,Failure Rate Basement Set Up,"I just had like 300 gallons of water dump into my kitchen due to a badly installed pipe that froze, leading to what looks like a major restoration project. Now I'm reviewing my whole house. It occurred to me that during construction this garden hose valve was installed for the plaster guys. It was never removed after that. I think it's a Shark Bite type connection. I removed the valve so kids can't accidentally turn it on. However, I'm wondering if anyone can help me understand the failure rate of this set up? Will this thing one day burst in like 5 years and flood my whole basement? Do these water meters fail as well? Any suggestions on how to make this set up more flood proof are appreciated.","Failure Rate Basement Set Up I just had like 300 gallons of water dump into my kitchen due to a badly installed pipe that froze, leading to what looks like a major restoration project. Now I'm reviewing my whole house. It occurred to me that during construction this garden hose valve was installed for the plaster guys. It was never removed after that. I think it's a Shark Bite type connection. I removed the valve so kids can't accidentally turn it on. However, I'm wondering if anyone can help me understand the failure rate of this set up? Will this thing one day burst in like 5 years and flood my whole basement? Do these water meters fail as well? Any suggestions on how to make this set up more flood proof are appreciated.",https://www.reddit.com/r/Plumbing/comments/1ra6khh/failure_rate_basement_set_up/,2,7,https://www.reddit.com/gallery/1ra6khh,flooding,needs_review_urgent_signal,,manual_review_pending,,,0.00,no_labeling_function_matched,{},yes,,,,,MR0251,needs_human_review,4,Manthan,,
zsx6pu,HomeImprovement,2022-12-22T21:20:28+00:00,House getting wood smoke in from the outside.,"Hello! We moved into a new place during the summer and since it's been cold outside we've noticed that people are running their wood fireplaces at night. We've also noticed that our place will get a slight smokey smell at night as well. We had wildfires this summer and the smoke inside really wasn't noticeable. Outside was in the 300ppm aka super unhealthy but inside was pretty ok. However even though the outside isn't that smokey, inside is much worse than the summer. I'm thinking that our gas forced air system brings in air from the outside and is bringing that smoke with it. Here are two images of the system. https://freeimage.host/i/HzDA8j1 https://freeimage.host/i/HzDASZF The ducting that goes to the left goes to an outside wall which is the first image. I think this is the intake. The system also has two large vents on the inside which recycles inside air(not pictured). So I think there's a mix of recycled air and new air from the intake when it runs. I put my hand up against the vent outside but didn't feel any air being pulled in. Though my hands were pretty frozen so take that with a grain of salt. The small duct that is verticle is the exhaust AFIACT since when the system is running I can see fog/steam coming out of the roof where it goes to. Any ideas on what I can do here to alleviate the smoke coming in from outside? It's been giving us coughs lately. I have bulky air purifiers inside and they're not enough. Reading online I think it's a big nono to block that air intake. My next step is to try seeing if I can heat the house with just oil heaters at night and leave the furnace off/really low. Thank you all!","House getting wood smoke in from the outside. Hello! We moved into a new place during the summer and since it's been cold outside we've noticed that people are running their wood fireplaces at night. We've also noticed that our place will get a slight smokey smell at night as well. We had wildfires this summer and the smoke inside really wasn't noticeable. Outside was in the 300ppm aka super unhealthy but inside was pretty ok. However even though the outside isn't that smokey, inside is much worse than the summer. I'm thinking that our gas forced air system brings in air from the outside and is bringing that smoke with it. Here are two images of the system. https://freeimage.host/i/HzDA8j1 https://freeimage.host/i/HzDASZF The ducting that goes to the left goes to an outside wall which is the first image. I think this is the intake. The system also has two large vents on the inside which recycles inside air(not pictured). So I think there's a mix of recycled air and new air from the intake when it runs. I put my hand up against the vent outside but didn't feel any air being pulled in. Though my hands were pretty frozen so take that with a grain of salt. The small duct that is verticle is the exhaust AFIACT since when the system is running I can see fog/steam coming out of the roof where it goes to. Any ideas on what I can do here to alleviate the smoke coming in from outside? It's been giving us coughs lately. I have bulky air purifiers inside and they're not enough. Reading online I think it's a big nono to block that air intake. My next step is to try seeing if I can heat the house with just oil heaters at night and leave the furnace off/really low. Thank you all!",https://www.reddit.com/r/HomeImprovement/comments/zsx6pu/house_getting_wood_smoke_in_from_the_outside/,1,3,https://www.reddit.com/r/HomeImprovement/comments/zsx6pu/house_getting_wood_smoke_in_from_the_outside/,gas smell,needs_review_urgent_signal,,manual_review_pending,,urgent_safety_risk,0.82,fire_smoke_or_sparks:\bsmoke\b; trade_system_issue:\bfurnace\b,"{""medium_risk_call_pro"": 2.0, ""urgent_safety_risk"": 3.5}",no,,,,,MR0255,urgent_safety_risk,4,Manthan,,
1k8pjw4,DIY,2025-04-26T22:57:39+00:00,Trim options: replace or fix,"My entire house is filled with this flimsy wood trim, lots of which is loosely affixed to drywall and it peeling off the walls. Is this stuff worth savings with some new finish nails and maybe white paint or should I just trash it and get some new trim and install it correctly? I want white trim to give the house a more updated feel. The house was only built in 2000 but has a lot of landlord special fixes that I keep discovering.","Trim options: replace or fix My entire house is filled with this flimsy wood trim, lots of which is loosely affixed to drywall and it peeling off the walls. Is this stuff worth savings with some new finish nails and maybe white paint or should I just trash it and get some new trim and install it correctly? I want white trim to give the house a more updated feel. The house was only built in 2000 but has a lot of landlord special fixes that I keep discovering.",https://www.reddit.com/r/DIY/comments/1k8pjw4/trim_options_replace_or_fix/,6,8,https://i.redd.it/69lrvxzwe9xe1.jpeg,loose trim,needs_review_low_signal,,manual_review_pending,,low_risk_diy,0.82,cosmetic_or_minor_finish:\bpaint(?:ing|ed)?\b,"{""low_risk_diy"": 2.2}",no,,,,,MR0260,low_risk_diy,4,Manthan,,
1868en3,HomeImprovement,2023-11-28T22:11:49+00:00,Sweet/musty smell only when furnace is on,"Hey folks, We are getting a strange sweet/musty/dare I say chemical? smell from the heat registers whenever the heat kicks on. We’re a few weeks into cold season, so this is not the classic “musty” dust burning smell as the burners started for the first time of the season. It’s been several weeks with this other smell and has not dissipated. If anything it’s changed into a sweeter/mustier smell. Now here’s the weird part. I turned on the fan just to see if I’d get the same smell and…nope. It only smells when the furnace is on… The smell is throughout the home, but primarily on the first floor. Furnace is Lennair and located in the basement. We had a handyman come out and take a look with a combustible gas monitor and it came up nada…but it’s not gas we’re smelling, it’s something else. We’re having a professional come out in 36 hours, but I’m nervous as we have young children in the home. maybe I’m missing something big, but happy to share more details/hear your thoughts. Thanks!!","Sweet/musty smell only when furnace is on Hey folks, We are getting a strange sweet/musty/dare I say chemical? smell from the heat registers whenever the heat kicks on. We’re a few weeks into cold season, so this is not the classic “musty” dust burning smell as the burners started for the first time of the season. It’s been several weeks with this other smell and has not dissipated. If anything it’s changed into a sweeter/mustier smell. Now here’s the weird part. I turned on the fan just to see if I’d get the same smell and…nope. It only smells when the furnace is on… The smell is throughout the home, but primarily on the first floor. Furnace is Lennair and located in the basement. We had a handyman come out and take a look with a combustible gas monitor and it came up nada…but it’s not gas we’re smelling, it’s something else. We’re having a professional come out in 36 hours, but I’m nervous as we have young children in the home. maybe I’m missing something big, but happy to share more details/hear your thoughts. Thanks!!",https://www.reddit.com/r/HomeImprovement/comments/1868en3/sweetmusty_smell_only_when_furnace_is_on/,1,2,https://www.reddit.com/r/HomeImprovement/comments/1868en3/sweetmusty_smell_only_when_furnace_is_on/,gas smell,needs_review_urgent_signal,,manual_review_pending,,urgent_safety_risk,0.82,fire_smoke_or_sparks:\bburning smell\b; trade_system_issue:\bfurnace\b,"{""medium_risk_call_pro"": 2.0, ""urgent_safety_risk"": 3.5}",no,,,,,MR0261,urgent_safety_risk,4,Manthan,,
12keq1r,askanelectrician,2023-04-13T06:29:08+00:00,Question on pool equipment wiring,"I purchased a home recently and the pool was in a pretty terrible state. The timer boxes were on the ground, and much of the electrical was exposed. Without going into to much unnecessary detail, the breaker for both my pool light and pool pump was tripping immediately, so I replaced the wiring going to the timer box and motor but the breakers are still tripping. I capped off all the connections to try and locate the issue but the breakers still trip without being connected to anything. I noticed there was wiring exposed coming from the ground, and am wondering if this may be the issue. My next stop was to get an electrician out if it is not an east fix, but wanted to see if I could get some thoughts here first. Any idea why the breakers could be tripping without being connected to anything?","Question on pool equipment wiring I purchased a home recently and the pool was in a pretty terrible state. The timer boxes were on the ground, and much of the electrical was exposed. Without going into to much unnecessary detail, the breaker for both my pool light and pool pump was tripping immediately, so I replaced the wiring going to the timer box and motor but the breakers are still tripping. I capped off all the connections to try and locate the issue but the breakers still trip without being connected to anything. I noticed there was wiring exposed coming from the ground, and am wondering if this may be the issue. My next stop was to get an electrician out if it is not an east fix, but wanted to see if I could get some thoughts here first. Any idea why the breakers could be tripping without being connected to anything?",https://www.reddit.com/r/askanelectrician/comments/12keq1r/question_on_pool_equipment_wiring/,1,1,https://www.reddit.com/gallery/12keq1r,electrical issue,needs_review_medium_signal,,manual_review_pending,,medium_risk_call_pro,0.80,trade_system_issue:\bbreaker\b,"{""medium_risk_call_pro"": 2.0}",no,,,,,MR0263,medium_risk_call_pro,4,Manthan,,
1ra23jp,Plumbing,2026-02-20T17:44:17+00:00,What causes these auto flush units to stick open and flood? Ready to rip them out.,"I had 4 of these American Standard units installed and every single one has intermittently flooded weeks or months apart. We've had various service cleaning/replacing small parts. And have had two of the flushometers replaced completely, one of which just flooded for the first time today and yesterday (\~8 months after installation). Am I missing something or is American Standard uniquely terrible?","What causes these auto flush units to stick open and flood? Ready to rip them out. I had 4 of these American Standard units installed and every single one has intermittently flooded weeks or months apart. We've had various service cleaning/replacing small parts. And have had two of the flushometers replaced completely, one of which just flooded for the first time today and yesterday (\~8 months after installation). Am I missing something or is American Standard uniquely terrible?",https://www.reddit.com/r/Plumbing/comments/1ra23jp/what_causes_these_auto_flush_units_to_stick_open/,8,26,https://i.redd.it/t884ghe6sokg1.jpeg,flooding,needs_review_urgent_signal,,manual_review_pending,,urgent_safety_risk,0.90,active_flooding_or_sewage:\bflooded\b,"{""urgent_safety_risk"": 3.0}",no,,,,,MR0265,urgent_safety_risk,4,Manthan,,
1t4x1oo,HomeMaintenance,2026-05-06T00:12:15+00:00,Foundation troubles,"Recently I discovered mold in my basement so I’ve been taking down all of the insulation and vapour barrier around the room, when I started discovering my foundation is very crumbly. The home was built in 1911, and I’m sure the house was raised at some point from a crawl space to basement. I’m curious how concerning this deterioration is. Note, I have mold remediation coming in 3 days, and I got a masonry guy coming for a quote on foundation repairs.","Foundation troubles Recently I discovered mold in my basement so I’ve been taking down all of the insulation and vapour barrier around the room, when I started discovering my foundation is very crumbly. The home was built in 1911, and I’m sure the house was raised at some point from a crawl space to basement. I’m curious how concerning this deterioration is. Note, I have mold remediation coming in 3 days, and I got a masonry guy coming for a quote on foundation repairs.",https://www.reddit.com/r/HomeMaintenance/comments/1t4x1oo/foundation_troubles/,2,3,https://www.reddit.com/gallery/1t4x1oo,mold,needs_review_medium_signal,,manual_review_pending,,medium_risk_call_pro,0.80,mold_or_foundation_concern:\bmold\b,"{""medium_risk_call_pro"": 2.0}",no,,,,,MR0268,medium_risk_call_pro,4,Manthan,,
1t7llhw,HomeImprovement,2026-05-08T21:40:41+00:00,Does only blocking air gaps actually prevent the most sound leaking out of a room?,"We have a spare bedroom on the opposite side of the hallway from our bedroom. We've decided to convert it to her arts & crafts room + my gaming room after it went unused for over 5 years. I want to do some sound proofing so if I'm doing a late night gaming session, it doesn't disturb her if she's sleeping early. I want to avoid being too invasive and I read that one of the biggest culprits in sound leakage are air gaps in the doors. Would filling in these gaps in both the recreation room and our bedroom be enough? I'm not that loud, I don't yell or bang my keyboard, and I can use my headphones while she's asleep. But I want to be able to speak to my friends online without having to whisper.","Does only blocking air gaps actually prevent the most sound leaking out of a room? We have a spare bedroom on the opposite side of the hallway from our bedroom. We've decided to convert it to her arts & crafts room + my gaming room after it went unused for over 5 years. I want to do some sound proofing so if I'm doing a late night gaming session, it doesn't disturb her if she's sleeping early. I want to avoid being too invasive and I read that one of the biggest culprits in sound leakage are air gaps in the doors. Would filling in these gaps in both the recreation room and our bedroom be enough? I'm not that loud, I don't yell or bang my keyboard, and I can use my headphones while she's asleep. But I want to be able to speak to my friends online without having to whisper.",https://www.reddit.com/r/HomeImprovement/comments/1t7llhw/does_only_blocking_air_gaps_actually_prevent_the/,1,5,https://www.reddit.com/r/HomeImprovement/comments/1t7llhw/does_only_blocking_air_gaps_actually_prevent_the/,leak,needs_review_medium_signal,,manual_review_pending,,medium_risk_call_pro,0.80,contained_water_damage:\bleak(?:s|ing|ed)?\b,"{""medium_risk_call_pro"": 2.0}",no,,,,,MR0272,medium_risk_call_pro,4,Manthan,,
11gsvez,askanelectrician,2023-03-03T05:53:52+00:00,Laptop trips fuse,My new laptop seems to trip the electrical sockets in my bed room and master bedroom everyonce in a while. Originally I thought it was the room heater so I keep that unplugged but still it keep tripping the fuse. Would it be cheap to replace the fuse in circuit breaker for the outlets with higher amp load witb electrician. I believe the breaker for the outlets are 15 amp limit or most likely there an issue with new laptop's 180 watt charger .,Laptop trips fuse My new laptop seems to trip the electrical sockets in my bed room and master bedroom everyonce in a while. Originally I thought it was the room heater so I keep that unplugged but still it keep tripping the fuse. Would it be cheap to replace the fuse in circuit breaker for the outlets with higher amp load witb electrician. I believe the breaker for the outlets are 15 amp limit or most likely there an issue with new laptop's 180 watt charger .,https://www.reddit.com/r/askanelectrician/comments/11gsvez/laptop_trips_fuse/,0,3,https://www.reddit.com/r/askanelectrician/comments/11gsvez/laptop_trips_fuse/,electrical issue,needs_review_medium_signal,,manual_review_pending,,medium_risk_call_pro,0.80,trade_system_issue:\bbreaker\b,"{""medium_risk_call_pro"": 2.0}",no,,,,,MR0277,medium_risk_call_pro,4,Manthan,,
131i812,askanelectrician,2023-04-28T05:06:46+00:00,Planning kitchen rewire- is this up to code/safe?,"Hello all, 15 years ago when this kitchen was remodeled the contractor apparently used 14ga wiring throughout. I learned this while fixing up other small electrical issues during a new remodel. Attached is my plan to re-wire the kitchen island with 12/2 Romex throughout on the existing 20a breaker. TLDR: - Add GFCI protection to all outlets & lights - Replace 14/2 with 12/2 - NEC 2020, located in California The details: I wanted to ask here about if this plan is safe/up to code. I know the NEC says there should be more receptacles on the counter, but we have enough for the minimal appliances we plug in. Not a safety issue. All Romex upstream of the 20a GFCI is old, good condition 12/2. All Romex downstream will be brand new, replacing existing 14/2. GFCI protection is provided for all receptacles and the light fixtures. The range hood will not have GFCI protection. The current plan is to leave the lights on this circuit- meaning they will be rewired with 12/2 to replace existing 14/2 and have GFCI protection added (because why not?) How does this sound? Anything I’m missing? Code issues? Thank you in advance! I tried to do my research but ofc it won’t hurt to ask here. This is a fairly large task for me lol.","Planning kitchen rewire- is this up to code/safe? Hello all, 15 years ago when this kitchen was remodeled the contractor apparently used 14ga wiring throughout. I learned this while fixing up other small electrical issues during a new remodel. Attached is my plan to re-wire the kitchen island with 12/2 Romex throughout on the existing 20a breaker. TLDR: - Add GFCI protection to all outlets & lights - Replace 14/2 with 12/2 - NEC 2020, located in California The details: I wanted to ask here about if this plan is safe/up to code. I know the NEC says there should be more receptacles on the counter, but we have enough for the minimal appliances we plug in. Not a safety issue. All Romex upstream of the 20a GFCI is old, good condition 12/2. All Romex downstream will be brand new, replacing existing 14/2. GFCI protection is provided for all receptacles and the light fixtures. The range hood will not have GFCI protection. The current plan is to leave the lights on this circuit- meaning they will be rewired with 12/2 to replace existing 14/2 and have GFCI protection added (because why not?) How does this sound? Anything I’m missing? Code issues? Thank you in advance! I tried to do my research but ofc it won’t hurt to ask here. This is a fairly large task for me lol.",https://www.reddit.com/r/askanelectrician/comments/131i812/planning_kitchen_rewire_is_this_up_to_codesafe/,1,16,https://i.redd.it/9fa04tgcnlwa1.jpg,electrical issue,needs_review_medium_signal,,manual_review_pending,,medium_risk_call_pro,0.80,trade_system_issue:\bbreaker\b,"{""medium_risk_call_pro"": 2.0}",no,,,,,MR0286,medium_risk_call_pro,4,Manthan,,
fhrdfe,askanelectrician,2020-03-13T01:09:19+00:00,What happened with the outlet?,"An outlet in our house hadn't worked since we moved in and I finally decided to look (emphasis on look) at it. There were only wires in the top two of the four back holes plus a grounding copper wire connected to the bottom. The wires were one black, one white. I don't remember which was where. I inadvertently touched each of the wires with my screwdriver while touching the rod of the screwdriver but luckily nothing happened. So I assumed there was no current potential without red or green wires. Since there was a functional outlet literally less than a foot away from this one, I decided to harvest the lengths of the three wires that were accessible. So I got out my cutting pliers, reached in, and started cutting. Grounding wire cut without incident. Then I cut another. Nothing bad happened. Then the last wire. I assume I must have touched the grounding wire or the end of the first insulated wire with my pliers as I cut this last wire, because there was a pop and a bunch of sparks. There was a small, wire-shaped hunk of metal missing from one of the blades on my pliers. (Next time I went to the bathroom the lights wouldn't come on. Neither did the ones in the room with the outlet. I had to flip a breaker. For some reason, my Amazon Echo, which was plugged into an outlet less than five feet away in the same room as the ""dud"" outlet, kept playing music.) What happened, and if the wires were hot then why didn'y I get hurt when I touched them individually?","What happened with the outlet? An outlet in our house hadn't worked since we moved in and I finally decided to look (emphasis on look) at it. There were only wires in the top two of the four back holes plus a grounding copper wire connected to the bottom. The wires were one black, one white. I don't remember which was where. I inadvertently touched each of the wires with my screwdriver while touching the rod of the screwdriver but luckily nothing happened. So I assumed there was no current potential without red or green wires. Since there was a functional outlet literally less than a foot away from this one, I decided to harvest the lengths of the three wires that were accessible. So I got out my cutting pliers, reached in, and started cutting. Grounding wire cut without incident. Then I cut another. Nothing bad happened. Then the last wire. I assume I must have touched the grounding wire or the end of the first insulated wire with my pliers as I cut this last wire, because there was a pop and a bunch of sparks. There was a small, wire-shaped hunk of metal missing from one of the blades on my pliers. (Next time I went to the bathroom the lights wouldn't come on. Neither did the ones in the room with the outlet. I had to flip a breaker. For some reason, my Amazon Echo, which was plugged into an outlet less than five feet away in the same room as the ""dud"" outlet, kept playing music.) What happened, and if the wires were hot then why didn'y I get hurt when I touched them individually?",https://www.reddit.com/r/askanelectrician/comments/fhrdfe/what_happened_with_the_outlet/,0,10,https://www.reddit.com/r/askanelectrician/comments/fhrdfe/what_happened_with_the_outlet/,sparking outlet,needs_review_urgent_signal,,manual_review_pending,,urgent_safety_risk,0.82,fire_smoke_or_sparks:\bspark(?:s|ing|ed)?\b; trade_system_issue:\bbreaker\b,"{""medium_risk_call_pro"": 2.0, ""urgent_safety_risk"": 3.5}",no,,,,,MR0287,urgent_safety_risk,4,Manthan,,
1sjt7ma,HomeMaintenance,2026-04-12T22:49:17+00:00,How to fix/get rid of “red dust” in between window panes,"I’m trying to identify what this is (mold, wood rot, etc). It’s a crimson color “dust”. Is it a hazard and does the the whole window need to be replaced? It’s between the panes of glass.","How to fix/get rid of “red dust” in between window panes I’m trying to identify what this is (mold, wood rot, etc). It’s a crimson color “dust”. Is it a hazard and does the the whole window need to be replaced? It’s between the panes of glass.",https://www.reddit.com/r/HomeMaintenance/comments/1sjt7ma/how_to_fixget_rid_of_red_dust_in_between_window/,3,3,https://www.reddit.com/gallery/1sjt7ma,mold,needs_review_medium_signal,,manual_review_pending,,medium_risk_call_pro,0.80,mold_or_foundation_concern:\bmold\b,"{""medium_risk_call_pro"": 2.0}",no,,,,,MR0288,medium_risk_call_pro,4,Manthan,,
1t1j8al,Plumbing,2026-05-02T07:36:24+00:00,What is going on here with my shower head plate?,There is a slight gap between the escutcheon plate and the wall and what looks like slight hole. This is a pretty new apartment and I just moved in. Should I be concerned about moisture getting behind? Does it need to be caulked? It looks worse in the picture than it does in real life because it’s zoomed in but still don’t want a problem down the road. Thanks!,What is going on here with my shower head plate? There is a slight gap between the escutcheon plate and the wall and what looks like slight hole. This is a pretty new apartment and I just moved in. Should I be concerned about moisture getting behind? Does it need to be caulked? It looks worse in the picture than it does in real life because it’s zoomed in but still don’t want a problem down the road. Thanks!,https://www.reddit.com/r/Plumbing/comments/1t1j8al/what_is_going_on_here_with_my_shower_head_plate/,1,1,https://i.redd.it/j8ky88qegoyg1.jpeg,caulk,needs_review_unclear,,manual_review_pending,,,0.00,no_labeling_function_matched,{},yes,,,,,MR0289,needs_human_review,4,Manthan,,
1sa53ki,HomeMaintenance,2026-04-02T02:30:07+00:00,"Water damage caused peeling drywall, don’t know where to start","I’ve patched small holes in drywall, but never this kind of front peeling from water damage. Do I need to cut out the entire area and replace the drywall? Scrape the peeling part off and just paint over it? A series of patches? It’s over about a 12” x 18” area Edit: water source resolved, roof issue where water was getting under the siding in one area and dripping down","Water damage caused peeling drywall, don’t know where to start I’ve patched small holes in drywall, but never this kind of front peeling from water damage. Do I need to cut out the entire area and replace the drywall? Scrape the peeling part off and just paint over it? A series of patches? It’s over about a 12” x 18” area Edit: water source resolved, roof issue where water was getting under the siding in one area and dripping down",https://www.reddit.com/r/HomeMaintenance/comments/1sa53ki/water_damage_caused_peeling_drywall_dont_know/,2,3,https://i.redd.it/8yh9e6iruosg1.jpeg,paint peeling,needs_review_medium_signal,,manual_review_pending,,medium_risk_call_pro,0.67,contained_water_damage:\bwater damage(?:d)?\b; cosmetic_or_minor_finish:\bpaint(?:ing|ed)?\b,"{""low_risk_diy"": 2.2, ""medium_risk_call_pro"": 2.0}",yes,,,,,MR0293,needs_human_review,4,Manthan,,
1rnf6ik,DIY,2026-03-07T17:05:28+00:00,Masonry Paint advice (UK),"I recently agreed to paint the exterior of a friend's terraced house. As you can see the old paint ended up being worse than I first thought. The upper floor paint is still pretty sound. My current plan is - seal the edges with Zinsser Peel Stop, fill the gaps to level the surface, then paint. I know that peeling and bubbling of paint can be caused by moisture unable to escape through the walls because of the paint barrier. That might be the case here, or it might just be that the paint is old. My friend only recently bought the house and there's only one layer of paint so it might have been on there for years. So I have two questions: 1) In terms of filling I'm looking at Toupret Anti-Damp Render or Toupret Masonry Repair filler. The former is breathable, Google AI claims the latter is, but I don't know for sure. Thoughts? 2) How important is it to use a silicone based breathable masonry paint? I'm pretty sure my friend will object to shelling out for Emperor. She's very particular about the colour and is currently into the Valspar range at B&Q because of the mixing options. Again, advice on paint would be well received. Many thanks!","Masonry Paint advice (UK) I recently agreed to paint the exterior of a friend's terraced house. As you can see the old paint ended up being worse than I first thought. The upper floor paint is still pretty sound. My current plan is - seal the edges with Zinsser Peel Stop, fill the gaps to level the surface, then paint. I know that peeling and bubbling of paint can be caused by moisture unable to escape through the walls because of the paint barrier. That might be the case here, or it might just be that the paint is old. My friend only recently bought the house and there's only one layer of paint so it might have been on there for years. So I have two questions: 1) In terms of filling I'm looking at Toupret Anti-Damp Render or Toupret Masonry Repair filler. The former is breathable, Google AI claims the latter is, but I don't know for sure. Thoughts? 2) How important is it to use a silicone based breathable masonry paint? I'm pretty sure my friend will object to shelling out for Emperor. She's very particular about the colour and is currently into the Valspar range at B&Q because of the mixing options. Again, advice on paint would be well received. Many thanks!",https://www.reddit.com/r/DIY/comments/1rnf6ik/masonry_paint_advice_uk/,3,0,https://i.redd.it/sj4qfz8llnng1.jpeg,paint peeling,needs_review_low_signal,,manual_review_pending,,low_risk_diy,0.82,cosmetic_or_minor_finish:\bpaint(?:ing|ed)?\b,"{""low_risk_diy"": 2.2}",no,,,,,MR0295,low_risk_diy,4,Manthan,,
