reddit_id,subreddit,created_utc,title,selftext,text,permalink,score,num_comments,url,source_query,review_hint,label,label_status,label_notes,auto_label,auto_label_confidence,auto_label_reason,auto_label_scores,needs_human_review,label_source,human_label,human_review_notes,audit_agrees,manual_review_id,review_bucket,assigned_reviewer_number,assigned_reviewer,human_confidence,reviewed_at
1sp9hiq,DIY,2026-04-18T21:08:00+00:00,Rotting porch column,"https://imgur.com/a/yEHPoob Noticed a rotting porch column today while doing some yard work. It appears to made up of multiple boards put together. Most of it is solid, I poked it with a screw driver, but one of the pieces that make up the column is pretty rotten at the bottom, especially the bottom 8 inches or so. The right side if you are looking towards the house. I would guess that metal bracket on the bottom that broke allowed water to get in. Probably due to snow being piled there for seeming all winter. Can I just replace that rotten portion? Cut out 24” or so, just below the turned portion and replace with pressure treated? Water proof around the bottom and the broken bracket with something? Screw everything together, caulk, prime, and paint. I’d rather avoid replacing the entire post if I can. I don’t know what is above the post. Peeling back those aluminum trim pieces and getting it jacked up seems like something that may get squirrelly quickly. Aluminum trim has never gone well for me. If it does need to be replaced, what type of contractor? Siding / trim guy?","Rotting porch column https://imgur.com/a/yEHPoob Noticed a rotting porch column today while doing some yard work. It appears to made up of multiple boards put together. Most of it is solid, I poked it with a screw driver, but one of the pieces that make up the column is pretty rotten at the bottom, especially the bottom 8 inches or so. The right side if you are looking towards the house. I would guess that metal bracket on the bottom that broke allowed water to get in. Probably due to snow being piled there for seeming all winter. Can I just replace that rotten portion? Cut out 24” or so, just below the turned portion and replace with pressure treated? Water proof around the bottom and the broken bracket with something? Screw everything together, caulk, prime, and paint. I’d rather avoid replacing the entire post if I can. I don’t know what is above the post. Peeling back those aluminum trim pieces and getting it jacked up seems like something that may get squirrelly quickly. Aluminum trim has never gone well for me. If it does need to be replaced, what type of contractor? Siding / trim guy?",https://www.reddit.com/r/DIY/comments/1sp9hiq/rotting_porch_column/,8,5,https://www.reddit.com/r/DIY/comments/1sp9hiq/rotting_porch_column/,paint peeling,needs_review_low_signal,,manual_review_pending,,low_risk_diy,0.82,cosmetic_or_minor_finish:\bpaint(?:ing|ed)?\b,"{""low_risk_diy"": 2.2}",no,,,,,MR0005,low_risk_diy,1,Patrick,,
1tlnpvr,HomeMaintenance,2026-05-23T18:09:37+00:00,Help with cracks in door frame and identifying what to paint with,"This is a picture of the frame around my front door. I believe this frame is made of wood. It feels softer than stone or concrete. There are some edges that are peeling away that also look like it’s likely wood. Assuming it is, how would I fill in these cracks? Would I just use wood filler? Additionally what would I paint over this with? The current paint appears to be matte and almost feels textured. It’s definitely paint as the side has some drops that dried.","Help with cracks in door frame and identifying what to paint with This is a picture of the frame around my front door. I believe this frame is made of wood. It feels softer than stone or concrete. There are some edges that are peeling away that also look like it’s likely wood. Assuming it is, how would I fill in these cracks? Would I just use wood filler? Additionally what would I paint over this with? The current paint appears to be matte and almost feels textured. It’s definitely paint as the side has some drops that dried.",https://www.reddit.com/r/HomeMaintenance/comments/1tlnpvr/help_with_cracks_in_door_frame_and_identifying/,1,4,https://i.redd.it/51tefz9ugx2h1.jpeg,paint peeling,needs_review_low_signal,,manual_review_pending,,low_risk_diy,0.82,cosmetic_or_minor_finish:\bpaint(?:ing|ed)?\b,"{""low_risk_diy"": 2.2}",no,,,,,MR0007,low_risk_diy,1,Patrick,,
1t94e4s,DIY,2026-05-10T11:28:26+00:00,How would you attach this FAMCO Hooded Wall to Brick Wall?,"Hello! I live in a townhome community with an HOA. I've been looking to replace my current hooded wall vent (attached to a half bath) with something a little more sturdy (the current one is flimsy plastic). In addition to replacing the wall vent, it'll give me an opportunity to (a) replace the 3in pipe with 4in to match a new exhaust fan and (b) make sure everything is airsealed and insulated (we had a brutally cold winter). I selected this [FAMCO Hooded Wall Vent](https://www.famcomfg.com/product/hooded-wall-vent-with-screen-and-damper-painted/?attribute_pa_size=fb-3inch&attribute_pa_color=48-black&utm_source=Google+Shopping&utm_medium=cpc&utm_campaign=Google+Shopping+Feed+XML&gad_source=1&gad_campaignid=17966818288&gbraid=0AAAAADlHjGeIh2oZ9fZ_v_fQ5GIx19LFT) because of its sturdy design and it matches the current design (this is an HOA requirement). However, I am perplexed with how to install it on an exterior brick wall. Perhaps I already know, I just need affirmation. I searched the internet, Reddit, and YouTube, on how to install vent hoods on brick. Many suggested securing with screws and I found many YouTube videos on how to do this. However, on the photos of the FAMCO vent I selected, I don't see screw holes. I looked on the specifications sheet and there’s no indication there are screw holes. I was also unable to find an installation manual on their website. I even contacted FAMCO asking for suggestions; they did not reply. I did find one YouTube video where the guy attempted to secure the vent on a brick wall with screws, but failed because he couldn’t drill into the brick ([Home RenoVision](https://youtu.be/jb3Elg2VmMQ?si=j1Dy7vgYBrziVc0Y)). So he ultimately decided to attach it with caulking—against his better judgement. So here’s my question. Can I just attach this wall vent to a brick wall with adhesive caulking? Any suggested caulking? I am also open to other wall vent hoods if anyone has any. It just has to be black and shaped like the FAMCO.","How would you attach this FAMCO Hooded Wall to Brick Wall? Hello! I live in a townhome community with an HOA. I've been looking to replace my current hooded wall vent (attached to a half bath) with something a little more sturdy (the current one is flimsy plastic). In addition to replacing the wall vent, it'll give me an opportunity to (a) replace the 3in pipe with 4in to match a new exhaust fan and (b) make sure everything is airsealed and insulated (we had a brutally cold winter). I selected this [FAMCO Hooded Wall Vent](https://www.famcomfg.com/product/hooded-wall-vent-with-screen-and-damper-painted/?attribute_pa_size=fb-3inch&attribute_pa_color=48-black&utm_source=Google+Shopping&utm_medium=cpc&utm_campaign=Google+Shopping+Feed+XML&gad_source=1&gad_campaignid=17966818288&gbraid=0AAAAADlHjGeIh2oZ9fZ_v_fQ5GIx19LFT) because of its sturdy design and it matches the current design (this is an HOA requirement). However, I am perplexed with how to install it on an exterior brick wall. Perhaps I already know, I just need affirmation. I searched the internet, Reddit, and YouTube, on how to install vent hoods on brick. Many suggested securing with screws and I found many YouTube videos on how to do this. However, on the photos of the FAMCO vent I selected, I don't see screw holes. I looked on the specifications sheet and there’s no indication there are screw holes. I was also unable to find an installation manual on their website. I even contacted FAMCO asking for suggestions; they did not reply. I did find one YouTube video where the guy attempted to secure the vent on a brick wall with screws, but failed because he couldn’t drill into the brick ([Home RenoVision](https://youtu.be/jb3Elg2VmMQ?si=j1Dy7vgYBrziVc0Y)). So he ultimately decided to attach it with caulking—against his better judgement. So here’s my question. Can I just attach this wall vent to a brick wall with adhesive caulking? Any suggested caulking? I am also open to other wall vent hoods if anyone has any. It just has to be black and shaped like the FAMCO.",https://www.reddit.com/r/DIY/comments/1t94e4s/how_would_you_attach_this_famco_hooded_wall_to/,3,4,https://www.reddit.com/r/DIY/comments/1t94e4s/how_would_you_attach_this_famco_hooded_wall_to/,caulk,needs_review_low_signal,,manual_review_pending,,low_risk_diy,0.82,cosmetic_or_minor_finish:\bpaint(?:ing|ed)?\b,"{""low_risk_diy"": 2.2}",no,,,,,MR0008,low_risk_diy,1,Patrick,,
1qh6rrc,Plumbing,2026-01-19T15:13:27+00:00,Sealed cistern?,"As you can see, the previous owners have put sealant / filler / caulk behind the cistern. I’m not sure why they have, but are there issues with me removing the sealant? at the moment it’s stopping the lid from the cistern being removed as it’s stuck to the wall. update: maybe it’s not sealed. Maybe I need to take the push button of the lid first","Sealed cistern? As you can see, the previous owners have put sealant / filler / caulk behind the cistern. I’m not sure why they have, but are there issues with me removing the sealant? at the moment it’s stopping the lid from the cistern being removed as it’s stuck to the wall. update: maybe it’s not sealed. Maybe I need to take the push button of the lid first",https://www.reddit.com/r/Plumbing/comments/1qh6rrc/sealed_cistern/,3,6,https://www.reddit.com/gallery/1qh6rrc,caulk,needs_review_low_signal,,manual_review_pending,,low_risk_diy,0.82,cosmetic_or_minor_finish:\bcaulk(?:ing)?\b,"{""low_risk_diy"": 2.2}",no,,,,,MR0011,low_risk_diy,1,Patrick,,
1c8t59p,DIY,2024-04-20T15:48:33+00:00,"Vinyl soffit panel, will it link like siding?","Not sure if I'm describing this right, but I have an 18"" wide soffit that needs new panels. I can't find anything in aluminum or vinyl that wide. I can get 12"" easy and cheap though. Can soffit panels can be put together like vinyl siding to turn it into a 24"" wide piece that I can trim down to the 18"" I need? This is for an un-insulated storage space tacked on to the side of a building. Imagine an overhang or carport with walls. The existing soffit got ripped loose somehow and now a squirrel is in the storage space making a mess. need to rip down the rest of the soffit to get the squirrel nest out and then replace it with something to keep the critter out. Appearance not too critical but I don't want it to look all methed up. appreciate any thoughts, construction is not my forte.","Vinyl soffit panel, will it link like siding? Not sure if I'm describing this right, but I have an 18"" wide soffit that needs new panels. I can't find anything in aluminum or vinyl that wide. I can get 12"" easy and cheap though. Can soffit panels can be put together like vinyl siding to turn it into a 24"" wide piece that I can trim down to the 18"" I need? This is for an un-insulated storage space tacked on to the side of a building. Imagine an overhang or carport with walls. The existing soffit got ripped loose somehow and now a squirrel is in the storage space making a mess. need to rip down the rest of the soffit to get the squirrel nest out and then replace it with something to keep the critter out. Appearance not too critical but I don't want it to look all methed up. appreciate any thoughts, construction is not my forte.",https://www.reddit.com/r/DIY/comments/1c8t59p/vinyl_soffit_panel_will_it_link_like_siding/,1,5,https://www.reddit.com/r/DIY/comments/1c8t59p/vinyl_soffit_panel_will_it_link_like_siding/,loose trim,needs_review_low_signal,,manual_review_pending,,low_risk_diy,0.82,cosmetic_or_minor_finish:\btrim\b,"{""low_risk_diy"": 2.2}",no,,,,,MR0014,low_risk_diy,1,Patrick,,
1ohkg6j,HomeMaintenance,2025-10-27T17:18:10+00:00,Window trim swelled/popped out?,"Hey so I sat down on the couch today and this trim seemed like it swelled/popped out. The trim feels solid, not loose when I tried pushing it back in etc. The silicone or whatever they used to connect it or seal it seems solid and unmoved as well. Doesnt seem to have any other damage around the wall or the window that’s consistent with a sudden swelling. It’s one of those moments where you look at something and it doesn’t look right but can’t say for certain because you don’t remember if it was always like that. Anyways my question is should I get this checked out? Once again there doesn’t seem to be any damage, no loose trim or seal, everything feels solid(as solid as a heavy house could feel). Maybe I’m overthinking it idk just wanted a second opinion lol","Window trim swelled/popped out? Hey so I sat down on the couch today and this trim seemed like it swelled/popped out. The trim feels solid, not loose when I tried pushing it back in etc. The silicone or whatever they used to connect it or seal it seems solid and unmoved as well. Doesnt seem to have any other damage around the wall or the window that’s consistent with a sudden swelling. It’s one of those moments where you look at something and it doesn’t look right but can’t say for certain because you don’t remember if it was always like that. Anyways my question is should I get this checked out? Once again there doesn’t seem to be any damage, no loose trim or seal, everything feels solid(as solid as a heavy house could feel). Maybe I’m overthinking it idk just wanted a second opinion lol",https://www.reddit.com/r/HomeMaintenance/comments/1ohkg6j/window_trim_swelledpopped_out/,1,3,https://www.reddit.com/gallery/1ohkg6j,loose trim,needs_review_low_signal,,manual_review_pending,,low_risk_diy,0.82,cosmetic_or_minor_finish:\btrim\b,"{""low_risk_diy"": 2.2}",no,,,,,MR0023,low_risk_diy,1,Patrick,,
15uoblf,HomeImprovement,2023-08-18T15:53:42+00:00,Help! Mystery Paint Thinner Smell in House,"Hi everyone! I really need any advice or recommendations on what to do with my house. One week ago, the house started smelling like paint thinner. The day before the smell, the air conditioning stopped being cold. The hvac people came and fixed the ac (saying it was a broken capacitor, but not related to the paint thinner smell). The smell got worse the following days. The smell is throughout the house, but the strongest in the kitchen. It is specifically strong inside one of the kitchen drawers (3 drawers down from the sink and dishwasher). Right outside from the drawer is the pipe where the sump pump from the basement pumps out the water. I don't smell it coming from the ac vents. The basement doesn't have much of the smell at all, though some spots have it, but I think that's from opening the door to go down there. I haven't had any painting done in the house in years, so no new paint or paint thinner in the house in a long time. Here is what I have done so far: - Had gas company come: they said it wasn't a gas leak and everything looks fine from their end - Had hvac people come back out to see if ac leak could be the issue: they said freon is odorless and isn't what I'm smelling. I really had to push the guy to still check. He said things look fine with the ac - Noticed the p trap under the kitchen sink was leaking: had that replaced, aired out house for 2 days, but the smell is still coming out strong - had a mold testing company come: they did air quality tests and nothing was showing as elevated (seems outside air was showing worse than inside) - Had a contractor come and take part of the cabinet out and break into the back to see if possible rodents or decay: found nothing - checked where the sump pump was and no wetness on walls or ceiling going up - took apart outside window frame to see if mold, but nothing was moldy or damp Ever since breaking into the cabinet and drawer, the smell isn't as strong in that one area, but it is still present in the house, so it seems like it was getting trapped and concentrated there but is now flowing without obstacles. I've moved into a hotel, as I don't want to take any risks with not knowing what this is. I have been getting slight headaches when I go back to the house. I don't know what to do next. It's so strange and such a mystery. I researched online and tried everything I can think of. If any of you have experienced this or have any ideas, please let me know! I appreciate it!","Help! Mystery Paint Thinner Smell in House Hi everyone! I really need any advice or recommendations on what to do with my house. One week ago, the house started smelling like paint thinner. The day before the smell, the air conditioning stopped being cold. The hvac people came and fixed the ac (saying it was a broken capacitor, but not related to the paint thinner smell). The smell got worse the following days. The smell is throughout the house, but the strongest in the kitchen. It is specifically strong inside one of the kitchen drawers (3 drawers down from the sink and dishwasher). Right outside from the drawer is the pipe where the sump pump from the basement pumps out the water. I don't smell it coming from the ac vents. The basement doesn't have much of the smell at all, though some spots have it, but I think that's from opening the door to go down there. I haven't had any painting done in the house in years, so no new paint or paint thinner in the house in a long time. Here is what I have done so far: - Had gas company come: they said it wasn't a gas leak and everything looks fine from their end - Had hvac people come back out to see if ac leak could be the issue: they said freon is odorless and isn't what I'm smelling. I really had to push the guy to still check. He said things look fine with the ac - Noticed the p trap under the kitchen sink was leaking: had that replaced, aired out house for 2 days, but the smell is still coming out strong - had a mold testing company come: they did air quality tests and nothing was showing as elevated (seems outside air was showing worse than inside) - Had a contractor come and take part of the cabinet out and break into the back to see if possible rodents or decay: found nothing - checked where the sump pump was and no wetness on walls or ceiling going up - took apart outside window frame to see if mold, but nothing was moldy or damp Ever since breaking into the cabinet and drawer, the smell isn't as strong in that one area, but it is still present in the house, so it seems like it was getting trapped and concentrated there but is now flowing without obstacles. I've moved into a hotel, as I don't want to take any risks with not knowing what this is. I have been getting slight headaches when I go back to the house. I don't know what to do next. It's so strange and such a mystery. I researched online and tried everything I can think of. If any of you have experienced this or have any ideas, please let me know! I appreciate it!",https://www.reddit.com/r/HomeImprovement/comments/15uoblf/help_mystery_paint_thinner_smell_in_house/,3,3,https://www.reddit.com/r/HomeImprovement/comments/15uoblf/help_mystery_paint_thinner_smell_in_house/,gas smell,needs_review_medium_signal,,manual_review_pending,,medium_risk_call_pro,0.92,contained_water_damage:\bleak(?:s|ing|ed)?\b; trade_system_issue:\bhvac\b; mold_or_foundation_concern:\bmold\b; cosmetic_or_minor_finish:\bpaint(?:ing|ed)?\b,"{""low_risk_diy"": 2.2, ""medium_risk_call_pro"": 6.0}",no,,,,,MR0025,medium_risk_call_pro,1,Patrick,,
1th1pmr,HomeMaintenance,2026-05-18T21:22:05+00:00,Water damage in the basement,"I moved into my house just over a year ago. Last spring, there was a very small (quarter sized) discolouration in this corner. I cleaned it with Moldex and monitored it over the summer/fall without incident. We've had a very rainy spring here and while cleaning this room, I found mold on the wall by the baseboard. It also looks like there's water coming in from a nearby window. My questions: 1) is the window the most likely source of this? 2) what's my remediation process here and can I DIY some/all of it (limited income) 3) are there things I can do to reduce the likelihood of water coming through the window in the future? Any advice is appreciated. Water damage is a new frontier for me 🫠","Water damage in the basement I moved into my house just over a year ago. Last spring, there was a very small (quarter sized) discolouration in this corner. I cleaned it with Moldex and monitored it over the summer/fall without incident. We've had a very rainy spring here and while cleaning this room, I found mold on the wall by the baseboard. It also looks like there's water coming in from a nearby window. My questions: 1) is the window the most likely source of this? 2) what's my remediation process here and can I DIY some/all of it (limited income) 3) are there things I can do to reduce the likelihood of water coming through the window in the future? Any advice is appreciated. Water damage is a new frontier for me 🫠",https://www.reddit.com/r/HomeMaintenance/comments/1th1pmr/water_damage_in_the_basement/,1,2,https://www.reddit.com/gallery/1th1pmr,mold,needs_review_medium_signal,,manual_review_pending,,medium_risk_call_pro,0.87,contained_water_damage:\bwater damage(?:d)?\b; mold_or_foundation_concern:\bmold\b; cosmetic_or_minor_finish:\bbaseboard\b,"{""low_risk_diy"": 2.2, ""medium_risk_call_pro"": 4.0}",no,,,,,MR0037,medium_risk_call_pro,1,Patrick,,
1r89ot1,Plumbing,2026-02-18T17:40:24+00:00,Sudden issues,"Hi so , we are getting a restroom remodeled. We live in a modular home so basically a mobile home. We also recently changed the food disposal and some pipe under neath the sink. We also emptied out the septic tank and they check the leach. I mention all of this because we all of a sudden are having issues with running the water through the kitchen sink and using the washer and flushing a toilet at the same time. It cause the water to flood and it’s not clear why. We ran a snake and we used a cleaning bladder and the pipes are clear . The guys working on our restroom said that we have I think he said 2 inch pipes and they’re too small to handle all that pressure but idk I feel like it used to not happen but maybe we never noticed because we don’t always use all things at the same time. Im not sure. I feel like I should be able to wash dishes while my clothes washes. Idk","Sudden issues Hi so , we are getting a restroom remodeled. We live in a modular home so basically a mobile home. We also recently changed the food disposal and some pipe under neath the sink. We also emptied out the septic tank and they check the leach. I mention all of this because we all of a sudden are having issues with running the water through the kitchen sink and using the washer and flushing a toilet at the same time. It cause the water to flood and it’s not clear why. We ran a snake and we used a cleaning bladder and the pipes are clear . The guys working on our restroom said that we have I think he said 2 inch pipes and they’re too small to handle all that pressure but idk I feel like it used to not happen but maybe we never noticed because we don’t always use all things at the same time. Im not sure. I feel like I should be able to wash dishes while my clothes washes. Idk",https://www.reddit.com/r/Plumbing/comments/1r89ot1/sudden_issues/,4,6,https://www.reddit.com/r/Plumbing/comments/1r89ot1/sudden_issues/,flooding,needs_review_urgent_signal,,manual_review_pending,,medium_risk_call_pro,0.80,trade_system_issue:\bseptic\b,"{""medium_risk_call_pro"": 2.0}",no,,,,,MR0040,medium_risk_call_pro,1,Patrick,,
m1booa,askanelectrician,2021-03-09T17:37:43+00:00,Ungrounded outlet causing sparks in HDMI,Hello I recently purchased a home that has ungrounded outlets in the older section. In one room I attempted to use my laptop connected to a screen via HDMI port. When I went to plug the HDMI into my computer it caused sparks and ruined the cord (luckily not the laptop) and blew the fuse in that part of the house. If I installed a GFCI outlet would that fix the issue or just cause the outlet to trip and I still wouldn't be able to use the screen? What course of action do you recommend?,Ungrounded outlet causing sparks in HDMI Hello I recently purchased a home that has ungrounded outlets in the older section. In one room I attempted to use my laptop connected to a screen via HDMI port. When I went to plug the HDMI into my computer it caused sparks and ruined the cord (luckily not the laptop) and blew the fuse in that part of the house. If I installed a GFCI outlet would that fix the issue or just cause the outlet to trip and I still wouldn't be able to use the screen? What course of action do you recommend?,https://www.reddit.com/r/askanelectrician/comments/m1booa/ungrounded_outlet_causing_sparks_in_hdmi/,1,10,https://www.reddit.com/r/askanelectrician/comments/m1booa/ungrounded_outlet_causing_sparks_in_hdmi/,sparking outlet,needs_review_urgent_signal,,manual_review_pending,,urgent_safety_risk,0.82,fire_smoke_or_sparks:\bspark(?:s|ing|ed)?\b; trade_system_issue:\boutlets?\b,"{""medium_risk_call_pro"": 2.0, ""urgent_safety_risk"": 3.5}",no,,,,,MR0043,urgent_safety_risk,1,Patrick,,
1shzdrl,HomeMaintenance,2026-04-10T21:11:56+00:00,"Took these photos of the ceiling in my apartment. I was concerned for mold, maintenance said not mold but a poor paint job where 2 different white paints were used and one is “bleeding through”. Is that true or does this look like mold?",,"Took these photos of the ceiling in my apartment. I was concerned for mold, maintenance said not mold but a poor paint job where 2 different white paints were used and one is “bleeding through”. Is that true or does this look like mold?",https://www.reddit.com/r/HomeMaintenance/comments/1shzdrl/took_these_photos_of_the_ceiling_in_my_apartment/,1,1,https://www.reddit.com/gallery/1shzcb8,mold,needs_review_medium_signal,,manual_review_pending,,medium_risk_call_pro,0.67,mold_or_foundation_concern:\bmold\b; cosmetic_or_minor_finish:\bpaint(?:ing|ed)?\b,"{""low_risk_diy"": 2.2, ""medium_risk_call_pro"": 2.0}",yes,,,,,MR0045,needs_human_review,1,Patrick,,
12ws6h3,askanelectrician,2023-04-23T22:11:30+00:00,Reading on the drop and bonding wires.,"Early April the electric company was FINALLY able to come over and finish our upgrade from a 65amp to a 200amp (it only took them over a year). The work they had done was strictly outside. Lately our internet has been wonky (cutting out, losing connection). I finally got around to calling our servicer and they sent someone out on Tuesday to look at the problem. The guy said he fixed the issue and we shouldn’t have anymore problems but to contact them if we did. We had maaaaybe one good day (I’m being generous) but tacked up the crudy connection to the weather so I waited till Friday to contact the servicer. On Friday, the servicer was able to run some tests as I was contacting them via messaging and as able to give them specific times when the connection was slow or disconnected. Through those tests, they concluded the “issue is based on the signal that are (sic) coming into your home.” Ok, fine, send another technician out. So the technician arrived today and I told him what’s been going on and for the life of me, I have no idea why the upgrade to our box came up, but told him about it. He went outside for a bit then came back and checked the inside. He came back and said he can’t fix the problem as it was “unsafe conditions because there was .75 amps on the drop and bonding wire” (copied from the technicians notes) and that we should hire an electrician to come and fix the issue. Questions: *Is this something the electrical company could have done when they were finishing the upgrade? -If not, what could have caused the positive reading? *Could it have been the other technician from our servicer (the guy from Tuesday was only inside)?","Reading on the drop and bonding wires. Early April the electric company was FINALLY able to come over and finish our upgrade from a 65amp to a 200amp (it only took them over a year). The work they had done was strictly outside. Lately our internet has been wonky (cutting out, losing connection). I finally got around to calling our servicer and they sent someone out on Tuesday to look at the problem. The guy said he fixed the issue and we shouldn’t have anymore problems but to contact them if we did. We had maaaaybe one good day (I’m being generous) but tacked up the crudy connection to the weather so I waited till Friday to contact the servicer. On Friday, the servicer was able to run some tests as I was contacting them via messaging and as able to give them specific times when the connection was slow or disconnected. Through those tests, they concluded the “issue is based on the signal that are (sic) coming into your home.” Ok, fine, send another technician out. So the technician arrived today and I told him what’s been going on and for the life of me, I have no idea why the upgrade to our box came up, but told him about it. He went outside for a bit then came back and checked the inside. He came back and said he can’t fix the problem as it was “unsafe conditions because there was .75 amps on the drop and bonding wire” (copied from the technicians notes) and that we should hire an electrician to come and fix the issue. Questions: *Is this something the electrical company could have done when they were finishing the upgrade? -If not, what could have caused the positive reading? *Could it have been the other technician from our servicer (the guy from Tuesday was only inside)?",https://www.reddit.com/r/askanelectrician/comments/12ws6h3/reading_on_the_drop_and_bonding_wires/,2,4,https://www.reddit.com/r/askanelectrician/comments/12ws6h3/reading_on_the_drop_and_bonding_wires/,electrical issue,needs_review_unclear,,manual_review_pending,,,0.00,no_labeling_function_matched,{},yes,,,,,MR0046,needs_human_review,1,Patrick,,
1rnbqpv,HomeMaintenance,2026-03-07T14:46:34+00:00,Help!! Work Office,I was adding these tiles to my office so I can add pictures of my family. I went to remove one of them so I could fix the positioning and the paint peeled. How do I fix this???,Help!! Work Office I was adding these tiles to my office so I can add pictures of my family. I went to remove one of them so I could fix the positioning and the paint peeled. How do I fix this???,https://www.reddit.com/r/HomeMaintenance/comments/1rnbqpv/help_work_office/,2,2,https://www.reddit.com/gallery/1rnbqpv,paint peeling,needs_review_low_signal,,manual_review_pending,,low_risk_diy,0.82,cosmetic_or_minor_finish:\bpaint(?:ing|ed)?\b,"{""low_risk_diy"": 2.2}",no,,,,,MR0049,low_risk_diy,1,Patrick,,
zaqauk,HomeImprovement,2022-12-02T16:19:47+00:00,Smell of gas,Occasionally smell gas in house. Has anyone called national grid for this? What is the procedure? Do they knock down walls and fix the leak or do they pinpoint the source and task u to find a contractor?,Smell of gas Occasionally smell gas in house. Has anyone called national grid for this? What is the procedure? Do they knock down walls and fix the leak or do they pinpoint the source and task u to find a contractor?,https://www.reddit.com/r/HomeImprovement/comments/zaqauk/smell_of_gas/,1,3,https://www.reddit.com/r/HomeImprovement/comments/zaqauk/smell_of_gas/,gas smell,needs_review_urgent_signal,,manual_review_pending,,urgent_safety_risk,0.92,gas_or_carbon_monoxide:\bsmell(?:s|ing)? (?:like )?gas\b; contained_water_damage:\bleak(?:s|ing|ed)?\b,"{""medium_risk_call_pro"": 2.0, ""urgent_safety_risk"": 4.0}",no,,,,,MR0059,urgent_safety_risk,1,Patrick,,
1th6ka4,HomeImprovement,2026-05-19T00:25:13+00:00,We’re noticing water during heavy rain on interior concrete slab by exterior wall. Next Steps?,"Hi all, During heavy rain, we were noticing water on the slab by this corner wall. [See Pictures Here.](https://imgur.com/a/CNwnPUQ) This whole section of the house was an addition from the 70s, it was originally a sun room. I posted pictures from the inside and out. I know I’ll need gutters for the future, but I’m just wondering next steps. Not too rushed bc it doesn’t rain much where we live. I know I’ll probably have to remove the wood paneling to see behind that. On the outside I’m assuming it’s leaking bc of the joint between the brick, the concrete slab, and the garage wall. Do I remove the concrete between the brick and concrete slab and reseal? Same thing for the wall? It’s an older home, from 1950s. Rest of the house is raised foundation.","We’re noticing water during heavy rain on interior concrete slab by exterior wall. Next Steps? Hi all, During heavy rain, we were noticing water on the slab by this corner wall. [See Pictures Here.](https://imgur.com/a/CNwnPUQ) This whole section of the house was an addition from the 70s, it was originally a sun room. I posted pictures from the inside and out. I know I’ll need gutters for the future, but I’m just wondering next steps. Not too rushed bc it doesn’t rain much where we live. I know I’ll probably have to remove the wood paneling to see behind that. On the outside I’m assuming it’s leaking bc of the joint between the brick, the concrete slab, and the garage wall. Do I remove the concrete between the brick and concrete slab and reseal? Same thing for the wall? It’s an older home, from 1950s. Rest of the house is raised foundation.",https://www.reddit.com/r/HomeImprovement/comments/1th6ka4/were_noticing_water_during_heavy_rain_on_interior/,3,2,https://www.reddit.com/r/HomeImprovement/comments/1th6ka4/were_noticing_water_during_heavy_rain_on_interior/,leak,needs_review_medium_signal,,manual_review_pending,,medium_risk_call_pro,0.80,contained_water_damage:\bleak(?:s|ing|ed)?\b,"{""medium_risk_call_pro"": 2.0}",no,,,,,MR0061,medium_risk_call_pro,1,Patrick,,
1sgwunu,Plumbing,2026-04-09T17:49:33+00:00,What is this?,"This is my kitchen sink, the side not connected to the disposal. Anytime I pour a pot's worth of water down this drain it comes out this little pipe extension and floods the cabinet. Can I cap this off?","What is this? This is my kitchen sink, the side not connected to the disposal. Anytime I pour a pot's worth of water down this drain it comes out this little pipe extension and floods the cabinet. Can I cap this off?",https://www.reddit.com/r/Plumbing/comments/1sgwunu/what_is_this/,4,8,https://i.redd.it/e0botsg6d7ug1.jpeg,flooding,needs_review_unclear,,manual_review_pending,,,0.00,no_labeling_function_matched,{},yes,,,,,MR0064,needs_human_review,1,Patrick,,
1soi9gg,HomeMaintenance,2026-04-18T00:15:56+00:00,Drier is no longer screaming,"Following up on https://www.reddit.com/r/HomeMaintenance/s/ZwzZ5W474z - the demons have been vanquished. The thing was worryingly filthy inside. I cleaned it out, replaced the belt, and lubricated all the rollers. It seems fixed! Thanks to the people who gave me advice before. I’m a bit worried it was a fire hazard in its prior state. I don’t understand how it was so filthy. I clean the lint trap every time. I clean the exhaust every spring and it’s not that dirty.","Drier is no longer screaming Following up on https://www.reddit.com/r/HomeMaintenance/s/ZwzZ5W474z - the demons have been vanquished. The thing was worryingly filthy inside. I cleaned it out, replaced the belt, and lubricated all the rollers. It seems fixed! Thanks to the people who gave me advice before. I’m a bit worried it was a fire hazard in its prior state. I don’t understand how it was so filthy. I clean the lint trap every time. I clean the exhaust every spring and it’s not that dirty.",https://www.reddit.com/r/HomeMaintenance/comments/1soi9gg/drier_is_no_longer_screaming/,3,2,https://www.reddit.com/gallery/1soi9gg,mold,needs_review_unclear,,manual_review_pending,,urgent_safety_risk,0.95,fire_smoke_or_sparks:\bfire hazard\b,"{""urgent_safety_risk"": 3.5}",no,,,,,MR0065,urgent_safety_risk,1,Patrick,,
1sanzg3,Plumbing,2026-04-02T17:32:39+00:00,Mother's home: Basement Watchdog Sub Pump System,"Hello, I'm at my mother's. when she to get her laundry there was flooding around the sub pump so I went to check it out. The battery was dead, so I plugged a boat battery into it and it instantly sucked the water down. now that I got that out of the way, I could see what she had: It looks like a larger ""watchdog pump"" with a smaller ""Watchdog special"" hooked to it. I reset the switch at the outlet and the main pump began to run and gurgle but it instantly tripped, and the watchdog special began to do the work. I can't get the main pump to run without tripping the surge protected outlet it's plugged into. right now, I just have the watchdog special plugged in so it will charge my battery, but I have the main pump AC plug and the ""watchdog duel float controller"" unplugged. is this an electrical problem in my mother's basement? I know it's an older home, and she even has the older style 3 prong dryer.","Mother's home: Basement Watchdog Sub Pump System Hello, I'm at my mother's. when she to get her laundry there was flooding around the sub pump so I went to check it out. The battery was dead, so I plugged a boat battery into it and it instantly sucked the water down. now that I got that out of the way, I could see what she had: It looks like a larger ""watchdog pump"" with a smaller ""Watchdog special"" hooked to it. I reset the switch at the outlet and the main pump began to run and gurgle but it instantly tripped, and the watchdog special began to do the work. I can't get the main pump to run without tripping the surge protected outlet it's plugged into. right now, I just have the watchdog special plugged in so it will charge my battery, but I have the main pump AC plug and the ""watchdog duel float controller"" unplugged. is this an electrical problem in my mother's basement? I know it's an older home, and she even has the older style 3 prong dryer.",https://www.reddit.com/r/Plumbing/comments/1sanzg3/mothers_home_basement_watchdog_sub_pump_system/,1,2,https://www.reddit.com/gallery/1sanzg3,flooding,needs_review_urgent_signal,,manual_review_pending,,urgent_safety_risk,0.77,active_flooding_or_sewage:\bflooding\b; trade_system_issue:\boutlets?\b,"{""medium_risk_call_pro"": 2.0, ""urgent_safety_risk"": 3.0}",no,,,,,MR0067,urgent_safety_risk,1,Patrick,,
1r5wakr,HomeMaintenance,2026-02-16T01:34:29+00:00,Peeling ceiling paint around bathroom fan + brown staining — moisture issue? Best fix order?,"Hey all — looking for homeowner advice on the right way to fix this so it doesn’t come back. (Keeps coming back) Pic attached: ceiling paint is peeling and bubbling around the bathroom exhaust fan housing, with some brown staining. It’s flaking in sheets in a few spots and the drywall surface looks soft in at least one area.","Peeling ceiling paint around bathroom fan + brown staining — moisture issue? Best fix order? Hey all — looking for homeowner advice on the right way to fix this so it doesn’t come back. (Keeps coming back) Pic attached: ceiling paint is peeling and bubbling around the bathroom exhaust fan housing, with some brown staining. It’s flaking in sheets in a few spots and the drywall surface looks soft in at least one area.",https://www.reddit.com/r/HomeMaintenance/comments/1r5wakr/peeling_ceiling_paint_around_bathroom_fan_brown/,2,1,https://i.redd.it/6rvk6wftfrjg1.jpeg,paint peeling,needs_review_low_signal,,manual_review_pending,,low_risk_diy,0.82,cosmetic_or_minor_finish:\bpaint(?:ing|ed)?\b,"{""low_risk_diy"": 2.2}",no,,,,,MR0068,low_risk_diy,1,Patrick,,
krap8j,askanelectrician,2021-01-05T23:27:04+00:00,Round Peg Square Hole,"Old house. My landlord is a slumlord and ain't gonna do nothing here. The back porch has an overhead service box that had a crushed (and sparking!) light socket dangling by the wires - I wish I'd gotten a picture before I threw it away, but this is after I removed the offending light socket and [started to put in a porcelain one](https://i.imgur.com/sglxlOQ.png). The rusted screws broke off in there, and I'm pretty sure that faceplate was for an outlet, anyway. The only faceplate I found at the hardware store that had proper holes drilled [was this one](https://i.imgur.com/XzzG5qm.png), but it's holes weren't threaded. This tells me that I'm probably not supposed to do what I'm trying to do. Or that I need a new hardware store - but I think light enclosures should be round, no? I'm not going to be able to change the service box to round (is that what those enclosures are called?), and my slumlord isn't going to either. Is there such a faceplate I could slap in there? Or should I thread those holes and proceed? Get a different light socket? Or give up with the entire idea? Thanks, y'all!","Round Peg Square Hole Old house. My landlord is a slumlord and ain't gonna do nothing here. The back porch has an overhead service box that had a crushed (and sparking!) light socket dangling by the wires - I wish I'd gotten a picture before I threw it away, but this is after I removed the offending light socket and [started to put in a porcelain one](https://i.imgur.com/sglxlOQ.png). The rusted screws broke off in there, and I'm pretty sure that faceplate was for an outlet, anyway. The only faceplate I found at the hardware store that had proper holes drilled [was this one](https://i.imgur.com/XzzG5qm.png), but it's holes weren't threaded. This tells me that I'm probably not supposed to do what I'm trying to do. Or that I need a new hardware store - but I think light enclosures should be round, no? I'm not going to be able to change the service box to round (is that what those enclosures are called?), and my slumlord isn't going to either. Is there such a faceplate I could slap in there? Or should I thread those holes and proceed? Get a different light socket? Or give up with the entire idea? Thanks, y'all!",https://www.reddit.com/r/askanelectrician/comments/krap8j/round_peg_square_hole/,3,9,https://www.reddit.com/r/askanelectrician/comments/krap8j/round_peg_square_hole/,sparking outlet,needs_review_urgent_signal,,manual_review_pending,,urgent_safety_risk,0.82,fire_smoke_or_sparks:\bspark(?:s|ing|ed)?\b; trade_system_issue:\boutlets?\b,"{""medium_risk_call_pro"": 2.0, ""urgent_safety_risk"": 3.5}",no,,,,,MR0080,urgent_safety_risk,1,Patrick,,
1si3dqv,Plumbing,2026-04-10T23:56:44+00:00,Why is this leaking?,This is under my sink in my bathroom. First time trying to replace my double vanity/ sink myself. Nothing leaking out of the P trap or faucet connections just out of the part shown in the first photo. In the second photo I show how I put silicone caulking under the stopper. I don't understand why it is leaking. The sink right next to it is fine and has been fine for a week now. Could it be a defective part?,Why is this leaking? This is under my sink in my bathroom. First time trying to replace my double vanity/ sink myself. Nothing leaking out of the P trap or faucet connections just out of the part shown in the first photo. In the second photo I show how I put silicone caulking under the stopper. I don't understand why it is leaking. The sink right next to it is fine and has been fine for a week now. Could it be a defective part?,https://www.reddit.com/r/Plumbing/comments/1si3dqv/why_is_this_leaking/,15,51,https://www.reddit.com/gallery/1si3dqv,caulk,needs_review_medium_signal,,manual_review_pending,,medium_risk_call_pro,0.67,contained_water_damage:\bleak(?:s|ing|ed)?\b; cosmetic_or_minor_finish:\bcaulk(?:ing)?\b,"{""low_risk_diy"": 2.2, ""medium_risk_call_pro"": 2.0}",yes,,,,,MR0085,needs_human_review,1,Patrick,,
120234k,askanelectrician,2023-03-23T23:50:43+00:00,Several burnt electrical sockets in house,"We moved in several months ago and immediately noticed several sockets absolutely TOASTED - blackened, browned, some even with discoloration past the outlet covering. We haven't plugged anything to those for obvious safety concerns. We also haven't noticed any strange electrical happenings in the house. Is this potentially a serious issue that we need an electrician for, or can we just replace the outlets without worry?","Several burnt electrical sockets in house We moved in several months ago and immediately noticed several sockets absolutely TOASTED - blackened, browned, some even with discoloration past the outlet covering. We haven't plugged anything to those for obvious safety concerns. We also haven't noticed any strange electrical happenings in the house. Is this potentially a serious issue that we need an electrician for, or can we just replace the outlets without worry?",https://www.reddit.com/r/askanelectrician/comments/120234k/several_burnt_electrical_sockets_in_house/,2,5,https://www.reddit.com/r/askanelectrician/comments/120234k/several_burnt_electrical_sockets_in_house/,electrical issue,needs_review_medium_signal,,manual_review_pending,,medium_risk_call_pro,0.80,trade_system_issue:\boutlets?\b,"{""medium_risk_call_pro"": 2.0}",no,,,,,MR0088,medium_risk_call_pro,1,Patrick,,
1tij9de,Plumbing,2026-05-20T11:49:10+00:00,Is this a no-caulk shower pan?,This shower drain is pretty gross. I want to remove this stuff since it looks like it's not doing anything but I'm not sure if it's a no-caulk shower pan or not.,Is this a no-caulk shower pan? This shower drain is pretty gross. I want to remove this stuff since it looks like it's not doing anything but I'm not sure if it's a no-caulk shower pan or not.,https://www.reddit.com/r/Plumbing/comments/1tij9de/is_this_a_nocaulk_shower_pan/,1,1,https://www.reddit.com/gallery/1tij9de,caulk,needs_review_low_signal,,manual_review_pending,,low_risk_diy,0.82,cosmetic_or_minor_finish:\bcaulk(?:ing)?\b,"{""low_risk_diy"": 2.2}",no,,,,,MR0099,low_risk_diy,1,Patrick,,
12ykqrn,askanelectrician,2023-04-25T14:17:10+00:00,My house started to have short circuit problem,"My house rarely has any electrical issues, however, it was when my neighbor (one house away from my house) started to renovate their house to add one more additional floor. My plug socket for powering up peripherals started to smell smoke/burnt smell sometimes, my light started to flicker, my ceiling fans started to become slower or turned off all the way. Is this due to insufficient electrical supplied to my house since my neighbor hoard extra electric? May I know your opinion and suggestion for my problem, I am have zero knowledge regarding this. ps: I am lacking funds to call for personal electrician to do inspection","My house started to have short circuit problem My house rarely has any electrical issues, however, it was when my neighbor (one house away from my house) started to renovate their house to add one more additional floor. My plug socket for powering up peripherals started to smell smoke/burnt smell sometimes, my light started to flicker, my ceiling fans started to become slower or turned off all the way. Is this due to insufficient electrical supplied to my house since my neighbor hoard extra electric? May I know your opinion and suggestion for my problem, I am have zero knowledge regarding this. ps: I am lacking funds to call for personal electrician to do inspection",https://www.reddit.com/r/askanelectrician/comments/12ykqrn/my_house_started_to_have_short_circuit_problem/,1,11,https://www.reddit.com/r/askanelectrician/comments/12ykqrn/my_house_started_to_have_short_circuit_problem/,electrical issue,needs_review_urgent_signal,,manual_review_pending,,urgent_safety_risk,0.95,fire_smoke_or_sparks:\bsmoke\b,"{""urgent_safety_risk"": 3.5}",no,,,,,MR0101,urgent_safety_risk,1,Patrick,,
164odlz,HomeImprovement,2023-08-29T17:16:56+00:00,Fence installers hit gas line,"I had fence workers remove an old fence and install a new one. When installing, they hit a gas line and we could smell it clearly. We are in New Jersey. The installers are calling the gas company PSEG. Anybody have experience with this? Who pays to get it fixed? How long does it take? Thank you! EDIT: Update - we actually get gas from the Elizabeth Gas company. They were fantastic. They came over immediately and did a quick inspection of the site. They brought a reader inside the house and in the basement to see if there was seepage. Another team, fix the problem. Separately - they spotted a hole in a piece of wood in the foundation and advise we seal it. They also found an old gas line for gas dryers that was turned off but the outlet was open. They showed that and plugged it. After turning the gas line on - they verified that the water heater, heater, and the kitchen were working fine. Nothing was charged to us, but the fence company may get a fine. Thank you everybody for all the advise!","Fence installers hit gas line I had fence workers remove an old fence and install a new one. When installing, they hit a gas line and we could smell it clearly. We are in New Jersey. The installers are calling the gas company PSEG. Anybody have experience with this? Who pays to get it fixed? How long does it take? Thank you! EDIT: Update - we actually get gas from the Elizabeth Gas company. They were fantastic. They came over immediately and did a quick inspection of the site. They brought a reader inside the house and in the basement to see if there was seepage. Another team, fix the problem. Separately - they spotted a hole in a piece of wood in the foundation and advise we seal it. They also found an old gas line for gas dryers that was turned off but the outlet was open. They showed that and plugged it. After turning the gas line on - they verified that the water heater, heater, and the kitchen were working fine. Nothing was charged to us, but the fence company may get a fine. Thank you everybody for all the advise!",https://www.reddit.com/r/HomeImprovement/comments/164odlz/fence_installers_hit_gas_line/,2,4,https://www.reddit.com/r/HomeImprovement/comments/164odlz/fence_installers_hit_gas_line/,gas smell,needs_review_medium_signal,,manual_review_pending,,medium_risk_call_pro,0.80,trade_system_issue:\bwater heater\b,"{""medium_risk_call_pro"": 2.0}",no,,,,,MR0103,medium_risk_call_pro,1,Patrick,,
wezmzp,askanelectrician,2022-08-03T07:04:25+00:00,"Dropped metal onto plug in outlet popped/smoked, but power stayed on - replacement necessary?","I searched for answers to this question, but all the other posts where this scenario happened, the power turned off which isnt my case: I had a cell phone charger plugged into a GFCI outlet and accidentally dropped a metal necklace chain onto it while cleaning - it split the chain, sparked, made a popping sound and left black burn marks on both the outlet and charger plug (which I tossed), yet the little green light on the outlet stayed on the whole time (as well as the other lights/outlets the same circuit). Checked the breaker as well, and it didn't pop (sorry if I'm not using the correct terms!) I asked an electrician who said because the power remained after it happened, the damage to the outlet/receptacle is only cosmetic and to just clean off the black marks as a fix, but I'm nervous that may not be the case so looking for other opinions. I'd like to avoid spending $100s for an electrician to replace the receptacle for just cosmetic damage, but I'll do so if this poses a fire/safety hazard. tia! **\*edit\* thanks everyone for the feedback! I was unsuccessful in cleaning off the burn marks from the receptacle so looking to hire an electrician to just replace it**","Dropped metal onto plug in outlet popped/smoked, but power stayed on - replacement necessary? I searched for answers to this question, but all the other posts where this scenario happened, the power turned off which isnt my case: I had a cell phone charger plugged into a GFCI outlet and accidentally dropped a metal necklace chain onto it while cleaning - it split the chain, sparked, made a popping sound and left black burn marks on both the outlet and charger plug (which I tossed), yet the little green light on the outlet stayed on the whole time (as well as the other lights/outlets the same circuit). Checked the breaker as well, and it didn't pop (sorry if I'm not using the correct terms!) I asked an electrician who said because the power remained after it happened, the damage to the outlet/receptacle is only cosmetic and to just clean off the black marks as a fix, but I'm nervous that may not be the case so looking for other opinions. I'd like to avoid spending $100s for an electrician to replace the receptacle for just cosmetic damage, but I'll do so if this poses a fire/safety hazard. tia! **\*edit\* thanks everyone for the feedback! I was unsuccessful in cleaning off the burn marks from the receptacle so looking to hire an electrician to just replace it**",https://www.reddit.com/r/askanelectrician/comments/wezmzp/dropped_metal_onto_plug_in_outlet_poppedsmoked/,9,13,https://www.reddit.com/r/askanelectrician/comments/wezmzp/dropped_metal_onto_plug_in_outlet_poppedsmoked/,sparking outlet,needs_review_medium_signal,,manual_review_pending,,urgent_safety_risk,0.82,fire_smoke_or_sparks:\bspark(?:s|ing|ed)?\b; trade_system_issue:\bbreaker\b; cosmetic_or_minor_finish:\bcosmetic\b,"{""low_risk_diy"": 2.2, ""medium_risk_call_pro"": 2.0, ""urgent_safety_risk"": 3.5}",no,,,,,MR0110,urgent_safety_risk,1,Patrick,,
12r6ssj,HomeImprovement,2023-04-18T22:24:39+00:00,Sewer gas smell in the bathroom,"Getting a smell in our bathroom, but not sure where it's coming from. There's no floor drain so no dry P-trap, and no problems that I can tell with the shower or sink drains, and the wax ring on the toilet is only about 3 years old, and there isn't any water leakage from it anyway. Does anyone have any ideas? Am I overlooking anything?","Sewer gas smell in the bathroom Getting a smell in our bathroom, but not sure where it's coming from. There's no floor drain so no dry P-trap, and no problems that I can tell with the shower or sink drains, and the wax ring on the toilet is only about 3 years old, and there isn't any water leakage from it anyway. Does anyone have any ideas? Am I overlooking anything?",https://www.reddit.com/r/HomeImprovement/comments/12r6ssj/sewer_gas_smell_in_the_bathroom/,1,15,https://www.reddit.com/r/HomeImprovement/comments/12r6ssj/sewer_gas_smell_in_the_bathroom/,gas smell,needs_review_urgent_signal,,manual_review_pending,,urgent_safety_risk,0.95,gas_or_carbon_monoxide:\bgas smell\b,"{""urgent_safety_risk"": 4.0}",no,,,,,MR0111,urgent_safety_risk,1,Patrick,,
1tfzi82,HomeMaintenance,2026-05-17T19:38:43+00:00,Deck paint recommendations - need 2-3 years of life,"We intend to tear down our deck in 2-3 years to put up an extension or 3-season room. In the meantime, need to do something about the terrible chipped / worn away paint on our deck rails. Not sure the wife and I are up for the time investment to fully chip away and sand down the existing paint job. Particularly given how careful she’ll want to be to ensure no paint chips end up in the garden below. And with two kids under 5 running around. For a 2-3 year fix, could we go with a high-end exterior paint and just paint over the existing situation? (See photo). We’d pull up the most egregious old paint chips/flakes. I know it’s absolutely not the “right” answer, and isn’t a long term solve. Just trying to figure out if a quick job with the right paint could buy us a few years, or if it’ll be peeling off in 6 weeks. Thank you!","Deck paint recommendations - need 2-3 years of life We intend to tear down our deck in 2-3 years to put up an extension or 3-season room. In the meantime, need to do something about the terrible chipped / worn away paint on our deck rails. Not sure the wife and I are up for the time investment to fully chip away and sand down the existing paint job. Particularly given how careful she’ll want to be to ensure no paint chips end up in the garden below. And with two kids under 5 running around. For a 2-3 year fix, could we go with a high-end exterior paint and just paint over the existing situation? (See photo). We’d pull up the most egregious old paint chips/flakes. I know it’s absolutely not the “right” answer, and isn’t a long term solve. Just trying to figure out if a quick job with the right paint could buy us a few years, or if it’ll be peeling off in 6 weeks. Thank you!",https://www.reddit.com/r/HomeMaintenance/comments/1tfzi82/deck_paint_recommendations_need_23_years_of_life/,1,5,https://i.redd.it/sgmqqau93r1h1.jpeg,paint peeling,needs_review_low_signal,,manual_review_pending,,low_risk_diy,0.82,cosmetic_or_minor_finish:\bpaint(?:ing|ed)?\b,"{""low_risk_diy"": 2.2}",no,,,,,MR0112,low_risk_diy,1,Patrick,,
1ttt4f8,Plumbing,2026-06-01T14:00:24+00:00,The court yard drain got back flow when there is heavy rain. It flood in the basement. What do you think we need to do?,,The court yard drain got back flow when there is heavy rain. It flood in the basement. What do you think we need to do?,https://www.reddit.com/r/Plumbing/comments/1ttt4f8/the_court_yard_drain_got_back_flow_when_there_is/,15,9,https://www.reddit.com/r/Plumbing/comments/1ttt4f8/the_court_yard_drain_got_back_flow_when_there_is/,flooding,needs_review_urgent_signal,,manual_review_pending,,,0.00,no_labeling_function_matched,{},yes,,,,,MR0116,needs_human_review,1,Patrick,,
1ts5kju,HomeImprovement,2026-05-30T17:11:06+00:00,How to cover leak detection device that sticks 4 inches out of wall in finished basement,"Our insurance forced us to get a leak detection system installed, and our water main is in the back of our finished basement. Previously there was the typical flat access panel over the water main, but the leak detection device sticks out 4 inches past the dry wall so we obviously can’t just put it back there and the wall is currently open. I am deciding between having a dry wall bump out the 4 inches and the putting the flat access panel back over it, vs making basically a cabinent over it that you open and just opens up to then water shut off. Either way, it will have to have a small hole in it for the cord for the device to come though as it has to be plugged in.","How to cover leak detection device that sticks 4 inches out of wall in finished basement Our insurance forced us to get a leak detection system installed, and our water main is in the back of our finished basement. Previously there was the typical flat access panel over the water main, but the leak detection device sticks out 4 inches past the dry wall so we obviously can’t just put it back there and the wall is currently open. I am deciding between having a dry wall bump out the 4 inches and the putting the flat access panel back over it, vs making basically a cabinent over it that you open and just opens up to then water shut off. Either way, it will have to have a small hole in it for the cord for the device to come though as it has to be plugged in.",https://www.reddit.com/r/HomeImprovement/comments/1ts5kju/how_to_cover_leak_detection_device_that_sticks_4/,5,3,https://www.reddit.com/r/HomeImprovement/comments/1ts5kju/how_to_cover_leak_detection_device_that_sticks_4/,leak,needs_review_medium_signal,,manual_review_pending,,medium_risk_call_pro,0.67,contained_water_damage:\bleak(?:s|ing|ed)?\b; cosmetic_or_minor_finish:\bsmall hole\b,"{""low_risk_diy"": 2.2, ""medium_risk_call_pro"": 2.0}",yes,,,,,MR0117,needs_human_review,1,Patrick,,
16wcdor,HomeImprovement,2023-09-30T17:18:33+00:00,Smell Gas in Basement,I have lived in my home my whole life. I often smell gas in our basement. I have had the gas company come of several times and they never detect anything. My mom says this has been going on since they built the place in the early 90s. What could this smell be if it is not natural gas or carbon monoxide?,Smell Gas in Basement I have lived in my home my whole life. I often smell gas in our basement. I have had the gas company come of several times and they never detect anything. My mom says this has been going on since they built the place in the early 90s. What could this smell be if it is not natural gas or carbon monoxide?,https://www.reddit.com/r/HomeImprovement/comments/16wcdor/smell_gas_in_basement/,1,1,https://www.reddit.com/r/HomeImprovement/comments/16wcdor/smell_gas_in_basement/,gas smell,needs_review_urgent_signal,,manual_review_pending,,urgent_safety_risk,0.95,gas_or_carbon_monoxide:\bsmell(?:s|ing)? (?:like )?gas\b,"{""urgent_safety_risk"": 4.0}",no,,,,,MR0118,urgent_safety_risk,1,Patrick,,
1ttbl12,HomeImprovement,2026-05-31T23:57:30+00:00,Basement Window Leak Advice,"Hi there, I'm currently dealing with a leaking basement window and I'm wondering if anyone might have had a similar issue that can help me out. The window is in the basement connected to a window well. It doesn't seem like the window well itself is filling up and I have my gutters away from the window. Does anyone know what kind of person I need to find to rectify this issue? When I put my hand near the side of the window I feel some air flow on one side where water is coming in from. Also any advice as to what I should do in the meantime until this rain stops in a couple days? TIA! Some photos of the inside and the exterior window. https://imgur.com/a/WGjgjK1","Basement Window Leak Advice Hi there, I'm currently dealing with a leaking basement window and I'm wondering if anyone might have had a similar issue that can help me out. The window is in the basement connected to a window well. It doesn't seem like the window well itself is filling up and I have my gutters away from the window. Does anyone know what kind of person I need to find to rectify this issue? When I put my hand near the side of the window I feel some air flow on one side where water is coming in from. Also any advice as to what I should do in the meantime until this rain stops in a couple days? TIA! Some photos of the inside and the exterior window. https://imgur.com/a/WGjgjK1",https://www.reddit.com/r/HomeImprovement/comments/1ttbl12/basement_window_leak_advice/,2,1,https://www.reddit.com/r/HomeImprovement/comments/1ttbl12/basement_window_leak_advice/,leak,needs_review_medium_signal,,manual_review_pending,,medium_risk_call_pro,0.80,contained_water_damage:\bleak(?:s|ing|ed)?\b,"{""medium_risk_call_pro"": 2.0}",no,,,,,MR0120,medium_risk_call_pro,1,Patrick,,
15fab54,hvacadvice,2023-08-01T11:50:41+00:00,Line Set Question,"I'm used to seeing a line set come out of the wall and over to the condenser. This is a first for me, but my line set on my five year old house is coming out of the ground and then connecting to the condenser. It makes it hard to mow and trim around for fear I'm going to break something loose. Is it common to direct bury line set?","Line Set Question I'm used to seeing a line set come out of the wall and over to the condenser. This is a first for me, but my line set on my five year old house is coming out of the ground and then connecting to the condenser. It makes it hard to mow and trim around for fear I'm going to break something loose. Is it common to direct bury line set?",https://www.reddit.com/r/hvacadvice/comments/15fab54/line_set_question/,1,0,https://www.reddit.com/r/hvacadvice/comments/15fab54/line_set_question/,loose trim,needs_review_low_signal,,manual_review_pending,,low_risk_diy,0.82,cosmetic_or_minor_finish:\btrim\b,"{""low_risk_diy"": 2.2}",no,,,,,MR0124,low_risk_diy,1,Patrick,,
1p1kea5,HomeMaintenance,2025-11-19T21:26:44+00:00,Cinder block wall question,"We have lived in our house for two years now and this one section of wall has always has what looked like a little bubbling at the joints. It had been painted over so I never really questioned it but today I was hyper-fixated and kept poking different spots and got peeling paint but also a sandy concrete powder. Is this something I need to worry about or get looked at right away? For reference, we live in PA in a single family split level home. House is about 70 years old. The section of wall is an exterior wall and probably sits about 1-2 feet below a mulch bed. Any input or advice would be greatly appreciated. This is our first home so the list of projects and repairs has been endless. Thanks!","Cinder block wall question We have lived in our house for two years now and this one section of wall has always has what looked like a little bubbling at the joints. It had been painted over so I never really questioned it but today I was hyper-fixated and kept poking different spots and got peeling paint but also a sandy concrete powder. Is this something I need to worry about or get looked at right away? For reference, we live in PA in a single family split level home. House is about 70 years old. The section of wall is an exterior wall and probably sits about 1-2 feet below a mulch bed. Any input or advice would be greatly appreciated. This is our first home so the list of projects and repairs has been endless. Thanks!",https://www.reddit.com/r/HomeMaintenance/comments/1p1kea5/cinder_block_wall_question/,1,3,https://www.reddit.com/gallery/1p1kea5,paint peeling,needs_review_low_signal,,manual_review_pending,,low_risk_diy,0.82,cosmetic_or_minor_finish:\bpaint(?:ing|ed)?\b,"{""low_risk_diy"": 2.2}",no,,,,,MR0132,low_risk_diy,1,Patrick,,
1trxs7s,HomeMaintenance,2026-05-30T11:48:15+00:00,Dryer venting,Dryer vent cap and hole in wood aren’t aligned causing vent tube to fall out. Basically a 10 ft pipe with no supports except where it goes through the floor. Because of this it’s causing condensation when running and making small molding around pipe. It originally went through wall/ through a closet outside but they plugged both sides and routed it up. The second photo is what it looks like inside old dryer vent route. I don’t know if I should keep it the way it is and fix it. Or return it to its original design. Any thoughts are appreciated thank you.🙏🏻,Dryer venting Dryer vent cap and hole in wood aren’t aligned causing vent tube to fall out. Basically a 10 ft pipe with no supports except where it goes through the floor. Because of this it’s causing condensation when running and making small molding around pipe. It originally went through wall/ through a closet outside but they plugged both sides and routed it up. The second photo is what it looks like inside old dryer vent route. I don’t know if I should keep it the way it is and fix it. Or return it to its original design. Any thoughts are appreciated thank you.🙏🏻,https://www.reddit.com/r/HomeMaintenance/comments/1trxs7s/dryer_venting/,0,3,https://www.reddit.com/gallery/1trxs7s,mold,needs_review_unclear,,manual_review_pending,,,0.00,no_labeling_function_matched,{},yes,,,,,MR0133,needs_human_review,1,Patrick,,
1sq1ytf,Plumbing,2026-04-19T19:06:04+00:00,Silicone or plumber's putty,"Bathroom seak had a leaky hot water lever/handle so I removed it in order to replace it. After removing it, I found a tiny chip out of the sink surface. The other two holes (spout and cold water are fine). To install a new one, would you just use a ring of putty around the base as usual, or does a chip like this warrant additional steps (eg, bead of silicone caulk on the chip first, or silicone only to create a better seal, etc, etc)? It's super small, and even at its deepest, not as thick as the penny next to it. Thanks very much for any help!","Silicone or plumber's putty Bathroom seak had a leaky hot water lever/handle so I removed it in order to replace it. After removing it, I found a tiny chip out of the sink surface. The other two holes (spout and cold water are fine). To install a new one, would you just use a ring of putty around the base as usual, or does a chip like this warrant additional steps (eg, bead of silicone caulk on the chip first, or silicone only to create a better seal, etc, etc)? It's super small, and even at its deepest, not as thick as the penny next to it. Thanks very much for any help!",https://www.reddit.com/r/Plumbing/comments/1sq1ytf/silicone_or_plumbers_putty/,0,10,https://www.reddit.com/gallery/1sq1ytf,caulk,needs_review_low_signal,,manual_review_pending,,low_risk_diy,0.82,cosmetic_or_minor_finish:\bcaulk(?:ing)?\b,"{""low_risk_diy"": 2.2}",no,,,,,MR0137,low_risk_diy,1,Patrick,,
1s47f2x,DIY,2026-03-26T13:25:49+00:00,I tried to DIY a solar tonneau cover for 6 months. then I just bought one and I have feelings,"Let me save you the journey because I documented enough failure for everyone. month 1: stuck flexible amazon solar panels to my trifold tonneau with 3m vhb tape. worked for one week before the panels started peeling from heat expansion on the vinyl. month 2: tried rivets. drilled through the cover , it now leaks. panels are secure but so is the water flowing into my truck bed when it rains. month 3: bought aluminum sheet to build a rigid mounting substrate. spent two weekends cutting and bending .It didn't fit because tonneau covers are contoured and I am not a sheet metal fabricator despite what youtube told me. month 4: wired up an mppt controller from amazon. worked great until it got wet because I mounted it under the cover where as established, water flows freely. month 5: tried to weatherproof everything with silicone and marine sealant. truck bed looked like it lost a fight with a caulk gun. month 6: accepted defeat. Ordered the worksport solis, it's a brand new product from an american company which I wasn't expecting in this space diy total: about 650 bucks in parts, a destroyed tonneau cover worth 400, and six months of weekends. solis was about 2 grand and works perfectly out of the box. sometimes buying the thing is cheaper than building it, especially when you factor in your time and your dignity.""","I tried to DIY a solar tonneau cover for 6 months. then I just bought one and I have feelings Let me save you the journey because I documented enough failure for everyone. month 1: stuck flexible amazon solar panels to my trifold tonneau with 3m vhb tape. worked for one week before the panels started peeling from heat expansion on the vinyl. month 2: tried rivets. drilled through the cover , it now leaks. panels are secure but so is the water flowing into my truck bed when it rains. month 3: bought aluminum sheet to build a rigid mounting substrate. spent two weekends cutting and bending .It didn't fit because tonneau covers are contoured and I am not a sheet metal fabricator despite what youtube told me. month 4: wired up an mppt controller from amazon. worked great until it got wet because I mounted it under the cover where as established, water flows freely. month 5: tried to weatherproof everything with silicone and marine sealant. truck bed looked like it lost a fight with a caulk gun. month 6: accepted defeat. Ordered the worksport solis, it's a brand new product from an american company which I wasn't expecting in this space diy total: about 650 bucks in parts, a destroyed tonneau cover worth 400, and six months of weekends. solis was about 2 grand and works perfectly out of the box. sometimes buying the thing is cheaper than building it, especially when you factor in your time and your dignity.""",https://www.reddit.com/r/DIY/comments/1s47f2x/i_tried_to_diy_a_solar_tonneau_cover_for_6_months/,0,9,https://www.reddit.com/r/DIY/comments/1s47f2x/i_tried_to_diy_a_solar_tonneau_cover_for_6_months/,water leak,needs_review_medium_signal,,manual_review_pending,,medium_risk_call_pro,0.67,contained_water_damage:\bleak(?:s|ing|ed)?\b; cosmetic_or_minor_finish:\bcaulk(?:ing)?\b,"{""low_risk_diy"": 2.2, ""medium_risk_call_pro"": 2.0}",yes,,,,,MR0142,needs_human_review,1,Patrick,,
hmv4nu,askanelectrician,2020-07-07T14:05:04+00:00,What to do after recent nearby electrical strike?,"100+ yr old home with mostly new wiring (damn hard to tell), but I assume some of the knob and tube is still alive. There are two 200 amp service panels into the house with several sub-panels. We had a big storm with lots of lightning - during one nearby strike, sparks started coming out of a door frame with accompanying ""shorting"" sounds. I assume there is a wire run up and around the door frame or there is a hidden box inside the wall. The main two panels have 17 year old ""whole house surge"" boxes on them. The green idiot light on one of them is no longer lit, but to be fair, it could have gone out any time in the past few years. I did flip the whole house off for the rest of the storm and everything seemed functional after I flipped everything back on, although we definitely haven't tested every light and outlet in the house. I spoke to a neighbor and they had a similar situation during the strike although their sparking was an outlet on the wall. I called the first electrician and they want their ""lightning strike"" guy to call me back. It sounds like some sort of inspect your house kind of deal... which gives me the insurance scam heebie jeebies. Thoughts? What are the best steps to take after potential lightning damage?","What to do after recent nearby electrical strike? 100+ yr old home with mostly new wiring (damn hard to tell), but I assume some of the knob and tube is still alive. There are two 200 amp service panels into the house with several sub-panels. We had a big storm with lots of lightning - during one nearby strike, sparks started coming out of a door frame with accompanying ""shorting"" sounds. I assume there is a wire run up and around the door frame or there is a hidden box inside the wall. The main two panels have 17 year old ""whole house surge"" boxes on them. The green idiot light on one of them is no longer lit, but to be fair, it could have gone out any time in the past few years. I did flip the whole house off for the rest of the storm and everything seemed functional after I flipped everything back on, although we definitely haven't tested every light and outlet in the house. I spoke to a neighbor and they had a similar situation during the strike although their sparking was an outlet on the wall. I called the first electrician and they want their ""lightning strike"" guy to call me back. It sounds like some sort of inspect your house kind of deal... which gives me the insurance scam heebie jeebies. Thoughts? What are the best steps to take after potential lightning damage?",https://www.reddit.com/r/askanelectrician/comments/hmv4nu/what_to_do_after_recent_nearby_electrical_strike/,1,1,https://www.reddit.com/r/askanelectrician/comments/hmv4nu/what_to_do_after_recent_nearby_electrical_strike/,sparking outlet,needs_review_urgent_signal,,manual_review_pending,,urgent_safety_risk,0.82,fire_smoke_or_sparks:\bspark(?:s|ing|ed)?\b; trade_system_issue:\boutlets?\b,"{""medium_risk_call_pro"": 2.0, ""urgent_safety_risk"": 3.5}",no,,,,,MR0146,urgent_safety_risk,1,Patrick,,
1sh2zem,Plumbing,2026-04-09T21:30:49+00:00,2 Bidets Turned On While I Was Out,"I believe this may be related to a water pressure issue, but I’m not entirely certain. I have two bidets in my home, one upstairs and one downstairs, and both have been installed for over six months without any prior issues. When I returned home from work today, it appeared that both bidets had been activated for a small period of time, spraying water around the toilets and lightly soaking the surrounding floors. While it was not severe enough to cause flooding, it did require cleanup with towels. Initially, I suspected that the supply line for the basement bidet may have been failing or improperly connected; however, the fact that the upstairs unit experienced the same issue at the same time leads me to believe there may be a broader cause. I cleaned and dried both areas two hours ago, and since then, I have not seen any additional leaking or water discharge. Any ideas? My only guess is the city line is being worked on somewhere but no other facets or water sources in my house have have had any issue.","2 Bidets Turned On While I Was Out I believe this may be related to a water pressure issue, but I’m not entirely certain. I have two bidets in my home, one upstairs and one downstairs, and both have been installed for over six months without any prior issues. When I returned home from work today, it appeared that both bidets had been activated for a small period of time, spraying water around the toilets and lightly soaking the surrounding floors. While it was not severe enough to cause flooding, it did require cleanup with towels. Initially, I suspected that the supply line for the basement bidet may have been failing or improperly connected; however, the fact that the upstairs unit experienced the same issue at the same time leads me to believe there may be a broader cause. I cleaned and dried both areas two hours ago, and since then, I have not seen any additional leaking or water discharge. Any ideas? My only guess is the city line is being worked on somewhere but no other facets or water sources in my house have have had any issue.",https://www.reddit.com/r/Plumbing/comments/1sh2zem/2_bidets_turned_on_while_i_was_out/,1,1,https://www.reddit.com/r/Plumbing/comments/1sh2zem/2_bidets_turned_on_while_i_was_out/,flooding,needs_review_urgent_signal,,manual_review_pending,,urgent_safety_risk,0.77,active_flooding_or_sewage:\bflooding\b; contained_water_damage:\bleak(?:s|ing|ed)?\b,"{""medium_risk_call_pro"": 2.0, ""urgent_safety_risk"": 3.0}",no,,,,,MR0148,urgent_safety_risk,1,Patrick,,
17ylnw6,HomeImprovement,2023-11-19T01:29:22+00:00,Smoke alarm going off without smoke,"Over the past 2 days one of my smoke alarms has gone off four times. It is in the same room as my washer, dryer, and gas water heater. I already replaced the battery to ensure it wasn’t that. There is no smell or visual of smoke and all three units appear to be operating normally otherwise. High humidity could maybe be the culprit (?) but wanted to check with those smarter than me. Anything I may not be thinking of?","Smoke alarm going off without smoke Over the past 2 days one of my smoke alarms has gone off four times. It is in the same room as my washer, dryer, and gas water heater. I already replaced the battery to ensure it wasn’t that. There is no smell or visual of smoke and all three units appear to be operating normally otherwise. High humidity could maybe be the culprit (?) but wanted to check with those smarter than me. Anything I may not be thinking of?",https://www.reddit.com/r/HomeImprovement/comments/17ylnw6/smoke_alarm_going_off_without_smoke/,0,12,https://www.reddit.com/r/HomeImprovement/comments/17ylnw6/smoke_alarm_going_off_without_smoke/,gas smell,needs_review_urgent_signal,,manual_review_pending,,urgent_safety_risk,0.82,fire_smoke_or_sparks:\bsmoke\b; trade_system_issue:\bwater heater\b,"{""medium_risk_call_pro"": 2.0, ""urgent_safety_risk"": 3.5}",no,,,,,MR0150,urgent_safety_risk,1,Patrick,,
12b8hum,askanelectrician,2023-04-04T04:04:28+00:00,Tell me about this outlet,Just moved and nearly all the outlets look like this. Only a few in the kitchen have a ground port but I haven't checked if there is even a ground wire behind the kitchen outlets. I've replaced three of these already and there's no ground wire. I know very little about electrical so is this concerning? Would it be a DIY job to replace the current cables to add a grounding wire? Also several outlets spark when used.,Tell me about this outlet Just moved and nearly all the outlets look like this. Only a few in the kitchen have a ground port but I haven't checked if there is even a ground wire behind the kitchen outlets. I've replaced three of these already and there's no ground wire. I know very little about electrical so is this concerning? Would it be a DIY job to replace the current cables to add a grounding wire? Also several outlets spark when used.,https://www.reddit.com/r/askanelectrician/comments/12b8hum/tell_me_about_this_outlet/,2,14,https://i.redd.it/9yerpi8c2ura1.png,sparking outlet,needs_review_urgent_signal,,manual_review_pending,,urgent_safety_risk,0.82,fire_smoke_or_sparks:\bspark(?:s|ing|ed)?\b; trade_system_issue:\boutlets?\b,"{""medium_risk_call_pro"": 2.0, ""urgent_safety_risk"": 3.5}",no,,,,,MR0156,urgent_safety_risk,1,Patrick,,
1t8kt0f,DIY,2026-05-09T20:29:32+00:00,Fixing broken irrigation line,"I've got about 300' of buried pvc irrigation line that I laid about 5 years ago. I think this past winter finally did it in. I always blow the line out before the first frost but something must have shifted or otherwise cracked it because it won't build any pressure and the water fill just runs forever. So what's the best way to try and find the leak? It's about 2 feet down. I can quickly narrow down sections and rule out where the break isn't but unless I get really lucky and see shattered pipe, I don't want to drill holes and see if water sprays out. What's a good way to test the integrity of the pipe at certain intervals?","Fixing broken irrigation line I've got about 300' of buried pvc irrigation line that I laid about 5 years ago. I think this past winter finally did it in. I always blow the line out before the first frost but something must have shifted or otherwise cracked it because it won't build any pressure and the water fill just runs forever. So what's the best way to try and find the leak? It's about 2 feet down. I can quickly narrow down sections and rule out where the break isn't but unless I get really lucky and see shattered pipe, I don't want to drill holes and see if water sprays out. What's a good way to test the integrity of the pipe at certain intervals?",https://www.reddit.com/r/DIY/comments/1t8kt0f/fixing_broken_irrigation_line/,36,20,https://www.reddit.com/r/DIY/comments/1t8kt0f/fixing_broken_irrigation_line/,water leak,needs_review_medium_signal,,manual_review_pending,,medium_risk_call_pro,0.80,contained_water_damage:\bleak(?:s|ing|ed)?\b,"{""medium_risk_call_pro"": 2.0}",no,,,,,MR0160,medium_risk_call_pro,1,Patrick,,
1rptgf9,Plumbing,2026-03-10T10:38:28+00:00,Basement flooded. First time any indication of water issues since buying the house.,"We bought the house in 2019. The basement is partially finished and was carpeted in the finished area. It’s spring and we had a decent rain in Chicagoland 3 days ago. I have 2 sump pumps. One pit has a low water level, and one pit has a high water level. Both pumps are working when tested, but the discharge pipe for the one towards the back of the home (the one that flooded) is crusted with minerals and dirt. As soon as the float on the pump that flooded is lifted, it drains the pit, but water flows back in immediately (takes about 20 seconds) and it sits at the level it’s currently at with about 15” of water in the pit. We are due for a rainstorm tonight. Any advice would be very welcome. We ripped out the carpet and I’ve had box fans and dehumidifier running for 48 hours with no signs of more water issues, but it has been sunny with no rain the whole time.","Basement flooded. First time any indication of water issues since buying the house. We bought the house in 2019. The basement is partially finished and was carpeted in the finished area. It’s spring and we had a decent rain in Chicagoland 3 days ago. I have 2 sump pumps. One pit has a low water level, and one pit has a high water level. Both pumps are working when tested, but the discharge pipe for the one towards the back of the home (the one that flooded) is crusted with minerals and dirt. As soon as the float on the pump that flooded is lifted, it drains the pit, but water flows back in immediately (takes about 20 seconds) and it sits at the level it’s currently at with about 15” of water in the pit. We are due for a rainstorm tonight. Any advice would be very welcome. We ripped out the carpet and I’ve had box fans and dehumidifier running for 48 hours with no signs of more water issues, but it has been sunny with no rain the whole time.",https://www.reddit.com/r/Plumbing/comments/1rptgf9/basement_flooded_first_time_any_indication_of/,1,6,https://www.reddit.com/gallery/1rptgf9,flooding,needs_review_urgent_signal,,manual_review_pending,,urgent_safety_risk,0.90,active_flooding_or_sewage:\bflooded\b,"{""urgent_safety_risk"": 3.0}",no,,,,,MR0166,urgent_safety_risk,1,Patrick,,
1syifcd,DIY,2026-04-28T23:54:15+00:00,Repainting old barn,"I am replacing the front of this old barn (it looks rougher than it really is) and need to paint the new wood. While I’d love to stain the new wood, the old wood as you can see is peeling and trying to get it off/replace planks to get it to match new wood is more effort than I can give it. How would you approach re-painting the whole barn? what type paint? system of application? thanks so much, Carrie","Repainting old barn I am replacing the front of this old barn (it looks rougher than it really is) and need to paint the new wood. While I’d love to stain the new wood, the old wood as you can see is peeling and trying to get it off/replace planks to get it to match new wood is more effort than I can give it. How would you approach re-painting the whole barn? what type paint? system of application? thanks so much, Carrie",https://www.reddit.com/r/DIY/comments/1syifcd/repainting_old_barn/,0,1,https://www.reddit.com/r/DIY/comments/1syifcd/repainting_old_barn/,paint peeling,needs_review_low_signal,,manual_review_pending,,low_risk_diy,0.82,cosmetic_or_minor_finish:\bpaint(?:ing|ed)?\b,"{""low_risk_diy"": 2.2}",no,,,,,MR0167,low_risk_diy,1,Patrick,,
1tmmqnc,HomeImprovement,2026-05-24T20:07:25+00:00,Need help temporarily patching a hole in my kitchen floor.,"Hello, I live in an older mobile home. We had a leak recently and the floor being wet for a couple of days in the kitchen completely wrecked it. There were already problems with the kitchen floor and this just put it over the edge. It is buckled in places causing it to be uneven, but my main concern is a soft spot that if a tiny bit of pressure is applied to it will fall through, creating a decent sized hole in the entrance to the kitchen. We are currently trying to buy a house. We cant afford to sink any more money on repairs into this trailer. We just need to get a couple more months out of this place. The only thing I can think to do is to buy a big piece of plywood that covers all or most of the kitchen and have it cut to size at Home Depot. Then put stick on tiles on it so it’s cleanable. My question with that is, how could I keep the plywood from bouncing and sliding around since the floor is no longer flat. Any help or ideas are greatly appreciated.","Need help temporarily patching a hole in my kitchen floor. Hello, I live in an older mobile home. We had a leak recently and the floor being wet for a couple of days in the kitchen completely wrecked it. There were already problems with the kitchen floor and this just put it over the edge. It is buckled in places causing it to be uneven, but my main concern is a soft spot that if a tiny bit of pressure is applied to it will fall through, creating a decent sized hole in the entrance to the kitchen. We are currently trying to buy a house. We cant afford to sink any more money on repairs into this trailer. We just need to get a couple more months out of this place. The only thing I can think to do is to buy a big piece of plywood that covers all or most of the kitchen and have it cut to size at Home Depot. Then put stick on tiles on it so it’s cleanable. My question with that is, how could I keep the plywood from bouncing and sliding around since the floor is no longer flat. Any help or ideas are greatly appreciated.",https://www.reddit.com/r/HomeImprovement/comments/1tmmqnc/need_help_temporarily_patching_a_hole_in_my/,1,2,https://www.reddit.com/r/HomeImprovement/comments/1tmmqnc/need_help_temporarily_patching_a_hole_in_my/,leak,needs_review_medium_signal,,manual_review_pending,,medium_risk_call_pro,0.80,contained_water_damage:\bleak(?:s|ing|ed)?\b,"{""medium_risk_call_pro"": 2.0}",no,,,,,MR0168,medium_risk_call_pro,1,Patrick,,
1tf6266,HomeImprovement,2026-05-16T21:26:28+00:00,Chemical/VOC Smell in laundry room after roofers patched around dryer vent,"The titles pretty much sums it up. I had roofers come out a couple days ago to fix a small leak which was around the dryer vent exhaust on the roof. While they were up there I had the dryer running and came in to the laundry room and smelled a nail polish remover smell so I assumed lint or wires were burning. I unhooked the dryer, took it apart, saw nothing wrong, cleaned out vent pipe with a drill brush that reached the roof and nothing. It’s been 2 days and unless I run the dryer on fluff (blows air with no heat) constantly the room ends up smelling like this chemical smell with the dryer off. I’m wondering if it’s not from the sealant or tar on the roof curing? I haven’t run the dryer with heat since this happened. Any ideas? Edit: went up to roof and found a small piece of sealant hanging from the laundry room air vent and it smells exactly like the smell in the laundry room. Unless they accidentally put some in the vent pipe itself I don’t see how the fumes could get into my house.","Chemical/VOC Smell in laundry room after roofers patched around dryer vent The titles pretty much sums it up. I had roofers come out a couple days ago to fix a small leak which was around the dryer vent exhaust on the roof. While they were up there I had the dryer running and came in to the laundry room and smelled a nail polish remover smell so I assumed lint or wires were burning. I unhooked the dryer, took it apart, saw nothing wrong, cleaned out vent pipe with a drill brush that reached the roof and nothing. It’s been 2 days and unless I run the dryer on fluff (blows air with no heat) constantly the room ends up smelling like this chemical smell with the dryer off. I’m wondering if it’s not from the sealant or tar on the roof curing? I haven’t run the dryer with heat since this happened. Any ideas? Edit: went up to roof and found a small piece of sealant hanging from the laundry room air vent and it smells exactly like the smell in the laundry room. Unless they accidentally put some in the vent pipe itself I don’t see how the fumes could get into my house.",https://www.reddit.com/r/HomeImprovement/comments/1tf6266/chemicalvoc_smell_in_laundry_room_after_roofers/,2,2,https://www.reddit.com/r/HomeImprovement/comments/1tf6266/chemicalvoc_smell_in_laundry_room_after_roofers/,leak,needs_review_medium_signal,,manual_review_pending,,medium_risk_call_pro,0.80,contained_water_damage:\bleak(?:s|ing|ed)?\b,"{""medium_risk_call_pro"": 2.0}",no,,,,,MR0170,medium_risk_call_pro,1,Patrick,,
1riv9zz,homeowners,2026-03-02T15:07:41+00:00,Exterior house paint,"I'm getting my house painted for the first time in probably 20 years. It is cedar siding, 1986 original. Trim is treated line. Going back with the same color. Will be using Sherwin Williams rain scales stain on the siding and paint on the trim. Having the paint company do the pressure washing even though a friend offered to do it cheaper. I wanted the prep to be in the painters scope so they were responsible for the whole process. They washed the house Saturday in only 3 hours which seemed really fast. They used a pressure washer with bleach. I was surprised at the speed and after they left I looked over the house and see areas that are not clean. All the siding looks clean but mainly the white trim is where there was still green mildew, spider webs, and dirt dobber nests. I question how well they washed it if they left these behind. I don't want them to paint over it. I called the painter and he assured me they would prep as needed before starting and would do it with elbow grease where necessary. Still didn't seem right to me but I said ok. I noticed a day later that the siding is totally dry to he touch now but is very blotchy and still smells strongly of bleach. So I am concerned that the bleach wasn't washed off and dried on the siding. When I brought this up the painter just says no worries we will prep as needed. This doesn't seem right to me. I know on the trim there is lots of scraping that will need to be done to remove loose paint but we pressure washed the deck railing this summer prior to staining the deck ourselves and had the railing looking way better than it does right now. We were going to paint the railing ourselves but didn't get to it and now we're lumping it in with the whole house painting. Am I right to be concerned?","Exterior house paint I'm getting my house painted for the first time in probably 20 years. It is cedar siding, 1986 original. Trim is treated line. Going back with the same color. Will be using Sherwin Williams rain scales stain on the siding and paint on the trim. Having the paint company do the pressure washing even though a friend offered to do it cheaper. I wanted the prep to be in the painters scope so they were responsible for the whole process. They washed the house Saturday in only 3 hours which seemed really fast. They used a pressure washer with bleach. I was surprised at the speed and after they left I looked over the house and see areas that are not clean. All the siding looks clean but mainly the white trim is where there was still green mildew, spider webs, and dirt dobber nests. I question how well they washed it if they left these behind. I don't want them to paint over it. I called the painter and he assured me they would prep as needed before starting and would do it with elbow grease where necessary. Still didn't seem right to me but I said ok. I noticed a day later that the siding is totally dry to he touch now but is very blotchy and still smells strongly of bleach. So I am concerned that the bleach wasn't washed off and dried on the siding. When I brought this up the painter just says no worries we will prep as needed. This doesn't seem right to me. I know on the trim there is lots of scraping that will need to be done to remove loose paint but we pressure washed the deck railing this summer prior to staining the deck ourselves and had the railing looking way better than it does right now. We were going to paint the railing ourselves but didn't get to it and now we're lumping it in with the whole house painting. Am I right to be concerned?",https://www.reddit.com/r/homeowners/comments/1riv9zz/exterior_house_paint/,2,5,https://www.reddit.com/r/homeowners/comments/1riv9zz/exterior_house_paint/,loose trim,needs_review_low_signal,,manual_review_pending,,low_risk_diy,0.82,cosmetic_or_minor_finish:\bpaint(?:ing|ed)?\b,"{""low_risk_diy"": 2.2}",no,,,,,MR0172,low_risk_diy,1,Patrick,,
1q3stv9,HomeMaintenance,2026-01-04T15:33:25+00:00,Bathroom Walls in newly purchased home,"Peeling off the wallpaper next to the tub, found this mess. I didn't scrape anything off, this is what was immediately under the wallpaper. I plan on removing all the rest of the wallpaper today, any tips on how to fix these walls for painting later on? I'm not sure if I need to scrape/sand any of this stuff off, or if I should build up with something like joint compound. YouTube links appreciated!","Bathroom Walls in newly purchased home Peeling off the wallpaper next to the tub, found this mess. I didn't scrape anything off, this is what was immediately under the wallpaper. I plan on removing all the rest of the wallpaper today, any tips on how to fix these walls for painting later on? I'm not sure if I need to scrape/sand any of this stuff off, or if I should build up with something like joint compound. YouTube links appreciated!",https://www.reddit.com/r/HomeMaintenance/comments/1q3stv9/bathroom_walls_in_newly_purchased_home/,1,6,https://www.reddit.com/gallery/1q3stv9,paint peeling,needs_review_unclear,,manual_review_pending,,low_risk_diy,0.82,cosmetic_or_minor_finish:\bpaint(?:ing|ed)?\b,"{""low_risk_diy"": 2.2}",no,,,,,MR0179,low_risk_diy,1,Patrick,,
1saf3en,Plumbing,2026-04-02T11:45:14+00:00,What to do about this pipe under my kitchen sink?,"I have no experience with plumbing but this will come loose over time and flood the bottom of my sink. Follow up question, how do I make sure the wooden bottom of my sink isn’t moldy?","What to do about this pipe under my kitchen sink? I have no experience with plumbing but this will come loose over time and flood the bottom of my sink. Follow up question, how do I make sure the wooden bottom of my sink isn’t moldy?",https://www.reddit.com/r/Plumbing/comments/1saf3en/what_to_do_about_this_pipe_under_my_kitchen_sink/,5,11,https://www.reddit.com/gallery/1saf3en,flooding,needs_review_urgent_signal,,manual_review_pending,,medium_risk_call_pro,0.80,trade_system_issue:\bplumbing\b,"{""medium_risk_call_pro"": 2.0}",no,,,,,MR0184,medium_risk_call_pro,1,Patrick,,
1q9hrvp,HomeMaintenance,2026-01-10T22:29:08+00:00,Kitchen wall paint peeling,"Can anyone tell me why the pain on this wall keeps coming off? Some details: \- It started cracking last winter, so I chipped it off and repainted it with the same pain the previous owners left. There was either a layer of plaster under it or it was lead paint, which is why it looks uneven. \- I repainted it without bothering to repair it the right way, since it isn’t too visible and I thought it might happen again. \- I live in Pittsburgh, so it’s pretty cold in the winter. The door in the photo isn’t caulked on the outside but I didn’t get around to filling it during the summer. \- It’s a row house and there’s an apartment on the other side with brick and plaster in between. The house was built in 1863 and the kitchen added around 1900. I’d appreciate any suggestions!","Kitchen wall paint peeling Can anyone tell me why the pain on this wall keeps coming off? Some details: \- It started cracking last winter, so I chipped it off and repainted it with the same pain the previous owners left. There was either a layer of plaster under it or it was lead paint, which is why it looks uneven. \- I repainted it without bothering to repair it the right way, since it isn’t too visible and I thought it might happen again. \- I live in Pittsburgh, so it’s pretty cold in the winter. The door in the photo isn’t caulked on the outside but I didn’t get around to filling it during the summer. \- It’s a row house and there’s an apartment on the other side with brick and plaster in between. The house was built in 1863 and the kitchen added around 1900. I’d appreciate any suggestions!",https://www.reddit.com/r/HomeMaintenance/comments/1q9hrvp/kitchen_wall_paint_peeling/,1,6,https://i.redd.it/9kjtb7kxllcg1.jpeg,paint peeling,needs_review_low_signal,,manual_review_pending,,low_risk_diy,0.82,cosmetic_or_minor_finish:\bpaint(?:ing|ed)?\b,"{""low_risk_diy"": 2.2}",no,,,,,MR0190,low_risk_diy,1,Patrick,,
1sruefe,HomeMaintenance,2026-04-21T17:22:52+00:00,How do I fix this without re-doing my tile?,"Moved into this house 2 years ago, it is an older house circa 1950's completely redone aside from a few things they just built over. I noticed my grout was uneven upon moving in and put 'grout sealant' on it, hoping to prevent mold damage. I just got a good look at it again today (this is not the master bath), and I'm wondering how to repair it. In some spots, it cleans off just fine in others it actually looks like the grout is beginning to break off when scrubbing. The entire area around the tub looks similar to this. Is this something I can actually scrub clean and re-seal? Or will I ultimately have to redo my tile?","How do I fix this without re-doing my tile? Moved into this house 2 years ago, it is an older house circa 1950's completely redone aside from a few things they just built over. I noticed my grout was uneven upon moving in and put 'grout sealant' on it, hoping to prevent mold damage. I just got a good look at it again today (this is not the master bath), and I'm wondering how to repair it. In some spots, it cleans off just fine in others it actually looks like the grout is beginning to break off when scrubbing. The entire area around the tub looks similar to this. Is this something I can actually scrub clean and re-seal? Or will I ultimately have to redo my tile?",https://www.reddit.com/r/HomeMaintenance/comments/1sruefe/how_do_i_fix_this_without_redoing_my_tile/,1,5,https://i.redd.it/6jjjbrucvkwg1.jpeg,mold,needs_review_medium_signal,,manual_review_pending,,medium_risk_call_pro,0.67,mold_or_foundation_concern:\bmold\b; cosmetic_or_minor_finish:\bgrout\b,"{""low_risk_diy"": 2.2, ""medium_risk_call_pro"": 2.0}",yes,,,,,MR0192,needs_human_review,1,Patrick,,
1tsb9hm,HomeImprovement,2026-05-30T20:55:58+00:00,Plumbing,"Hello! I’m currently under contract for a 1985 home in central Florida. The pipes are original copper, I’m interested to see what you guys think…. The inspection report came back pretty clean plumbing wise just with a note of it being 40 years old and “may limit my ability to get insurance” i have no photos to share i wish i did. Should i look to repipe? Ive read quite a lot of info saying if theres no pin hole leaks or if everything is working fine not to touch it and that copper is the best. Should i ride this out ?","Plumbing Hello! I’m currently under contract for a 1985 home in central Florida. The pipes are original copper, I’m interested to see what you guys think…. The inspection report came back pretty clean plumbing wise just with a note of it being 40 years old and “may limit my ability to get insurance” i have no photos to share i wish i did. Should i look to repipe? Ive read quite a lot of info saying if theres no pin hole leaks or if everything is working fine not to touch it and that copper is the best. Should i ride this out ?",https://www.reddit.com/r/HomeImprovement/comments/1tsb9hm/plumbing/,5,2,https://www.reddit.com/r/HomeImprovement/comments/1tsb9hm/plumbing/,leak,needs_review_medium_signal,,manual_review_pending,,medium_risk_call_pro,0.95,contained_water_damage:\bleak(?:s|ing|ed)?\b; trade_system_issue:\bplumbing\b,"{""medium_risk_call_pro"": 4.0}",no,,,,,MR0198,medium_risk_call_pro,1,Patrick,,
1scfrdg,Plumbing,2026-04-04T17:49:25+00:00,"Play in copper piping, shower fixture","I recently had my bathroom remodeled. About a week ago the caulking around the shower faucet split because the fixture has a lot of up and down movement. I took off the fixture to see why it’s moving so much, and noticed what’s in the video. Is there any way I can lessen the up and down play? Thanks!","Play in copper piping, shower fixture I recently had my bathroom remodeled. About a week ago the caulking around the shower faucet split because the fixture has a lot of up and down movement. I took off the fixture to see why it’s moving so much, and noticed what’s in the video. Is there any way I can lessen the up and down play? Thanks!",https://www.reddit.com/r/Plumbing/comments/1scfrdg/play_in_copper_piping_shower_fixture/,1,27,https://v.redd.it/4p2v7yclo7tg1,caulk,needs_review_low_signal,,manual_review_pending,,low_risk_diy,0.82,cosmetic_or_minor_finish:\bcaulk(?:ing)?\b,"{""low_risk_diy"": 2.2}",no,,,,,MR0204,low_risk_diy,1,Patrick,,
1rics22,Plumbing,2026-03-01T23:32:54+00:00,What just happened???,"From my parents condo... dad just passed away and mom is staying with family at the moment. This sink is at the bottom of a stack that has a history of backing up...maybe once per year the drain pipe would need to be unclogged about 50ft down. Historically, the sign of trouble would be the sink would fill up out of the blue and then drain slowly. Is this a hair on fire call the plumber now issue or is this likely a one-off? Dad always dealt with this stuff... I am already sad and overwhelmed with all the death related paperwork, so I am desperately hoping this is just a one-off but dont want to risk a gross condo flood. Thanks in advance!","What just happened??? From my parents condo... dad just passed away and mom is staying with family at the moment. This sink is at the bottom of a stack that has a history of backing up...maybe once per year the drain pipe would need to be unclogged about 50ft down. Historically, the sign of trouble would be the sink would fill up out of the blue and then drain slowly. Is this a hair on fire call the plumber now issue or is this likely a one-off? Dad always dealt with this stuff... I am already sad and overwhelmed with all the death related paperwork, so I am desperately hoping this is just a one-off but dont want to risk a gross condo flood. Thanks in advance!",https://www.reddit.com/r/Plumbing/comments/1rics22/what_just_happened/,5,18,https://v.redd.it/998apbyvqimg1,flooding,needs_review_urgent_signal,,manual_review_pending,,,0.00,no_labeling_function_matched,{},yes,,,,,MR0205,needs_human_review,1,Patrick,,
1s50p34,Plumbing,2026-03-27T10:50:19+00:00,Should this be caulked,Recently purchased a house and have this gap where the knob is. Looks like a piece of tile broke. We will eventually replace but want to make sure it is okay in the meantime.,Should this be caulked Recently purchased a house and have this gap where the knob is. Looks like a piece of tile broke. We will eventually replace but want to make sure it is okay in the meantime.,https://www.reddit.com/r/Plumbing/comments/1s50p34/should_this_be_caulked/,3,3,https://i.redd.it/97c0c7hiikrg1.jpeg,caulk,needs_review_unclear,,manual_review_pending,,,0.00,no_labeling_function_matched,{},yes,,,,,MR0206,needs_human_review,1,Patrick,,
1tjno1m,HomeImprovement,2026-05-21T15:17:11+00:00,Water leak advice,"Hey folks, I need some advice on how to proceed. I have a bathroom that 5×6. My bidet attached to toilet was worn out and leaked clean water. I would say maybe 6 cups worth of water. The floors of my bathroom are laimate. Plumber removed tpilet and baseboards. Dry wall was no impacted behind toilet. Impact area 1. Laminate floor about 2×2 have readings for 20 to 34. I raised flooring a bit to get air to run and dehumidifier. Should I remove it entirely ? 2. Ceiling in my garage about 30 cm has moisture but ceiling itself is hard. Should I cut or drill holes and blow a fan? I am in Washington and weather has been dry nowadays What is right action here please and thank u!","Water leak advice Hey folks, I need some advice on how to proceed. I have a bathroom that 5×6. My bidet attached to toilet was worn out and leaked clean water. I would say maybe 6 cups worth of water. The floors of my bathroom are laimate. Plumber removed tpilet and baseboards. Dry wall was no impacted behind toilet. Impact area 1. Laminate floor about 2×2 have readings for 20 to 34. I raised flooring a bit to get air to run and dehumidifier. Should I remove it entirely ? 2. Ceiling in my garage about 30 cm has moisture but ceiling itself is hard. Should I cut or drill holes and blow a fan? I am in Washington and weather has been dry nowadays What is right action here please and thank u!",https://www.reddit.com/r/HomeImprovement/comments/1tjno1m/water_leak_advice/,1,6,https://www.reddit.com/r/HomeImprovement/comments/1tjno1m/water_leak_advice/,leak,needs_review_medium_signal,,manual_review_pending,,medium_risk_call_pro,0.80,contained_water_damage:\bleak(?:s|ing|ed)?\b,"{""medium_risk_call_pro"": 2.0}",no,,,,,MR0209,medium_risk_call_pro,1,Patrick,,
1sspxax,Plumbing,2026-04-22T16:07:41+00:00,How to repair this,Basically the pipe is loose and no matter the postion it is loose and when i flush without holding onto the pipe it floods how can i repair this what would i need to purchance thanks,How to repair this Basically the pipe is loose and no matter the postion it is loose and when i flush without holding onto the pipe it floods how can i repair this what would i need to purchance thanks,https://www.reddit.com/r/Plumbing/comments/1sspxax/how_to_repair_this/,0,14,https://v.redd.it/cx2100psmrwg1,flooding,needs_review_unclear,,manual_review_pending,,,0.00,no_labeling_function_matched,{},yes,,,,,MR0212,needs_human_review,1,Patrick,,
1sh9put,HomeMaintenance,2026-04-10T02:18:12+00:00,Could this be caused by water damage? Possibly mold under floors?,"This is relatively old (11 years or so) cheap vinyl, could it be just bad glue? Should the whole floor be ripped out and replaced?","Could this be caused by water damage? Possibly mold under floors? This is relatively old (11 years or so) cheap vinyl, could it be just bad glue? Should the whole floor be ripped out and replaced?",https://www.reddit.com/r/HomeMaintenance/comments/1sh9put/could_this_be_caused_by_water_damage_possibly/,7,9,https://www.reddit.com/gallery/1sh9put,mold,needs_review_medium_signal,,manual_review_pending,,medium_risk_call_pro,0.95,contained_water_damage:\bwater damage(?:d)?\b; mold_or_foundation_concern:\bmold\b,"{""medium_risk_call_pro"": 4.0}",no,,,,,MR0213,medium_risk_call_pro,1,Patrick,,
iep7a4,askanelectrician,2020-08-22T19:53:32+00:00,Two BRAND NEW dewalt miter saws ruined in one week; faulty or outlet/cord issue?,"I recently purchased a DWS715 dewalt miter saw. It worked well for a few days until the amount of time it took to get up to speed started increasing until it made a loud grinding sound upon start up. I assumed that maybe I had gotten a faulty saw so I returned it to pick up another of the exact same brand since I had built a custom workbench to accommodate it. I got another brand new saw, shrink wrap and all. I checked and doubled checked the saw's fence and blade that everything was square. After around 20-30 cuts of 1x2 common board. I noticed the speed begin to delay again.. I then decided to check out the outlet and extension cord that I was using: At first I was using an extension cord that I found out was rated at 1625 watts, so I bought a multimeter and tested the outlet and it puts out 122V and is connected to a 20A fuse box. I realized that the extension cord wasn't enough so I upgraded to a 25' 14/3 gauge utilitech extension cord rated at 1875 watts, i think. The saw (saw #2) lasted about another 15 cuts until it didn't get up to proper speed again, it made a grinding sound, and the electronic brake failed so that the saw took 10-15 seconds to come to a stop. One more bit of information: The motor housing would spark just a little every time I RELEASED the trigger. I read somewhere online this was common and normal for electronic braking systems but now I don't know if I buy that. So, was it the extension cord that ruined these saws? TL;DR: I have ruined two dewalt DWS715 miter saws within one week. What am I doing wrong as the odds of TWO saws going to shit after 20-30 cuts is highly unlikely.","Two BRAND NEW dewalt miter saws ruined in one week; faulty or outlet/cord issue? I recently purchased a DWS715 dewalt miter saw. It worked well for a few days until the amount of time it took to get up to speed started increasing until it made a loud grinding sound upon start up. I assumed that maybe I had gotten a faulty saw so I returned it to pick up another of the exact same brand since I had built a custom workbench to accommodate it. I got another brand new saw, shrink wrap and all. I checked and doubled checked the saw's fence and blade that everything was square. After around 20-30 cuts of 1x2 common board. I noticed the speed begin to delay again.. I then decided to check out the outlet and extension cord that I was using: At first I was using an extension cord that I found out was rated at 1625 watts, so I bought a multimeter and tested the outlet and it puts out 122V and is connected to a 20A fuse box. I realized that the extension cord wasn't enough so I upgraded to a 25' 14/3 gauge utilitech extension cord rated at 1875 watts, i think. The saw (saw #2) lasted about another 15 cuts until it didn't get up to proper speed again, it made a grinding sound, and the electronic brake failed so that the saw took 10-15 seconds to come to a stop. One more bit of information: The motor housing would spark just a little every time I RELEASED the trigger. I read somewhere online this was common and normal for electronic braking systems but now I don't know if I buy that. So, was it the extension cord that ruined these saws? TL;DR: I have ruined two dewalt DWS715 miter saws within one week. What am I doing wrong as the odds of TWO saws going to shit after 20-30 cuts is highly unlikely.",https://www.reddit.com/r/askanelectrician/comments/iep7a4/two_brand_new_dewalt_miter_saws_ruined_in_one/,8,8,https://www.reddit.com/r/askanelectrician/comments/iep7a4/two_brand_new_dewalt_miter_saws_ruined_in_one/,sparking outlet,needs_review_urgent_signal,,manual_review_pending,,urgent_safety_risk,0.82,fire_smoke_or_sparks:\bspark(?:s|ing|ed)?\b; trade_system_issue:\boutlets?\b,"{""medium_risk_call_pro"": 2.0, ""urgent_safety_risk"": 3.5}",no,,,,,MR0217,urgent_safety_risk,1,Patrick,,
1r8sgp6,HomeMaintenance,2026-02-19T07:04:44+00:00,stucco/paint question?,"Hello. I need some expertise.... Our landlord is complaining about the bubbles forming on the exterior walls of the house (attached some images). So my mom had placed one of her potted plants against the wall and our landlord is stating that due to the recent rain we have been having here, it's what has caused the stucco to start peeling/bubble and in her words ""causing mold."" Can placing items against the wall be the main cause/culprit of the stucco to bubble and peel? I've already had a handyman come and take a look so he can fix it later, but she is FULLY certain that the items we place against the wall is inhibiting proper air circulation and therefore causing the bubbles and... ""mold."" There is no visible mold from what I can see. [this is where my mom placed her potted plant. the paint](https://preview.redd.it/2jsjyg1igekg1.png?width=1080&format=png&auto=webp&s=2756c8c0e60aed87893d73b1b4260b4ed7a8129c) [she sent us this showing another bubble she found](https://preview.redd.it/jwwvbqrtgekg1.png?width=1080&format=png&auto=webp&s=292c843eff3f0a245677af139978e12840de628e) [these are our items placed near the wall. she is saying it's inhibiting proper air circulation for the wall to dry which is causing the peeling. ](https://preview.redd.it/ng9gira0hekg1.png?width=933&format=png&auto=webp&s=86aa5f61ddf6ccedcaf9295c5e40a437fbf6dd34)","stucco/paint question? Hello. I need some expertise.... Our landlord is complaining about the bubbles forming on the exterior walls of the house (attached some images). So my mom had placed one of her potted plants against the wall and our landlord is stating that due to the recent rain we have been having here, it's what has caused the stucco to start peeling/bubble and in her words ""causing mold."" Can placing items against the wall be the main cause/culprit of the stucco to bubble and peel? I've already had a handyman come and take a look so he can fix it later, but she is FULLY certain that the items we place against the wall is inhibiting proper air circulation and therefore causing the bubbles and... ""mold."" There is no visible mold from what I can see. [this is where my mom placed her potted plant. the paint](https://preview.redd.it/2jsjyg1igekg1.png?width=1080&format=png&auto=webp&s=2756c8c0e60aed87893d73b1b4260b4ed7a8129c) [she sent us this showing another bubble she found](https://preview.redd.it/jwwvbqrtgekg1.png?width=1080&format=png&auto=webp&s=292c843eff3f0a245677af139978e12840de628e) [these are our items placed near the wall. she is saying it's inhibiting proper air circulation for the wall to dry which is causing the peeling. ](https://preview.redd.it/ng9gira0hekg1.png?width=933&format=png&auto=webp&s=86aa5f61ddf6ccedcaf9295c5e40a437fbf6dd34)",https://www.reddit.com/r/HomeMaintenance/comments/1r8sgp6/stuccopaint_question/,1,4,https://www.reddit.com/r/HomeMaintenance/comments/1r8sgp6/stuccopaint_question/,paint peeling,needs_review_medium_signal,,manual_review_pending,,medium_risk_call_pro,0.67,mold_or_foundation_concern:\bmold\b; cosmetic_or_minor_finish:\bpaint(?:ing|ed)?\b,"{""low_risk_diy"": 2.2, ""medium_risk_call_pro"": 2.0}",yes,,,,,MR0222,needs_human_review,1,Patrick,,
181p9jl,HomeImprovement,2023-11-23T01:15:14+00:00,water heater ignite won't spark. should I release the gas pressure so no blockage in the gas tube somewhere?,"it's Piezo Electric Ignitor the water heater is 20 years old, the pilot is out once in a while. and I will just re-ignite and it will stay on for a few months. today I notice it's out, maybe for 1 day. it won't ignite on no matter how I tried it. and I can't see spark at all. if my left hand touch a metal, and right hand hold the igniter and strike, I can feel the electronic pulse. However I can't see the spark from the window (I turn off all the light in the room) I read following from fellow redditor saying some pressure blockage. is this the right step 1. turn the knob to pilot position 2. hold down the red button down and hold it, so the gas pressure hopefully fix the air blciage I have hold it for 5 minutes so far. 3. turn the knob to off position 4. wait for 10 min. 5. try ignite it. if doesn't work, repeat step 1 and 5? here is from fellow redditor: If the pilot has been out for a while, air can get sucked back into pilot line and cause a pressure blockage. Pressing and holding down the valve for a long time…. Sometimes minutes is the only way to get the gas pressure to build up enough to force out the air blockage. Real pain. Press / hold / press multiple times to try to get the gas to release. Can take up to 5-10 minutes sometimes. After a few minutes if you smell gas then it’s working. Often I’ve had to relight with a flame rather than the electric spark because the gas flow is so minimal, once lit the flame will draw more gas from the line and normalize the pressure again.","water heater ignite won't spark. should I release the gas pressure so no blockage in the gas tube somewhere? it's Piezo Electric Ignitor the water heater is 20 years old, the pilot is out once in a while. and I will just re-ignite and it will stay on for a few months. today I notice it's out, maybe for 1 day. it won't ignite on no matter how I tried it. and I can't see spark at all. if my left hand touch a metal, and right hand hold the igniter and strike, I can feel the electronic pulse. However I can't see the spark from the window (I turn off all the light in the room) I read following from fellow redditor saying some pressure blockage. is this the right step 1. turn the knob to pilot position 2. hold down the red button down and hold it, so the gas pressure hopefully fix the air blciage I have hold it for 5 minutes so far. 3. turn the knob to off position 4. wait for 10 min. 5. try ignite it. if doesn't work, repeat step 1 and 5? here is from fellow redditor: If the pilot has been out for a while, air can get sucked back into pilot line and cause a pressure blockage. Pressing and holding down the valve for a long time…. Sometimes minutes is the only way to get the gas pressure to build up enough to force out the air blockage. Real pain. Press / hold / press multiple times to try to get the gas to release. Can take up to 5-10 minutes sometimes. After a few minutes if you smell gas then it’s working. Often I’ve had to relight with a flame rather than the electric spark because the gas flow is so minimal, once lit the flame will draw more gas from the line and normalize the pressure again.",https://www.reddit.com/r/HomeImprovement/comments/181p9jl/water_heater_ignite_wont_spark_should_i_release/,1,4,https://www.reddit.com/r/HomeImprovement/comments/181p9jl/water_heater_ignite_wont_spark_should_i_release/,gas smell,needs_review_urgent_signal,,manual_review_pending,,urgent_safety_risk,0.92,gas_or_carbon_monoxide:\bsmell(?:s|ing)? (?:like )?gas\b; fire_smoke_or_sparks:\bspark(?:s|ing|ed)?\b; trade_system_issue:\bwater heater\b,"{""medium_risk_call_pro"": 2.0, ""urgent_safety_risk"": 7.5}",no,,,,,MR0230,urgent_safety_risk,1,Patrick,,
11axowy,askanelectrician,2023-02-24T18:02:46+00:00,"Bought home with unused, buried conduit and need help with my options for powering small woodshop","I've done my fair share of research but I'm coming to this with very little electrical experience. I'm looking for some help regarding how I can best use what I already have in place. I have 2 garages that are side by side, one of which I want to use as a small woodshop. Garage is approximately 100' from home, so ballpark 125' from main breaker in basement after accounting for some space the current circuit travels through crawl space. Currently, there is a 15A circuit running out in buried 1/2"" EMT that powers the current lights / door openers and a couple unused outlets in both garages. There is also a run of buried 3/4"" schedule 40 PVC that enters the ground next to house in under deck space and then exits just next to garage I plan to use. &#x200B; I originally planned to install a subpanel in garage for the shop but have since realized that the 3/4"" pvc or 1/2"" EMT would be pretty limiting in regards to fill capacity. It looks like I could at most run a feeder out of #6/3 AWG 100', but I'm not sure how to best utilize what I have to work with. I have pretty low power demands at the moment (in previous workspace I worked entirely off a 20A circuit with no issues) and don't anticipate that changing any time soon as I mostly just work on small personal projects when I have spare time. Would it make the most sense to just run the highest amp I can safely run for a new circuit via the 3/4"" PVC that runs from main breaker or would I still benefit from a smaller subpanel installation? &#x200B; I'm not looking to run new conduit, just trying to best use what I have. Thanks for any advice!","Bought home with unused, buried conduit and need help with my options for powering small woodshop I've done my fair share of research but I'm coming to this with very little electrical experience. I'm looking for some help regarding how I can best use what I already have in place. I have 2 garages that are side by side, one of which I want to use as a small woodshop. Garage is approximately 100' from home, so ballpark 125' from main breaker in basement after accounting for some space the current circuit travels through crawl space. Currently, there is a 15A circuit running out in buried 1/2"" EMT that powers the current lights / door openers and a couple unused outlets in both garages. There is also a run of buried 3/4"" schedule 40 PVC that enters the ground next to house in under deck space and then exits just next to garage I plan to use. &#x200B; I originally planned to install a subpanel in garage for the shop but have since realized that the 3/4"" pvc or 1/2"" EMT would be pretty limiting in regards to fill capacity. It looks like I could at most run a feeder out of #6/3 AWG 100', but I'm not sure how to best utilize what I have to work with. I have pretty low power demands at the moment (in previous workspace I worked entirely off a 20A circuit with no issues) and don't anticipate that changing any time soon as I mostly just work on small personal projects when I have spare time. Would it make the most sense to just run the highest amp I can safely run for a new circuit via the 3/4"" PVC that runs from main breaker or would I still benefit from a smaller subpanel installation? &#x200B; I'm not looking to run new conduit, just trying to best use what I have. Thanks for any advice!",https://www.reddit.com/r/askanelectrician/comments/11axowy/bought_home_with_unused_buried_conduit_and_need/,2,9,https://www.reddit.com/r/askanelectrician/comments/11axowy/bought_home_with_unused_buried_conduit_and_need/,electrical issue,needs_review_medium_signal,,manual_review_pending,,medium_risk_call_pro,0.80,trade_system_issue:\bbreaker\b,"{""medium_risk_call_pro"": 2.0}",no,,,,,MR0239,medium_risk_call_pro,1,Patrick,,
1s9odgf,Plumbing,2026-04-01T15:48:44+00:00,Help figuring out my external sump pump system,"Hello, I was wondering if anyone could help figure out what all is involved in my external sump pump system. I’ve lived here for 8 years and had multiple flooding issues in the finished basement. I’ve somewhat rebuilt the actual pump system but still have small issues every once in a while. From what I understand, I have like a 7-8’ pit/basin with I’m assuming tile surrounding the footer all leading to the pit. I also have a second pit that I assume was the original and it used anymore. But I also have 2 pipes coming up to an irrigation box but it doesn’t seem like any pumps or anything are in them. There is currently water in them but not sure what they are there for. Any idea what these could be? Or any other useful information?","Help figuring out my external sump pump system Hello, I was wondering if anyone could help figure out what all is involved in my external sump pump system. I’ve lived here for 8 years and had multiple flooding issues in the finished basement. I’ve somewhat rebuilt the actual pump system but still have small issues every once in a while. From what I understand, I have like a 7-8’ pit/basin with I’m assuming tile surrounding the footer all leading to the pit. I also have a second pit that I assume was the original and it used anymore. But I also have 2 pipes coming up to an irrigation box but it doesn’t seem like any pumps or anything are in them. There is currently water in them but not sure what they are there for. Any idea what these could be? Or any other useful information?",https://www.reddit.com/r/Plumbing/comments/1s9odgf/help_figuring_out_my_external_sump_pump_system/,1,0,https://www.reddit.com/gallery/1s9odgf,flooding,needs_review_urgent_signal,,manual_review_pending,,urgent_safety_risk,0.90,active_flooding_or_sewage:\bflooding\b,"{""urgent_safety_risk"": 3.0}",no,,,,,MR0246,urgent_safety_risk,1,Patrick,,
1qgqjal,DIY,2026-01-19T01:29:07+00:00,Fixing hole in sill under steel casement window frame,"Hi All. I’m restoring some steel casement windows on an old brick house. Some water damage underneath the frame led to some of the mortar that the frame sits in to crumble. I’ve figured out a fix for the leak that led to this issue (some drain holes in the frame were clogged and other holes left open), but I’m wondering what's the best way to fill the hole. The hole is accessible via the interior near the corner of the window frame. The sill in the interior is finished with drywall on top of an older plaster layer (I think—guessing this was a previous repair/renovation). The hole is about 3/4 of an inch deep now that I’ve removed all of the loose material. It's not accessible from the exterior (concrete sill). I thought about backer rod and/or self leveling caulk but I was sure how I could then finish over top of that to even out the sill, which I planned to do with a couple light coats of drywall mud. Any thoughts on how to proceed?","Fixing hole in sill under steel casement window frame Hi All. I’m restoring some steel casement windows on an old brick house. Some water damage underneath the frame led to some of the mortar that the frame sits in to crumble. I’ve figured out a fix for the leak that led to this issue (some drain holes in the frame were clogged and other holes left open), but I’m wondering what's the best way to fill the hole. The hole is accessible via the interior near the corner of the window frame. The sill in the interior is finished with drywall on top of an older plaster layer (I think—guessing this was a previous repair/renovation). The hole is about 3/4 of an inch deep now that I’ve removed all of the loose material. It's not accessible from the exterior (concrete sill). I thought about backer rod and/or self leveling caulk but I was sure how I could then finish over top of that to even out the sill, which I planned to do with a couple light coats of drywall mud. Any thoughts on how to proceed?",https://www.reddit.com/r/DIY/comments/1qgqjal/fixing_hole_in_sill_under_steel_casement_window/,2,2,https://www.reddit.com/r/DIY/comments/1qgqjal/fixing_hole_in_sill_under_steel_casement_window/,water leak,needs_review_medium_signal,,manual_review_pending,,medium_risk_call_pro,0.67,contained_water_damage:\bleak(?:s|ing|ed)?\b; cosmetic_or_minor_finish:\bcaulk(?:ing)?\b,"{""low_risk_diy"": 2.2, ""medium_risk_call_pro"": 2.0}",yes,,,,,MR0253,needs_human_review,1,Patrick,,
1rqv4og,Plumbing,2026-03-11T14:22:31+00:00,Is this normal?,"Had some valves replaced and they also put on a new tub spout and handle. I stepped into the shower and had my hand on the wall to brace myself, and upon applying a bit of pressure to the wall noticed the faucet cover is not totally flush against it. Can I just add some caulk or should I ask them to come back?","Is this normal? Had some valves replaced and they also put on a new tub spout and handle. I stepped into the shower and had my hand on the wall to brace myself, and upon applying a bit of pressure to the wall noticed the faucet cover is not totally flush against it. Can I just add some caulk or should I ask them to come back?",https://www.reddit.com/r/Plumbing/comments/1rqv4og/is_this_normal/,1,3,https://i.redd.it/3uapwa5tdfog1.jpeg,caulk,needs_review_low_signal,,manual_review_pending,,low_risk_diy,0.82,cosmetic_or_minor_finish:\bcaulk(?:ing)?\b,"{""low_risk_diy"": 2.2}",no,,,,,MR0258,low_risk_diy,1,Patrick,,
caowdp,homeowners,2019-07-08T18:31:18+00:00,Summer Home Maintenance Tips,"It's so refreshing to get outside the house and in the garden, when the warmer weather arrives. Before the heat and busy days of summer, do some of those long neglected jobs on your to do list outside. Here are some helpful suggestions on the kind of outdoor living, exterior home maintenance, and garden projects you can start with in the early summer. Hurray, summer is here. The temperature is rising, and the rain is still pouring, you just can’t beat a British summer! It’s still important that you take the time to maintain your home this summer and to prepare it for the heat that you could be facing?! Check out our ultimate checklist of summer home maintenance tips to help you give your home some TLC. &#x200B; 1. Do a test of your smoke detectors and your carbon monoxide detectors. Replace the batteries if needed. &#x200B; 2. Get your chimney cleaned. Yes, you might not use your fireplace again until the Autumn or Winter, but that’s exactly why this is the perfect time to call a chimney cleaning service. They won’t be as busy! &#x200B; 3. Clean or replace your shower heads. &#x200B; 4. Clean bathroom drains. &#x200B; 6. Clean your gutters out, as blocked gutters and downpipes from leaves and garden debris can lead to damp problems as the water drains off in other places, such as your walls and behind fascia boards etc. &#x200B; 7. Check your loft space and cellars &#x200B; In your loft, look for signs of dampness, mildew, leaks, holes in the roof, and pests. In the cellar, check for leaks, pests, mold, damp and mildew. 8. Clean the vents of your bathroom and kitchen extractor fans. &#x200B; 9. Clean your washer/dryer vent and exhaust duct. &#x200B; Clean out all of the dust and lint trapped in the vent and exhaust duct. Call in a professional to clean and service your washer and dryer if needed. Clothes dryers can be a fire hazard if they’re not cleaned and maintained. 10. Clean your grill to prep for summer barbequing and garden parties! &#x200B; Charcoal grills: Empty the grill and wipe away any dust or residue. Use hot water, dish soap, and a scrub brush or sponge to clean both the outside and inside of the grill. Be sure to let your grill dry off before using it next. Gas grills: Close the lid, turn the heat up high, and let the grill cook for about half an hour. Let the grill cool. Use a grill brush to sweep the grill. Wipe down the outside with a sponge and cleaner. Then clean out all of the drip trays. 11. Wash down your patios and decking. You should sweep these thoroughly, then wash with a dedicated patio or decking cleaner. Remove any embedded dirt by scrubbing with soap and water. &#x200B; 12. Give your wooden deck a once-over. This is a summer home maintenance must. &#x200B; Check your deck to see if there are any boards that look like they’re rotting. Have them replaced. Hammer any nails that are loose. You can also check if your deck needs to be resealed by pouring a little water on it. If the water beads into little puddles, you’re good. If it sinks into the wood, you should get your deck resealed against water. 13. Clean the windows and frames. Why not? Clean windows make your home sparkle! Use warm water and soap to get those windows sparkling. &#x200B; 14. Add a layer of mulch. If you have plants, the extra mulch will help fight off weeds and help your soil retain moisture during those summer months. &#x200B; 15. Check for outdoor leaks. Go on a hunt for leaks by checking all outdoor taps and pipes. Then look at your hose. You can waste a lot of water if there’s even a tiny hole in your hose. Use duck tape to repair any small holes in your hose. &#x200B; 16. Check your kids outdoor play equipment. Make sure everything is still safe. Repair or replace anything that’s damaged or possibly hazardous and make sure that the structure is still sturdy and strong. &#x200B; 17. Protect your home against unwanted guests. Yes, unfortunately sometimes critters decide that your house is the place to be. From mice to squirrels, take steps to close off your home to non-pet animals. &#x200B; \*Cover any holes that are more than a 7mm wide. \*Get your tree branches trimmed back so they don’t create a highway for squirrels and rodents – a sure fire squirrel route to your loft, (cue the Mission Impossible theme tune!) Branches should be at least 8 feet from your roof. \*Make sure your outdoor bin lids are tightly sealed to prevent a feast for summer flies and pests. \*Do away with garden debris. Leaves and twigs are a haven for animals that might decide to invade your home. \*Tend to your lawn frequently by mowing and trimming- to keep it in top shape. &#x200B; 18. Inspect the frame sealant around the windows and doors of your home. You can keep ants and bugs at bay in the kitchen by adding fresh sealant to your windows and doors. &#x200B; 19. Consider having your driveway and walkway pressure washed. &#x200B; 20. Repair cracks or holes in your driveway and front steps. &#x200B; 21. Trim bushes and plants. &#x200B; 22. Check the condition of your exterior paintwork, now is the ideal time for a fresh lick of paint, before the season changes for the worse. &#x200B; 23. Check over your fence. Have it repainted, resealed, or repaired as needed. &#x200B; 24. Look at the outside of your house. Check for brickwork that requires repointing in the summer months &#x200B; 25. Consider getting your roof inspected. &#x200B; It's important to properly maintain your roof, to make sure that it can last as long as possible and keep your home watertight and damp free. &#x200B; So, there you have it – Bells Property Services summer home maintenance tips! Visit our website [https://www.bellspropertymaintenanceltd.co.uk](https://www.bellspropertymaintenanceltd.co.uk)","Summer Home Maintenance Tips It's so refreshing to get outside the house and in the garden, when the warmer weather arrives. Before the heat and busy days of summer, do some of those long neglected jobs on your to do list outside. Here are some helpful suggestions on the kind of outdoor living, exterior home maintenance, and garden projects you can start with in the early summer. Hurray, summer is here. The temperature is rising, and the rain is still pouring, you just can’t beat a British summer! It’s still important that you take the time to maintain your home this summer and to prepare it for the heat that you could be facing?! Check out our ultimate checklist of summer home maintenance tips to help you give your home some TLC. &#x200B; 1. Do a test of your smoke detectors and your carbon monoxide detectors. Replace the batteries if needed. &#x200B; 2. Get your chimney cleaned. Yes, you might not use your fireplace again until the Autumn or Winter, but that’s exactly why this is the perfect time to call a chimney cleaning service. They won’t be as busy! &#x200B; 3. Clean or replace your shower heads. &#x200B; 4. Clean bathroom drains. &#x200B; 6. Clean your gutters out, as blocked gutters and downpipes from leaves and garden debris can lead to damp problems as the water drains off in other places, such as your walls and behind fascia boards etc. &#x200B; 7. Check your loft space and cellars &#x200B; In your loft, look for signs of dampness, mildew, leaks, holes in the roof, and pests. In the cellar, check for leaks, pests, mold, damp and mildew. 8. Clean the vents of your bathroom and kitchen extractor fans. &#x200B; 9. Clean your washer/dryer vent and exhaust duct. &#x200B; Clean out all of the dust and lint trapped in the vent and exhaust duct. Call in a professional to clean and service your washer and dryer if needed. Clothes dryers can be a fire hazard if they’re not cleaned and maintained. 10. Clean your grill to prep for summer barbequing and garden parties! &#x200B; Charcoal grills: Empty the grill and wipe away any dust or residue. Use hot water, dish soap, and a scrub brush or sponge to clean both the outside and inside of the grill. Be sure to let your grill dry off before using it next. Gas grills: Close the lid, turn the heat up high, and let the grill cook for about half an hour. Let the grill cool. Use a grill brush to sweep the grill. Wipe down the outside with a sponge and cleaner. Then clean out all of the drip trays. 11. Wash down your patios and decking. You should sweep these thoroughly, then wash with a dedicated patio or decking cleaner. Remove any embedded dirt by scrubbing with soap and water. &#x200B; 12. Give your wooden deck a once-over. This is a summer home maintenance must. &#x200B; Check your deck to see if there are any boards that look like they’re rotting. Have them replaced. Hammer any nails that are loose. You can also check if your deck needs to be resealed by pouring a little water on it. If the water beads into little puddles, you’re good. If it sinks into the wood, you should get your deck resealed against water. 13. Clean the windows and frames. Why not? Clean windows make your home sparkle! Use warm water and soap to get those windows sparkling. &#x200B; 14. Add a layer of mulch. If you have plants, the extra mulch will help fight off weeds and help your soil retain moisture during those summer months. &#x200B; 15. Check for outdoor leaks. Go on a hunt for leaks by checking all outdoor taps and pipes. Then look at your hose. You can waste a lot of water if there’s even a tiny hole in your hose. Use duck tape to repair any small holes in your hose. &#x200B; 16. Check your kids outdoor play equipment. Make sure everything is still safe. Repair or replace anything that’s damaged or possibly hazardous and make sure that the structure is still sturdy and strong. &#x200B; 17. Protect your home against unwanted guests. Yes, unfortunately sometimes critters decide that your house is the place to be. From mice to squirrels, take steps to close off your home to non-pet animals. &#x200B; \*Cover any holes that are more than a 7mm wide. \*Get your tree branches trimmed back so they don’t create a highway for squirrels and rodents – a sure fire squirrel route to your loft, (cue the Mission Impossible theme tune!) Branches should be at least 8 feet from your roof. \*Make sure your outdoor bin lids are tightly sealed to prevent a feast for summer flies and pests. \*Do away with garden debris. Leaves and twigs are a haven for animals that might decide to invade your home. \*Tend to your lawn frequently by mowing and trimming- to keep it in top shape. &#x200B; 18. Inspect the frame sealant around the windows and doors of your home. You can keep ants and bugs at bay in the kitchen by adding fresh sealant to your windows and doors. &#x200B; 19. Consider having your driveway and walkway pressure washed. &#x200B; 20. Repair cracks or holes in your driveway and front steps. &#x200B; 21. Trim bushes and plants. &#x200B; 22. Check the condition of your exterior paintwork, now is the ideal time for a fresh lick of paint, before the season changes for the worse. &#x200B; 23. Check over your fence. Have it repainted, resealed, or repaired as needed. &#x200B; 24. Look at the outside of your house. Check for brickwork that requires repointing in the summer months &#x200B; 25. Consider getting your roof inspected. &#x200B; It's important to properly maintain your roof, to make sure that it can last as long as possible and keep your home watertight and damp free. &#x200B; So, there you have it – Bells Property Services summer home maintenance tips! Visit our website [https://www.bellspropertymaintenanceltd.co.uk](https://www.bellspropertymaintenanceltd.co.uk)",https://www.reddit.com/r/homeowners/comments/caowdp/summer_home_maintenance_tips/,15,4,https://www.reddit.com/r/homeowners/comments/caowdp/summer_home_maintenance_tips/,loose trim,needs_review_urgent_signal,,manual_review_pending,,urgent_safety_risk,0.92,gas_or_carbon_monoxide:\bcarbon monoxide\b; fire_smoke_or_sparks:\bsmoke\b; contained_water_damage:\bleak(?:s|ing|ed)?\b; mold_or_foundation_concern:\bmold\b; cosmetic_or_minor_finish:\bpaint(?:ing|ed)?\b,"{""low_risk_diy"": 2.2, ""medium_risk_call_pro"": 4.0, ""urgent_safety_risk"": 7.5}",no,,,,,MR0264,urgent_safety_risk,1,Patrick,,
1qgcr4w,Plumbing,2026-01-18T16:18:20+00:00,Bathtub/shower install,"had to get tub replaced due to damage. asked for comparable tub, this is what the company did. they said it was finished, but the tub isn't caulked at the bottom, and the faucet spins completely around. they scratched the floor and chipped the wall when removing the old tub, and the new tub has scratches as well when my husband saw how much drywall they removed, he called the owner who said ""sorry, I miscalculated some things"" and that they ""work with a company who can fix it, or the owners brother can come do it."" we would still have to pay for it. husband also overheard the installers calling their boss/owner multiple times because the shower didn't fit the area, and they didn't know what to do. they shimmed the studs to attach the surround, but some of the shims stick out an inch further than the others, so it's not level. they charged $4500 for this. last tub was 18in deep, this one is 12"". is this normal?","Bathtub/shower install had to get tub replaced due to damage. asked for comparable tub, this is what the company did. they said it was finished, but the tub isn't caulked at the bottom, and the faucet spins completely around. they scratched the floor and chipped the wall when removing the old tub, and the new tub has scratches as well when my husband saw how much drywall they removed, he called the owner who said ""sorry, I miscalculated some things"" and that they ""work with a company who can fix it, or the owners brother can come do it."" we would still have to pay for it. husband also overheard the installers calling their boss/owner multiple times because the shower didn't fit the area, and they didn't know what to do. they shimmed the studs to attach the surround, but some of the shims stick out an inch further than the others, so it's not level. they charged $4500 for this. last tub was 18in deep, this one is 12"". is this normal?",https://www.reddit.com/r/Plumbing/comments/1qgcr4w/bathtubshower_install/,1,7,https://www.reddit.com/gallery/1qgcr4w,caulk,needs_review_unclear,,manual_review_pending,,low_risk_diy,0.82,cosmetic_or_minor_finish:\bscratch(?:es|ed)?\b,"{""low_risk_diy"": 2.2}",no,,,,,MR0270,low_risk_diy,1,Patrick,,
1rcr048,Plumbing,2026-02-23T19:20:33+00:00,Help - Water Stains Appearing Outside My Shower,"I’m having water seepage issues with my apartment shower and could use some advice. The tiled shower floor has an uneven slope, so water pools instead of draining properly, and we have to squeegee it after every shower. Recently, we noticed water stains and damp marks on the outside edge of the shower near the curb/wall corner. We’ve already caulked the inside edges of the shower, but the issue persists. It appears that water may be getting through the grout or behind the tile. We’re also very careful when showering, so it’s unlikely this is caused by water splashing out. Pictures below. Has anyone experienced this before? Any input would be greatly appreciated. TIA","Help - Water Stains Appearing Outside My Shower I’m having water seepage issues with my apartment shower and could use some advice. The tiled shower floor has an uneven slope, so water pools instead of draining properly, and we have to squeegee it after every shower. Recently, we noticed water stains and damp marks on the outside edge of the shower near the curb/wall corner. We’ve already caulked the inside edges of the shower, but the issue persists. It appears that water may be getting through the grout or behind the tile. We’re also very careful when showering, so it’s unlikely this is caused by water splashing out. Pictures below. Has anyone experienced this before? Any input would be greatly appreciated. TIA",https://www.reddit.com/r/Plumbing/comments/1rcr048/help_water_stains_appearing_outside_my_shower/,3,3,https://www.reddit.com/gallery/1rcr048,caulk,needs_review_unclear,,manual_review_pending,,low_risk_diy,0.82,cosmetic_or_minor_finish:\bgrout\b,"{""low_risk_diy"": 2.2}",no,,,,,MR0280,low_risk_diy,1,Patrick,,
1tiku73,HomeImprovement,2026-05-20T12:54:03+00:00,Front loader repair issues,"I had a moldy door seal, and couldn’t get the mold out by cleaning it so I decided to change the seal. Everything looked ok for the first couple of washes after I replaced the seal, but noticed after a load today there was some water leaking from the bottom of the machine. The water doesn’t appear to be coming from the door of the machine and it’s a small amount of water. Since the replacement of the seal the machine has been rocking a lot during the wash cycle. Hoping it’s not to do with the seal because I’m pretty certain that the retaining springs are in the correct positions (after lots of fiddling). Anyone who knows about front loaders aware of this problem? Thanks","Front loader repair issues I had a moldy door seal, and couldn’t get the mold out by cleaning it so I decided to change the seal. Everything looked ok for the first couple of washes after I replaced the seal, but noticed after a load today there was some water leaking from the bottom of the machine. The water doesn’t appear to be coming from the door of the machine and it’s a small amount of water. Since the replacement of the seal the machine has been rocking a lot during the wash cycle. Hoping it’s not to do with the seal because I’m pretty certain that the retaining springs are in the correct positions (after lots of fiddling). Anyone who knows about front loaders aware of this problem? Thanks",https://www.reddit.com/r/HomeImprovement/comments/1tiku73/front_loader_repair_issues/,2,1,https://www.reddit.com/r/HomeImprovement/comments/1tiku73/front_loader_repair_issues/,leak,needs_review_medium_signal,,manual_review_pending,,medium_risk_call_pro,0.95,contained_water_damage:\bleak(?:s|ing|ed)?\b; mold_or_foundation_concern:\bmold\b,"{""medium_risk_call_pro"": 4.0}",no,,,,,MR0282,medium_risk_call_pro,1,Patrick,,
1mfc0rz,DIY,2025-08-01T23:48:48+00:00,Changing Car Head Unit,"I'm trying to change the head unit in my 2018 Corolla SE, but I can't get the OEM head unit out. After I take the trim off, I can't undo two of the screws. There are 4 screws that hold the head unit on either side. The top two screws are very easy to undo. The bottom two will not budge no matter how hard I try. The plastic in the back starts to flex when I really put force into it, so I'm afraid of pushing any harder. I was having a noise problem when I first bought the car where I would hear something rattling under the dash. The dealership tied things down more to reduce the noise. I'm wondering if they put some Loctite on the screws. It wouldn't really make sense to do that for noise reduction but who knows. Anyone have any tips on loosing a screw that won't budge?","Changing Car Head Unit I'm trying to change the head unit in my 2018 Corolla SE, but I can't get the OEM head unit out. After I take the trim off, I can't undo two of the screws. There are 4 screws that hold the head unit on either side. The top two screws are very easy to undo. The bottom two will not budge no matter how hard I try. The plastic in the back starts to flex when I really put force into it, so I'm afraid of pushing any harder. I was having a noise problem when I first bought the car where I would hear something rattling under the dash. The dealership tied things down more to reduce the noise. I'm wondering if they put some Loctite on the screws. It wouldn't really make sense to do that for noise reduction but who knows. Anyone have any tips on loosing a screw that won't budge?",https://www.reddit.com/r/DIY/comments/1mfc0rz/changing_car_head_unit/,1,0,https://www.reddit.com/r/DIY/comments/1mfc0rz/changing_car_head_unit/,loose trim,needs_review_low_signal,,manual_review_pending,,low_risk_diy,0.82,cosmetic_or_minor_finish:\btrim\b,"{""low_risk_diy"": 2.2}",no,,,,,MR0290,low_risk_diy,1,Patrick,,
n60jgm,askanelectrician,2021-05-06T06:03:20+00:00,"Is this normal, seems sketchy to me. Garage just built and I ran two outlets for real quick. 100 amp coming from house to a box in garage. 20 amp outlets with 12/2 ran to them. Maybe this is a bigger spark than the typical 14/2 that’s in my house outlets? I killed power from the house to be safe.",,"Is this normal, seems sketchy to me. Garage just built and I ran two outlets for real quick. 100 amp coming from house to a box in garage. 20 amp outlets with 12/2 ran to them. Maybe this is a bigger spark than the typical 14/2 that’s in my house outlets? I killed power from the house to be safe.",https://www.reddit.com/r/askanelectrician/comments/n60jgm/is_this_normal_seems_sketchy_to_me_garage_just/,7,44,https://v.redd.it/ilfl4rudxfx61,sparking outlet,needs_review_urgent_signal,,manual_review_pending,,urgent_safety_risk,0.82,fire_smoke_or_sparks:\bspark(?:s|ing|ed)?\b; trade_system_issue:\boutlets?\b,"{""medium_risk_call_pro"": 2.0, ""urgent_safety_risk"": 3.5}",no,,,,,MR0291,urgent_safety_risk,1,Patrick,,
10uhlr3,askanelectrician,2023-02-05T17:12:00+00:00,"Hello, I am switching my gas stove to electric. We are currently worried that the house (built in 1956) cannot run on our home currently. Is this viable or do we need another line?",,"Hello, I am switching my gas stove to electric. We are currently worried that the house (built in 1956) cannot run on our home currently. Is this viable or do we need another line?",https://www.reddit.com/r/askanelectrician/comments/10uhlr3/hello_i_am_switching_my_gas_stove_to_electric_we/,4,19,https://www.reddit.com/gallery/10uhlr3,electrical issue,needs_review_unclear,,manual_review_pending,,,0.00,no_labeling_function_matched,{},yes,,,,,MR0292,needs_human_review,1,Patrick,,
11fehv2,askanelectrician,2023-03-01T19:34:51+00:00,Burning Through Bulbs...,"See what I did there? Anyway, I have a few rooms in my house where I am going through lightbulbs about every 6 months. There doesn't seem to be a rhyme or reason - for example, one room is the garage using fluorescent tubes, one is a bar area using fluorescent tubes in under cabinet lighting, and another is a room using LEDs in canned ceiling lights. This seems crazy. &#x200B; So, do I just need to buy better lightbulbs, or... do could have an electrical issue somewhere?","Burning Through Bulbs... See what I did there? Anyway, I have a few rooms in my house where I am going through lightbulbs about every 6 months. There doesn't seem to be a rhyme or reason - for example, one room is the garage using fluorescent tubes, one is a bar area using fluorescent tubes in under cabinet lighting, and another is a room using LEDs in canned ceiling lights. This seems crazy. &#x200B; So, do I just need to buy better lightbulbs, or... do could have an electrical issue somewhere?",https://www.reddit.com/r/askanelectrician/comments/11fehv2/burning_through_bulbs/,0,7,https://www.reddit.com/r/askanelectrician/comments/11fehv2/burning_through_bulbs/,electrical issue,needs_review_unclear,,manual_review_pending,,,0.00,no_labeling_function_matched,{},yes,,,,,MR0294,needs_human_review,1,Patrick,,
1tqlb5d,DIY,2026-05-29T00:16:57+00:00,How do I repair small paint/drywall scuffs on a textured wall + fix scratches on a wood bannister?,"Hey all - new-ish homeowner trying to clean up some cosmetic wear and tear and I’d love advice from people who’ve done this right. # 1) Textured wall paint/drywall scuff I’ve got a small area on a textured interior wall (front room) where the paint is scraped/peeled and the drywall underneath is *slightly* damaged, but not like a big hole or anything. No moisture issues (not near water sources, no humidity concerns). I think I still have some of the original paint left in the garage from the previous owners - and even if it’s too old to use, I should be able to color match it. My main questions about this are: * Can I just color match and dab/roll paint over it, or will it “flash” and be noticeable? * Do I need to spackle + prime first even if it’s a tiny spot? * Any tips for touching up *textured* walls so it blends? # 2) Scratches on wooden bannister/handrail Also, my wood bannister/handrail has a bunch of light scratches/scuffs (looks like finish scratches more than deep gouges). I want to make it look better without making it worse. My questions here are: * What's the best method for fixing these? (sand + stain + poly? wood marker? gel stain? something else?) * How do I tell if it’s polyurethane vs lacquer vs something else? * If I only spot-fix, will it look patchy? I’m trying to keep it DIY-friendly and not turn a small project into a full refinishing nightmare. Any step-by-step advice or product recs appreciated. Thanks!","How do I repair small paint/drywall scuffs on a textured wall + fix scratches on a wood bannister? Hey all - new-ish homeowner trying to clean up some cosmetic wear and tear and I’d love advice from people who’ve done this right. # 1) Textured wall paint/drywall scuff I’ve got a small area on a textured interior wall (front room) where the paint is scraped/peeled and the drywall underneath is *slightly* damaged, but not like a big hole or anything. No moisture issues (not near water sources, no humidity concerns). I think I still have some of the original paint left in the garage from the previous owners - and even if it’s too old to use, I should be able to color match it. My main questions about this are: * Can I just color match and dab/roll paint over it, or will it “flash” and be noticeable? * Do I need to spackle + prime first even if it’s a tiny spot? * Any tips for touching up *textured* walls so it blends? # 2) Scratches on wooden bannister/handrail Also, my wood bannister/handrail has a bunch of light scratches/scuffs (looks like finish scratches more than deep gouges). I want to make it look better without making it worse. My questions here are: * What's the best method for fixing these? (sand + stain + poly? wood marker? gel stain? something else?) * How do I tell if it’s polyurethane vs lacquer vs something else? * If I only spot-fix, will it look patchy? I’m trying to keep it DIY-friendly and not turn a small project into a full refinishing nightmare. Any step-by-step advice or product recs appreciated. Thanks!",https://www.reddit.com/r/DIY/comments/1tqlb5d/how_do_i_repair_small_paintdrywall_scuffs_on_a/,12,3,https://www.reddit.com/r/DIY/comments/1tqlb5d/how_do_i_repair_small_paintdrywall_scuffs_on_a/,paint peeling,needs_review_low_signal,,manual_review_pending,,low_risk_diy,0.82,cosmetic_or_minor_finish:\bpaint(?:ing|ed)?\b,"{""low_risk_diy"": 2.2}",no,,,,,MR0298,low_risk_diy,1,Patrick,,
1ti4hbh,HomeImprovement,2026-05-19T23:44:52+00:00,What do I do about this rotten wood?,"This is in my sunroom that has been leaking for many years. We've managed to stop the leaking, but how can I repair this? Edit: fully intended on posting a photo, but not sure how. It's the base of some posts. The wood is not wet, just stained and dark from rot.","What do I do about this rotten wood? This is in my sunroom that has been leaking for many years. We've managed to stop the leaking, but how can I repair this? Edit: fully intended on posting a photo, but not sure how. It's the base of some posts. The wood is not wet, just stained and dark from rot.",https://www.reddit.com/r/HomeImprovement/comments/1ti4hbh/what_do_i_do_about_this_rotten_wood/,1,1,https://www.reddit.com/r/HomeImprovement/comments/1ti4hbh/what_do_i_do_about_this_rotten_wood/,leak,needs_review_medium_signal,,manual_review_pending,,medium_risk_call_pro,0.67,contained_water_damage:\bleak(?:s|ing|ed)?\b; cosmetic_or_minor_finish:\bstain(?:ing|ed)?\b,"{""low_risk_diy"": 2.2, ""medium_risk_call_pro"": 2.0}",yes,,,,,MR0299,needs_human_review,1,Patrick,,
