reddit_id,subreddit,created_utc,title,selftext,text,permalink,score,num_comments,url,source_query,review_hint,label,label_status,label_notes,auto_label,auto_label_confidence,auto_label_reason,auto_label_scores,needs_human_review,label_source,human_label,human_review_notes,audit_agrees
1sx5wty,Plumbing,2026-04-27T14:48:36+00:00,what dap to use in bathroom counters?,"Hey everyone, new owner here. Builder put one of those giant contractor grade mirrors in the bathroom (the shitty ones). So I pulled it off and found that they didn't caulk between the wall and the quartz counter. There is some caulking but its kind of odd to me. Its hard, not springy or spongy like normal silicone. Had to use a sharp utility knife to clean up some of the edges. Hopefully the pictures show what they used. https://imgur.com/a/RB2wGW8 Any ideas are greatly appreciated. Thanks","what dap to use in bathroom counters? Hey everyone, new owner here. Builder put one of those giant contractor grade mirrors in the bathroom (the shitty ones). So I pulled it off and found that they didn't caulk between the wall and the quartz counter. There is some caulking but its kind of odd to me. Its hard, not springy or spongy like normal silicone. Had to use a sharp utility knife to clean up some of the edges. Hopefully the pictures show what they used. https://imgur.com/a/RB2wGW8 Any ideas are greatly appreciated. Thanks",https://www.reddit.com/r/Plumbing/comments/1sx5wty/what_dap_to_use_in_bathroom_counters/,1,2,https://www.reddit.com/r/Plumbing/comments/1sx5wty/what_dap_to_use_in_bathroom_counters/,caulk,needs_review_low_signal,low_risk_diy,weak_labeled,,low_risk_diy,0.82,cosmetic_or_minor_finish:\bcaulk(?:ing)?\b,"{""low_risk_diy"": 2.2}",no,weak_supervision,,,
1t8opz7,Plumbing,2026-05-09T22:13:35+00:00,How do you guys attach replacement hose bibs?,Just curious to see what the different methods are in different areas. These $25 backer plates made by “black swan” are the best solution I could find in my area Side note - that’s clear exterior caulk. Applies white and dries clear,How do you guys attach replacement hose bibs? Just curious to see what the different methods are in different areas. These $25 backer plates made by “black swan” are the best solution I could find in my area Side note - that’s clear exterior caulk. Applies white and dries clear,https://www.reddit.com/r/Plumbing/comments/1t8opz7/how_do_you_guys_attach_replacement_hose_bibs/,27,22,https://i.redd.it/0s6i5stmr60h1.jpeg,caulk,needs_review_low_signal,low_risk_diy,weak_labeled,,low_risk_diy,0.82,cosmetic_or_minor_finish:\bcaulk(?:ing)?\b,"{""low_risk_diy"": 2.2}",no,weak_supervision,,,
1s7bjgw,Plumbing,2026-03-30T00:16:43+00:00,Pedestal Sinks & Caulking,Removed ugly caulk along top of a pedestal sink — do i need to recaulk after painting? Add a backsplash? Bond to the wall? I have no idea,Pedestal Sinks & Caulking Removed ugly caulk along top of a pedestal sink — do i need to recaulk after painting? Add a backsplash? Bond to the wall? I have no idea,https://www.reddit.com/r/Plumbing/comments/1s7bjgw/pedestal_sinks_caulking/,1,2,https://www.reddit.com/r/Plumbing/comments/1s7bjgw/pedestal_sinks_caulking/,caulk,needs_review_low_signal,low_risk_diy,weak_labeled,,low_risk_diy,0.82,cosmetic_or_minor_finish:\bpaint(?:ing|ed)?\b,"{""low_risk_diy"": 2.2}",no,weak_supervision,,,
1i2mh8x,DIY,2025-01-16T11:02:09+00:00,Basement refresh,"Took vacation this week and decided to spruce up the basement. Pulled drop celing painted all that, walls, cabinets and vinal plank. Hopefully have it wrapped up by mlk day. Gotta finish with trim and a few other loose ends. Pretty happy so far.","Basement refresh Took vacation this week and decided to spruce up the basement. Pulled drop celing painted all that, walls, cabinets and vinal plank. Hopefully have it wrapped up by mlk day. Gotta finish with trim and a few other loose ends. Pretty happy so far.",https://www.reddit.com/r/DIY/comments/1i2mh8x/basement_refresh/,27,15,https://www.reddit.com/gallery/1i2mh8x,loose trim,needs_review_low_signal,low_risk_diy,weak_labeled,,low_risk_diy,0.82,cosmetic_or_minor_finish:\bpaint(?:ing|ed)?\b,"{""low_risk_diy"": 2.2}",no,weak_supervision,,,
1tie9xu,HomeMaintenance,2026-05-20T07:24:19+00:00,Paint peeling and impenetrable wall,"So, 2 issues. Picture 1: The paints peeling off the wall common to my room and bedroom since forever. It's also in other places not connected to the bathroom but it's much more noticeable here. How can I fix this. Ps. Try to make it as budget friendly as possible and refer to Indian brands if you can. Picture 2: So, I was trying to drill a few holes into my wall to hang up a curtain when the drill would not go past a certain point. Almost as if there was an impenetrable wall there. My guess was it was rebar and I did catch a glimpse of something like that when a huge chunk of the wall fell off. But then when I drilled a bit lower in order to avoid it, I still hit something. Few things I wanna know is, what could it be? How can I know when to stop drilling? Also, how can I fix this void where the wall fell off from. Thanks in advance","Paint peeling and impenetrable wall So, 2 issues. Picture 1: The paints peeling off the wall common to my room and bedroom since forever. It's also in other places not connected to the bathroom but it's much more noticeable here. How can I fix this. Ps. Try to make it as budget friendly as possible and refer to Indian brands if you can. Picture 2: So, I was trying to drill a few holes into my wall to hang up a curtain when the drill would not go past a certain point. Almost as if there was an impenetrable wall there. My guess was it was rebar and I did catch a glimpse of something like that when a huge chunk of the wall fell off. But then when I drilled a bit lower in order to avoid it, I still hit something. Few things I wanna know is, what could it be? How can I know when to stop drilling? Also, how can I fix this void where the wall fell off from. Thanks in advance",https://www.reddit.com/r/HomeMaintenance/comments/1tie9xu/paint_peeling_and_impenetrable_wall/,1,4,https://www.reddit.com/gallery/1tie9xu,paint peeling,needs_review_low_signal,low_risk_diy,weak_labeled,,low_risk_diy,0.82,cosmetic_or_minor_finish:\bpaint(?:ing|ed)?\b,"{""low_risk_diy"": 2.2}",no,weak_supervision,,,
1ddxw91,DIY,2024-06-12T04:16:30+00:00,Replacing ancient patio ceiling fan on stucco,"I went to my friend’s house today to swap two old, 1980’s original (not working) ceiling fans on the balcony. These are huge. It took some tinkering, but I finally got through the first one to the point I could see something that looked almost familiar - this hanging plate. Two machine screws went through the slots (nearest to the center) and into the ceiling box. The rest of this thing suspended the massive canopy and the rest of the tank-like fixture. I didn’t think much about it other than “wow it’s big”. Once I got the harbor breeze mount, canopy, and motor up there I ran into the stucco. The stucco was slapped on with huge swirls and it can cut you. It also is underneath the area that the canopy covers, and prevents me from attaching the canopy to the mount. Even worse, the stucco crunches away and makes the thing loose, again and again. This big ol’ plate had enough surface area to distribute the weight over the stucco, and get a good grip between the stucco of the ceiling and the recessed box. The harbour breeze has a dinky canopy with a sharp edge. I took another look at this plate and started searching. “Maybe this is a standard item, and can be found in other sizes”, I thought. Google searches like “Ceiling fan stucco plate”, stucco plate, how to mount ceiling fans on stucco ceiling, ceiling fan mounting plates, and tons of variations on this came up Nada. Hoping to get the actual name of something like this, I did the google image search and found tons of interesting door and auto parts, but nothing about ceiling fans. I’m starting to believe that this was made for that specific fan and isn’t a normal thing. I see two ways around this, both with questions and potential problems, and I’m hoping to gain some wisdom and tricks that might save the day. First, I could buy a new cutting wheel for my grinder and trim the plate around the center curves to match the new canopy. My grinder stills are light years behind those geniuses on custom car shows; it would be a butcher job. Also in removing the sides, I loose surface area and it might not be enough. Would it be enough to keep the mount firm? Second, I can chip out the stucco underneath the new canopy (and a bit more, so the canopy can fit over the mounting bracket). My worry there is, the mount would be clinched tight to the ceiling box at that point; would it be enough to keep it firm? Also this would create a big mess. Would cutting a big hole around the ceiling box be bad in any way for the house? What’s the best way to trim through a bunch of stucco and the wire? IMHO this is a prime example of “simple does not equal easy”.","Replacing ancient patio ceiling fan on stucco I went to my friend’s house today to swap two old, 1980’s original (not working) ceiling fans on the balcony. These are huge. It took some tinkering, but I finally got through the first one to the point I could see something that looked almost familiar - this hanging plate. Two machine screws went through the slots (nearest to the center) and into the ceiling box. The rest of this thing suspended the massive canopy and the rest of the tank-like fixture. I didn’t think much about it other than “wow it’s big”. Once I got the harbor breeze mount, canopy, and motor up there I ran into the stucco. The stucco was slapped on with huge swirls and it can cut you. It also is underneath the area that the canopy covers, and prevents me from attaching the canopy to the mount. Even worse, the stucco crunches away and makes the thing loose, again and again. This big ol’ plate had enough surface area to distribute the weight over the stucco, and get a good grip between the stucco of the ceiling and the recessed box. The harbour breeze has a dinky canopy with a sharp edge. I took another look at this plate and started searching. “Maybe this is a standard item, and can be found in other sizes”, I thought. Google searches like “Ceiling fan stucco plate”, stucco plate, how to mount ceiling fans on stucco ceiling, ceiling fan mounting plates, and tons of variations on this came up Nada. Hoping to get the actual name of something like this, I did the google image search and found tons of interesting door and auto parts, but nothing about ceiling fans. I’m starting to believe that this was made for that specific fan and isn’t a normal thing. I see two ways around this, both with questions and potential problems, and I’m hoping to gain some wisdom and tricks that might save the day. First, I could buy a new cutting wheel for my grinder and trim the plate around the center curves to match the new canopy. My grinder stills are light years behind those geniuses on custom car shows; it would be a butcher job. Also in removing the sides, I loose surface area and it might not be enough. Would it be enough to keep the mount firm? Second, I can chip out the stucco underneath the new canopy (and a bit more, so the canopy can fit over the mounting bracket). My worry there is, the mount would be clinched tight to the ceiling box at that point; would it be enough to keep it firm? Also this would create a big mess. Would cutting a big hole around the ceiling box be bad in any way for the house? What’s the best way to trim through a bunch of stucco and the wire? IMHO this is a prime example of “simple does not equal easy”.",https://www.reddit.com/r/DIY/comments/1ddxw91/replacing_ancient_patio_ceiling_fan_on_stucco/,0,0,https://www.reddit.com/gallery/1ddxw91,loose trim,needs_review_low_signal,low_risk_diy,weak_labeled,,low_risk_diy,0.82,cosmetic_or_minor_finish:\btrim\b,"{""low_risk_diy"": 2.2}",no,weak_supervision,,,
1tjzoor,Plumbing,2026-05-21T22:12:11+00:00,New sink flange stuck,"Hey i screwed up and put in the new drain with the wrong insert for a sink with an overflow. Took me no time to get this in but somehow, despite being hand tightened i cannot get the flange detached from the pipe below. Two questions 1. Any ideas to remove flange without breaking the sink. Trying to avoid breaking the flange/pipe but I'll do what is needed. 2. Can i just fill the overflow with caulk and call it a day?","New sink flange stuck Hey i screwed up and put in the new drain with the wrong insert for a sink with an overflow. Took me no time to get this in but somehow, despite being hand tightened i cannot get the flange detached from the pipe below. Two questions 1. Any ideas to remove flange without breaking the sink. Trying to avoid breaking the flange/pipe but I'll do what is needed. 2. Can i just fill the overflow with caulk and call it a day?",https://www.reddit.com/r/Plumbing/comments/1tjzoor/new_sink_flange_stuck/,1,15,https://www.reddit.com/gallery/1tjzoor,caulk,needs_review_low_signal,low_risk_diy,weak_labeled,,low_risk_diy,0.82,cosmetic_or_minor_finish:\bcaulk(?:ing)?\b,"{""low_risk_diy"": 2.2}",no,weak_supervision,,,
1sh0gnj,Plumbing,2026-04-09T19:57:08+00:00,Tub spout gap,Installed a tub spout but it won’t sit flush against the tub wall. Good size gap to caulk. What’s the fix? Get an extended spout? Cut 1/4” off the copper pipe under the spout?,Tub spout gap Installed a tub spout but it won’t sit flush against the tub wall. Good size gap to caulk. What’s the fix? Get an extended spout? Cut 1/4” off the copper pipe under the spout?,https://www.reddit.com/r/Plumbing/comments/1sh0gnj/tub_spout_gap/,1,6,https://i.redd.it/qk67r6vxz7ug1.jpeg,caulk,needs_review_low_signal,low_risk_diy,weak_labeled,,low_risk_diy,0.82,cosmetic_or_minor_finish:\bcaulk(?:ing)?\b,"{""low_risk_diy"": 2.2}",no,weak_supervision,,,
1sju4fo,DIY,2026-04-12T23:28:15+00:00,Help with kitchen cabinets,I'm needing help with my kitchen cabinets. They are old built ins from long before I purchased the house. A while back a family member wanted to paint our kitchen. We were ok with that. Picked out the colors and purchased the paint. I was not here for the removal of the cabinet doors. They were not kept in order nor labeled in any way. Hinges were discarded and new ones were purchased from overseas. Ya I know. Lol right. Well the cabinets got painted and hinges hung. But the doors do not match up. Some leave gaps and others don't fit right at all. All the doors are similar in size but not the same. The crappy hinges were hung and some doors don't shut with the hinges on at all. The hinges move like they should but cabinets will not close and or if they do close they leave gaps. The paint that was purchased originally was for cabinets. It didn't stick and peeled right off while trying to install cabinet doors. So family purchased other paint and it just looks terrible. Paint purchased from Lowes for about 50 to 55 bucks a gallon. Should be quality paint right? I've lived with some cabinet doors on and some off for about a year now waiting on family to fix their screw up. We'll its time for me to to fix their mistakes. Where do I start? Idk if the hinges from overseas are the issue or what. I know they slam like no other though. Please help. Thanks Edit.. I should add that the cabinet doors are supposed to be outside if the frame and into the opening. Ill have to take a picture tomorrow of it. Its something similar to a stair step.,Help with kitchen cabinets I'm needing help with my kitchen cabinets. They are old built ins from long before I purchased the house. A while back a family member wanted to paint our kitchen. We were ok with that. Picked out the colors and purchased the paint. I was not here for the removal of the cabinet doors. They were not kept in order nor labeled in any way. Hinges were discarded and new ones were purchased from overseas. Ya I know. Lol right. Well the cabinets got painted and hinges hung. But the doors do not match up. Some leave gaps and others don't fit right at all. All the doors are similar in size but not the same. The crappy hinges were hung and some doors don't shut with the hinges on at all. The hinges move like they should but cabinets will not close and or if they do close they leave gaps. The paint that was purchased originally was for cabinets. It didn't stick and peeled right off while trying to install cabinet doors. So family purchased other paint and it just looks terrible. Paint purchased from Lowes for about 50 to 55 bucks a gallon. Should be quality paint right? I've lived with some cabinet doors on and some off for about a year now waiting on family to fix their screw up. We'll its time for me to to fix their mistakes. Where do I start? Idk if the hinges from overseas are the issue or what. I know they slam like no other though. Please help. Thanks Edit.. I should add that the cabinet doors are supposed to be outside if the frame and into the opening. Ill have to take a picture tomorrow of it. Its something similar to a stair step.,https://www.reddit.com/r/DIY/comments/1sju4fo/help_with_kitchen_cabinets/,13,19,https://www.reddit.com/r/DIY/comments/1sju4fo/help_with_kitchen_cabinets/,paint peeling,needs_review_low_signal,low_risk_diy,weak_labeled,,low_risk_diy,0.82,cosmetic_or_minor_finish:\bpaint(?:ing|ed)?\b,"{""low_risk_diy"": 2.2}",no,weak_supervision,,,
1tfzi82,HomeMaintenance,2026-05-17T19:38:43+00:00,Deck paint recommendations - need 2-3 years of life,"We intend to tear down our deck in 2-3 years to put up an extension or 3-season room. In the meantime, need to do something about the terrible chipped / worn away paint on our deck rails. Not sure the wife and I are up for the time investment to fully chip away and sand down the existing paint job. Particularly given how careful she’ll want to be to ensure no paint chips end up in the garden below. And with two kids under 5 running around. For a 2-3 year fix, could we go with a high-end exterior paint and just paint over the existing situation? (See photo). We’d pull up the most egregious old paint chips/flakes. I know it’s absolutely not the “right” answer, and isn’t a long term solve. Just trying to figure out if a quick job with the right paint could buy us a few years, or if it’ll be peeling off in 6 weeks. Thank you!","Deck paint recommendations - need 2-3 years of life We intend to tear down our deck in 2-3 years to put up an extension or 3-season room. In the meantime, need to do something about the terrible chipped / worn away paint on our deck rails. Not sure the wife and I are up for the time investment to fully chip away and sand down the existing paint job. Particularly given how careful she’ll want to be to ensure no paint chips end up in the garden below. And with two kids under 5 running around. For a 2-3 year fix, could we go with a high-end exterior paint and just paint over the existing situation? (See photo). We’d pull up the most egregious old paint chips/flakes. I know it’s absolutely not the “right” answer, and isn’t a long term solve. Just trying to figure out if a quick job with the right paint could buy us a few years, or if it’ll be peeling off in 6 weeks. Thank you!",https://www.reddit.com/r/HomeMaintenance/comments/1tfzi82/deck_paint_recommendations_need_23_years_of_life/,1,5,https://i.redd.it/sgmqqau93r1h1.jpeg,paint peeling,needs_review_low_signal,low_risk_diy,weak_labeled,,low_risk_diy,0.82,cosmetic_or_minor_finish:\bpaint(?:ing|ed)?\b,"{""low_risk_diy"": 2.2}",no,weak_supervision,,,
1s3rt5f,Plumbing,2026-03-25T23:59:30+00:00,Hose bib hanging out from wall,"These are two different outdoor faucets. One hangs out a little farther than the other. What exactly can I buy to close the space between, especially on the longer one. Is my only option to just b it a spacer and then spray foam and caulk? I’m worried about these being free floating without a spacer and anything to screw into. Where would I find spacers for these?","Hose bib hanging out from wall These are two different outdoor faucets. One hangs out a little farther than the other. What exactly can I buy to close the space between, especially on the longer one. Is my only option to just b it a spacer and then spray foam and caulk? I’m worried about these being free floating without a spacer and anything to screw into. Where would I find spacers for these?",https://www.reddit.com/r/Plumbing/comments/1s3rt5f/hose_bib_hanging_out_from_wall/,2,9,https://www.reddit.com/gallery/1s3rt5f,caulk,needs_review_low_signal,low_risk_diy,weak_labeled,,low_risk_diy,0.82,cosmetic_or_minor_finish:\bcaulk(?:ing)?\b,"{""low_risk_diy"": 2.2}",no,weak_supervision,,,
157ol7w,HomeMaintenance,2023-07-23T19:59:35+00:00,Loose pipe trim fittings,"Hi all, I was looking at sealing my house better and went to look under the sinks at the trim fittings where the pipe connects to the wall. The metal trim plate on most of the pipes are loose. In addition to being loose some of the holes extend past the fitting so bugs can crawl out. Was wondering if should caulk all the under sink and toilet trim fittings? I usually see the caulking done on the shower or when there is contact to water, so was wondering if this is OK to caulk things like the under sink trim fittings? There seems to be a way to tighten the fittings but would have to adjust the back of the trim, but since everything is installed not sure how to get around that?","Loose pipe trim fittings Hi all, I was looking at sealing my house better and went to look under the sinks at the trim fittings where the pipe connects to the wall. The metal trim plate on most of the pipes are loose. In addition to being loose some of the holes extend past the fitting so bugs can crawl out. Was wondering if should caulk all the under sink and toilet trim fittings? I usually see the caulking done on the shower or when there is contact to water, so was wondering if this is OK to caulk things like the under sink trim fittings? There seems to be a way to tighten the fittings but would have to adjust the back of the trim, but since everything is installed not sure how to get around that?",https://www.reddit.com/r/HomeMaintenance/comments/157ol7w/loose_pipe_trim_fittings/,1,0,https://www.reddit.com/r/HomeMaintenance/comments/157ol7w/loose_pipe_trim_fittings/,loose trim,needs_review_low_signal,low_risk_diy,weak_labeled,,low_risk_diy,0.82,cosmetic_or_minor_finish:\btrim\b,"{""low_risk_diy"": 2.2}",no,weak_supervision,,,
1t9hj6z,Plumbing,2026-05-10T20:10:47+00:00,"Gap between escutcheon plate, and tub spout?",Hi all: New moen setup here. Have a small gap between escutcheon and tub spout (better on the closer pic). The copper out of the wall is not bottoming out (cut just under 2.5 inches) and I've done all of the pushing and catching the set screw seems to accomplish. My incling is that the copper out of the wall is canted just a bit? Thoughts? Clear caulk? Ignore?,"Gap between escutcheon plate, and tub spout? Hi all: New moen setup here. Have a small gap between escutcheon and tub spout (better on the closer pic). The copper out of the wall is not bottoming out (cut just under 2.5 inches) and I've done all of the pushing and catching the set screw seems to accomplish. My incling is that the copper out of the wall is canted just a bit? Thoughts? Clear caulk? Ignore?",https://www.reddit.com/r/Plumbing/comments/1t9hj6z/gap_between_escutcheon_plate_and_tub_spout/,4,3,https://www.reddit.com/gallery/1t9hj6z,caulk,needs_review_low_signal,low_risk_diy,weak_labeled,,low_risk_diy,0.82,cosmetic_or_minor_finish:\bcaulk(?:ing)?\b,"{""low_risk_diy"": 2.2}",no,weak_supervision,,,
1qpo0by,DIY,2026-01-28T21:06:19+00:00,"I have a damp concrete shed, how do I fix it so I go inside and breathe?","it's a concrete shed that has a flat roof, it was previously sealed with bitumen probably 15 years ago and it's all peeling off. the roof inside is just green when you look up. it also has a polythene type window in a rotten wood frame. No one else sees this as a problem, but I want to fix it up. I've bought bitumen to fix and seal the roof. but what do I do about the mouldy green roof on the inside - I have no idea where to start, do I try to clean all the mould off before painting it? do I throw vinegar on it and buy 10 dehumidifiers? I want to use the shed as a bit of a potting shed for gardening bits. it currently stores lots of electrical stuff like lawnmowers. any advice??","I have a damp concrete shed, how do I fix it so I go inside and breathe? it's a concrete shed that has a flat roof, it was previously sealed with bitumen probably 15 years ago and it's all peeling off. the roof inside is just green when you look up. it also has a polythene type window in a rotten wood frame. No one else sees this as a problem, but I want to fix it up. I've bought bitumen to fix and seal the roof. but what do I do about the mouldy green roof on the inside - I have no idea where to start, do I try to clean all the mould off before painting it? do I throw vinegar on it and buy 10 dehumidifiers? I want to use the shed as a bit of a potting shed for gardening bits. it currently stores lots of electrical stuff like lawnmowers. any advice??",https://www.reddit.com/r/DIY/comments/1qpo0by/i_have_a_damp_concrete_shed_how_do_i_fix_it_so_i/,0,4,https://www.reddit.com/r/DIY/comments/1qpo0by/i_have_a_damp_concrete_shed_how_do_i_fix_it_so_i/,paint peeling,needs_review_medium_signal,low_risk_diy,weak_labeled,,low_risk_diy,0.82,cosmetic_or_minor_finish:\bpaint(?:ing|ed)?\b,"{""low_risk_diy"": 2.2}",no,weak_supervision,,,
1sswka2,DIY,2026-04-22T20:02:21+00:00,Painting onto polyurethane foam that needs to be manipulated?,"Hi folks — working on a prop for a shoot and I'll need to be painting a polyurethane tree branch. The branch is wired and needs to be able to be physically manipulated. I know acrylics are usually the way to go here, but I'm paranoid about the paint cracking/peeling once the prop is bent/manipulated. Is there a different paint I can use that is a bit more flexible for this purpose? Or should I be fine with acrylic? I do have an extra branch I can use as a tester, but I'd love to get ahead of any issues if possible. I have a lot of experience painting and prop-making but foams can be a wild card and it was an expensive custom order, so I want to mitigate the damage. Thank you in advance!!","Painting onto polyurethane foam that needs to be manipulated? Hi folks — working on a prop for a shoot and I'll need to be painting a polyurethane tree branch. The branch is wired and needs to be able to be physically manipulated. I know acrylics are usually the way to go here, but I'm paranoid about the paint cracking/peeling once the prop is bent/manipulated. Is there a different paint I can use that is a bit more flexible for this purpose? Or should I be fine with acrylic? I do have an extra branch I can use as a tester, but I'd love to get ahead of any issues if possible. I have a lot of experience painting and prop-making but foams can be a wild card and it was an expensive custom order, so I want to mitigate the damage. Thank you in advance!!",https://www.reddit.com/r/DIY/comments/1sswka2/painting_onto_polyurethane_foam_that_needs_to_be/,1,4,https://www.reddit.com/r/DIY/comments/1sswka2/painting_onto_polyurethane_foam_that_needs_to_be/,paint peeling,needs_review_low_signal,low_risk_diy,weak_labeled,,low_risk_diy,0.82,cosmetic_or_minor_finish:\bpaint(?:ing|ed)?\b,"{""low_risk_diy"": 2.2}",no,weak_supervision,,,
1nbbvc4,HomeImprovement,2025-09-08T02:22:37+00:00,Painted wall smells like ****,"Hi all, Looking for some troubleshooting help. We had our kids room painted about 6 months ago: three white walls and one blue feature wall. Upon drying in the first week, it was obvious the blue wall smelled “different” compared to the white walls. By week two, the three white walls stopped smelling of fresh paint entirely, but the blue wall kept giving off a strong odor. The smell wasn’t like normal paint VOCs. It was more like gas/propane/methane, almost a “biological” smell rather than chemical, think rotten eggs. For the first 2 months it came and went in intensity. By month 3 it seemed to disappear, but over the next 3 months the smell would return randomly. I’m not sure if it’s temperature- or light-related, but now at the 6-month mark the smell is back stronger than ever after about a month’s reprieve. Some extra context: • Only the blue wall smells, not the white ones. • the blue paint was brand new and the tin had/has no odor. • Room was ventilated well during painting and curing. • Smell seems to fluctuate with time. What’s the likely cause, are the fumes dangerous and what should I do about it? Please I’d appreciate any insight from the pros. Thank you kindly!","Painted wall smells like **** Hi all, Looking for some troubleshooting help. We had our kids room painted about 6 months ago: three white walls and one blue feature wall. Upon drying in the first week, it was obvious the blue wall smelled “different” compared to the white walls. By week two, the three white walls stopped smelling of fresh paint entirely, but the blue wall kept giving off a strong odor. The smell wasn’t like normal paint VOCs. It was more like gas/propane/methane, almost a “biological” smell rather than chemical, think rotten eggs. For the first 2 months it came and went in intensity. By month 3 it seemed to disappear, but over the next 3 months the smell would return randomly. I’m not sure if it’s temperature- or light-related, but now at the 6-month mark the smell is back stronger than ever after about a month’s reprieve. Some extra context: • Only the blue wall smells, not the white ones. • the blue paint was brand new and the tin had/has no odor. • Room was ventilated well during painting and curing. • Smell seems to fluctuate with time. What’s the likely cause, are the fumes dangerous and what should I do about it? Please I’d appreciate any insight from the pros. Thank you kindly!",https://www.reddit.com/r/HomeImprovement/comments/1nbbvc4/painted_wall_smells_like/,2,17,https://www.reddit.com/r/HomeImprovement/comments/1nbbvc4/painted_wall_smells_like/,gas smell,needs_review_low_signal,low_risk_diy,weak_labeled,,low_risk_diy,0.82,cosmetic_or_minor_finish:\bpaint(?:ing|ed)?\b,"{""low_risk_diy"": 2.2}",no,weak_supervision,,,
1t6lucs,Plumbing,2026-05-07T20:06:07+00:00,Where does caulking need to go in my shower? (pic included),"Is the perimeter where the floor meets the walls (marked in red) the only place that needs caulking? Also, do the vertical corners where the walls meet need caulk even though they already have grout in them? Should I leave it or remove the grout and replace with caulk?","Where does caulking need to go in my shower? (pic included) Is the perimeter where the floor meets the walls (marked in red) the only place that needs caulking? Also, do the vertical corners where the walls meet need caulk even though they already have grout in them? Should I leave it or remove the grout and replace with caulk?",https://www.reddit.com/r/Plumbing/comments/1t6lucs/where_does_caulking_need_to_go_in_my_shower_pic/,3,7,https://www.reddit.com/gallery/1t6lucs,caulk,needs_review_low_signal,low_risk_diy,weak_labeled,,low_risk_diy,0.82,cosmetic_or_minor_finish:\bcaulk(?:ing)?\b,"{""low_risk_diy"": 2.2}",no,weak_supervision,,,
1gbc97j,DIY,2024-10-24T20:17:05+00:00,Repairing kitchen wall after ripping out tile trim,"I’m a new homeowner, slowly learning how to tackle projects around the house. Right now, I’m dealing with a bit of a mess in my kitchen. The walls are painted a mustard yellow (not my choice) that I can’t wait to repaint in a more neutral color. But before I start painting, I ran into an issue I need some advice on. I just ripped out the tiled trim above my countertops, and while the tiles came off, they brought chunks of paint and drywall with them. It looks like the previous owner used construction adhesive, which pulled off layers of paint and exposed some of the drywall. I also noticed that the existing paint peels off of the wall very easily – I suspect the previous owner didn’t prime the drywall properly. Should I be worried about this when I do my repair, or is it not a big deal since I’ll be priming before I paint anyway? Here’s my current plan: 1. **Sanding**: I’m thinking of sanding the damaged areas to smooth things out and get rid of any loose paint or drywall. 2. **Joint Compound**: After that, I’ll apply joint compound to fill in the damaged spots and level things out. 3. **Sanding (again)**: Once the compound dries, I’ll sand everything down again until it’s smooth. 4. **Priming & Painting**: Then I’ll prime the wall and finish it off with a high-quality paint, since this is the kitchen and it needs to stand up to daily wear and tear. Since I’m planning to renovate the kitchen in about a year, this fix doesn’t need to be perfect – but I’d still like it to look as seamless as possible for now. Here are my questions: * Should I be concerned about the peeling paint and lack of primer from the previous owner? Will the new primer fix that problem, or do I need to do more prep work? * Is joint compound the right material for this, or would spackle work better in this case? * How can I best blend the patched area into the surrounding wall, so it’s not obvious after painting? If anyone’s had experience with this kind of wall repair, I’d appreciate your input. This is my first time doing something like this, so I’d rather learn from other people's experiences than make unnecessary mistakes. Thanks in advance for the help.","Repairing kitchen wall after ripping out tile trim I’m a new homeowner, slowly learning how to tackle projects around the house. Right now, I’m dealing with a bit of a mess in my kitchen. The walls are painted a mustard yellow (not my choice) that I can’t wait to repaint in a more neutral color. But before I start painting, I ran into an issue I need some advice on. I just ripped out the tiled trim above my countertops, and while the tiles came off, they brought chunks of paint and drywall with them. It looks like the previous owner used construction adhesive, which pulled off layers of paint and exposed some of the drywall. I also noticed that the existing paint peels off of the wall very easily – I suspect the previous owner didn’t prime the drywall properly. Should I be worried about this when I do my repair, or is it not a big deal since I’ll be priming before I paint anyway? Here’s my current plan: 1. **Sanding**: I’m thinking of sanding the damaged areas to smooth things out and get rid of any loose paint or drywall. 2. **Joint Compound**: After that, I’ll apply joint compound to fill in the damaged spots and level things out. 3. **Sanding (again)**: Once the compound dries, I’ll sand everything down again until it’s smooth. 4. **Priming & Painting**: Then I’ll prime the wall and finish it off with a high-quality paint, since this is the kitchen and it needs to stand up to daily wear and tear. Since I’m planning to renovate the kitchen in about a year, this fix doesn’t need to be perfect – but I’d still like it to look as seamless as possible for now. Here are my questions: * Should I be concerned about the peeling paint and lack of primer from the previous owner? Will the new primer fix that problem, or do I need to do more prep work? * Is joint compound the right material for this, or would spackle work better in this case? * How can I best blend the patched area into the surrounding wall, so it’s not obvious after painting? If anyone’s had experience with this kind of wall repair, I’d appreciate your input. This is my first time doing something like this, so I’d rather learn from other people's experiences than make unnecessary mistakes. Thanks in advance for the help.",https://www.reddit.com/r/DIY/comments/1gbc97j/repairing_kitchen_wall_after_ripping_out_tile_trim/,1,0,https://www.reddit.com/r/DIY/comments/1gbc97j/repairing_kitchen_wall_after_ripping_out_tile_trim/,loose trim,needs_review_low_signal,low_risk_diy,weak_labeled,,low_risk_diy,0.82,cosmetic_or_minor_finish:\bpaint(?:ing|ed)?\b,"{""low_risk_diy"": 2.2}",no,weak_supervision,,,
1t12e3o,HomeMaintenance,2026-05-01T18:53:43+00:00,"Sprayed bleach cleaner onto shower tile wall, now the ridged texture coating on top of the tiles is peeling off. Not sure what it is or how to repair. Tried using Rustoleum but that didn't work.","As title says, I used a bleach spray cleaner when cleaning my bathtub but then stopped when I sprayed on the wall and noticed it ate into the kind of textured/bumpy coating that is on top of the tiles in our bathroom. Note, the tiles are originally white, painted pink, and then the tiles in the bathtub/shower area have this textured coating on top. That coating is what has worn off. I assume it's some kind of waterproofing or something but I have yet to be able to figure out what exactly it is. I bought a can of [Rustoleum Gloss White Tub and Tile Refinishing Spray Paint](https://www.homedepot.com/p/Rust-Oleum-Specialty-12-oz-Gloss-White-Tub-and-Tile-Refinishing-Spray-Paint-280882/323630729?MERCH=REC-_-reorder-_-n/a-_-0-_-n/a-_-n/a-_-n/a-_-n/a-_-n/a) but that doesn't seem to be doing anything beyond making the textured stuff peel/wrinkle up at the edges of where it's peeling off, so I don't want to keep using that. Any ideas? Don't even know what this is so hard to figure out what I need to do next.","Sprayed bleach cleaner onto shower tile wall, now the ridged texture coating on top of the tiles is peeling off. Not sure what it is or how to repair. Tried using Rustoleum but that didn't work. As title says, I used a bleach spray cleaner when cleaning my bathtub but then stopped when I sprayed on the wall and noticed it ate into the kind of textured/bumpy coating that is on top of the tiles in our bathroom. Note, the tiles are originally white, painted pink, and then the tiles in the bathtub/shower area have this textured coating on top. That coating is what has worn off. I assume it's some kind of waterproofing or something but I have yet to be able to figure out what exactly it is. I bought a can of [Rustoleum Gloss White Tub and Tile Refinishing Spray Paint](https://www.homedepot.com/p/Rust-Oleum-Specialty-12-oz-Gloss-White-Tub-and-Tile-Refinishing-Spray-Paint-280882/323630729?MERCH=REC-_-reorder-_-n/a-_-0-_-n/a-_-n/a-_-n/a-_-n/a-_-n/a) but that doesn't seem to be doing anything beyond making the textured stuff peel/wrinkle up at the edges of where it's peeling off, so I don't want to keep using that. Any ideas? Don't even know what this is so hard to figure out what I need to do next.",https://www.reddit.com/r/HomeMaintenance/comments/1t12e3o/sprayed_bleach_cleaner_onto_shower_tile_wall_now/,2,3,https://i.redd.it/ns2vh2i3okyg1.jpeg,paint peeling,needs_review_low_signal,low_risk_diy,weak_labeled,,low_risk_diy,0.82,cosmetic_or_minor_finish:\bpaint(?:ing|ed)?\b,"{""low_risk_diy"": 2.2}",no,weak_supervision,,,
1n0stfo,DIY,2025-08-26T17:52:16+00:00,Fixing (reseating?) pivot hinge on a recessed/hidden bookshelf doorway,"When we finished out the attic in our 1920s Craftsman about 11 years ago our carpenter gave us this excellent concealed bookshelf entry into the knee wall storage space in our master bedroom. All was well until recently when the shelf was overloaded with too many heavy books, resulting in the door seemingly coming unseated from the top pivot hinge. The door/shelf is still sort of loosely in the opening (and still on the pin of the bottom hinge), and I do not see a way to take it out entirely without removing the framing trim, which feels like a task beyond my capabilities. What are my next steps here? Can the hinge be fixed? If so, can it be reseated from the current position, or am I looking at some level of disassembly?","Fixing (reseating?) pivot hinge on a recessed/hidden bookshelf doorway When we finished out the attic in our 1920s Craftsman about 11 years ago our carpenter gave us this excellent concealed bookshelf entry into the knee wall storage space in our master bedroom. All was well until recently when the shelf was overloaded with too many heavy books, resulting in the door seemingly coming unseated from the top pivot hinge. The door/shelf is still sort of loosely in the opening (and still on the pin of the bottom hinge), and I do not see a way to take it out entirely without removing the framing trim, which feels like a task beyond my capabilities. What are my next steps here? Can the hinge be fixed? If so, can it be reseated from the current position, or am I looking at some level of disassembly?",https://www.reddit.com/r/DIY/comments/1n0stfo/fixing_reseating_pivot_hinge_on_a_recessedhidden/,1,0,https://www.reddit.com/gallery/1n0stfo,loose trim,needs_review_low_signal,low_risk_diy,weak_labeled,,low_risk_diy,0.82,cosmetic_or_minor_finish:\btrim\b,"{""low_risk_diy"": 2.2}",no,weak_supervision,,,
1tlyrdi,DIY,2026-05-24T01:57:06+00:00,Friend destroyed her wall in Mania - Need advice to fix it,"One of my good friends had a manic break down and started scraping off the paint on her wall. I am taking care of her home while she's getting help and I would really like to fix this for her while she's gone as a nice little suprise - Something she doesn't have to worry about when she gets back, ya know? I am pretty handy - I paint my own walls, patch up my own holes, the basics. But I have never had to try and fix a wall like this. From my research, I got the items you see in the 3rd, 4th, and 5th slide. I have my own personal orbital sander as well and behrs marquee paint. Please let me know if you have any advice, YouTube videos, or guidance on what to do. I have never fixed a wall this bad before and I don't even know where to start 😭 Everything online I have seen is for small peels and does not tell me if I should scrape the rest off or just sand it. Also, because its for small peels, I can't verify if its okay to just spread the mud all over this wall? Would that be bad? I only ever see it for small areas and never for a whole wall segment. Should I peel off the rest of the paint or just sand it down? Would I just put the drywall mix on the wall and spread it all over the WHOLE wall then hope for the best or trybto jeep it minimal? Please help 🙏","Friend destroyed her wall in Mania - Need advice to fix it One of my good friends had a manic break down and started scraping off the paint on her wall. I am taking care of her home while she's getting help and I would really like to fix this for her while she's gone as a nice little suprise - Something she doesn't have to worry about when she gets back, ya know? I am pretty handy - I paint my own walls, patch up my own holes, the basics. But I have never had to try and fix a wall like this. From my research, I got the items you see in the 3rd, 4th, and 5th slide. I have my own personal orbital sander as well and behrs marquee paint. Please let me know if you have any advice, YouTube videos, or guidance on what to do. I have never fixed a wall this bad before and I don't even know where to start 😭 Everything online I have seen is for small peels and does not tell me if I should scrape the rest off or just sand it. Also, because its for small peels, I can't verify if its okay to just spread the mud all over this wall? Would that be bad? I only ever see it for small areas and never for a whole wall segment. Should I peel off the rest of the paint or just sand it down? Would I just put the drywall mix on the wall and spread it all over the WHOLE wall then hope for the best or trybto jeep it minimal? Please help 🙏",https://www.reddit.com/r/DIY/comments/1tlyrdi/friend_destroyed_her_wall_in_mania_need_advice_to/,401,89,https://www.reddit.com/gallery/1tlyrdi,paint peeling,needs_review_low_signal,low_risk_diy,weak_labeled,,low_risk_diy,0.82,cosmetic_or_minor_finish:\bpaint(?:ing|ed)?\b,"{""low_risk_diy"": 2.2}",no,weak_supervision,,,
1sktjsm,HomeMaintenance,2026-04-14T00:48:25+00:00,How significant of a repair is this going to be?,"(Southeast, USA) 1”x1” trim was in this gap, it came loose so I pulled it away and discovered notable rot. Scraped away & vacuumed a bit of the soft rotted wood out. This is my back door, connected to uncovered back porch about 4’-6’ off the ground. Porch is like 12’x12’ Clearly the flashing was incorrect whenever it was put in. About 10-feet along where the deck meets the wall is rotted behind the trim. Some spots worse than others. Is a repair like this gonna be quite significant considering the long joist (parallel to roof edge) is rotted to the degree it is? The flooring immediately inside the back door is like, engineered vinyl plank. Newish homeowner and I’m unsure if this is like a $1000 job for a solo licensed contractor or a $20k job for a foundation company. Located in Southeast US Who should I be calling for this type of work? Carpenter / Deck contractor? Foundation contractor? Licensed handyman?","How significant of a repair is this going to be? (Southeast, USA) 1”x1” trim was in this gap, it came loose so I pulled it away and discovered notable rot. Scraped away & vacuumed a bit of the soft rotted wood out. This is my back door, connected to uncovered back porch about 4’-6’ off the ground. Porch is like 12’x12’ Clearly the flashing was incorrect whenever it was put in. About 10-feet along where the deck meets the wall is rotted behind the trim. Some spots worse than others. Is a repair like this gonna be quite significant considering the long joist (parallel to roof edge) is rotted to the degree it is? The flooring immediately inside the back door is like, engineered vinyl plank. Newish homeowner and I’m unsure if this is like a $1000 job for a solo licensed contractor or a $20k job for a foundation company. Located in Southeast US Who should I be calling for this type of work? Carpenter / Deck contractor? Foundation contractor? Licensed handyman?",https://www.reddit.com/r/HomeMaintenance/comments/1sktjsm/how_significant_of_a_repair_is_this_going_to_be/,5,8,https://www.reddit.com/gallery/1sktjsm,loose trim,needs_review_medium_signal,low_risk_diy,weak_labeled,,low_risk_diy,0.82,cosmetic_or_minor_finish:\btrim\b,"{""low_risk_diy"": 2.2}",no,weak_supervision,,,
1tij9de,Plumbing,2026-05-20T11:49:10+00:00,Is this a no-caulk shower pan?,This shower drain is pretty gross. I want to remove this stuff since it looks like it's not doing anything but I'm not sure if it's a no-caulk shower pan or not.,Is this a no-caulk shower pan? This shower drain is pretty gross. I want to remove this stuff since it looks like it's not doing anything but I'm not sure if it's a no-caulk shower pan or not.,https://www.reddit.com/r/Plumbing/comments/1tij9de/is_this_a_nocaulk_shower_pan/,1,1,https://www.reddit.com/gallery/1tij9de,caulk,needs_review_low_signal,low_risk_diy,weak_labeled,,low_risk_diy,0.82,cosmetic_or_minor_finish:\bcaulk(?:ing)?\b,"{""low_risk_diy"": 2.2}",no,weak_supervision,,,
1awnlb3,DIY,2024-02-21T21:15:02+00:00,Hung a Ceiling Fan and the Box Promptly Fell From the Ceiling. Was Never Screwed Into the 2x4. How Do You Recommend I Fix This?,"I swear that if it's not one thing, it's another with this place. Had what was supposed to be an acceptable ceiling fan mount holding a chandelier. Removed it to install the ceiling fan. Promptly came loose from the ceiling, and appears that it was simply just resting on top of the drywall. Wasn't screwed into the sides of the 2x4. Without going balls and needing to replace drywall around this, is there a way to support it back up in there where it'll be safe enough to hold a ceiling fan? I cannot access from above, so going from underneath is the only option. I have a long extension I could use to get a few screws in there, and then a large round decorative trim piece to cover the cracks. It's a shit way to do it IMO, but at least it would be nice enough for a temp fix until we have someone do more work in the house, which isn't too far off. https://preview.redd.it/bzv73x0y70kc1.jpg?width=1073&format=pjpg&auto=webp&s=f14826ee3857e8d9a30ed17d74700538c50d35c6","Hung a Ceiling Fan and the Box Promptly Fell From the Ceiling. Was Never Screwed Into the 2x4. How Do You Recommend I Fix This? I swear that if it's not one thing, it's another with this place. Had what was supposed to be an acceptable ceiling fan mount holding a chandelier. Removed it to install the ceiling fan. Promptly came loose from the ceiling, and appears that it was simply just resting on top of the drywall. Wasn't screwed into the sides of the 2x4. Without going balls and needing to replace drywall around this, is there a way to support it back up in there where it'll be safe enough to hold a ceiling fan? I cannot access from above, so going from underneath is the only option. I have a long extension I could use to get a few screws in there, and then a large round decorative trim piece to cover the cracks. It's a shit way to do it IMO, but at least it would be nice enough for a temp fix until we have someone do more work in the house, which isn't too far off. https://preview.redd.it/bzv73x0y70kc1.jpg?width=1073&format=pjpg&auto=webp&s=f14826ee3857e8d9a30ed17d74700538c50d35c6",https://www.reddit.com/r/DIY/comments/1awnlb3/hung_a_ceiling_fan_and_the_box_promptly_fell_from/,0,8,https://www.reddit.com/r/DIY/comments/1awnlb3/hung_a_ceiling_fan_and_the_box_promptly_fell_from/,loose trim,needs_review_low_signal,low_risk_diy,weak_labeled,,low_risk_diy,0.82,cosmetic_or_minor_finish:\btrim\b,"{""low_risk_diy"": 2.2}",no,weak_supervision,,,
1szccmt,HomeMaintenance,2026-04-29T21:32:17+00:00,"Shower maintenance: Is this something I can DIY, or should I just have a pro do it?","I’m rejuvenating this travertine tile shower (cleaning and sealing tile/grout, removing and replacing silicone, etc.). I’m trying to figure out if I need to replace this entire shower door or if the rusted pieces can be replaced. Also, the original owners who built this house (early 2000s) cut a lot of corners and inexplicably left the top of the shower walls and ceiling bare…like just drywall and paint. Needless to say, it’s molding and peeling. 1. If the rusted pieces on the door can be replaced, how would I go about that? They seem fairly well glued in. 2. If I need to replace the whole door, can I DIY it or should I just have a professional do it? Would it even be worth it to pay someone to come out just for that? 3. How would I go about removing the old peeling paint, cleaning the drywall, and eventually tiling it over? Would this also be worth just having a professional do? For reference, I’m a sort of low-intermediate DIYer; I don’t have a huge arsenal of tools, but I’m good at finding and following instructions and have exceptional fine motor skills. Just trying to decide whether I should attempt this or spend the money for a pro!","Shower maintenance: Is this something I can DIY, or should I just have a pro do it? I’m rejuvenating this travertine tile shower (cleaning and sealing tile/grout, removing and replacing silicone, etc.). I’m trying to figure out if I need to replace this entire shower door or if the rusted pieces can be replaced. Also, the original owners who built this house (early 2000s) cut a lot of corners and inexplicably left the top of the shower walls and ceiling bare…like just drywall and paint. Needless to say, it’s molding and peeling. 1. If the rusted pieces on the door can be replaced, how would I go about that? They seem fairly well glued in. 2. If I need to replace the whole door, can I DIY it or should I just have a professional do it? Would it even be worth it to pay someone to come out just for that? 3. How would I go about removing the old peeling paint, cleaning the drywall, and eventually tiling it over? Would this also be worth just having a professional do? For reference, I’m a sort of low-intermediate DIYer; I don’t have a huge arsenal of tools, but I’m good at finding and following instructions and have exceptional fine motor skills. Just trying to decide whether I should attempt this or spend the money for a pro!",https://www.reddit.com/r/HomeMaintenance/comments/1szccmt/shower_maintenance_is_this_something_i_can_diy_or/,1,3,https://www.reddit.com/gallery/1szccmt,paint peeling,needs_review_low_signal,low_risk_diy,weak_labeled,,low_risk_diy,0.82,cosmetic_or_minor_finish:\bpaint(?:ing|ed)?\b,"{""low_risk_diy"": 2.2}",no,weak_supervision,,,
1i7m1si,DIY,2025-01-22T21:09:01+00:00,Painter's tape pulled off 2 layers of old paint and some of the drywall backing - best approach to fix and finish?,"Bought this '85 home. Rooms have this really dark blue color which I wanted to paint over. Starting with the bathroom. Issue with the bathroom is that there was popcorn ceiling and a skylight that was running condensation down the inner corner. I removed the popcorn (its safe as its an '85 build) and then used some mud to patch and even things around. I used an oil based primer to paint the walls and ceiling in preparation for the next step. I used a trim paint to paint the ceiling and skylight to prevent damage from moisture. While doing this, I placed painter's tape (green and blue as I ran out of the blue midway) on the wall side so the paint wont stick to the walls. I didnt remove the paint after finishing painting, and it dried up over night. I just carefully removed it, but at several locations it literally pulled over the existing paint off. There is the existing dark blue paint that I covered with primer. Under it there is a layer of what looks like green color, and then the drywall. I tried to scrape off the loose paint to the edges using a putty knife, but ended getting off bigger and bigger patches of the paint. Some areas were easier than others, and some also pulled over the backing paper of the drywall. What is my best path forwards? Scrape the remaining walls, patch any damage with mud, prime, and paint again? If that is the right path forwards - how to avoid damaging the drywall backing paper? Using a hot air gun? Any chemicals? As note, this is specifically in the bathroom, so I assume that paint is oil/latex based and is satin to help with the moisture. TIA https://preview.redd.it/yg9e2tap1mee1.jpg?width=1280&format=pjpg&auto=webp&s=1d8b5ee332a105105c29b7879f5de851624e816d https://preview.redd.it/lril8sap1mee1.jpg?width=1280&format=pjpg&auto=webp&s=9e07d4afaabae08cfe49775b5908a3928700e752 https://preview.redd.it/9d5t9tap1mee1.jpg?width=1280&format=pjpg&auto=webp&s=c5d828d25c39ea099f5d74ffac04f8bbc78bc671 https://preview.redd.it/j0m80yap1mee1.jpg?width=1280&format=pjpg&auto=webp&s=36e9678d54dbea4dd712d93d7782bda07025d511","Painter's tape pulled off 2 layers of old paint and some of the drywall backing - best approach to fix and finish? Bought this '85 home. Rooms have this really dark blue color which I wanted to paint over. Starting with the bathroom. Issue with the bathroom is that there was popcorn ceiling and a skylight that was running condensation down the inner corner. I removed the popcorn (its safe as its an '85 build) and then used some mud to patch and even things around. I used an oil based primer to paint the walls and ceiling in preparation for the next step. I used a trim paint to paint the ceiling and skylight to prevent damage from moisture. While doing this, I placed painter's tape (green and blue as I ran out of the blue midway) on the wall side so the paint wont stick to the walls. I didnt remove the paint after finishing painting, and it dried up over night. I just carefully removed it, but at several locations it literally pulled over the existing paint off. There is the existing dark blue paint that I covered with primer. Under it there is a layer of what looks like green color, and then the drywall. I tried to scrape off the loose paint to the edges using a putty knife, but ended getting off bigger and bigger patches of the paint. Some areas were easier than others, and some also pulled over the backing paper of the drywall. What is my best path forwards? Scrape the remaining walls, patch any damage with mud, prime, and paint again? If that is the right path forwards - how to avoid damaging the drywall backing paper? Using a hot air gun? Any chemicals? As note, this is specifically in the bathroom, so I assume that paint is oil/latex based and is satin to help with the moisture. TIA https://preview.redd.it/yg9e2tap1mee1.jpg?width=1280&format=pjpg&auto=webp&s=1d8b5ee332a105105c29b7879f5de851624e816d https://preview.redd.it/lril8sap1mee1.jpg?width=1280&format=pjpg&auto=webp&s=9e07d4afaabae08cfe49775b5908a3928700e752 https://preview.redd.it/9d5t9tap1mee1.jpg?width=1280&format=pjpg&auto=webp&s=c5d828d25c39ea099f5d74ffac04f8bbc78bc671 https://preview.redd.it/j0m80yap1mee1.jpg?width=1280&format=pjpg&auto=webp&s=36e9678d54dbea4dd712d93d7782bda07025d511",https://www.reddit.com/r/DIY/comments/1i7m1si/painters_tape_pulled_off_2_layers_of_old_paint/,3,1,https://www.reddit.com/r/DIY/comments/1i7m1si/painters_tape_pulled_off_2_layers_of_old_paint/,loose trim,needs_review_low_signal,low_risk_diy,weak_labeled,,low_risk_diy,0.82,cosmetic_or_minor_finish:\bpaint(?:ing|ed)?\b,"{""low_risk_diy"": 2.2}",no,weak_supervision,,,
1tl38ca,Plumbing,2026-05-23T02:10:40+00:00,Shower niche smells like sulfur,"Hello. I live in an apartment and noticed my shower niche smells like sulfur, specifically where the caulk seal looks like it's failing. Definitely going to have maintenance in after the weekend, but wanted to see what it could possibly be and ask. Thanks everyone in advance","Shower niche smells like sulfur Hello. I live in an apartment and noticed my shower niche smells like sulfur, specifically where the caulk seal looks like it's failing. Definitely going to have maintenance in after the weekend, but wanted to see what it could possibly be and ask. Thanks everyone in advance",https://www.reddit.com/r/Plumbing/comments/1tl38ca/shower_niche_smells_like_sulfur/,5,0,https://i.redd.it/21f1b43sps2h1.jpeg,caulk,needs_review_low_signal,low_risk_diy,weak_labeled,,low_risk_diy,0.82,cosmetic_or_minor_finish:\bcaulk(?:ing)?\b,"{""low_risk_diy"": 2.2}",no,weak_supervision,,,
1sd90r5,Plumbing,2026-04-05T17:07:39+00:00,Gap between shower drain and tile flooring? Is this normal?,"I was cleaning out my shower drain (I know it still needs more work) because it had started to drain more slowly and in the process noticed this rubber seal (last picture) was coming up. So I pulled it out thinking I would just replace it, but noticed it was blocking off the area between the tiles and the top of the shower drain, which goes about 1/2” down all around the drain. In looking how to reseal it, I have noticed every other drain is flush with the tile. Now I’m concerned with water getting under there and causing issues. Is there an easy way to fix this? Like a specific seal I need to buy/can I just throw some caulk or plumber’s putty to fill it in and call it good? Or is this gonna be a more serious undertaking","Gap between shower drain and tile flooring? Is this normal? I was cleaning out my shower drain (I know it still needs more work) because it had started to drain more slowly and in the process noticed this rubber seal (last picture) was coming up. So I pulled it out thinking I would just replace it, but noticed it was blocking off the area between the tiles and the top of the shower drain, which goes about 1/2” down all around the drain. In looking how to reseal it, I have noticed every other drain is flush with the tile. Now I’m concerned with water getting under there and causing issues. Is there an easy way to fix this? Like a specific seal I need to buy/can I just throw some caulk or plumber’s putty to fill it in and call it good? Or is this gonna be a more serious undertaking",https://www.reddit.com/r/Plumbing/comments/1sd90r5/gap_between_shower_drain_and_tile_flooring_is/,2,1,https://www.reddit.com/gallery/1sd90r5,caulk,needs_review_low_signal,low_risk_diy,weak_labeled,,low_risk_diy,0.82,cosmetic_or_minor_finish:\bcaulk(?:ing)?\b,"{""low_risk_diy"": 2.2}",no,weak_supervision,,,
1tqejm7,HomeMaintenance,2026-05-28T19:57:44+00:00,Pollen adhered to thick porch & patio paint,"Last year moved into our home which clearly had a fresh coat of paint on our porch. It’s a heavy paint that almost feels sticky when baking in the sun, and becomes fragile (like it can be peeled off when lifting furniture off it if it’s been in the sun too long). We’ve tried to remove the pollen using a few tips found online (like using a strong brush, rinsing down with water, etc.) but nothing has worked. I’m hesitant to use a pressure washer on it given that we’ve seen the paint peel already. Any other ideas?","Pollen adhered to thick porch & patio paint Last year moved into our home which clearly had a fresh coat of paint on our porch. It’s a heavy paint that almost feels sticky when baking in the sun, and becomes fragile (like it can be peeled off when lifting furniture off it if it’s been in the sun too long). We’ve tried to remove the pollen using a few tips found online (like using a strong brush, rinsing down with water, etc.) but nothing has worked. I’m hesitant to use a pressure washer on it given that we’ve seen the paint peel already. Any other ideas?",https://www.reddit.com/r/HomeMaintenance/comments/1tqejm7/pollen_adhered_to_thick_porch_patio_paint/,1,4,https://i.redd.it/3ex4a5ipox3h1.jpeg,paint peeling,needs_review_low_signal,low_risk_diy,weak_labeled,,low_risk_diy,0.82,cosmetic_or_minor_finish:\bpaint(?:ing|ed)?\b,"{""low_risk_diy"": 2.2}",no,weak_supervision,,,
1rnf6ik,DIY,2026-03-07T17:05:28+00:00,Masonry Paint advice (UK),"I recently agreed to paint the exterior of a friend's terraced house. As you can see the old paint ended up being worse than I first thought. The upper floor paint is still pretty sound. My current plan is - seal the edges with Zinsser Peel Stop, fill the gaps to level the surface, then paint. I know that peeling and bubbling of paint can be caused by moisture unable to escape through the walls because of the paint barrier. That might be the case here, or it might just be that the paint is old. My friend only recently bought the house and there's only one layer of paint so it might have been on there for years. So I have two questions: 1) In terms of filling I'm looking at Toupret Anti-Damp Render or Toupret Masonry Repair filler. The former is breathable, Google AI claims the latter is, but I don't know for sure. Thoughts? 2) How important is it to use a silicone based breathable masonry paint? I'm pretty sure my friend will object to shelling out for Emperor. She's very particular about the colour and is currently into the Valspar range at B&Q because of the mixing options. Again, advice on paint would be well received. Many thanks!","Masonry Paint advice (UK) I recently agreed to paint the exterior of a friend's terraced house. As you can see the old paint ended up being worse than I first thought. The upper floor paint is still pretty sound. My current plan is - seal the edges with Zinsser Peel Stop, fill the gaps to level the surface, then paint. I know that peeling and bubbling of paint can be caused by moisture unable to escape through the walls because of the paint barrier. That might be the case here, or it might just be that the paint is old. My friend only recently bought the house and there's only one layer of paint so it might have been on there for years. So I have two questions: 1) In terms of filling I'm looking at Toupret Anti-Damp Render or Toupret Masonry Repair filler. The former is breathable, Google AI claims the latter is, but I don't know for sure. Thoughts? 2) How important is it to use a silicone based breathable masonry paint? I'm pretty sure my friend will object to shelling out for Emperor. She's very particular about the colour and is currently into the Valspar range at B&Q because of the mixing options. Again, advice on paint would be well received. Many thanks!",https://www.reddit.com/r/DIY/comments/1rnf6ik/masonry_paint_advice_uk/,3,0,https://i.redd.it/sj4qfz8llnng1.jpeg,paint peeling,needs_review_low_signal,low_risk_diy,weak_labeled,,low_risk_diy,0.82,cosmetic_or_minor_finish:\bpaint(?:ing|ed)?\b,"{""low_risk_diy"": 2.2}",no,weak_supervision,,,
1tlxcpj,HomeImprovement,2026-05-24T00:50:55+00:00,Drying out a bathroom that had a small leak,"A week ago i noticed water by the carpet outside by basement bathroom door. I thought one of the kids spilled water or accidently peed so i dried it and left it alone for a week. Today i noticed it was still wet so i started to pull back the flooring in the bathroom. I initially thought it was the toilet since i also saw moisture by the base of the toilet. Well, that led me to removing the wall to find the source. We thought maybe it would be the shutoff valve to the toilet. Nope, we went towards the tub and behind the foot of the tub was a pool of water. That led us to the opposite direction where we found a small leak that was leaking water slowly. Behind that was also saturated flooring. Based on the insulation we took out, the bottom of it was wet but wasnt really soak. However, i do see water on the floor and the wood frame for the walls are saturated with water. I dont know how long its been leaking as the leak appears to be small and the amount of water we found was a lot. Not like puddle where you needed rainboots but enough water where you could push it with a broom or soak it with a mop. Unfortunately without removing the tub, i cant see how much is sitting under the tub. This leads me to my next question. Since its the basement and i removed all the drywall where there appears to be some water damage, do i need to worry about mold?i currently have a fan and dehumidifier running in the bathroom. I cant get until the tub unfortunately. https://imgpile.com/p/Wotfdj8","Drying out a bathroom that had a small leak A week ago i noticed water by the carpet outside by basement bathroom door. I thought one of the kids spilled water or accidently peed so i dried it and left it alone for a week. Today i noticed it was still wet so i started to pull back the flooring in the bathroom. I initially thought it was the toilet since i also saw moisture by the base of the toilet. Well, that led me to removing the wall to find the source. We thought maybe it would be the shutoff valve to the toilet. Nope, we went towards the tub and behind the foot of the tub was a pool of water. That led us to the opposite direction where we found a small leak that was leaking water slowly. Behind that was also saturated flooring. Based on the insulation we took out, the bottom of it was wet but wasnt really soak. However, i do see water on the floor and the wood frame for the walls are saturated with water. I dont know how long its been leaking as the leak appears to be small and the amount of water we found was a lot. Not like puddle where you needed rainboots but enough water where you could push it with a broom or soak it with a mop. Unfortunately without removing the tub, i cant see how much is sitting under the tub. This leads me to my next question. Since its the basement and i removed all the drywall where there appears to be some water damage, do i need to worry about mold?i currently have a fan and dehumidifier running in the bathroom. I cant get until the tub unfortunately. https://imgpile.com/p/Wotfdj8",https://www.reddit.com/r/HomeImprovement/comments/1tlxcpj/drying_out_a_bathroom_that_had_a_small_leak/,1,2,https://www.reddit.com/r/HomeImprovement/comments/1tlxcpj/drying_out_a_bathroom_that_had_a_small_leak/,leak,needs_review_medium_signal,medium_risk_call_pro,weak_labeled,,medium_risk_call_pro,0.95,contained_water_damage:\bleak(?:s|ing|ed)?\b; mold_or_foundation_concern:\bmold\b,"{""medium_risk_call_pro"": 4.0}",no,weak_supervision,,,
1tg8hsj,DIY,2026-05-18T01:50:10+00:00,"Finding a small drop of water under the front a new toilet while refilling, changed wax ring","I just installed a new Moen toilet was able to get a piece of paper under the front of it to test if the wax ring seated right. When I did it the paper came out wet and I figured the wax ring did not seat well. I went and got Wax free kit. After the reinstall the first flush was great no water. Then I did a few more flushes and saw a small drop of water. It was about a inch in front of where the paper stopped. I kept testing thinking it could have been some left over moisture from the first leak. When the toilet flushes I see no water, but while the tank refills is when I get the small drop about 50% of the time. If the leak is not at the edge the paper next to the wax ring is there something else I should check? Compared to the first leak this has improved a lot. [https://www.homedepot.com/p/Korky-Wax-Free-Toilet-Seal-Kit-6000CM/205616926](https://www.homedepot.com/p/Korky-Wax-Free-Toilet-Seal-Kit-6000CM/205616926) Thanks for any tips. Not finding any leaks at the tank. ***** Update called Kohler as I was able to find the location of the leak by using the blue towel. The leak is located right under the bottom of the p-trap. Told Kohler the location and the amount tripping and right away she noted to me it''s a defect and and needs to be exchanged out. The defect is either in the coating or the porcelain but so small it can't be seen.*****","Finding a small drop of water under the front a new toilet while refilling, changed wax ring I just installed a new Moen toilet was able to get a piece of paper under the front of it to test if the wax ring seated right. When I did it the paper came out wet and I figured the wax ring did not seat well. I went and got Wax free kit. After the reinstall the first flush was great no water. Then I did a few more flushes and saw a small drop of water. It was about a inch in front of where the paper stopped. I kept testing thinking it could have been some left over moisture from the first leak. When the toilet flushes I see no water, but while the tank refills is when I get the small drop about 50% of the time. If the leak is not at the edge the paper next to the wax ring is there something else I should check? Compared to the first leak this has improved a lot. [https://www.homedepot.com/p/Korky-Wax-Free-Toilet-Seal-Kit-6000CM/205616926](https://www.homedepot.com/p/Korky-Wax-Free-Toilet-Seal-Kit-6000CM/205616926) Thanks for any tips. Not finding any leaks at the tank. ***** Update called Kohler as I was able to find the location of the leak by using the blue towel. The leak is located right under the bottom of the p-trap. Told Kohler the location and the amount tripping and right away she noted to me it''s a defect and and needs to be exchanged out. The defect is either in the coating or the porcelain but so small it can't be seen.*****",https://www.reddit.com/r/DIY/comments/1tg8hsj/finding_a_small_drop_of_water_under_the_front_a/,13,10,https://www.reddit.com/r/DIY/comments/1tg8hsj/finding_a_small_drop_of_water_under_the_front_a/,water leak,needs_review_medium_signal,medium_risk_call_pro,weak_labeled,,medium_risk_call_pro,0.80,contained_water_damage:\bleak(?:s|ing|ed)?\b,"{""medium_risk_call_pro"": 2.0}",no,weak_supervision,,,
1tj4ce5,HomeImprovement,2026-05-21T00:32:13+00:00,Roof leak help,"[IR Images](https://imgur.com/a/Yupx0b2) [Roof](https://imgur.com/a/2zCP7vg) I've had this intermittent leak on a roof that's only a few years old. I originally made a warranty claim but they said they couldn't see anything wrong and blamed my skylight. A year later, it's leaking again during heavy rain and I captured IR images from inside that clearly show the leak is beneath the skylight along a straight line. It looks like the IR image leak matches up to the bottom of the skylight flashing. The roof also transitions just below that point from I believe a 4:12 slope to a low slope. Is this likely a skylight flashing issue that the roofing company should fix? If not, what do I do? Thanks in advance for any advice. Edit: Just to be clear, in the IR image, the water leak is the blue area beneath the skylight. It's dripping at the bottom and the rest of it is only visible in the IR image.","Roof leak help [IR Images](https://imgur.com/a/Yupx0b2) [Roof](https://imgur.com/a/2zCP7vg) I've had this intermittent leak on a roof that's only a few years old. I originally made a warranty claim but they said they couldn't see anything wrong and blamed my skylight. A year later, it's leaking again during heavy rain and I captured IR images from inside that clearly show the leak is beneath the skylight along a straight line. It looks like the IR image leak matches up to the bottom of the skylight flashing. The roof also transitions just below that point from I believe a 4:12 slope to a low slope. Is this likely a skylight flashing issue that the roofing company should fix? If not, what do I do? Thanks in advance for any advice. Edit: Just to be clear, in the IR image, the water leak is the blue area beneath the skylight. It's dripping at the bottom and the rest of it is only visible in the IR image.",https://www.reddit.com/r/HomeImprovement/comments/1tj4ce5/roof_leak_help/,2,0,https://www.reddit.com/r/HomeImprovement/comments/1tj4ce5/roof_leak_help/,leak,needs_review_medium_signal,medium_risk_call_pro,weak_labeled,,medium_risk_call_pro,0.80,contained_water_damage:\bleak(?:s|ing|ed)?\b,"{""medium_risk_call_pro"": 2.0}",no,weak_supervision,,,
1tiku73,HomeImprovement,2026-05-20T12:54:03+00:00,Front loader repair issues,"I had a moldy door seal, and couldn’t get the mold out by cleaning it so I decided to change the seal. Everything looked ok for the first couple of washes after I replaced the seal, but noticed after a load today there was some water leaking from the bottom of the machine. The water doesn’t appear to be coming from the door of the machine and it’s a small amount of water. Since the replacement of the seal the machine has been rocking a lot during the wash cycle. Hoping it’s not to do with the seal because I’m pretty certain that the retaining springs are in the correct positions (after lots of fiddling). Anyone who knows about front loaders aware of this problem? Thanks","Front loader repair issues I had a moldy door seal, and couldn’t get the mold out by cleaning it so I decided to change the seal. Everything looked ok for the first couple of washes after I replaced the seal, but noticed after a load today there was some water leaking from the bottom of the machine. The water doesn’t appear to be coming from the door of the machine and it’s a small amount of water. Since the replacement of the seal the machine has been rocking a lot during the wash cycle. Hoping it’s not to do with the seal because I’m pretty certain that the retaining springs are in the correct positions (after lots of fiddling). Anyone who knows about front loaders aware of this problem? Thanks",https://www.reddit.com/r/HomeImprovement/comments/1tiku73/front_loader_repair_issues/,2,1,https://www.reddit.com/r/HomeImprovement/comments/1tiku73/front_loader_repair_issues/,leak,needs_review_medium_signal,medium_risk_call_pro,weak_labeled,,medium_risk_call_pro,0.95,contained_water_damage:\bleak(?:s|ing|ed)?\b; mold_or_foundation_concern:\bmold\b,"{""medium_risk_call_pro"": 4.0}",no,weak_supervision,,,
1svhdbk,Plumbing,2026-04-25T16:52:50+00:00,"Shower leaking into basement after re-grouting and re-caulking — only happens with shower head, not jets. What am I missing?","Hey everyone, looking for some advice because I’m running out of ideas. My shower floor grout was worn out, so I removed all of it with a multi-tool and re-grouted the entire floor. I waited a full 7 days before re-caulking. While doing that, I also removed most of the old caulk around the shower floor and around a small built-in “table”/ledge because it was pretty gross. After re-grouting, I re-caulked those areas. The next day after using the shower, we noticed a fairly significant leak coming through the basement ceiling below. Thinking my caulking job might’ve been bad, I removed it and re-did it, this time applying it more generously. For about 3 days, it seemed like the issue was fixed—but now the leak is back. Here’s where it gets weird: * The leak only seems to happen when the body jets are turned on * When the shower head is on, there’s no leak * Only one can run at a time, so I’ve tested them separately So it’s improved, but definitely not fixed. A few more details: * Some grout along the walls has small cracks or gaps * The leak only shows up after/during shower use * It's not a drain issue, I've plugged it up and the leak is so much worse. At this point I’m not sure what I’m missing. **Questions:** * Should I try re-caulking again around the floor or the ledge? * Could cracked wall grout actually be causing this kind of leak? * Is this likely a deeper issue (like waterproofing failure or plumbing behind the wall)? I’m honestly getting close to just ripping the whole thing out and starting over, but I’d love to avoid that if possible. Any ideas or things I should check next?","Shower leaking into basement after re-grouting and re-caulking — only happens with shower head, not jets. What am I missing? Hey everyone, looking for some advice because I’m running out of ideas. My shower floor grout was worn out, so I removed all of it with a multi-tool and re-grouted the entire floor. I waited a full 7 days before re-caulking. While doing that, I also removed most of the old caulk around the shower floor and around a small built-in “table”/ledge because it was pretty gross. After re-grouting, I re-caulked those areas. The next day after using the shower, we noticed a fairly significant leak coming through the basement ceiling below. Thinking my caulking job might’ve been bad, I removed it and re-did it, this time applying it more generously. For about 3 days, it seemed like the issue was fixed—but now the leak is back. Here’s where it gets weird: * The leak only seems to happen when the body jets are turned on * When the shower head is on, there’s no leak * Only one can run at a time, so I’ve tested them separately So it’s improved, but definitely not fixed. A few more details: * Some grout along the walls has small cracks or gaps * The leak only shows up after/during shower use * It's not a drain issue, I've plugged it up and the leak is so much worse. At this point I’m not sure what I’m missing. **Questions:** * Should I try re-caulking again around the floor or the ledge? * Could cracked wall grout actually be causing this kind of leak? * Is this likely a deeper issue (like waterproofing failure or plumbing behind the wall)? I’m honestly getting close to just ripping the whole thing out and starting over, but I’d love to avoid that if possible. Any ideas or things I should check next?",https://www.reddit.com/r/Plumbing/comments/1svhdbk/shower_leaking_into_basement_after_regrouting_and/,1,4,https://www.reddit.com/gallery/1svhdbk,caulk,needs_review_medium_signal,medium_risk_call_pro,weak_labeled,,medium_risk_call_pro,0.87,contained_water_damage:\bleak(?:s|ing|ed)?\b; trade_system_issue:\bplumbing\b; cosmetic_or_minor_finish:\bcaulk(?:ing)?\b,"{""low_risk_diy"": 2.2, ""medium_risk_call_pro"": 4.0}",no,weak_supervision,,,
1tof8r5,HomeMaintenance,2026-05-26T18:13:58+00:00,Air scrubbers,"So we had a flood in the basement. It caused pretty bad mold. Long story short, we did underpinning to lower the basement by 4 ft, interior waterproofing, re-framed, spray formed etc etc, waiting on inspections. My wife swears the upstairs air is still ""bad"" even though every part of the basement that touched water has been removed. So be it. We got an air scrubber as seen in the picture. What's an air scrubber? Well it's an industrial fan that sucks air through a hepa filter. Fine, a little extra filtering won't hurt, right? I suggested just opening the windows and blowing air through the house. Nope, not good enough. We have to ""scrub the air"" to get rid of mold. So now we scrubber the air, and she buys a separate pipe that takes the now scrubbed clean air and blows it right out the window. ""It will create negative pressure in the house to pull the mold out of the walls"" she says. Apparently I'm crazy for thinking this is dumb. In my opinion, either remove the filter and blow dirty air outside or remove the pipe and keep the scrubbed air inside. Am I crazy?","Air scrubbers So we had a flood in the basement. It caused pretty bad mold. Long story short, we did underpinning to lower the basement by 4 ft, interior waterproofing, re-framed, spray formed etc etc, waiting on inspections. My wife swears the upstairs air is still ""bad"" even though every part of the basement that touched water has been removed. So be it. We got an air scrubber as seen in the picture. What's an air scrubber? Well it's an industrial fan that sucks air through a hepa filter. Fine, a little extra filtering won't hurt, right? I suggested just opening the windows and blowing air through the house. Nope, not good enough. We have to ""scrub the air"" to get rid of mold. So now we scrubber the air, and she buys a separate pipe that takes the now scrubbed clean air and blows it right out the window. ""It will create negative pressure in the house to pull the mold out of the walls"" she says. Apparently I'm crazy for thinking this is dumb. In my opinion, either remove the filter and blow dirty air outside or remove the pipe and keep the scrubbed air inside. Am I crazy?",https://www.reddit.com/r/HomeMaintenance/comments/1tof8r5/air_scrubbers/,27,37,https://i.redd.it/yv404todwi3h1.jpeg,mold,needs_review_urgent_signal,medium_risk_call_pro,weak_labeled,,medium_risk_call_pro,0.80,mold_or_foundation_concern:\bmold\b,"{""medium_risk_call_pro"": 2.0}",no,weak_supervision,,,
1tp8fwp,Plumbing,2026-05-27T15:10:24+00:00,Well Pressure Tank Leaking,"Hello, I recently noticed a leak coming from underneath my pressure tank. It appears it’s dripping from a hole/valve on the elbow of the actual tank itself. (Picture of the valve attached) Checked for bad bladder through the Schrader valve and no water came out. No rust or corrosion at the elbow or fitting. What could be causing this leak? Too much pressure ? Bad pressure switch? Thanks in advance","Well Pressure Tank Leaking Hello, I recently noticed a leak coming from underneath my pressure tank. It appears it’s dripping from a hole/valve on the elbow of the actual tank itself. (Picture of the valve attached) Checked for bad bladder through the Schrader valve and no water came out. No rust or corrosion at the elbow or fitting. What could be causing this leak? Too much pressure ? Bad pressure switch? Thanks in advance",https://www.reddit.com/r/Plumbing/comments/1tp8fwp/well_pressure_tank_leaking/,2,3,https://i.redd.it/wzhyvplj4p3h1.jpeg,water leak,needs_review_medium_signal,medium_risk_call_pro,weak_labeled,,medium_risk_call_pro,0.80,contained_water_damage:\bleak(?:s|ing|ed)?\b,"{""medium_risk_call_pro"": 2.0}",no,weak_supervision,,,
1sttv6o,DIY,2026-04-23T20:07:27+00:00,Building a diy pressure testing device for IP rating tests.,"Hi all, i wasn't too sure where to ask this question, and I assumed there would be enough professionals here that someone might have some insight. I work in the AV industry, and some of our devices are IP rated. After they have been opened up for repairs, maintenance etc they have ports on which allow the device to have a low pressure (less than 3 psi) put in to it, the idea being if the pressure goes down before the user lets it out, there is a leak in the waterproofing somewhere. The manufacturer devices to do this test cost upwards of £1000, yet the parts required are in theory simple. And we have very few IP rated devices like this, so spending that amount of money is not really in the picture at the moment. I have an manemometer which can measure the desired range down the the required accuracy (0.05kPA) and an assortment of fittings, valves, hoses and a pump (mostly using NPT threads and 8mm barbs) However, there appears to be a leak in the tester itself, as when it is all assembled and put under pressure with no device on the test end, the pressure will slowly reduce to zero. All threads have the tape on currently, and I cannot find any leaks with soapy water or submerging the tester. However I am assuming that because the pressure is so low and the sensitivity so high, a really tiny air leak can be enough to invalidate the test. When isolating just the manemometer, pressure remains stable, so i can only assume the leak is on one of the threaded or barb connections. Does anybody have any advice when building something like this?","Building a diy pressure testing device for IP rating tests. Hi all, i wasn't too sure where to ask this question, and I assumed there would be enough professionals here that someone might have some insight. I work in the AV industry, and some of our devices are IP rated. After they have been opened up for repairs, maintenance etc they have ports on which allow the device to have a low pressure (less than 3 psi) put in to it, the idea being if the pressure goes down before the user lets it out, there is a leak in the waterproofing somewhere. The manufacturer devices to do this test cost upwards of £1000, yet the parts required are in theory simple. And we have very few IP rated devices like this, so spending that amount of money is not really in the picture at the moment. I have an manemometer which can measure the desired range down the the required accuracy (0.05kPA) and an assortment of fittings, valves, hoses and a pump (mostly using NPT threads and 8mm barbs) However, there appears to be a leak in the tester itself, as when it is all assembled and put under pressure with no device on the test end, the pressure will slowly reduce to zero. All threads have the tape on currently, and I cannot find any leaks with soapy water or submerging the tester. However I am assuming that because the pressure is so low and the sensitivity so high, a really tiny air leak can be enough to invalidate the test. When isolating just the manemometer, pressure remains stable, so i can only assume the leak is on one of the threaded or barb connections. Does anybody have any advice when building something like this?",https://www.reddit.com/r/DIY/comments/1sttv6o/building_a_diy_pressure_testing_device_for_ip/,24,19,https://www.reddit.com/r/DIY/comments/1sttv6o/building_a_diy_pressure_testing_device_for_ip/,water leak,needs_review_medium_signal,medium_risk_call_pro,weak_labeled,,medium_risk_call_pro,0.80,contained_water_damage:\bleak(?:s|ing|ed)?\b,"{""medium_risk_call_pro"": 2.0}",no,weak_supervision,,,
1tpleyl,Plumbing,2026-05-27T22:51:54+00:00,Kohler 78913 mixing cartridge not getting very hot,"My old cartridge's stem started turning infinitely so I am trying this generic replacement: [https://www.amazon.com/dp/B0D2M95PWT](https://www.amazon.com/dp/B0D2M95PWT) I'm able to do a quarter-turn (which some of the amazon reviewers seemed to corroborate). But the water is only room temperature when I turn counterclockwise. Going toward cold is fine, it's cold. When I turn off the hot supply it's hot so it's only a problem when it's actually mixing. Of course I'm not using the plastic safety stop; I'm just turning the shaft that's shown in picture. With teflon tape it doesn't leak although I may have turned it in too much because there was some resistance that I broke through -- but then it met a lot of resistance so maybe it's fine. It's still a theory I'm considering: that it's not lining up fully with the hot intake. Any ideas or things I should try?","Kohler 78913 mixing cartridge not getting very hot My old cartridge's stem started turning infinitely so I am trying this generic replacement: [https://www.amazon.com/dp/B0D2M95PWT](https://www.amazon.com/dp/B0D2M95PWT) I'm able to do a quarter-turn (which some of the amazon reviewers seemed to corroborate). But the water is only room temperature when I turn counterclockwise. Going toward cold is fine, it's cold. When I turn off the hot supply it's hot so it's only a problem when it's actually mixing. Of course I'm not using the plastic safety stop; I'm just turning the shaft that's shown in picture. With teflon tape it doesn't leak although I may have turned it in too much because there was some resistance that I broke through -- but then it met a lot of resistance so maybe it's fine. It's still a theory I'm considering: that it's not lining up fully with the hot intake. Any ideas or things I should try?",https://www.reddit.com/r/Plumbing/comments/1tpleyl/kohler_78913_mixing_cartridge_not_getting_very_hot/,1,1,https://i.redd.it/hsgaiqyodr3h1.png,water leak,needs_review_medium_signal,medium_risk_call_pro,weak_labeled,,medium_risk_call_pro,0.80,contained_water_damage:\bleak(?:s|ing|ed)?\b,"{""medium_risk_call_pro"": 2.0}",no,weak_supervision,,,
1teerrz,HomeMaintenance,2026-05-16T00:56:40+00:00,Fiberglass Shower Repair,"I installed one of those adhesive shower caddies on my fiberglass shower wall and the clips holding it up eventually broke. I fully intended to replace it, but if you’ve ever dealt with these adhesives, you know they’re almost impossible to remove. So I asked my husband for help and we accidentally ended up taking a chunk of the shower wall out with it. We’ve decided we’re done using adhesive shower accessories moving forward, but now we’re left with a hole in the fiberglass wall and I’m worried about moisture/mold since it’s inside the shower. I asked AI for repair suggestions and it recommended a “Tub & Shower Repair Kit,” but most of the kits I’m finding seem geared toward small chips/cracks in porcelain or tile, not an actual hole in fiberglass. The reviews also don’t seem especially reassuring. I understand it probably won’t look completely perfect, but I’d still like the repair to look decent and hold up well long term. Looking for: \- Product recommendations \- Advice on the best way to patch/repair a fiberglass shower wall \- Anything I should avoid doing Thanks in advance","Fiberglass Shower Repair I installed one of those adhesive shower caddies on my fiberglass shower wall and the clips holding it up eventually broke. I fully intended to replace it, but if you’ve ever dealt with these adhesives, you know they’re almost impossible to remove. So I asked my husband for help and we accidentally ended up taking a chunk of the shower wall out with it. We’ve decided we’re done using adhesive shower accessories moving forward, but now we’re left with a hole in the fiberglass wall and I’m worried about moisture/mold since it’s inside the shower. I asked AI for repair suggestions and it recommended a “Tub & Shower Repair Kit,” but most of the kits I’m finding seem geared toward small chips/cracks in porcelain or tile, not an actual hole in fiberglass. The reviews also don’t seem especially reassuring. I understand it probably won’t look completely perfect, but I’d still like the repair to look decent and hold up well long term. Looking for: \- Product recommendations \- Advice on the best way to patch/repair a fiberglass shower wall \- Anything I should avoid doing Thanks in advance",https://www.reddit.com/r/HomeMaintenance/comments/1teerrz/fiberglass_shower_repair/,1,1,https://i.redd.it/1fu1b747ee1h1.jpeg,mold,needs_review_medium_signal,medium_risk_call_pro,weak_labeled,,medium_risk_call_pro,0.80,mold_or_foundation_concern:\bmold\b,"{""medium_risk_call_pro"": 2.0}",no,weak_supervision,,,
1tqcmvu,HomeImprovement,2026-05-28T18:50:19+00:00,What type of prefessional to call?,"Our basement is leaking, and the area around the house needs to be regraded and or a drain added. What type of professional can figure out the problem and fix it? I'm lost.","What type of prefessional to call? Our basement is leaking, and the area around the house needs to be regraded and or a drain added. What type of professional can figure out the problem and fix it? I'm lost.",https://www.reddit.com/r/HomeImprovement/comments/1tqcmvu/what_type_of_prefessional_to_call/,2,3,https://www.reddit.com/r/HomeImprovement/comments/1tqcmvu/what_type_of_prefessional_to_call/,leak,needs_review_medium_signal,medium_risk_call_pro,weak_labeled,,medium_risk_call_pro,0.80,contained_water_damage:\bleak(?:s|ing|ed)?\b,"{""medium_risk_call_pro"": 2.0}",no,weak_supervision,,,
1sayygy,Plumbing,2026-04-03T00:42:23+00:00,It Never Ends,"Hi all! I'm an apartment maintenance technician and I need some help. Here's the scene. The apartment building is about 400 feet from a river. The apartment is on the second story, on the end. The bathroom is located in a corner that faces the river (surrounded by the red box). The apartments were built in the 70s. Most of the lines are still the forbidden. . . . . cast iron! Inside - the bathroom houses a tub, toilet, single basin sink atop a cabinet, and there is also a small electric inset wall heater. There is a functioning exhaust fan and I even placed a dehumidifier in there. Not super huge, but a decent sized one that won't get in the residents way. After they shower, they leave the door open and the exhaust fan on until all the steam/moisture clears out. The dehumidifier runs constantly too. Background - the toilet was replaced before I took over (mid 2021). The line has been snaked on 2 separate occasions by professionals, not just me. It seems to get better then worse then better. Just a constant back and forth. I pulled the toilet, cleaned up the flooring, replaced the wax ring (thick), and . . . grouted it level. I use grout on second floors and above so that I can tell if there is a leak since caulk will keep it under the toilet and rot the floor. The resident has to clean the toilet every other day. She let this go for about 5 days so that I could get good pictures. It looks and feels like mildew on the rim amd seat. There seems to be what I can only explain as a biofilm on the water in the bowl. There is a slight urea smell at times that gets worse occasionally. She is very clean and she lives alone. I for the love of God CANNOT figure out where this goo is coming from. Additional info: I have not found any leaks anywhere in the apartment. I had a mold restoration company come out and take air quality samples outside around the apartments and in EVERY room. They all came back normal/within range, inside and out. No other resident has this problem. Just this one toilet. Please. I need some help on this. Am I missing something? Is it because of the river? Is it the old cast iron pipes? Thanks in advance! If you need more info, just let me know!","It Never Ends Hi all! I'm an apartment maintenance technician and I need some help. Here's the scene. The apartment building is about 400 feet from a river. The apartment is on the second story, on the end. The bathroom is located in a corner that faces the river (surrounded by the red box). The apartments were built in the 70s. Most of the lines are still the forbidden. . . . . cast iron! Inside - the bathroom houses a tub, toilet, single basin sink atop a cabinet, and there is also a small electric inset wall heater. There is a functioning exhaust fan and I even placed a dehumidifier in there. Not super huge, but a decent sized one that won't get in the residents way. After they shower, they leave the door open and the exhaust fan on until all the steam/moisture clears out. The dehumidifier runs constantly too. Background - the toilet was replaced before I took over (mid 2021). The line has been snaked on 2 separate occasions by professionals, not just me. It seems to get better then worse then better. Just a constant back and forth. I pulled the toilet, cleaned up the flooring, replaced the wax ring (thick), and . . . grouted it level. I use grout on second floors and above so that I can tell if there is a leak since caulk will keep it under the toilet and rot the floor. The resident has to clean the toilet every other day. She let this go for about 5 days so that I could get good pictures. It looks and feels like mildew on the rim amd seat. There seems to be what I can only explain as a biofilm on the water in the bowl. There is a slight urea smell at times that gets worse occasionally. She is very clean and she lives alone. I for the love of God CANNOT figure out where this goo is coming from. Additional info: I have not found any leaks anywhere in the apartment. I had a mold restoration company come out and take air quality samples outside around the apartments and in EVERY room. They all came back normal/within range, inside and out. No other resident has this problem. Just this one toilet. Please. I need some help on this. Am I missing something? Is it because of the river? Is it the old cast iron pipes? Thanks in advance! If you need more info, just let me know!",https://www.reddit.com/r/Plumbing/comments/1sayygy/it_never_ends/,1,3,https://www.reddit.com/gallery/1sayygy,caulk,needs_review_medium_signal,medium_risk_call_pro,weak_labeled,,medium_risk_call_pro,0.87,contained_water_damage:\bleak(?:s|ing|ed)?\b; mold_or_foundation_concern:\bmold\b; cosmetic_or_minor_finish:\bcaulk(?:ing)?\b,"{""low_risk_diy"": 2.2, ""medium_risk_call_pro"": 4.0}",no,weak_supervision,,,
1tj1aaz,Plumbing,2026-05-20T22:28:39+00:00,Toilet caulked all around,"We got our bathroom floor replaced because of mold. Contractors pulled out the sink and toilet. When they replaced the toilet, they caulked all the way around. Is that okay? I thought you weren’t supposed to do that.","Toilet caulked all around We got our bathroom floor replaced because of mold. Contractors pulled out the sink and toilet. When they replaced the toilet, they caulked all the way around. Is that okay? I thought you weren’t supposed to do that.",https://www.reddit.com/r/Plumbing/comments/1tj1aaz/toilet_caulked_all_around/,95,68,https://i.redd.it/x1zscxlccd2h1.jpeg,caulk,needs_review_medium_signal,medium_risk_call_pro,weak_labeled,,medium_risk_call_pro,0.80,mold_or_foundation_concern:\bmold\b,"{""medium_risk_call_pro"": 2.0}",no,weak_supervision,,,
1tb73w3,HomeMaintenance,2026-05-12T16:41:10+00:00,Taking care of 3 season sunroom,"Recently purchased a home in Ontario Canada with a 3-season sunroom. It has a small electric fireplace that makes it somewhat usable on colder days/nights during the shoulder seasons, but we shut it down completely in the winter. The room also has large operable windows and a ceiling fan. We’re heading into our second summer with the space and I’m wondering if it makes sense to run a dehumidifier in there when it’s not actively being used. There’s a slight “sunroom smell” / mild mustiness to the space that I’d love to reduce, but there are no obvious signs of mold, leaks, or water issues. Part of my concern is that since this isn’t really a conditioned space, running a dehumidifier might just end up trying to dehumidify the outdoors too — especially with how drafty these rooms can be. Curious if anyone else with a 3-season room or sunroom has dealt with this. Do you run a dehumidifier? Keep windows cracked? Use fans? Lower blinds to block sun when not in use? Any tips for reducing that slightly musty smell without overdoing it?","Taking care of 3 season sunroom Recently purchased a home in Ontario Canada with a 3-season sunroom. It has a small electric fireplace that makes it somewhat usable on colder days/nights during the shoulder seasons, but we shut it down completely in the winter. The room also has large operable windows and a ceiling fan. We’re heading into our second summer with the space and I’m wondering if it makes sense to run a dehumidifier in there when it’s not actively being used. There’s a slight “sunroom smell” / mild mustiness to the space that I’d love to reduce, but there are no obvious signs of mold, leaks, or water issues. Part of my concern is that since this isn’t really a conditioned space, running a dehumidifier might just end up trying to dehumidify the outdoors too — especially with how drafty these rooms can be. Curious if anyone else with a 3-season room or sunroom has dealt with this. Do you run a dehumidifier? Keep windows cracked? Use fans? Lower blinds to block sun when not in use? Any tips for reducing that slightly musty smell without overdoing it?",https://www.reddit.com/r/HomeMaintenance/comments/1tb73w3/taking_care_of_3_season_sunroom/,3,2,https://i.redd.it/3r8og082jq0h1.jpeg,mold,needs_review_medium_signal,medium_risk_call_pro,weak_labeled,,medium_risk_call_pro,0.95,contained_water_damage:\bleak(?:s|ing|ed)?\b; mold_or_foundation_concern:\bmold\b,"{""medium_risk_call_pro"": 4.0}",no,weak_supervision,,,
1titwl8,HomeMaintenance,2026-05-20T18:11:54+00:00,Should I file an insurance claim? Cast iron drain pipe has at least 9-10 ft long hole running down the bottom of it’.,"Hoping it was my dishwasher. It wasn’t. It was the cast iron drain pipe leaking. There was standing water under the slab upon opening up. Plumbers are trying to take it easy on me but it’s going to get expensive. I’m fine if they don’t cover the pipe but maybe flooring and mold. Update\*\*\* It extended up to 12 feet. Being replaced and not filling a claim. I only wondered about insurance because I was worried about mold. I have a 5 year old , a 3 week old and my wife to consider.","Should I file an insurance claim? Cast iron drain pipe has at least 9-10 ft long hole running down the bottom of it’. Hoping it was my dishwasher. It wasn’t. It was the cast iron drain pipe leaking. There was standing water under the slab upon opening up. Plumbers are trying to take it easy on me but it’s going to get expensive. I’m fine if they don’t cover the pipe but maybe flooring and mold. Update\*\*\* It extended up to 12 feet. Being replaced and not filling a claim. I only wondered about insurance because I was worried about mold. I have a 5 year old , a 3 week old and my wife to consider.",https://www.reddit.com/r/HomeMaintenance/comments/1titwl8/should_i_file_an_insurance_claim_cast_iron_drain/,48,43,https://www.reddit.com/gallery/1titwl8,mold,needs_review_medium_signal,medium_risk_call_pro,weak_labeled,,medium_risk_call_pro,0.95,contained_water_damage:\bleak(?:s|ing|ed)?\b; mold_or_foundation_concern:\bmold\b,"{""medium_risk_call_pro"": 4.0}",no,weak_supervision,,,
1tknh2u,DIY,2026-05-22T16:08:00+00:00,Hot water shuts off to house until I open drain valve to relieve pressure. Why?,"As the title suggests... this has happened 4 times since I installed a Rheem Performance Platinum 65 gallon Heat pump water heater last year. It typically occurs when our clothes washer is pulling hot water. The rest of the house will suddenly lose hot water, and the washer will also eventually throw an error code as the hot water will shut off to it as well. My only solution is to go downstairs to my water heater, shut off the cold water to the water heater, and open the drain valve on the bottom to relieve a huge rush of pressure. Once that occurs, I then close the drain valve, open the cold water inlet valve, and hot water is restored to the house. I'm at a loss. My pressure relief valve is not leaking out any water, and performing a test on the valve reveals that it still works just fine. Is there some sort of internal 1-way trap door on the hot water outlet side that's getting blocked? I input and output the water from the top connections (there are side connections available, but they are unused). I'm not using a recirculation pump, and I have an expansion tank installed (though it's the smaller 2.5 gallon model - might need to move to 4.5) that I installed new with the water heater. There is no leak detection or auto-shutoff feature in this model. Any thoughts? I was going to contact Rheem, but haven't managed to yet. Thanks!","Hot water shuts off to house until I open drain valve to relieve pressure. Why? As the title suggests... this has happened 4 times since I installed a Rheem Performance Platinum 65 gallon Heat pump water heater last year. It typically occurs when our clothes washer is pulling hot water. The rest of the house will suddenly lose hot water, and the washer will also eventually throw an error code as the hot water will shut off to it as well. My only solution is to go downstairs to my water heater, shut off the cold water to the water heater, and open the drain valve on the bottom to relieve a huge rush of pressure. Once that occurs, I then close the drain valve, open the cold water inlet valve, and hot water is restored to the house. I'm at a loss. My pressure relief valve is not leaking out any water, and performing a test on the valve reveals that it still works just fine. Is there some sort of internal 1-way trap door on the hot water outlet side that's getting blocked? I input and output the water from the top connections (there are side connections available, but they are unused). I'm not using a recirculation pump, and I have an expansion tank installed (though it's the smaller 2.5 gallon model - might need to move to 4.5) that I installed new with the water heater. There is no leak detection or auto-shutoff feature in this model. Any thoughts? I was going to contact Rheem, but haven't managed to yet. Thanks!",https://www.reddit.com/r/DIY/comments/1tknh2u/hot_water_shuts_off_to_house_until_i_open_drain/,17,8,https://www.reddit.com/r/DIY/comments/1tknh2u/hot_water_shuts_off_to_house_until_i_open_drain/,water leak,needs_review_medium_signal,medium_risk_call_pro,weak_labeled,,medium_risk_call_pro,0.95,contained_water_damage:\bleak(?:s|ing|ed)?\b; trade_system_issue:\bwater heater\b,"{""medium_risk_call_pro"": 4.0}",no,weak_supervision,,,
1bfqv5e,DIY,2024-03-15T22:47:56+00:00,Bedroom to Bathroom Conversion - Seeking Advice,"**The Project:** I currently have an ensuite washroom on my master bedroom and a nearby unused bedroom. I'm looking to convert the ensuite to a walk-through linen closet space and use the then next room attached as a large bathroom. I've attached a couple photos of the renovation plan drawn out and I'm happy to do much of the work myself but I'd like some advice in a couple areas. Aside from the main project pieces, I intend to complete a makeover renovation on the main bathroom in the house, which is currently adjacently attached to the ensuite, and as such will be involved in the overall project. &nbsp; **Additional Details:** This is a main-floor project with an unfinished basement laundry room below, all of the existing plumbing is/can be exposed. The attic is a crawl-space style with mixed kinds of insulation, I have additional electrical projects in rooms approximately 30 feet away that I'm considering completing at the same time as this renovation. These are in no particular order but figured numbering points would make it easier for folks to reply. &nbsp; **My DIY Experience:** * no experience with plumbing besides replacing toilets/fixing leaks * removed carpet/lino, installed 2000sq ft snap-in laminate * relaced tube fluorescent lighting in bedrooms with LED pot lights * installed baseboards/door trim/quarter round * moved and replaced old outlets in drywall * replaced furnace main board * commercial and residential telecom and network installations &nbsp; **My Questions:** 1. What part of the overall project makes the most sense to begin with? 2. Based on my DIY experiences, which parts of the project should I probably get professional quotes for, and which parts should I absolutely let a professional handle? 3. Is there a piece of the project which might be interesting to try that DIYers tend to think is out of their range but shouldn't necessarily be? 4. Are there things I should watch out for when planning/designing the new bathroom that you've learned during your renovation? 5. What would be a reasonable expection for the project to cost in its entirety? Ballpark guesses are greatly appreciated (see notes below about my project ""to-dos and desires"") 6. What other kinds of questions should I be asking about this project? 7. I'm a terribly uncreative person, and to that end, where would you recommend I look for inspiration in regards to bathroom design? &nbsp; **Project To-Dos and Desires** ^(Loose completion order) &nbsp; Phase 1 - Disassemble and complete new bathroom (multi-room) 1. Remove toilet, sink and shower from bathroom 1a 2. Move wall A between bathrooms 1a and 2, undoing weird cut-out for shower. 3. Remove closet walls D, E and close off door C in room 3 4. Convert wall B into doorway 5. Decide where I'm putting shower, toilet, bath, sinks in room 3a 6. Move plumbing from bathroom 1a into room 3 7. Convert electrical to GFCI as required 8. Add appropriate ceiling ventilation in room 3a 9. Patch, sand, paint walls in room 3a 10. Install new floor in 3a 11. Install toilet, sinks, bathtub into 3a 12. Install standing shower into 3a 13. Install furniture, fixtures and complete design of 3a &nbsp; Phase 2 - Walk through closet (1a-1b only) 1. Remove cedar planks from walls 2. Patch, sand and paint walls 3. Install new floor 4. Install closet fixture 5. Install new lighting &nbsp; Phase 3 - Main/Shared Bathroom (2a-2b only) 1. Investigate walled off cube G, remove if possible 2. Remove wall F between shower/toilet 3. Remove pre-fab built-in tub 4. Remove old high-flow toilet 5. Remove old lino flooring 6. Install new floor 7. Repair/replace toilet flange 8. Install new toilet 9. Remove wall to wall sink/counter 10. Update outlet to new GFCI 11. Patch, sand, paint walls in 12. Install new tub with wrap around curtain 13. Install new vanity 14. Install new lighting &nbsp; While completing this project, my aim is to keep each bathroom functional at least with a working toilet for as much of the project as is possible. As my home is a shared space, and the ensuite entrance will remain through my bedroom, I'd like to minimize foot traffic through my room during Phase 3 in particular. And I'd like to get back to using my own bathroom space as soon as possible during Phase 1. &nbsp; In advance, I'd like to thank anyone for the advice, suggestions and commentary they decide to bestow on me, it's all appreciated! [**Images**](https://imgur.com/a/yt7JMQd) Edit: The fixtures included in room 3b (new bathroom) are only meant to suggest what fixtures I'd like included, please disregard size/scale/layout of them.","Bedroom to Bathroom Conversion - Seeking Advice **The Project:** I currently have an ensuite washroom on my master bedroom and a nearby unused bedroom. I'm looking to convert the ensuite to a walk-through linen closet space and use the then next room attached as a large bathroom. I've attached a couple photos of the renovation plan drawn out and I'm happy to do much of the work myself but I'd like some advice in a couple areas. Aside from the main project pieces, I intend to complete a makeover renovation on the main bathroom in the house, which is currently adjacently attached to the ensuite, and as such will be involved in the overall project. &nbsp; **Additional Details:** This is a main-floor project with an unfinished basement laundry room below, all of the existing plumbing is/can be exposed. The attic is a crawl-space style with mixed kinds of insulation, I have additional electrical projects in rooms approximately 30 feet away that I'm considering completing at the same time as this renovation. These are in no particular order but figured numbering points would make it easier for folks to reply. &nbsp; **My DIY Experience:** * no experience with plumbing besides replacing toilets/fixing leaks * removed carpet/lino, installed 2000sq ft snap-in laminate * relaced tube fluorescent lighting in bedrooms with LED pot lights * installed baseboards/door trim/quarter round * moved and replaced old outlets in drywall * replaced furnace main board * commercial and residential telecom and network installations &nbsp; **My Questions:** 1. What part of the overall project makes the most sense to begin with? 2. Based on my DIY experiences, which parts of the project should I probably get professional quotes for, and which parts should I absolutely let a professional handle? 3. Is there a piece of the project which might be interesting to try that DIYers tend to think is out of their range but shouldn't necessarily be? 4. Are there things I should watch out for when planning/designing the new bathroom that you've learned during your renovation? 5. What would be a reasonable expection for the project to cost in its entirety? Ballpark guesses are greatly appreciated (see notes below about my project ""to-dos and desires"") 6. What other kinds of questions should I be asking about this project? 7. I'm a terribly uncreative person, and to that end, where would you recommend I look for inspiration in regards to bathroom design? &nbsp; **Project To-Dos and Desires** ^(Loose completion order) &nbsp; Phase 1 - Disassemble and complete new bathroom (multi-room) 1. Remove toilet, sink and shower from bathroom 1a 2. Move wall A between bathrooms 1a and 2, undoing weird cut-out for shower. 3. Remove closet walls D, E and close off door C in room 3 4. Convert wall B into doorway 5. Decide where I'm putting shower, toilet, bath, sinks in room 3a 6. Move plumbing from bathroom 1a into room 3 7. Convert electrical to GFCI as required 8. Add appropriate ceiling ventilation in room 3a 9. Patch, sand, paint walls in room 3a 10. Install new floor in 3a 11. Install toilet, sinks, bathtub into 3a 12. Install standing shower into 3a 13. Install furniture, fixtures and complete design of 3a &nbsp; Phase 2 - Walk through closet (1a-1b only) 1. Remove cedar planks from walls 2. Patch, sand and paint walls 3. Install new floor 4. Install closet fixture 5. Install new lighting &nbsp; Phase 3 - Main/Shared Bathroom (2a-2b only) 1. Investigate walled off cube G, remove if possible 2. Remove wall F between shower/toilet 3. Remove pre-fab built-in tub 4. Remove old high-flow toilet 5. Remove old lino flooring 6. Install new floor 7. Repair/replace toilet flange 8. Install new toilet 9. Remove wall to wall sink/counter 10. Update outlet to new GFCI 11. Patch, sand, paint walls in 12. Install new tub with wrap around curtain 13. Install new vanity 14. Install new lighting &nbsp; While completing this project, my aim is to keep each bathroom functional at least with a working toilet for as much of the project as is possible. As my home is a shared space, and the ensuite entrance will remain through my bedroom, I'd like to minimize foot traffic through my room during Phase 3 in particular. And I'd like to get back to using my own bathroom space as soon as possible during Phase 1. &nbsp; In advance, I'd like to thank anyone for the advice, suggestions and commentary they decide to bestow on me, it's all appreciated! [**Images**](https://imgur.com/a/yt7JMQd) Edit: The fixtures included in room 3b (new bathroom) are only meant to suggest what fixtures I'd like included, please disregard size/scale/layout of them.",https://www.reddit.com/r/DIY/comments/1bfqv5e/bedroom_to_bathroom_conversion_seeking_advice/,1,2,https://www.reddit.com/r/DIY/comments/1bfqv5e/bedroom_to_bathroom_conversion_seeking_advice/,loose trim,needs_review_medium_signal,medium_risk_call_pro,weak_labeled,,medium_risk_call_pro,0.87,contained_water_damage:\bleak(?:s|ing|ed)?\b; trade_system_issue:\bfurnace\b; cosmetic_or_minor_finish:\bpaint(?:ing|ed)?\b,"{""low_risk_diy"": 2.2, ""medium_risk_call_pro"": 4.0}",no,weak_supervision,,,
13to09v,askanelectrician,2023-05-28T01:29:53+00:00,Do I need to upgrade panel?,I am looking to install a NEMA 14-50 outlet (50 amp) for EV charging. Would I need to upgrade my 125 amp breaker panel to 200 amps? I would primarily be charging at night. I have attached a photo of my panel.,Do I need to upgrade panel? I am looking to install a NEMA 14-50 outlet (50 amp) for EV charging. Would I need to upgrade my 125 amp breaker panel to 200 amps? I would primarily be charging at night. I have attached a photo of my panel.,https://www.reddit.com/r/askanelectrician/comments/13to09v/do_i_need_to_upgrade_panel/,5,13,https://i.redd.it/surszdnzni2b1.jpg,flooding,needs_review_medium_signal,medium_risk_call_pro,weak_labeled,,medium_risk_call_pro,0.80,trade_system_issue:\bbreaker\b,"{""medium_risk_call_pro"": 2.0}",no,weak_supervision,,,
1tqcbxf,Plumbing,2026-05-28T18:39:25+00:00,Is this right?,Maintenance guys swear that the leak in my kitchen is from the hot water heater. Isn't it supposed to be off of the floor?,Is this right? Maintenance guys swear that the leak in my kitchen is from the hot water heater. Isn't it supposed to be off of the floor?,https://www.reddit.com/r/Plumbing/comments/1tqcbxf/is_this_right/,0,11,https://i.redd.it/veaq1yuqax3h1.jpeg,water leak,needs_review_medium_signal,medium_risk_call_pro,weak_labeled,,medium_risk_call_pro,0.95,contained_water_damage:\bleak(?:s|ing|ed)?\b; trade_system_issue:\bwater heater\b,"{""medium_risk_call_pro"": 4.0}",no,weak_supervision,,,
1tpolpj,Plumbing,2026-05-28T01:06:36+00:00,CPVC supply line leaking occasionally when dishwasher starts,"I believe I’m experiencing a hot water supply leak in my CPVC, specifically only when the dishwasher starts. I first noticed the leak about 3 weeks ago. At the time, I initially assumed it was the CPVC but after running all of the hot water in my house (including dishwasher loads) and trying to recreate the drip I couldn’t recreate. I just chalked it up to the cat peeing (the leak was near a litter box). Fast forward to today and the leak once again appears. I’ve investigated further and it does appear to be leaking from a fitting that heads towards the dishwasher. The amount of water is small - probably equivalent to a couple of ounces at each occurrence. Has anyone experienced this in the past? I can’t see any obvious leak and it appears to have stopped for now, but I don’t really understand how it can just go away for like 3 weeks and come back. Do plumbers still fix CPVC leaks, or will I have to repipe the whole house? Thanks in advance for any help you can provide.","CPVC supply line leaking occasionally when dishwasher starts I believe I’m experiencing a hot water supply leak in my CPVC, specifically only when the dishwasher starts. I first noticed the leak about 3 weeks ago. At the time, I initially assumed it was the CPVC but after running all of the hot water in my house (including dishwasher loads) and trying to recreate the drip I couldn’t recreate. I just chalked it up to the cat peeing (the leak was near a litter box). Fast forward to today and the leak once again appears. I’ve investigated further and it does appear to be leaking from a fitting that heads towards the dishwasher. The amount of water is small - probably equivalent to a couple of ounces at each occurrence. Has anyone experienced this in the past? I can’t see any obvious leak and it appears to have stopped for now, but I don’t really understand how it can just go away for like 3 weeks and come back. Do plumbers still fix CPVC leaks, or will I have to repipe the whole house? Thanks in advance for any help you can provide.",https://www.reddit.com/r/Plumbing/comments/1tpolpj/cpvc_supply_line_leaking_occasionally_when/,1,4,https://www.reddit.com/r/Plumbing/comments/1tpolpj/cpvc_supply_line_leaking_occasionally_when/,water leak,needs_review_medium_signal,medium_risk_call_pro,weak_labeled,,medium_risk_call_pro,0.80,contained_water_damage:\bleak(?:s|ing|ed)?\b,"{""medium_risk_call_pro"": 2.0}",no,weak_supervision,,,
1tr51c5,Plumbing,2026-05-29T15:16:42+00:00,Toilet shutoff doesn't work and leaked when turned,"House was built mid 80s, trying to replace this toilet but the shutoff leaks when turned and water still goes through when turned all the way off. I bought almost the exact same part from home depot if I replace just the guts in the end do you guys think this will fix it or do I need a plumber to come open the wall and cut and replace this entire piece","Toilet shutoff doesn't work and leaked when turned House was built mid 80s, trying to replace this toilet but the shutoff leaks when turned and water still goes through when turned all the way off. I bought almost the exact same part from home depot if I replace just the guts in the end do you guys think this will fix it or do I need a plumber to come open the wall and cut and replace this entire piece",https://www.reddit.com/r/Plumbing/comments/1tr51c5/toilet_shutoff_doesnt_work_and_leaked_when_turned/,1,14,https://i.redd.it/slvtjtkff34h1.jpeg,water leak,needs_review_medium_signal,medium_risk_call_pro,weak_labeled,,medium_risk_call_pro,0.80,contained_water_damage:\bleak(?:s|ing|ed)?\b,"{""medium_risk_call_pro"": 2.0}",no,weak_supervision,,,
1tobmqd,Plumbing,2026-05-26T16:12:03+00:00,First time home owner - help?,"We are first time homeowners, found out the hard way that the first floor toilet was leaking. Water pooled around the base of the toilet and must have leaked down to the basement. The last image of wood captures the ceiling in the basement where water was dripping down. How do we fix and also prevent mold?","First time home owner - help? We are first time homeowners, found out the hard way that the first floor toilet was leaking. Water pooled around the base of the toilet and must have leaked down to the basement. The last image of wood captures the ceiling in the basement where water was dripping down. How do we fix and also prevent mold?",https://www.reddit.com/r/Plumbing/comments/1tobmqd/first_time_home_owner_help/,1,3,https://www.reddit.com/gallery/1tobmqd,water leak,needs_review_medium_signal,medium_risk_call_pro,weak_labeled,,medium_risk_call_pro,0.95,contained_water_damage:\bleak(?:s|ing|ed)?\b; mold_or_foundation_concern:\bmold\b,"{""medium_risk_call_pro"": 4.0}",no,weak_supervision,,,
1tpsgjt,HomeImprovement,2026-05-28T04:01:46+00:00,Possible slow bathroom drain leak in the wall or something ... repair steps?,"I have a nagging suspicion that the drain line for my sink is compromised. The drywall right under the drain pipe is soft as if it's been wet or soaking. I kinda want to try the repair myself to get more confidence in fixing things around the house. I think my steps are: - Shut off water and remove sink - Cut out a section of the wall, probably around the drain pipe area. - Assess? Cut out damage section and cap drain end off with a rag. - Take section to store, probably get a new T-joint(?) and/or other PVC pipe to replace the damaged section of drain pipe? I don't know how long it's been leaking for. What else do I need to look out for? What tools and supplies do I need? I have a hacksaw and a drywall saw as well as a pipe cutter.","Possible slow bathroom drain leak in the wall or something ... repair steps? I have a nagging suspicion that the drain line for my sink is compromised. The drywall right under the drain pipe is soft as if it's been wet or soaking. I kinda want to try the repair myself to get more confidence in fixing things around the house. I think my steps are: - Shut off water and remove sink - Cut out a section of the wall, probably around the drain pipe area. - Assess? Cut out damage section and cap drain end off with a rag. - Take section to store, probably get a new T-joint(?) and/or other PVC pipe to replace the damaged section of drain pipe? I don't know how long it's been leaking for. What else do I need to look out for? What tools and supplies do I need? I have a hacksaw and a drywall saw as well as a pipe cutter.",https://www.reddit.com/r/HomeImprovement/comments/1tpsgjt/possible_slow_bathroom_drain_leak_in_the_wall_or/,2,4,https://www.reddit.com/r/HomeImprovement/comments/1tpsgjt/possible_slow_bathroom_drain_leak_in_the_wall_or/,leak,needs_review_medium_signal,medium_risk_call_pro,weak_labeled,,medium_risk_call_pro,0.80,contained_water_damage:\bleak(?:s|ing|ed)?\b,"{""medium_risk_call_pro"": 2.0}",no,weak_supervision,,,
1t8qzz9,HomeMaintenance,2026-05-09T23:52:47+00:00,Is this black mold?,"Hello Everyone. Could you please let me know if this black mold. If so, how can I get rid of it. Thank you.","Is this black mold? Hello Everyone. Could you please let me know if this black mold. If so, how can I get rid of it. Thank you.",https://www.reddit.com/r/HomeMaintenance/comments/1t8qzz9/is_this_black_mold/,0,6,https://www.reddit.com/gallery/1t8qzz9,mold,needs_review_medium_signal,medium_risk_call_pro,weak_labeled,,medium_risk_call_pro,0.80,mold_or_foundation_concern:\bmold\b,"{""medium_risk_call_pro"": 2.0}",no,weak_supervision,,,
1tmmy1x,HomeImprovement,2026-05-24T20:15:17+00:00,How to choose a dehumidifier for a damp basement?,"I’ve watched a few videos comparing refrigerant vs desiccant type in my research. One friend says refrigerant type and best for warm basements. Another said pump model for automatic draining. A third one bought a cheap model and it froze up. I recently needed a replacement filter and a drain house for mine. I found on Alibaba a washable pre-filter and 6 ft strip of vinyl hose that fits most of the pumps. My questions: what is the ideal capacity dehumidifier for a 500 sq ft basement? 30 pints per day. How do you clean the coils of a dehumidifier? Soft brush. One thought I had was using a dehumidifier as a direct water source to plants, i.e., distilled water. Anyone attempt to repair a leaking refrigerant? Not DIY. Any suggestions to make them quieter? On rubber mat.","How to choose a dehumidifier for a damp basement? I’ve watched a few videos comparing refrigerant vs desiccant type in my research. One friend says refrigerant type and best for warm basements. Another said pump model for automatic draining. A third one bought a cheap model and it froze up. I recently needed a replacement filter and a drain house for mine. I found on Alibaba a washable pre-filter and 6 ft strip of vinyl hose that fits most of the pumps. My questions: what is the ideal capacity dehumidifier for a 500 sq ft basement? 30 pints per day. How do you clean the coils of a dehumidifier? Soft brush. One thought I had was using a dehumidifier as a direct water source to plants, i.e., distilled water. Anyone attempt to repair a leaking refrigerant? Not DIY. Any suggestions to make them quieter? On rubber mat.",https://www.reddit.com/r/HomeImprovement/comments/1tmmy1x/how_to_choose_a_dehumidifier_for_a_damp_basement/,10,8,https://www.reddit.com/r/HomeImprovement/comments/1tmmy1x/how_to_choose_a_dehumidifier_for_a_damp_basement/,leak,needs_review_medium_signal,medium_risk_call_pro,weak_labeled,,medium_risk_call_pro,0.80,contained_water_damage:\bleak(?:s|ing|ed)?\b,"{""medium_risk_call_pro"": 2.0}",no,weak_supervision,,,
1thfonq,HomeImprovement,2026-05-19T07:38:36+00:00,Green material to level terraced roof before waterproofing,"My garage has a terrace roof that is leaking. It wasn't an issue when all there was was my car but I'm converting it to a storage unit and cant have that amount of water dripping from the roof. I'm planning to waterproof it using an EPDM lining, but there are holes and cracks in the concrete slab that need filling first, and maybe the slope needs to be adjusted. Normally I'd do that with some sort of fiber reinforced concrete or polystyrene concrete to keep the weight down and have someting that is thick enough that it is easy to work with. But I've been made aware of the disaster that is portland cement and I would like a greener alternative. I've been thinking about drywall mud, wood concrete or earth/clay concrete. Do you have any experience with what's easy to source, actually more sustainable and suitable for my purpose ? I figure water resistance is not a huge concern since it'll be under the epdm lining anyway.","Green material to level terraced roof before waterproofing My garage has a terrace roof that is leaking. It wasn't an issue when all there was was my car but I'm converting it to a storage unit and cant have that amount of water dripping from the roof. I'm planning to waterproof it using an EPDM lining, but there are holes and cracks in the concrete slab that need filling first, and maybe the slope needs to be adjusted. Normally I'd do that with some sort of fiber reinforced concrete or polystyrene concrete to keep the weight down and have someting that is thick enough that it is easy to work with. But I've been made aware of the disaster that is portland cement and I would like a greener alternative. I've been thinking about drywall mud, wood concrete or earth/clay concrete. Do you have any experience with what's easy to source, actually more sustainable and suitable for my purpose ? I figure water resistance is not a huge concern since it'll be under the epdm lining anyway.",https://www.reddit.com/r/HomeImprovement/comments/1thfonq/green_material_to_level_terraced_roof_before/,1,0,https://www.reddit.com/r/HomeImprovement/comments/1thfonq/green_material_to_level_terraced_roof_before/,leak,needs_review_medium_signal,medium_risk_call_pro,weak_labeled,,medium_risk_call_pro,0.80,contained_water_damage:\bleak(?:s|ing|ed)?\b,"{""medium_risk_call_pro"": 2.0}",no,weak_supervision,,,
1tnjchc,HomeMaintenance,2026-05-25T19:31:00+00:00,"Does this look like mold? It’s a sticky trap on my window pane, I looked around for any other spots above it or on the wall but this is the only spot so far. Any idea what it could be?",,"Does this look like mold? It’s a sticky trap on my window pane, I looked around for any other spots above it or on the wall but this is the only spot so far. Any idea what it could be?",https://www.reddit.com/r/HomeMaintenance/comments/1tnjchc/does_this_look_like_mold_its_a_sticky_trap_on_my/,1,1,https://www.reddit.com/gallery/1tnjbqk,mold,needs_review_medium_signal,medium_risk_call_pro,weak_labeled,,medium_risk_call_pro,0.80,mold_or_foundation_concern:\bmold\b,"{""medium_risk_call_pro"": 2.0}",no,weak_supervision,,,
1tpdunz,Plumbing,2026-05-27T18:16:06+00:00,I dont know how this happened (please help),My toilet has been leaking water into the toilet boil for hours and I opened it up because I thought I would just have to take out the tube thingy and clean it out so the seal is proper but somehow there's NO TRACE of a refill tube?? Like it didn't even fall off because it's not anywhere in the tank and Im so baffled because how did that happen.... Also aside from that how tf do you remove the part with the two flush buttons I've tried the twist and pull up method but it wont pull up and detach even though I'm pressing on the side parts. Sorry for my informal toilet knowledge I'm completely new to this it's my first time living Could the missing tube be causing the water to leak into the bowl? And can I just buy a refill tube and use it even if it's not the same brand? Because I cannot find JUST the refill tube for the specific brand of toilet I have I can only find Fluidmaster ones and I don't wanna have to replace the entire thing....I think my toilet is a toto? I've been searching the internet far and wide and I dont know how but I cant seem to find anyone who has had this exact dilemma...,I dont know how this happened (please help) My toilet has been leaking water into the toilet boil for hours and I opened it up because I thought I would just have to take out the tube thingy and clean it out so the seal is proper but somehow there's NO TRACE of a refill tube?? Like it didn't even fall off because it's not anywhere in the tank and Im so baffled because how did that happen.... Also aside from that how tf do you remove the part with the two flush buttons I've tried the twist and pull up method but it wont pull up and detach even though I'm pressing on the side parts. Sorry for my informal toilet knowledge I'm completely new to this it's my first time living Could the missing tube be causing the water to leak into the bowl? And can I just buy a refill tube and use it even if it's not the same brand? Because I cannot find JUST the refill tube for the specific brand of toilet I have I can only find Fluidmaster ones and I don't wanna have to replace the entire thing....I think my toilet is a toto? I've been searching the internet far and wide and I dont know how but I cant seem to find anyone who has had this exact dilemma...,https://www.reddit.com/r/Plumbing/comments/1tpdunz/i_dont_know_how_this_happened_please_help/,2,3,https://i.redd.it/vfhcf7sn1q3h1.jpeg,water leak,needs_review_medium_signal,medium_risk_call_pro,weak_labeled,,medium_risk_call_pro,0.80,contained_water_damage:\bleak(?:s|ing|ed)?\b,"{""medium_risk_call_pro"": 2.0}",no,weak_supervision,,,
101uhre,askanelectrician,2023-01-03T01:42:26+00:00,Low voltage to outside junction box.,Was planning on installing an outdoor flood light in the backyard and saw that we had a junction box available. Removed the cover and tested it with a multimeter and showed 1 volt of power. Checked all GFCI outlets and breakers and everything is on. This seem to be the only spot that has really low voltage. Any ideas what else to check?,Low voltage to outside junction box. Was planning on installing an outdoor flood light in the backyard and saw that we had a junction box available. Removed the cover and tested it with a multimeter and showed 1 volt of power. Checked all GFCI outlets and breakers and everything is on. This seem to be the only spot that has really low voltage. Any ideas what else to check?,https://www.reddit.com/r/askanelectrician/comments/101uhre/low_voltage_to_outside_junction_box/,1,4,https://i.imgur.com/gUTbx1n.jpg,flooding,needs_review_urgent_signal,medium_risk_call_pro,weak_labeled,,medium_risk_call_pro,0.80,trade_system_issue:\boutlets?\b,"{""medium_risk_call_pro"": 2.0}",no,weak_supervision,,,
13dc8w4,askanelectrician,2023-05-10T01:16:49+00:00,Minimizing Static Electricity and Adding Circuits,"I could post this in a PC group, or a CNC group, or a Laser Engraver group, but I thought this was probably the most relevant subreddit to post in. Apologies in advance for the long-winded post, but I really want to make sure I get this right. This is my office. Right off the bat I want to acknowledge that a long-term solution would be a dedicated workspace, but this is what I have right now. On the right, my gaming/work PC with 3 screens. To the left is a desktop CNC machine. Far left is a 3D printer. Underneath those is a shop vac. Any day now, the left most monitor is likely being replaced with a 100W laser engraver. It's a very... productive... desk, lol. My issue: Everything you see here currently runs on the same 15A circuit. In fact, everything runs through the same outlet via the same surge protector bolted under the desk. The only thing that doesn't is the shop vac, which is connected directly to the other outlet in the same duplex wall outlet. I do NOT run all of these machines at the same time. The PC is always on, but only one of the other three (soon to be four) devices is ever also running. My main struggle right now is static electricity. I'm not sure if it's the air in this house, the old wiring, or what, but sometimes just walking past my monitors will cause them to lose sync for a split second (black screen). Sitting down or standing up from my chair does it too thanks to the tiny EMP emitted by the gas cylinder. I know that sounds wild, but this is an issue others have had with this chair, and monitors connected via DisplayPort, which is apparently more susceptible to this effect. This is a minor annoyance, but not a huge issue. The bigger issue is that the desktop CNC can build up quite a bit of static electricity when running, and the shop vac is basically just a tool for generating static when it's whooshing air and bits of plastic through the pipe. This can often times result in the desktop CNC briefly dropping the USB connection to the computer, resulting in the loss of whatever cut I was in the process of making. Sometimes this happens spontaneously. Sometimes it's when I touch something. For what it's worth, every single device (the monitors, the computer, the CNC, the 3D printer, the surge protector) is connected with a 3-pronged, grounded cable. Only the shop-vac, connected directly to the other outlet in the wall, has a simple two-pronged plug without a ground. I assume that isn't helping. My solution: I want to have an electrician pull two new circuits to this wall. It's relatively easy given it's just crawl space under this office leading to the fuse panel. That would allow me to keep the computer on the current circuit, and then split the remaining devices across the other two circuits (likely the shop vac and the 3D printer on one, and the CNC and the laser engraver on the other, since the 3D printer is least susceptible to static (and doesn't require a connection to the computer) and because I'd never be running the CNC and Laser at the same time. I've also heard people in the various other groups (such as the CNC group) state that connecting devices to separate circuits will help mitigate issues with static buildup. I'm wondering if there is anything else to be done, electrically, to help mitigate the static build-up, or anything else that should be done, circuit-wise, to ensure everything works properly. Many thanks in advance for any suggestions! https://preview.redd.it/lfil40qwkwya1.jpg?width=4608&format=pjpg&auto=webp&s=d678c756d22ce7401bcd98fd46116c5de461c3f8","Minimizing Static Electricity and Adding Circuits I could post this in a PC group, or a CNC group, or a Laser Engraver group, but I thought this was probably the most relevant subreddit to post in. Apologies in advance for the long-winded post, but I really want to make sure I get this right. This is my office. Right off the bat I want to acknowledge that a long-term solution would be a dedicated workspace, but this is what I have right now. On the right, my gaming/work PC with 3 screens. To the left is a desktop CNC machine. Far left is a 3D printer. Underneath those is a shop vac. Any day now, the left most monitor is likely being replaced with a 100W laser engraver. It's a very... productive... desk, lol. My issue: Everything you see here currently runs on the same 15A circuit. In fact, everything runs through the same outlet via the same surge protector bolted under the desk. The only thing that doesn't is the shop vac, which is connected directly to the other outlet in the same duplex wall outlet. I do NOT run all of these machines at the same time. The PC is always on, but only one of the other three (soon to be four) devices is ever also running. My main struggle right now is static electricity. I'm not sure if it's the air in this house, the old wiring, or what, but sometimes just walking past my monitors will cause them to lose sync for a split second (black screen). Sitting down or standing up from my chair does it too thanks to the tiny EMP emitted by the gas cylinder. I know that sounds wild, but this is an issue others have had with this chair, and monitors connected via DisplayPort, which is apparently more susceptible to this effect. This is a minor annoyance, but not a huge issue. The bigger issue is that the desktop CNC can build up quite a bit of static electricity when running, and the shop vac is basically just a tool for generating static when it's whooshing air and bits of plastic through the pipe. This can often times result in the desktop CNC briefly dropping the USB connection to the computer, resulting in the loss of whatever cut I was in the process of making. Sometimes this happens spontaneously. Sometimes it's when I touch something. For what it's worth, every single device (the monitors, the computer, the CNC, the 3D printer, the surge protector) is connected with a 3-pronged, grounded cable. Only the shop-vac, connected directly to the other outlet in the wall, has a simple two-pronged plug without a ground. I assume that isn't helping. My solution: I want to have an electrician pull two new circuits to this wall. It's relatively easy given it's just crawl space under this office leading to the fuse panel. That would allow me to keep the computer on the current circuit, and then split the remaining devices across the other two circuits (likely the shop vac and the 3D printer on one, and the CNC and the laser engraver on the other, since the 3D printer is least susceptible to static (and doesn't require a connection to the computer) and because I'd never be running the CNC and Laser at the same time. I've also heard people in the various other groups (such as the CNC group) state that connecting devices to separate circuits will help mitigate issues with static buildup. I'm wondering if there is anything else to be done, electrically, to help mitigate the static build-up, or anything else that should be done, circuit-wise, to ensure everything works properly. Many thanks in advance for any suggestions! https://preview.redd.it/lfil40qwkwya1.jpg?width=4608&format=pjpg&auto=webp&s=d678c756d22ce7401bcd98fd46116c5de461c3f8",https://www.reddit.com/r/askanelectrician/comments/13dc8w4/minimizing_static_electricity_and_adding_circuits/,1,9,https://www.reddit.com/r/askanelectrician/comments/13dc8w4/minimizing_static_electricity_and_adding_circuits/,electrical issue,needs_review_medium_signal,medium_risk_call_pro,weak_labeled,,medium_risk_call_pro,0.80,trade_system_issue:\boutlets?\b,"{""medium_risk_call_pro"": 2.0}",no,weak_supervision,,,
1nb4jj9,HomeMaintenance,2025-09-07T20:53:38+00:00,GFCI outlet no longer works,"I have a GFCI outlet in my utility room. The washer was plugged into it. I tried to plug in a GFCI tester, and when I did there was a large spark and the outlet no longer works. I unplugged the washer and tried to reserve the outlet, but no luck. The outlet made a beeping sound. How should I proceed, and are there any safety or fire risks with the outlet?","GFCI outlet no longer works I have a GFCI outlet in my utility room. The washer was plugged into it. I tried to plug in a GFCI tester, and when I did there was a large spark and the outlet no longer works. I unplugged the washer and tried to reserve the outlet, but no luck. The outlet made a beeping sound. How should I proceed, and are there any safety or fire risks with the outlet?",https://www.reddit.com/r/HomeMaintenance/comments/1nb4jj9/gfci_outlet_no_longer_works/,1,13,https://i.redd.it/2uobk22y2tnf1.jpeg,sparking outlet,needs_review_urgent_signal,urgent_safety_risk,weak_labeled,,urgent_safety_risk,0.82,fire_smoke_or_sparks:\bspark(?:s|ing|ed)?\b; trade_system_issue:\boutlets?\b,"{""medium_risk_call_pro"": 2.0, ""urgent_safety_risk"": 3.5}",no,weak_supervision,,,
18mo1bu,HomeImprovement,2023-12-20T06:30:39+00:00,Cleaned my gas stove. Now smells like gas when on,"I cleaned my stove last night. Right after, the main burner was giving me problems igniting. Finally get it on. Now today, the flame is really small. I have to have it at the highest level if i out it on one of two the flame will completely die out and i have to reignite and now it smells like gas while its on. Any ideas?","Cleaned my gas stove. Now smells like gas when on I cleaned my stove last night. Right after, the main burner was giving me problems igniting. Finally get it on. Now today, the flame is really small. I have to have it at the highest level if i out it on one of two the flame will completely die out and i have to reignite and now it smells like gas while its on. Any ideas?",https://www.reddit.com/r/HomeImprovement/comments/18mo1bu/cleaned_my_gas_stove_now_smells_like_gas_when_on/,0,5,https://www.reddit.com/r/HomeImprovement/comments/18mo1bu/cleaned_my_gas_stove_now_smells_like_gas_when_on/,gas smell,needs_review_unclear,urgent_safety_risk,weak_labeled,,urgent_safety_risk,0.95,gas_or_carbon_monoxide:\bsmell(?:s|ing)? (?:like )?gas\b,"{""urgent_safety_risk"": 4.0}",no,weak_supervision,,,
1tl2l01,Plumbing,2026-05-23T01:41:43+00:00,Wall drain backing up,"Moving into a new house (built in the 70’s) finding all sorts or problems. Guy seemed to be DIY but not very good at it. Washing machine backed up and flooded. Tore the wall open to find this. Tried bleach, snake, bladder, etc. but when I put a garden hose down the drain it still backs up. I’m lead to believe it’s because it’s not vented. Any other possibilities?","Wall drain backing up Moving into a new house (built in the 70’s) finding all sorts or problems. Guy seemed to be DIY but not very good at it. Washing machine backed up and flooded. Tore the wall open to find this. Tried bleach, snake, bladder, etc. but when I put a garden hose down the drain it still backs up. I’m lead to believe it’s because it’s not vented. Any other possibilities?",https://www.reddit.com/r/Plumbing/comments/1tl2l01/wall_drain_backing_up/,3,8,https://i.redd.it/jbjr4uvlks2h1.jpeg,flooding,needs_review_urgent_signal,urgent_safety_risk,weak_labeled,,urgent_safety_risk,0.90,active_flooding_or_sewage:\bflooded\b,"{""urgent_safety_risk"": 3.0}",no,weak_supervision,,,
1b9vd81,HomeImprovement,2024-03-08T18:30:23+00:00,Mysterious Smell when opening windows,So with the warming weather coming we are opening our windows..When we open our windows certain rooms will smell like cat urine..We had new carpeting installed yesterday so there are no pet stains..We are puzzled as to what it could be..This has been going on since we bought the house..Anyone have any input? Could it be the natural gas exhaust/intake?,Mysterious Smell when opening windows So with the warming weather coming we are opening our windows..When we open our windows certain rooms will smell like cat urine..We had new carpeting installed yesterday so there are no pet stains..We are puzzled as to what it could be..This has been going on since we bought the house..Anyone have any input? Could it be the natural gas exhaust/intake?,https://www.reddit.com/r/HomeImprovement/comments/1b9vd81/mysterious_smell_when_opening_windows/,2,4,https://www.reddit.com/r/HomeImprovement/comments/1b9vd81/mysterious_smell_when_opening_windows/,gas smell,needs_review_urgent_signal,urgent_safety_risk,weak_labeled,,urgent_safety_risk,0.95,gas_or_carbon_monoxide:\bnatural gas\b,"{""urgent_safety_risk"": 4.0}",no,weak_supervision,,,
12mk7v6,askanelectrician,2023-04-15T00:50:19+00:00,"Lights Randomly Flicker in New Construction Home - PoCo Says It's Not Them, Electrician Can't Find Anything","Hi all! This is my first time posting. Back in November, we closed on a new construction house near Austin, TX. During one of our walkthroughs, we noticed that the builder-grade chandelier in the foyer was flickering pretty badly. It lasted about 2-3 seconds, then would stop. A few minutes later, it did it again. We reported it on our punch list and moved on. We didn't turn on other lamps in the house at the time - it was during the day and the house gets amazing natural light. As it would turn out, every lamp in the house randomly flickers - including ones plugged into outlets. Fast forward to today. We've been in the house for 5 months and have made absolutely zero progress in solving the issue. Here's some background. Shortly after closing, we replaced every switch and outlet in the house. For outlets, we went with Decora-style Leviton standard 15A. For switches/dimmers, we're using a Lutron RadioRA2 system. We have a mix of components, but for most purposes, we're using a hybrid keypad for downlights (RRD-HN6BRL), RRD-6/10ND or RRD-PRO for some standalone fixtures, and the RRD-3PD dimmers for plug-in lamps on nightstands, etc. I've used this system for years and many of the components aren't new. We had to add new to this house owing to this size. In previous homes, we've never had an issue. Neutrals are connected. I've been a fan of Cree LEDs, and replaced the crud builder-grade bulbs with theirs, including the CR6-T retrofit downlights and their ""Pro"" line of A19/A21 bulbs. We also added additional downlights in various areas. The main panel and sub-panel are Eaton BR with the plug-on neutral bus bar. 240V appliances are serviced by the main panel. That panel feeds the sub-panel on a 90A breaker. In the sub-panel, there's a mix of 15/20 amp AFCI, AFCI/GFCI combo, and standard breakers. Most lighting and outlets are on 15A circuits, which is a little insufficient in my opinion, but LED lighting shouldn't be an issue. The house has 200A service. As I mentioned, all lights will flicker across the house in unison. The flickering is random, but nearly always 2-3 seconds in duration. Sometimes it will happen again fairly quickly. Other times it can be minutes or longer before it does again. It generally seems to occur more in the evening, but that's only when I notice it most. The builder sent the electrical contractors out. We've swapped breakers, including the main service disconnect. We've tried bypassing the inside wiring to the sub-panel. We've tightened connections everywhere. No luck. There doesn't seem to be an inside wiring issue. The power company has also been out several times. They did find loose neutrals in several spots but supposedly tightened them down. Street equipment is not very old... this phase of the neighborhood is nearly brand new and we're one of the first occupied homes. They installed a meter bypass to rule out their smart meter for a few hours. No change. They've tried blaming EMF from our city's smart water meters, but I don't think that's the culprit. The meter is at least 30 feet from the panel. On a previous visit, the power company installed a voltage recorder and observed something odd... something in the house pulling over 100A (up to 180A) of current every 5 minutes or so on one of the channels. We're a natural gas house, with 2 gas water heaters, gas furnace/AC, and gas range. We have a 240V outlet for our dryer, but that is also gas. That circuit and others (microwave, for example) are turned off at the breakers. I'm attaching the pictures of the logs from the recorder. It apparently generated so much data they couldn't e-mail it to me, but did provide these screenshots. The utility says they are delivering clean power within specification, but I do see some fluctuation in their readings. I have been experimenting with different brands of LEDs, and it seems Philips bulbs are somewhat immune from these flickers, but I'd rather find a solution for what is actually causing this than throw more money at the problem. I don't want to be on the hook to replace 71 downlights that I already replaced previously. I can't find a trusted brand that offers 1600+ lumens. I did just try 4 Halo brand I bought at Home Depot, but they also seem to be flickering. The LEDs in our ceiling fans don't seem affected (but we never use those) along with some LED panels we put in our closets. Any ideas of what to look out for based on the data? Is this a power delivery and inside house issue? This is driving us absolutely nuts. Thank you! EDITED: Adding video of the symptoms. The wide angle living room/kitchen shot is 5 separate circuits. &#x200B; https://reddit.com/link/12mk7v6/video/ahfbplh1eyta1/player &#x200B; https://reddit.com/link/12mk7v6/video/xqd2fbavdyta1/player &#x200B; https://preview.redd.it/zo3pozyp4yta1.jpg?width=769&format=pjpg&auto=webp&s=efdadec2e05a49b3b0c03d51ee2d0e94512b0fc3 https://preview.redd.it/1d8s6nko4yta1.jpg?width=769&format=pjpg&auto=webp&s=37edc70cd06bbde1bc3b01d0f40d09c83551b7b2 https://preview.redd.it/kojjb3wn4yta1.jpg?width=769&format=pjpg&auto=webp&s=8113f0c16aff147e3d035d6c1565d52689f1b32b https://preview.redd.it/oo1apb9n4yta1.jpg?width=769&format=pjpg&auto=webp&s=aa7fa4fe5a8d06e8cf59fded8eda5804dc1e46df &#x200B; https://preview.redd.it/7jdtxr7f4yta1.jpg?width=769&format=pjpg&auto=webp&s=58692bfac26d44661145db4a106e2032d7aa5963","Lights Randomly Flicker in New Construction Home - PoCo Says It's Not Them, Electrician Can't Find Anything Hi all! This is my first time posting. Back in November, we closed on a new construction house near Austin, TX. During one of our walkthroughs, we noticed that the builder-grade chandelier in the foyer was flickering pretty badly. It lasted about 2-3 seconds, then would stop. A few minutes later, it did it again. We reported it on our punch list and moved on. We didn't turn on other lamps in the house at the time - it was during the day and the house gets amazing natural light. As it would turn out, every lamp in the house randomly flickers - including ones plugged into outlets. Fast forward to today. We've been in the house for 5 months and have made absolutely zero progress in solving the issue. Here's some background. Shortly after closing, we replaced every switch and outlet in the house. For outlets, we went with Decora-style Leviton standard 15A. For switches/dimmers, we're using a Lutron RadioRA2 system. We have a mix of components, but for most purposes, we're using a hybrid keypad for downlights (RRD-HN6BRL), RRD-6/10ND or RRD-PRO for some standalone fixtures, and the RRD-3PD dimmers for plug-in lamps on nightstands, etc. I've used this system for years and many of the components aren't new. We had to add new to this house owing to this size. In previous homes, we've never had an issue. Neutrals are connected. I've been a fan of Cree LEDs, and replaced the crud builder-grade bulbs with theirs, including the CR6-T retrofit downlights and their ""Pro"" line of A19/A21 bulbs. We also added additional downlights in various areas. The main panel and sub-panel are Eaton BR with the plug-on neutral bus bar. 240V appliances are serviced by the main panel. That panel feeds the sub-panel on a 90A breaker. In the sub-panel, there's a mix of 15/20 amp AFCI, AFCI/GFCI combo, and standard breakers. Most lighting and outlets are on 15A circuits, which is a little insufficient in my opinion, but LED lighting shouldn't be an issue. The house has 200A service. As I mentioned, all lights will flicker across the house in unison. The flickering is random, but nearly always 2-3 seconds in duration. Sometimes it will happen again fairly quickly. Other times it can be minutes or longer before it does again. It generally seems to occur more in the evening, but that's only when I notice it most. The builder sent the electrical contractors out. We've swapped breakers, including the main service disconnect. We've tried bypassing the inside wiring to the sub-panel. We've tightened connections everywhere. No luck. There doesn't seem to be an inside wiring issue. The power company has also been out several times. They did find loose neutrals in several spots but supposedly tightened them down. Street equipment is not very old... this phase of the neighborhood is nearly brand new and we're one of the first occupied homes. They installed a meter bypass to rule out their smart meter for a few hours. No change. They've tried blaming EMF from our city's smart water meters, but I don't think that's the culprit. The meter is at least 30 feet from the panel. On a previous visit, the power company installed a voltage recorder and observed something odd... something in the house pulling over 100A (up to 180A) of current every 5 minutes or so on one of the channels. We're a natural gas house, with 2 gas water heaters, gas furnace/AC, and gas range. We have a 240V outlet for our dryer, but that is also gas. That circuit and others (microwave, for example) are turned off at the breakers. I'm attaching the pictures of the logs from the recorder. It apparently generated so much data they couldn't e-mail it to me, but did provide these screenshots. The utility says they are delivering clean power within specification, but I do see some fluctuation in their readings. I have been experimenting with different brands of LEDs, and it seems Philips bulbs are somewhat immune from these flickers, but I'd rather find a solution for what is actually causing this than throw more money at the problem. I don't want to be on the hook to replace 71 downlights that I already replaced previously. I can't find a trusted brand that offers 1600+ lumens. I did just try 4 Halo brand I bought at Home Depot, but they also seem to be flickering. The LEDs in our ceiling fans don't seem affected (but we never use those) along with some LED panels we put in our closets. Any ideas of what to look out for based on the data? Is this a power delivery and inside house issue? This is driving us absolutely nuts. Thank you! EDITED: Adding video of the symptoms. The wide angle living room/kitchen shot is 5 separate circuits. &#x200B; https://reddit.com/link/12mk7v6/video/ahfbplh1eyta1/player &#x200B; https://reddit.com/link/12mk7v6/video/xqd2fbavdyta1/player &#x200B; https://preview.redd.it/zo3pozyp4yta1.jpg?width=769&format=pjpg&auto=webp&s=efdadec2e05a49b3b0c03d51ee2d0e94512b0fc3 https://preview.redd.it/1d8s6nko4yta1.jpg?width=769&format=pjpg&auto=webp&s=37edc70cd06bbde1bc3b01d0f40d09c83551b7b2 https://preview.redd.it/kojjb3wn4yta1.jpg?width=769&format=pjpg&auto=webp&s=8113f0c16aff147e3d035d6c1565d52689f1b32b https://preview.redd.it/oo1apb9n4yta1.jpg?width=769&format=pjpg&auto=webp&s=aa7fa4fe5a8d06e8cf59fded8eda5804dc1e46df &#x200B; https://preview.redd.it/7jdtxr7f4yta1.jpg?width=769&format=pjpg&auto=webp&s=58692bfac26d44661145db4a106e2032d7aa5963",https://www.reddit.com/r/askanelectrician/comments/12mk7v6/lights_randomly_flicker_in_new_construction_home/,1,4,https://www.reddit.com/r/askanelectrician/comments/12mk7v6/lights_randomly_flicker_in_new_construction_home/,electrical issue,needs_review_urgent_signal,urgent_safety_risk,weak_labeled,,urgent_safety_risk,0.92,gas_or_carbon_monoxide:\bnatural gas\b; trade_system_issue:\bfurnace\b,"{""medium_risk_call_pro"": 2.0, ""urgent_safety_risk"": 4.0}",no,weak_supervision,,,
4sr2i4,DIY,2016-07-14T02:57:48+00:00,Trying to figure out this switch box,"Hey everyone- I've spent the last couple hours trying to install a smart switch in my new-construction home (finished last month in Chicago) and I'm a bit confused. Pictures [here](http://imgur.com/a/KABZt), going to focus on the top picture. The yellows/purple are loads and travelers. The dark grey seems to be line and carries current, though for some reason it both enters and leaves the box and, if cut, all switches fail to work. It's the unconnected reds and whites that really confuse me. When I turn off the circuit breaker for ""basement lights"", the grey line loses power but the red remains hot. I tried hooking up the smart switch grabbing a random white for neutral from that twistie, but the switch doesn't work. I'm kinda thinking that those twisted whites either are not neutral or that they're not all the same and one of the other white ones is the actual neutral. Hopefully someone recognizes this setup and knows how I should be wiring the smart switch (use red instead of grey for line? use a different white as neutral? Thanks for any help! **Optional additional info (may confuse more than help):** The reason I'm thinking maybe the whites aren't all the same is that is that there's a similar switch box on the other side of the basement which has a combo switch and outlet and the outlet uses the red/white while the switch uses dark grey and yellow. Again, the switch doesn't work there and I'm not sure if it's because I'm using the wrong white line (some are labeled south-wire, some north-wire) as neutral. Also on that side the whites seem to spark when I mess with them though my indicator says there's no current. And when I mess with them I can hear a small beep from elsewhere in the basement, maybe near the circuit breaker... there's a couple things plugged in under the circuit breaker that run straight into the wall. When my wife asked the builder what those do, he said ""don't worry about it, it won't come up"".","Trying to figure out this switch box Hey everyone- I've spent the last couple hours trying to install a smart switch in my new-construction home (finished last month in Chicago) and I'm a bit confused. Pictures [here](http://imgur.com/a/KABZt), going to focus on the top picture. The yellows/purple are loads and travelers. The dark grey seems to be line and carries current, though for some reason it both enters and leaves the box and, if cut, all switches fail to work. It's the unconnected reds and whites that really confuse me. When I turn off the circuit breaker for ""basement lights"", the grey line loses power but the red remains hot. I tried hooking up the smart switch grabbing a random white for neutral from that twistie, but the switch doesn't work. I'm kinda thinking that those twisted whites either are not neutral or that they're not all the same and one of the other white ones is the actual neutral. Hopefully someone recognizes this setup and knows how I should be wiring the smart switch (use red instead of grey for line? use a different white as neutral? Thanks for any help! **Optional additional info (may confuse more than help):** The reason I'm thinking maybe the whites aren't all the same is that is that there's a similar switch box on the other side of the basement which has a combo switch and outlet and the outlet uses the red/white while the switch uses dark grey and yellow. Again, the switch doesn't work there and I'm not sure if it's because I'm using the wrong white line (some are labeled south-wire, some north-wire) as neutral. Also on that side the whites seem to spark when I mess with them though my indicator says there's no current. And when I mess with them I can hear a small beep from elsewhere in the basement, maybe near the circuit breaker... there's a couple things plugged in under the circuit breaker that run straight into the wall. When my wife asked the builder what those do, he said ""don't worry about it, it won't come up"".",https://www.reddit.com/r/DIY/comments/4sr2i4/trying_to_figure_out_this_switch_box/,4,17,https://www.reddit.com/r/DIY/comments/4sr2i4/trying_to_figure_out_this_switch_box/,sparking outlet,needs_review_urgent_signal,urgent_safety_risk,weak_labeled,,urgent_safety_risk,0.82,fire_smoke_or_sparks:\bspark(?:s|ing|ed)?\b; trade_system_issue:\bbreaker\b,"{""medium_risk_call_pro"": 2.0, ""urgent_safety_risk"": 3.5}",no,weak_supervision,,,
1r0j48l,HomeImprovement,2026-02-09T22:41:11+00:00,Gas dryer - leaks gas intermittently,"I have a gas dryer, and twice in the last 2 weeks, there was a noticable gas smell when it's running. Con End said it was the dryer and told us to get a dryer technican in. Called dryer technican who came out twice, and both times they said that if the dryer was at fault, there would be smell all the time. They said its not the fault of the dryer. Told us to call plumber to trace the entire gas line feeding the dryer. Before I do that, anybody had this issue and what could be the problem?","Gas dryer - leaks gas intermittently I have a gas dryer, and twice in the last 2 weeks, there was a noticable gas smell when it's running. Con End said it was the dryer and told us to get a dryer technican in. Called dryer technican who came out twice, and both times they said that if the dryer was at fault, there would be smell all the time. They said its not the fault of the dryer. Told us to call plumber to trace the entire gas line feeding the dryer. Before I do that, anybody had this issue and what could be the problem?",https://www.reddit.com/r/HomeImprovement/comments/1r0j48l/gas_dryer_leaks_gas_intermittently/,10,10,https://www.reddit.com/r/HomeImprovement/comments/1r0j48l/gas_dryer_leaks_gas_intermittently/,gas smell,needs_review_urgent_signal,urgent_safety_risk,weak_labeled,,urgent_safety_risk,0.92,gas_or_carbon_monoxide:\bgas smell\b; contained_water_damage:\bleak(?:s|ing|ed)?\b,"{""medium_risk_call_pro"": 2.0, ""urgent_safety_risk"": 4.0}",no,weak_supervision,,,
17a7vxe,HomeImprovement,2023-10-17T20:30:28+00:00,Gas fireplace hissing sound,I have a Vermont castings Radiance natural gas fireplace. I replaced the pilot assembly and now I hear a hissing noise. I can’t really smell gas though? Any thoughts?,Gas fireplace hissing sound I have a Vermont castings Radiance natural gas fireplace. I replaced the pilot assembly and now I hear a hissing noise. I can’t really smell gas though? Any thoughts?,https://www.reddit.com/r/HomeImprovement/comments/17a7vxe/gas_fireplace_hissing_sound/,2,0,https://www.reddit.com/r/HomeImprovement/comments/17a7vxe/gas_fireplace_hissing_sound/,gas smell,needs_review_urgent_signal,urgent_safety_risk,weak_labeled,,urgent_safety_risk,0.95,gas_or_carbon_monoxide:\bsmell(?:s|ing)? (?:like )?gas\b,"{""urgent_safety_risk"": 4.0}",no,weak_supervision,,,
2ai89g,DIY,2014-07-12T12:31:40+00:00,Electrical help-blown outlet,"Quick question for those in the know about outlet wiring. I had an outlet blow and I discovered that the protective coating on the white wire had rubbed off and touched the metal housing of the box. It caused a major spark and slightly juiced my wife when she tried to unplug the lamp. I've pulled the whole thing apart and capped off all the wires and taped the shit out of everything. So here's the question, right now if I turn the circuit back on half of the outlets don't work. If I reconnect white to white and black to black will that reconnect the circuit and deactivate the other outlets until I can replace the outlet in the next few days? Is that safe? I have some experience with running electric but I just wanted to get some input first. Thanks","Electrical help-blown outlet Quick question for those in the know about outlet wiring. I had an outlet blow and I discovered that the protective coating on the white wire had rubbed off and touched the metal housing of the box. It caused a major spark and slightly juiced my wife when she tried to unplug the lamp. I've pulled the whole thing apart and capped off all the wires and taped the shit out of everything. So here's the question, right now if I turn the circuit back on half of the outlets don't work. If I reconnect white to white and black to black will that reconnect the circuit and deactivate the other outlets until I can replace the outlet in the next few days? Is that safe? I have some experience with running electric but I just wanted to get some input first. Thanks",https://www.reddit.com/r/DIY/comments/2ai89g/electrical_helpblown_outlet/,2,5,https://www.reddit.com/r/DIY/comments/2ai89g/electrical_helpblown_outlet/,sparking outlet,needs_review_urgent_signal,urgent_safety_risk,weak_labeled,,urgent_safety_risk,0.82,fire_smoke_or_sparks:\bspark(?:s|ing|ed)?\b; trade_system_issue:\boutlets?\b,"{""medium_risk_call_pro"": 2.0, ""urgent_safety_risk"": 3.5}",no,weak_supervision,,,
12fq1o1,askanelectrician,2023-04-08T15:57:43+00:00,Strange light coming through outlet,"Hello, there was a small circle of bright light showing through our outlet cover near where the top center screw is. It slowly dimmed with a couple flickers before disappearing. We took the cover off and looked inside with a flashlight but didn't notice anything obvious. The cover was cool to the touch where the light was and there weren't any sparking noises. Any advice or ideas on if this is a concern are appreciated. Thanks in advance for anyone's time. Edit: non-gfci/gfi outlet.","Strange light coming through outlet Hello, there was a small circle of bright light showing through our outlet cover near where the top center screw is. It slowly dimmed with a couple flickers before disappearing. We took the cover off and looked inside with a flashlight but didn't notice anything obvious. The cover was cool to the touch where the light was and there weren't any sparking noises. Any advice or ideas on if this is a concern are appreciated. Thanks in advance for anyone's time. Edit: non-gfci/gfi outlet.",https://www.reddit.com/r/askanelectrician/comments/12fq1o1/strange_light_coming_through_outlet/,1,1,https://www.reddit.com/r/askanelectrician/comments/12fq1o1/strange_light_coming_through_outlet/,sparking outlet,needs_review_urgent_signal,urgent_safety_risk,weak_labeled,,urgent_safety_risk,0.82,fire_smoke_or_sparks:\bspark(?:s|ing|ed)?\b; trade_system_issue:\boutlets?\b,"{""medium_risk_call_pro"": 2.0, ""urgent_safety_risk"": 3.5}",no,weak_supervision,,,
191vi3u,DIY,2024-01-08T20:44:54+00:00,Microwave hard wired to 50Amp 240 Volt Circuit,"Bought a new house. Our inspector found the (very high end - TRUE built in) microwave was throwing sparks and arching. The sellers gave us $1,000 to handle the replacement ourselves. Seemed like a deal. Until I learned that microwaves like this cost $3,000. I bought a $300, 1000W, standard countertop / built in unit with a trim kit and standard wall-plug to replace it. When I go to do the swap, I find the old microwave is directly wired (no outlet) together with the oven. They are tied together with wire nuts, on a 50 amp 240 volt breaker. I didn't know 240v microwaves existed! But sure enough, the old microwave is labeled for both 120V/240V. My breaker box has a 120V 20A breaker labeled ""MICROWAVE"", but it does nothing. It doesn't kill outlets in the kitchen, and it's not in the junction box. Maybe that cable is somewhere in the wall behind the cabinet, but I'd have to cut into the back of the cabinet, and the drywall behind it just to go looking. Ugh. The 50A oven cable has a red, black, white and green cable. I'm assuming the black/red carry the full 240V, and the white would be at 120V to either of those. In theory, I could take the wires that currently run to the microwave, and use the Black + White (or Red + White) to install a 120V 20A outlet for the new microwave to plug into. My understanding is this isn't safe/allowed. For one, I have a 20A outlet, but the breaker is 50A. Do standard plug outlets even come in 50Amp styles? Second (and I don't understand this part very well) it'd only load half of the circuit when the microwave is in use. Together, I have the impression this is a big no-no. So this is just a rant if anything. If this **would** be safe and allowed by code, please let me know. It's by far the easiest fix for my problem. But I don't intend to run a 120V microwave off of half of a 240V 50A cable without knowing a lot more. I'm still learning DIY. It's exciting stuff, but it can all get expensive and dangerous. Thanks all! (Gas range, electric oven. USA. House built in 2006. Microwave is built in above the wall oven)","Microwave hard wired to 50Amp 240 Volt Circuit Bought a new house. Our inspector found the (very high end - TRUE built in) microwave was throwing sparks and arching. The sellers gave us $1,000 to handle the replacement ourselves. Seemed like a deal. Until I learned that microwaves like this cost $3,000. I bought a $300, 1000W, standard countertop / built in unit with a trim kit and standard wall-plug to replace it. When I go to do the swap, I find the old microwave is directly wired (no outlet) together with the oven. They are tied together with wire nuts, on a 50 amp 240 volt breaker. I didn't know 240v microwaves existed! But sure enough, the old microwave is labeled for both 120V/240V. My breaker box has a 120V 20A breaker labeled ""MICROWAVE"", but it does nothing. It doesn't kill outlets in the kitchen, and it's not in the junction box. Maybe that cable is somewhere in the wall behind the cabinet, but I'd have to cut into the back of the cabinet, and the drywall behind it just to go looking. Ugh. The 50A oven cable has a red, black, white and green cable. I'm assuming the black/red carry the full 240V, and the white would be at 120V to either of those. In theory, I could take the wires that currently run to the microwave, and use the Black + White (or Red + White) to install a 120V 20A outlet for the new microwave to plug into. My understanding is this isn't safe/allowed. For one, I have a 20A outlet, but the breaker is 50A. Do standard plug outlets even come in 50Amp styles? Second (and I don't understand this part very well) it'd only load half of the circuit when the microwave is in use. Together, I have the impression this is a big no-no. So this is just a rant if anything. If this **would** be safe and allowed by code, please let me know. It's by far the easiest fix for my problem. But I don't intend to run a 120V microwave off of half of a 240V 50A cable without knowing a lot more. I'm still learning DIY. It's exciting stuff, but it can all get expensive and dangerous. Thanks all! (Gas range, electric oven. USA. House built in 2006. Microwave is built in above the wall oven)",https://www.reddit.com/r/DIY/comments/191vi3u/microwave_hard_wired_to_50amp_240_volt_circuit/,2,5,https://www.reddit.com/r/DIY/comments/191vi3u/microwave_hard_wired_to_50amp_240_volt_circuit/,sparking outlet,needs_review_urgent_signal,urgent_safety_risk,weak_labeled,,urgent_safety_risk,0.82,fire_smoke_or_sparks:\bspark(?:s|ing|ed)?\b; trade_system_issue:\bbreaker\b; cosmetic_or_minor_finish:\btrim\b,"{""low_risk_diy"": 2.2, ""medium_risk_call_pro"": 2.0, ""urgent_safety_risk"": 3.5}",no,weak_supervision,,,
a6m6n3,DIY,2018-12-16T04:23:04+00:00,Did I screw up on this DIY project by hitting a wire?,"I was building a floating desk that needs to be mounted onto the wall via studs. I used a stud finder and measured out the center of the stud and drilled through 3 of them to mount the desk. All went well. Fast forward a couple weeks, the circuit breaker for the room where I installed the desk went out and it can't be turned back on. Did I screw up by accidentally drilling into a live wire? There's pretty much nothing using the circuit for this specific circuit (it's a room - only one light plugged in). I can't figure out why the circuit breaker would just die suddenly when it's lightly used... EDIT added 2018.12.16: So as many of you have pointed out, although it's possible I did hit a wire, it just doesn't make sense since the drilling happened a couple weeks ago. Also as people have mentioned none of the typical things happened if I even did hit one (e.g., sparks, shock, unusual resistance, etc). I don't know much about diagnosing a circuit breaker (that plastic thing that goes on/off) so I'll provide an update with what the electrician finds. EDIT 2: The electrician said the breaker was broken/died, which is very, very unusual because those things shouldn't die. He took a look at my panel and where I drilled, even though it's right on top of an outlet, and said I did not drill into wiring because it should've been protected/I would've felt it, and if I DID drill into it by accident I would've been shocked for sure. He also said it'd be very, very unusual for wiring to be directly in the middle of the stud. Overall bizarre that the breaker died.... but oh well.","Did I screw up on this DIY project by hitting a wire? I was building a floating desk that needs to be mounted onto the wall via studs. I used a stud finder and measured out the center of the stud and drilled through 3 of them to mount the desk. All went well. Fast forward a couple weeks, the circuit breaker for the room where I installed the desk went out and it can't be turned back on. Did I screw up by accidentally drilling into a live wire? There's pretty much nothing using the circuit for this specific circuit (it's a room - only one light plugged in). I can't figure out why the circuit breaker would just die suddenly when it's lightly used... EDIT added 2018.12.16: So as many of you have pointed out, although it's possible I did hit a wire, it just doesn't make sense since the drilling happened a couple weeks ago. Also as people have mentioned none of the typical things happened if I even did hit one (e.g., sparks, shock, unusual resistance, etc). I don't know much about diagnosing a circuit breaker (that plastic thing that goes on/off) so I'll provide an update with what the electrician finds. EDIT 2: The electrician said the breaker was broken/died, which is very, very unusual because those things shouldn't die. He took a look at my panel and where I drilled, even though it's right on top of an outlet, and said I did not drill into wiring because it should've been protected/I would've felt it, and if I DID drill into it by accident I would've been shocked for sure. He also said it'd be very, very unusual for wiring to be directly in the middle of the stud. Overall bizarre that the breaker died.... but oh well.",https://www.reddit.com/r/DIY/comments/a6m6n3/did_i_screw_up_on_this_diy_project_by_hitting_a/,10,52,https://www.reddit.com/r/DIY/comments/a6m6n3/did_i_screw_up_on_this_diy_project_by_hitting_a/,sparking outlet,needs_review_urgent_signal,urgent_safety_risk,weak_labeled,,urgent_safety_risk,0.82,fire_smoke_or_sparks:\bspark(?:s|ing|ed)?\b; trade_system_issue:\bbreaker\b,"{""medium_risk_call_pro"": 2.0, ""urgent_safety_risk"": 3.5}",no,weak_supervision,,,
1qoy4i0,HomeMaintenance,2026-01-28T02:03:40+00:00,"I installed this outlet and when I turned on the power it sparked and burned, the circuit breaker immediately tripped. Why did that happen and how do I stop it from happening again? All the other outlets I installed work fine.",,"I installed this outlet and when I turned on the power it sparked and burned, the circuit breaker immediately tripped. Why did that happen and how do I stop it from happening again? All the other outlets I installed work fine.",https://www.reddit.com/r/HomeMaintenance/comments/1qoy4i0/i_installed_this_outlet_and_when_i_turned_on_the/,0,12,https://i.redd.it/ng1y1hmhzzfg1.jpeg,sparking outlet,needs_review_medium_signal,urgent_safety_risk,weak_labeled,,urgent_safety_risk,0.82,fire_smoke_or_sparks:\bspark(?:s|ing|ed)?\b; trade_system_issue:\bbreaker\b,"{""medium_risk_call_pro"": 2.0, ""urgent_safety_risk"": 3.5}",no,weak_supervision,,,
1tpbbui,Plumbing,2026-05-27T16:50:17+00:00,What would you do/ what do you do?,"Question: Family is leaving for a trip to Philippines next month. Duration over 3 weeks. Would you turn the water off at main, turn off WH then drain lines, or leave water on? The reason I ask: Wife and I went on an Italy trip last year for two weeks. Got home and the water line feeding 1/2 bath on main level had snapped and flooded most of first floor. Of course drained through subfloor to basement. After 22K remediation work and 25K repairs/replace/over 4 months, finally good to go. Now I'm a Scaredy-Cat!","What would you do/ what do you do? Question: Family is leaving for a trip to Philippines next month. Duration over 3 weeks. Would you turn the water off at main, turn off WH then drain lines, or leave water on? The reason I ask: Wife and I went on an Italy trip last year for two weeks. Got home and the water line feeding 1/2 bath on main level had snapped and flooded most of first floor. Of course drained through subfloor to basement. After 22K remediation work and 25K repairs/replace/over 4 months, finally good to go. Now I'm a Scaredy-Cat!",https://www.reddit.com/r/Plumbing/comments/1tpbbui/what_would_you_do_what_do_you_do/,2,5,https://www.reddit.com/r/Plumbing/comments/1tpbbui/what_would_you_do_what_do_you_do/,flooding,needs_review_urgent_signal,urgent_safety_risk,weak_labeled,,urgent_safety_risk,0.77,active_flooding_or_sewage:\bflooded\b; contained_water_damage:\bsubfloor\b,"{""medium_risk_call_pro"": 2.0, ""urgent_safety_risk"": 3.0}",no,weak_supervision,,,
13iqrqy,askanelectrician,2023-05-16T01:15:55+00:00,AFCI Nuisance Tripping,"Hello all, hoping someone has some insight into this very weird problem. Our house was built in 2021, we have AFCI's and combo GFCI's/AFCI's as typically required by code. We have had no problems with our electricity until about two months ago. Randomly, one AFCI breaker has started tripping. We've checked all the wiring on this circuit, removed loads that were suspicious, like a Laser printer, aquarium heaters, etc, and yet the random trips keep happening. Confirmed with the breaker's self-test diagnosis that it's tripping on arc fault, not over current. I replaced this AFCI in question. Here's where it gets weird, when it trips, it trips at exactly second 00 of the minute. For example, last night it tripped 3 times, at 21:17:00, 21:28:00 and 21:31:00. Then, after the last reset, it just stopped. A few months ago when this all started, it did the same sequence, same time of day (although at the time I didn't think to check the specific times when it was happening), but it was the 2100 hour for sure. It has also done this once during the day on a Friday; several trips with no load switching correlation, then just stopped tripping. Today, it tripped at 11:11:00, my wife WFH and was just sitting at her desk when it tripped. Interestingly, the bedroom that this circuit supplies also contains our foundation ground, and it's run is parallel in the wall with the circuit wiring back to the electrical panel. There have been no wiring changes, no new devices, nothing of the sort. We did receive Xfinity cable service to our house around the time when this started and the modem is on this circuit. It's one of their provided XB8 modems. There's nothing helpful in the modem logs. We also noticed that our electric company installed a new Smart Electrical Meter radio concentrator on a pole that is about 1.5 miles from us, and there is a ham radio operator registered about the same distance away from us. Problem is, no matter how hard I try, I cannot cause a trip purposely. I even vacuum every weekend using this very circuit, and have had zero trips. Just curious if anyone has any idea as to what is happening? I'm fairly adept with troubleshooting, and would really like to figure out what is causing this. I know I know, just swap it for a standard breaker, which I have no problem doing (mostly because I believe this to be some type of RFI/EMI type issue, not a true arc fault). At this point though, I'm just kinda interested to try and see if we can't figure out what's happening. Appreciate any suggestions! &#x200B; Edit: forgot to close a parenthesis and forgotten word Edit/Update: it’s not tripping at :00. I realized that this is just when the camera on that circuit stops recording. No matter when in the minute it actually loses power. Probably a buffer to keep the SD card from getting corrupted. Anyway. Moved the Xfinity modem to different circuit. Had 5 trips Tuesday night. All within/around the 2100 hour like all the rest have been. Now, I’ve moved the PC to another circuit. Testing continues.","AFCI Nuisance Tripping Hello all, hoping someone has some insight into this very weird problem. Our house was built in 2021, we have AFCI's and combo GFCI's/AFCI's as typically required by code. We have had no problems with our electricity until about two months ago. Randomly, one AFCI breaker has started tripping. We've checked all the wiring on this circuit, removed loads that were suspicious, like a Laser printer, aquarium heaters, etc, and yet the random trips keep happening. Confirmed with the breaker's self-test diagnosis that it's tripping on arc fault, not over current. I replaced this AFCI in question. Here's where it gets weird, when it trips, it trips at exactly second 00 of the minute. For example, last night it tripped 3 times, at 21:17:00, 21:28:00 and 21:31:00. Then, after the last reset, it just stopped. A few months ago when this all started, it did the same sequence, same time of day (although at the time I didn't think to check the specific times when it was happening), but it was the 2100 hour for sure. It has also done this once during the day on a Friday; several trips with no load switching correlation, then just stopped tripping. Today, it tripped at 11:11:00, my wife WFH and was just sitting at her desk when it tripped. Interestingly, the bedroom that this circuit supplies also contains our foundation ground, and it's run is parallel in the wall with the circuit wiring back to the electrical panel. There have been no wiring changes, no new devices, nothing of the sort. We did receive Xfinity cable service to our house around the time when this started and the modem is on this circuit. It's one of their provided XB8 modems. There's nothing helpful in the modem logs. We also noticed that our electric company installed a new Smart Electrical Meter radio concentrator on a pole that is about 1.5 miles from us, and there is a ham radio operator registered about the same distance away from us. Problem is, no matter how hard I try, I cannot cause a trip purposely. I even vacuum every weekend using this very circuit, and have had zero trips. Just curious if anyone has any idea as to what is happening? I'm fairly adept with troubleshooting, and would really like to figure out what is causing this. I know I know, just swap it for a standard breaker, which I have no problem doing (mostly because I believe this to be some type of RFI/EMI type issue, not a true arc fault). At this point though, I'm just kinda interested to try and see if we can't figure out what's happening. Appreciate any suggestions! &#x200B; Edit: forgot to close a parenthesis and forgotten word Edit/Update: it’s not tripping at :00. I realized that this is just when the camera on that circuit stops recording. No matter when in the minute it actually loses power. Probably a buffer to keep the SD card from getting corrupted. Anyway. Moved the Xfinity modem to different circuit. Had 5 trips Tuesday night. All within/around the 2100 hour like all the rest have been. Now, I’ve moved the PC to another circuit. Testing continues.",https://www.reddit.com/r/askanelectrician/comments/13iqrqy/afci_nuisance_tripping/,2,9,https://www.reddit.com/r/askanelectrician/comments/13iqrqy/afci_nuisance_tripping/,electrical issue,needs_review_medium_signal,urgent_safety_risk,weak_labeled,,urgent_safety_risk,0.82,fire_smoke_or_sparks:\barc(?:ing|ed)?\b; trade_system_issue:\bbreaker\b,"{""medium_risk_call_pro"": 2.0, ""urgent_safety_risk"": 3.5}",no,weak_supervision,,,
17ul9as,HomeImprovement,2023-11-13T21:20:34+00:00,"Wavy brass toilet flange, what's the best course of action?","https://imgur.com/a/DB5uSAq Toilet had the sewer gas smell, pulled it up to replace the ring, started scraping off the existing wax and found this. Best I can tell is it's a brass flange onto a lead pipe. The flange isn't actually screwed into anything, has general marks from the lead being hammered into the brass to seal it, and is wavy around the outside, probably about 1/8""-1/4"" at the most. The flange itself is about 1/8"" above the tile. What's the best course here? Try and remove and replace the flange? Replace the whole section of pipe? Is there a way to just straighten the brass without breaking anything, especially my tile?","Wavy brass toilet flange, what's the best course of action? https://imgur.com/a/DB5uSAq Toilet had the sewer gas smell, pulled it up to replace the ring, started scraping off the existing wax and found this. Best I can tell is it's a brass flange onto a lead pipe. The flange isn't actually screwed into anything, has general marks from the lead being hammered into the brass to seal it, and is wavy around the outside, probably about 1/8""-1/4"" at the most. The flange itself is about 1/8"" above the tile. What's the best course here? Try and remove and replace the flange? Replace the whole section of pipe? Is there a way to just straighten the brass without breaking anything, especially my tile?",https://www.reddit.com/r/HomeImprovement/comments/17ul9as/wavy_brass_toilet_flange_whats_the_best_course_of/,0,3,https://www.reddit.com/r/HomeImprovement/comments/17ul9as/wavy_brass_toilet_flange_whats_the_best_course_of/,gas smell,needs_review_urgent_signal,urgent_safety_risk,weak_labeled,,urgent_safety_risk,0.95,gas_or_carbon_monoxide:\bgas smell\b,"{""urgent_safety_risk"": 4.0}",no,weak_supervision,,,
13tg1dl,DIY,2023-05-27T19:31:27+00:00,No more power to multiple receptacles after spark in light switch,"Hello everyone, Yesterday I switched off the light in the basement bedroom and I saw a spark behind the switch. I then went up to the kitchen and the lights were flickering and flashing to eventually close altogether. Not only the lights won't open anymore but the power outlet just under the light switch in the kitchen doesn't work anymore. Also all of the receptacles in the basement bedroom don't work anymore. Even though I switch off and on the breakers nothing happens. The breaker doesn't shut off either. I just don't have anymore power to this circuit. I checked the connections on every receptacle that was on the same circuit and I only found one with a possible problematic: the light switch in the kitchen that no longer works was not actually grounded (I think). The box itself is grounded but there is no ground wire long enough to reach the receptacle. I found a 12 gauge copper wire and hooked it up to the switch and to the box screw for good measure. Do every receptacle need to have an actual ground wire connected to them if the box has ground wires screwed to the box? What could be the cause of the spark? Could another faulty receptacle have caused the spark in the switch or is the actual switch the culprit *(The ground wire was connected to the green screw but not to the metal box if that matters)*? Did I toast the breaker and need to replace it? I'm trying to figure out the problem and fix it but if it sounds like something too dangerous I'll ask an electrician. Many thanks! EDIT: called an electrician and he confirmed my doubts. It was a badly made pigtail on an entirely different switch on the same circuit.","No more power to multiple receptacles after spark in light switch Hello everyone, Yesterday I switched off the light in the basement bedroom and I saw a spark behind the switch. I then went up to the kitchen and the lights were flickering and flashing to eventually close altogether. Not only the lights won't open anymore but the power outlet just under the light switch in the kitchen doesn't work anymore. Also all of the receptacles in the basement bedroom don't work anymore. Even though I switch off and on the breakers nothing happens. The breaker doesn't shut off either. I just don't have anymore power to this circuit. I checked the connections on every receptacle that was on the same circuit and I only found one with a possible problematic: the light switch in the kitchen that no longer works was not actually grounded (I think). The box itself is grounded but there is no ground wire long enough to reach the receptacle. I found a 12 gauge copper wire and hooked it up to the switch and to the box screw for good measure. Do every receptacle need to have an actual ground wire connected to them if the box has ground wires screwed to the box? What could be the cause of the spark? Could another faulty receptacle have caused the spark in the switch or is the actual switch the culprit *(The ground wire was connected to the green screw but not to the metal box if that matters)*? Did I toast the breaker and need to replace it? I'm trying to figure out the problem and fix it but if it sounds like something too dangerous I'll ask an electrician. Many thanks! EDIT: called an electrician and he confirmed my doubts. It was a badly made pigtail on an entirely different switch on the same circuit.",https://www.reddit.com/r/DIY/comments/13tg1dl/no_more_power_to_multiple_receptacles_after_spark/,23,16,https://www.reddit.com/r/DIY/comments/13tg1dl/no_more_power_to_multiple_receptacles_after_spark/,sparking outlet,needs_review_urgent_signal,urgent_safety_risk,weak_labeled,,urgent_safety_risk,0.82,fire_smoke_or_sparks:\bspark(?:s|ing|ed)?\b; trade_system_issue:\bbreaker\b,"{""medium_risk_call_pro"": 2.0, ""urgent_safety_risk"": 3.5}",no,weak_supervision,,,
1toj8mx,Plumbing,2026-05-26T20:29:48+00:00,Heavily chlorinated municipal water vs home copper & pex pipes,"Hi All. Ive recently had a string of issues with my water lines, hot water tank flooding basement, town sediments from flushing etc. long story short we need to replace copper pipes in our house every 2-3 years it seems like due to visible exterior oxidation on copper connections. I recently purchased and installed a stainless steel whole house filter to help mitigate the sediment issues we’ve had thinking that maybe that will help with the pipe oxidation/corrosion, but is it mainly the chlorine that does the damage and not rust/sediment? AI is telling me is chlorine and rusting is just the byproduct. If thats the case id need to put a carbon filter on the house but it may reduce gpm significantly. Curious how others have faired with heavily chlorinated muni water and your pipe situations. Thanks","Heavily chlorinated municipal water vs home copper & pex pipes Hi All. Ive recently had a string of issues with my water lines, hot water tank flooding basement, town sediments from flushing etc. long story short we need to replace copper pipes in our house every 2-3 years it seems like due to visible exterior oxidation on copper connections. I recently purchased and installed a stainless steel whole house filter to help mitigate the sediment issues we’ve had thinking that maybe that will help with the pipe oxidation/corrosion, but is it mainly the chlorine that does the damage and not rust/sediment? AI is telling me is chlorine and rusting is just the byproduct. If thats the case id need to put a carbon filter on the house but it may reduce gpm significantly. Curious how others have faired with heavily chlorinated muni water and your pipe situations. Thanks",https://www.reddit.com/r/Plumbing/comments/1toj8mx/heavily_chlorinated_municipal_water_vs_home/,3,3,https://www.reddit.com/r/Plumbing/comments/1toj8mx/heavily_chlorinated_municipal_water_vs_home/,flooding,needs_review_urgent_signal,urgent_safety_risk,weak_labeled,,urgent_safety_risk,0.90,active_flooding_or_sewage:\bflooding\b,"{""urgent_safety_risk"": 3.0}",no,weak_supervision,,,
sr9fyy,askanelectrician,2022-02-13T03:54:33+00:00,Leaving outdoor appliance plugged in to extension cord for long periods of time,"We've recently had issues with flooding in our finished basement due to poor grading by the house, and lots of rain/snow. Finally settled on a temporary solution with window well pumps, until spring when we are going to regrade the yard. Question is, now husband wants to leave the pumps on and in the window wells indefinitely. The pumps have auto on/off switches depending on water level and are plugged into outdoor extension cords. He says it's fine since people leave Christmas lights out and on all the time. I'm concerned about water + electricity, especially with cords sitting in water.... Should I be less worried? Should he be more worried?","Leaving outdoor appliance plugged in to extension cord for long periods of time We've recently had issues with flooding in our finished basement due to poor grading by the house, and lots of rain/snow. Finally settled on a temporary solution with window well pumps, until spring when we are going to regrade the yard. Question is, now husband wants to leave the pumps on and in the window wells indefinitely. The pumps have auto on/off switches depending on water level and are plugged into outdoor extension cords. He says it's fine since people leave Christmas lights out and on all the time. I'm concerned about water + electricity, especially with cords sitting in water.... Should I be less worried? Should he be more worried?",https://www.reddit.com/r/askanelectrician/comments/sr9fyy/leaving_outdoor_appliance_plugged_in_to_extension/,0,7,https://www.reddit.com/r/askanelectrician/comments/sr9fyy/leaving_outdoor_appliance_plugged_in_to_extension/,flooding,needs_review_urgent_signal,urgent_safety_risk,weak_labeled,,urgent_safety_risk,0.90,active_flooding_or_sewage:\bflooding\b,"{""urgent_safety_risk"": 3.0}",no,weak_supervision,,,
1ejpkn,DIY,2013-05-17T23:03:08+00:00,Electrical question. Outlets in one room not working. Breaker not flipped.,"I just noticed I have no power to any outlets in my upstairs room. The only thing I can attribute this to is my attempt at fixing an outlet in the downstairs room directly below this room earlier today. I have a wall outlet with one always on, bottom, plug and one light switch controlled, top, outlet. The light switch controlled outlet has never worked so today I decided to turn off the power and take a look for a loose connection or anything of the sort. I didn't see anything that struck me as out of the ordinary, honestly I didn't know what to look for. The two black lines on the side of the outlet pulled right out so I put them back in and tightened them down. I put the outlet back in the wall and plug a light into the always on, bottom, outlet. I flipped the breaker back on and my girlfriend said she saw a small spark and the light did not turn back on. I turned the breaker back off, removed the outlet, played with the connections a little, and tried the breaker again. This time the light turns on. I tried the switch controlled, top outlet to see if I somehow fixed the problem, nothing. I figured I didn't know what the hell I was doing, but was glad that I was at least able to get the bottom outlet to work as it did before. Now that I see my upstairs room doesn't have power I am back to kicking myself for attempting to fix the downstairs outlet without the proper knowledge of what I was doing. To sum up where I am right now, the outlets in the downstairs room, with the exception of the one switch controlled outlet, work fine. The outlets to the upstairs room do not. I flipped every breaker in my box, still nothing. Any help is greatly appreciated. I'm trying to fix this before my girlfriend freaks out. http://imgur.com/a/a1otj","Electrical question. Outlets in one room not working. Breaker not flipped. I just noticed I have no power to any outlets in my upstairs room. The only thing I can attribute this to is my attempt at fixing an outlet in the downstairs room directly below this room earlier today. I have a wall outlet with one always on, bottom, plug and one light switch controlled, top, outlet. The light switch controlled outlet has never worked so today I decided to turn off the power and take a look for a loose connection or anything of the sort. I didn't see anything that struck me as out of the ordinary, honestly I didn't know what to look for. The two black lines on the side of the outlet pulled right out so I put them back in and tightened them down. I put the outlet back in the wall and plug a light into the always on, bottom, outlet. I flipped the breaker back on and my girlfriend said she saw a small spark and the light did not turn back on. I turned the breaker back off, removed the outlet, played with the connections a little, and tried the breaker again. This time the light turns on. I tried the switch controlled, top outlet to see if I somehow fixed the problem, nothing. I figured I didn't know what the hell I was doing, but was glad that I was at least able to get the bottom outlet to work as it did before. Now that I see my upstairs room doesn't have power I am back to kicking myself for attempting to fix the downstairs outlet without the proper knowledge of what I was doing. To sum up where I am right now, the outlets in the downstairs room, with the exception of the one switch controlled outlet, work fine. The outlets to the upstairs room do not. I flipped every breaker in my box, still nothing. Any help is greatly appreciated. I'm trying to fix this before my girlfriend freaks out. http://imgur.com/a/a1otj",https://www.reddit.com/r/DIY/comments/1ejpkn/electrical_question_outlets_in_one_room_not/,4,7,https://www.reddit.com/r/DIY/comments/1ejpkn/electrical_question_outlets_in_one_room_not/,sparking outlet,needs_review_urgent_signal,urgent_safety_risk,weak_labeled,,urgent_safety_risk,0.82,fire_smoke_or_sparks:\bspark(?:s|ing|ed)?\b; trade_system_issue:\bbreaker\b,"{""medium_risk_call_pro"": 2.0, ""urgent_safety_risk"": 3.5}",no,weak_supervision,,,
ztxsg7,askanelectrician,2022-12-24T01:03:33+00:00,How can I troubleshoot an appliance that trips GFCI?,"I live in an area with frequent flooding and high humidity. Thankfully all outdoor outlets are on GFCI's of course and work well. However I can't stand having to wait for an outlet/tool/appliance to dry and just ""hope"" it is fine again and won't trip the GFCI. Is there a way to check with a multimeter or something to see if an appliance will trip the outlet when I plug it in?","How can I troubleshoot an appliance that trips GFCI? I live in an area with frequent flooding and high humidity. Thankfully all outdoor outlets are on GFCI's of course and work well. However I can't stand having to wait for an outlet/tool/appliance to dry and just ""hope"" it is fine again and won't trip the GFCI. Is there a way to check with a multimeter or something to see if an appliance will trip the outlet when I plug it in?",https://www.reddit.com/r/askanelectrician/comments/ztxsg7/how_can_i_troubleshoot_an_appliance_that_trips/,0,5,https://www.reddit.com/r/askanelectrician/comments/ztxsg7/how_can_i_troubleshoot_an_appliance_that_trips/,flooding,needs_review_urgent_signal,urgent_safety_risk,weak_labeled,,urgent_safety_risk,0.77,active_flooding_or_sewage:\bflooding\b; trade_system_issue:\boutlets?\b,"{""medium_risk_call_pro"": 2.0, ""urgent_safety_risk"": 3.0}",no,weak_supervision,,,
xot8t4,askanelectrician,2022-09-26T19:32:25+00:00,Hurricane and Flooding,"Hey guys, a tropical storm/hurricane is hitting my area soon. I just moved into a house and the previous tenants say the garage can flood when it rains a lot. I have some unplugged gym equipment in the garage and I was wondering if I have to move it inside the house, or if I can leave it in the garage as long as it is unplugged. Damaging the equipment is not a concern (roommate's dad bought it for her and she doesn't care), but I am worried about a fire or sparks and I have no knowledge on this sort of thing and can't find much online. Any help would be awesome. Thank you!!!","Hurricane and Flooding Hey guys, a tropical storm/hurricane is hitting my area soon. I just moved into a house and the previous tenants say the garage can flood when it rains a lot. I have some unplugged gym equipment in the garage and I was wondering if I have to move it inside the house, or if I can leave it in the garage as long as it is unplugged. Damaging the equipment is not a concern (roommate's dad bought it for her and she doesn't care), but I am worried about a fire or sparks and I have no knowledge on this sort of thing and can't find much online. Any help would be awesome. Thank you!!!",https://www.reddit.com/r/askanelectrician/comments/xot8t4/hurricane_and_flooding/,1,2,https://www.reddit.com/r/askanelectrician/comments/xot8t4/hurricane_and_flooding/,flooding,needs_review_urgent_signal,urgent_safety_risk,weak_labeled,,urgent_safety_risk,0.95,fire_smoke_or_sparks:\bspark(?:s|ing|ed)?\b; active_flooding_or_sewage:\bflooding\b,"{""urgent_safety_risk"": 6.5}",no,weak_supervision,,,
1aopboa,HomeImprovement,2024-02-12T02:29:00+00:00,Gas fireplace,My gas fireplace is off but my wife and I still mell gas near the fireplace. It has been like this for a couple of weeks. We had to use it back in January when we had below zero temperatures. But since then the gas smell has stayed near the fireplace. Is this a leak? Should we be concerned? Thanks.,Gas fireplace My gas fireplace is off but my wife and I still mell gas near the fireplace. It has been like this for a couple of weeks. We had to use it back in January when we had below zero temperatures. But since then the gas smell has stayed near the fireplace. Is this a leak? Should we be concerned? Thanks.,https://www.reddit.com/r/HomeImprovement/comments/1aopboa/gas_fireplace/,1,2,https://www.reddit.com/r/HomeImprovement/comments/1aopboa/gas_fireplace/,gas smell,needs_review_urgent_signal,urgent_safety_risk,weak_labeled,,urgent_safety_risk,0.92,gas_or_carbon_monoxide:\bgas smell\b; contained_water_damage:\bleak(?:s|ing|ed)?\b,"{""medium_risk_call_pro"": 2.0, ""urgent_safety_risk"": 4.0}",no,weak_supervision,,,
1s5zod4,HomeImprovement,2026-03-28T12:58:50+00:00,Ventless gas fireplace driving me insane - but just ME.,"I'll try to keep this short but include all details. We bought a house with a ugly corner fireplace. My husband is a Class A contractor (40+ years) so we moved it ourselves to a different wall. We'd replaced the logs on the corner setup a few years ago but the gas smell was too much for me to use it. A gas professional he uses said the box was too small, so when we rebuilt it, we got the bigger box he recommended. While my husband was out of town I noticed that the pilot light was solid orange. I researched EVERYTHING and checked EVERYTHING. I had the gas company come out and check the regulators and they said it was fine. They looked at the fireplace and said it was fine. That it was likely air combustion issues in the room and to keep a window cracked. So I do. The propane smell is still driving me absolutely insane (I'm terrified of gas and CO stuff, but I LOVE gas, if that makes sense.) Should I sneak and hire someone who does NOT work for my husband while he's away for work to check his work? Or is it just me and my SUPER sensitive nose? I can be sitting in a closed room in my house and if my kid smokes a joint in the back yard I can smell it :/ My husband smells NOTHING. Here's the part that is going to change your mind about it being just me.... I keep cleaning this one log in the box but the soot on it keeps coming back. EVEN THOUGH everyone says it's FIIIIINNNNEEEE. So everything I read says that it's in the 'mixer' or something that is built into the log set at the factory and it may need adjusted, but it says it's not recommended to mess with it. Ugh.","Ventless gas fireplace driving me insane - but just ME. I'll try to keep this short but include all details. We bought a house with a ugly corner fireplace. My husband is a Class A contractor (40+ years) so we moved it ourselves to a different wall. We'd replaced the logs on the corner setup a few years ago but the gas smell was too much for me to use it. A gas professional he uses said the box was too small, so when we rebuilt it, we got the bigger box he recommended. While my husband was out of town I noticed that the pilot light was solid orange. I researched EVERYTHING and checked EVERYTHING. I had the gas company come out and check the regulators and they said it was fine. They looked at the fireplace and said it was fine. That it was likely air combustion issues in the room and to keep a window cracked. So I do. The propane smell is still driving me absolutely insane (I'm terrified of gas and CO stuff, but I LOVE gas, if that makes sense.) Should I sneak and hire someone who does NOT work for my husband while he's away for work to check his work? Or is it just me and my SUPER sensitive nose? I can be sitting in a closed room in my house and if my kid smokes a joint in the back yard I can smell it :/ My husband smells NOTHING. Here's the part that is going to change your mind about it being just me.... I keep cleaning this one log in the box but the soot on it keeps coming back. EVEN THOUGH everyone says it's FIIIIINNNNEEEE. So everything I read says that it's in the 'mixer' or something that is built into the log set at the factory and it may need adjusted, but it says it's not recommended to mess with it. Ugh.",https://www.reddit.com/r/HomeImprovement/comments/1s5zod4/ventless_gas_fireplace_driving_me_insane_but_just/,12,25,https://www.reddit.com/r/HomeImprovement/comments/1s5zod4/ventless_gas_fireplace_driving_me_insane_but_just/,gas smell,needs_review_urgent_signal,urgent_safety_risk,weak_labeled,,urgent_safety_risk,0.95,gas_or_carbon_monoxide:\bgas smell\b,"{""urgent_safety_risk"": 4.0}",no,weak_supervision,,,
1cc5rg9,DIY,2024-04-24T18:30:42+00:00,Why would plugging in a tool while off trip the breaker?,"I have a 2nd hand wood shaper that I haven't used yet. First time plugging it in and I heard a buzz from the breaker (the switch on the machine was off) so I immediately unplugged it and sparks and smoke came out of the plug. The breaker did not trip but I assume it would have if I waited a couple seconds. For more info, I was plugging it into an extension cord that was already nearby instead of an outlet. The breaker and wiring is rated for 20 amps. The motor was already wired for 115V with a standard 3 prong plug. The motor draws 14 amps when wired for 115V. The switch was off. The forward/reverse switch on the motor was in Forward position. I have not tested anything yet (need to find my multimeter). I have not tried flipping the on/off or for/rev switches and plugging it back in as I don't want to cause any damage to the motor or breaker panel. The question is, why would the breaker/cord be pulling current if the motor was off? I'm thinking the on/off switch is bad or that the last owner wired it wrong.","Why would plugging in a tool while off trip the breaker? I have a 2nd hand wood shaper that I haven't used yet. First time plugging it in and I heard a buzz from the breaker (the switch on the machine was off) so I immediately unplugged it and sparks and smoke came out of the plug. The breaker did not trip but I assume it would have if I waited a couple seconds. For more info, I was plugging it into an extension cord that was already nearby instead of an outlet. The breaker and wiring is rated for 20 amps. The motor was already wired for 115V with a standard 3 prong plug. The motor draws 14 amps when wired for 115V. The switch was off. The forward/reverse switch on the motor was in Forward position. I have not tested anything yet (need to find my multimeter). I have not tried flipping the on/off or for/rev switches and plugging it back in as I don't want to cause any damage to the motor or breaker panel. The question is, why would the breaker/cord be pulling current if the motor was off? I'm thinking the on/off switch is bad or that the last owner wired it wrong.",https://www.reddit.com/r/DIY/comments/1cc5rg9/why_would_plugging_in_a_tool_while_off_trip_the/,1,12,https://i.redd.it/7guuk0hr0hwc1.jpeg,sparking outlet,needs_review_urgent_signal,urgent_safety_risk,weak_labeled,,urgent_safety_risk,0.82,fire_smoke_or_sparks:\bspark(?:s|ing|ed)?\b; trade_system_issue:\bbreaker\b,"{""medium_risk_call_pro"": 2.0, ""urgent_safety_risk"": 3.5}",no,weak_supervision,,,
1s0rhsc,HomeMaintenance,2026-03-22T17:22:08+00:00,Messed up,"So one of my gfci outlets stopped working today no reset and no light. I bought a replacement and reinstalled it, but while pushing it back into the wall, I think a wire might’ve touched the box because it sparked and shut off power to my apartment. Now I have no power at all, and flipping the breakers isn’t working. I usually handle my home repairs myself, but nothing electrical, and I thought this would be pretty simple \*facepalm\* now look. Anyways now that im stuck in the dark like an idiot, how can I fix this without hurting more of my ego today?","Messed up So one of my gfci outlets stopped working today no reset and no light. I bought a replacement and reinstalled it, but while pushing it back into the wall, I think a wire might’ve touched the box because it sparked and shut off power to my apartment. Now I have no power at all, and flipping the breakers isn’t working. I usually handle my home repairs myself, but nothing electrical, and I thought this would be pretty simple \*facepalm\* now look. Anyways now that im stuck in the dark like an idiot, how can I fix this without hurting more of my ego today?",https://www.reddit.com/r/HomeMaintenance/comments/1s0rhsc/messed_up/,4,18,https://www.reddit.com/r/HomeMaintenance/comments/1s0rhsc/messed_up/,sparking outlet,needs_review_medium_signal,urgent_safety_risk,weak_labeled,,urgent_safety_risk,0.82,fire_smoke_or_sparks:\bspark(?:s|ing|ed)?\b; trade_system_issue:\boutlets?\b,"{""medium_risk_call_pro"": 2.0, ""urgent_safety_risk"": 3.5}",no,weak_supervision,,,
11duwhc,askanelectrician,2023-02-28T02:53:09+00:00,"Writing a story where the characters need to restore power to an old factory. Not an electrician, could I get suggestions for the details of the fix?","I'm writing a sci-fi post-apocalyptic story where a crew of salvagers have trekked out to a flooded, abandoned factory. The factory is in shambles, but they know the power is still running from a previous trip, where one of their teammates were able to get the lights on and air flowing. There was a falling out, and that team member damaged the electrical room before fleeing. The initial expedition fell apart, but now the crew is back, and they need the power back on. Does anyone have suggestions for an interesting way he could have shut off the power? The idea is that he planned to return on his own and restore power later, so I'm trying to come up with something that would be hard to detect for a non-expert, but easy to fix if you knew what to look for. Hopefully this question is appropriate for this sub. Thank you for your help!","Writing a story where the characters need to restore power to an old factory. Not an electrician, could I get suggestions for the details of the fix? I'm writing a sci-fi post-apocalyptic story where a crew of salvagers have trekked out to a flooded, abandoned factory. The factory is in shambles, but they know the power is still running from a previous trip, where one of their teammates were able to get the lights on and air flowing. There was a falling out, and that team member damaged the electrical room before fleeing. The initial expedition fell apart, but now the crew is back, and they need the power back on. Does anyone have suggestions for an interesting way he could have shut off the power? The idea is that he planned to return on his own and restore power later, so I'm trying to come up with something that would be hard to detect for a non-expert, but easy to fix if you knew what to look for. Hopefully this question is appropriate for this sub. Thank you for your help!",https://www.reddit.com/r/askanelectrician/comments/11duwhc/writing_a_story_where_the_characters_need_to/,1,13,https://www.reddit.com/r/askanelectrician/comments/11duwhc/writing_a_story_where_the_characters_need_to/,flooding,needs_review_urgent_signal,urgent_safety_risk,weak_labeled,,urgent_safety_risk,0.90,active_flooding_or_sewage:\bflooded\b,"{""urgent_safety_risk"": 3.0}",no,weak_supervision,,,
3h1gvg,DIY,2015-08-14T23:50:54+00:00,Outlet tester shows all 3 lit,"I have a 50 year old house, and one of my outlets in a bedroom was loose and would hardly hold a plug in it. It also would spark when we inserted a plug. I turned off the circuit breaker and a fan which was plugged in did not run, So I took off the old outlet and replaced it with a new one. However, in the process i was shocked when my finger was touching the silver terminals and the metal box. I have a outlet tester and it show all three lights lit up, both yellows and the red. That's not on the chart! What could be wrong?","Outlet tester shows all 3 lit I have a 50 year old house, and one of my outlets in a bedroom was loose and would hardly hold a plug in it. It also would spark when we inserted a plug. I turned off the circuit breaker and a fan which was plugged in did not run, So I took off the old outlet and replaced it with a new one. However, in the process i was shocked when my finger was touching the silver terminals and the metal box. I have a outlet tester and it show all three lights lit up, both yellows and the red. That's not on the chart! What could be wrong?",https://www.reddit.com/r/DIY/comments/3h1gvg/outlet_tester_shows_all_3_lit/,6,17,https://www.reddit.com/r/DIY/comments/3h1gvg/outlet_tester_shows_all_3_lit/,sparking outlet,needs_review_urgent_signal,urgent_safety_risk,weak_labeled,,urgent_safety_risk,0.82,fire_smoke_or_sparks:\bspark(?:s|ing|ed)?\b; trade_system_issue:\bbreaker\b,"{""medium_risk_call_pro"": 2.0, ""urgent_safety_risk"": 3.5}",no,weak_supervision,,,
181p9jl,HomeImprovement,2023-11-23T01:15:14+00:00,water heater ignite won't spark. should I release the gas pressure so no blockage in the gas tube somewhere?,"it's Piezo Electric Ignitor the water heater is 20 years old, the pilot is out once in a while. and I will just re-ignite and it will stay on for a few months. today I notice it's out, maybe for 1 day. it won't ignite on no matter how I tried it. and I can't see spark at all. if my left hand touch a metal, and right hand hold the igniter and strike, I can feel the electronic pulse. However I can't see the spark from the window (I turn off all the light in the room) I read following from fellow redditor saying some pressure blockage. is this the right step 1. turn the knob to pilot position 2. hold down the red button down and hold it, so the gas pressure hopefully fix the air blciage I have hold it for 5 minutes so far. 3. turn the knob to off position 4. wait for 10 min. 5. try ignite it. if doesn't work, repeat step 1 and 5? here is from fellow redditor: If the pilot has been out for a while, air can get sucked back into pilot line and cause a pressure blockage. Pressing and holding down the valve for a long time…. Sometimes minutes is the only way to get the gas pressure to build up enough to force out the air blockage. Real pain. Press / hold / press multiple times to try to get the gas to release. Can take up to 5-10 minutes sometimes. After a few minutes if you smell gas then it’s working. Often I’ve had to relight with a flame rather than the electric spark because the gas flow is so minimal, once lit the flame will draw more gas from the line and normalize the pressure again.","water heater ignite won't spark. should I release the gas pressure so no blockage in the gas tube somewhere? it's Piezo Electric Ignitor the water heater is 20 years old, the pilot is out once in a while. and I will just re-ignite and it will stay on for a few months. today I notice it's out, maybe for 1 day. it won't ignite on no matter how I tried it. and I can't see spark at all. if my left hand touch a metal, and right hand hold the igniter and strike, I can feel the electronic pulse. However I can't see the spark from the window (I turn off all the light in the room) I read following from fellow redditor saying some pressure blockage. is this the right step 1. turn the knob to pilot position 2. hold down the red button down and hold it, so the gas pressure hopefully fix the air blciage I have hold it for 5 minutes so far. 3. turn the knob to off position 4. wait for 10 min. 5. try ignite it. if doesn't work, repeat step 1 and 5? here is from fellow redditor: If the pilot has been out for a while, air can get sucked back into pilot line and cause a pressure blockage. Pressing and holding down the valve for a long time…. Sometimes minutes is the only way to get the gas pressure to build up enough to force out the air blockage. Real pain. Press / hold / press multiple times to try to get the gas to release. Can take up to 5-10 minutes sometimes. After a few minutes if you smell gas then it’s working. Often I’ve had to relight with a flame rather than the electric spark because the gas flow is so minimal, once lit the flame will draw more gas from the line and normalize the pressure again.",https://www.reddit.com/r/HomeImprovement/comments/181p9jl/water_heater_ignite_wont_spark_should_i_release/,1,4,https://www.reddit.com/r/HomeImprovement/comments/181p9jl/water_heater_ignite_wont_spark_should_i_release/,gas smell,needs_review_urgent_signal,urgent_safety_risk,weak_labeled,,urgent_safety_risk,0.92,gas_or_carbon_monoxide:\bsmell(?:s|ing)? (?:like )?gas\b; fire_smoke_or_sparks:\bspark(?:s|ing|ed)?\b; trade_system_issue:\bwater heater\b,"{""medium_risk_call_pro"": 2.0, ""urgent_safety_risk"": 7.5}",no,weak_supervision,,,
tnygw9,askanelectrician,2022-03-25T20:35:53+00:00,Flooded (by water) electrical fixture,"I hope this is an appropriate question. I have kind of a slumlord who won't ever pay for qualified repairs, so I never know what is appropriate to let go and what is a danger. My bathroom flooded from the apt above. The light fixture held the water in for a long time before i realized what was happening. it has since dried out, but i find a light bulb will only last a day in that fixture. Super says this is not the fault of the flooding and there's nothing to do/worry about. We already had a fire in our walls once, so I am afraid to rely on him for anything electrical. Would the lightbulbs shorting out be related to the leak? and how worried should i be if so?","Flooded (by water) electrical fixture I hope this is an appropriate question. I have kind of a slumlord who won't ever pay for qualified repairs, so I never know what is appropriate to let go and what is a danger. My bathroom flooded from the apt above. The light fixture held the water in for a long time before i realized what was happening. it has since dried out, but i find a light bulb will only last a day in that fixture. Super says this is not the fault of the flooding and there's nothing to do/worry about. We already had a fire in our walls once, so I am afraid to rely on him for anything electrical. Would the lightbulbs shorting out be related to the leak? and how worried should i be if so?",https://www.reddit.com/r/askanelectrician/comments/tnygw9/flooded_by_water_electrical_fixture/,2,4,https://www.reddit.com/r/askanelectrician/comments/tnygw9/flooded_by_water_electrical_fixture/,flooding,needs_review_urgent_signal,urgent_safety_risk,weak_labeled,,urgent_safety_risk,0.77,active_flooding_or_sewage:\bflooding\b; contained_water_damage:\bleak(?:s|ing|ed)?\b,"{""medium_risk_call_pro"": 2.0, ""urgent_safety_risk"": 3.0}",no,weak_supervision,,,
17pca43,HomeImprovement,2023-11-06T20:32:25+00:00,What are my options for monitoring/detecting issues in my indoor air?,"I'm curious about monitoring air quality in my basement. I sometimes get minor allergy-like symptoms, so I want to make sure there's nothing nefarious going on. I don't smell any obvious mold-like smells. I'm hoping someone can cut through the information overload and ""articles"" that are really just sales pages for someone selling their particular brand of solution, with a breakdown of what's what. I'd like to learn about what kinds of things can be easily monitored: * Gases? CO? Could my gas stove have an ever-so-slight leak? * Particulates? I guess mainly useful during smoke season, to ensure our air purification efforts are working * Mold? I'd love to know if any sensors or approaches can reliably detect mold particles in the air. I've read elsewhere that mold sensors just look at temp/humidity and alert when conditions are ripe for mold growth. But I'm more interested in, ""are there literally mold particles in the air right now that we're breathing in?"" * ... any other category worth keeping tabs on Would also like to learn about the pros/cons of the various solutions: * Sensors * DIY air sampling kits (which I assume you mail to a lab) * Professional companies that come out and measure things with precise instruments that wouldn't be available through consumer-targeted sensors. * ... anything in between I might not be thinking about Thanks! &#x200B; &#x200B;","What are my options for monitoring/detecting issues in my indoor air? I'm curious about monitoring air quality in my basement. I sometimes get minor allergy-like symptoms, so I want to make sure there's nothing nefarious going on. I don't smell any obvious mold-like smells. I'm hoping someone can cut through the information overload and ""articles"" that are really just sales pages for someone selling their particular brand of solution, with a breakdown of what's what. I'd like to learn about what kinds of things can be easily monitored: * Gases? CO? Could my gas stove have an ever-so-slight leak? * Particulates? I guess mainly useful during smoke season, to ensure our air purification efforts are working * Mold? I'd love to know if any sensors or approaches can reliably detect mold particles in the air. I've read elsewhere that mold sensors just look at temp/humidity and alert when conditions are ripe for mold growth. But I'm more interested in, ""are there literally mold particles in the air right now that we're breathing in?"" * ... any other category worth keeping tabs on Would also like to learn about the pros/cons of the various solutions: * Sensors * DIY air sampling kits (which I assume you mail to a lab) * Professional companies that come out and measure things with precise instruments that wouldn't be available through consumer-targeted sensors. * ... anything in between I might not be thinking about Thanks! &#x200B; &#x200B;",https://www.reddit.com/r/HomeImprovement/comments/17pca43/what_are_my_options_for_monitoringdetecting/,2,2,https://www.reddit.com/r/HomeImprovement/comments/17pca43/what_are_my_options_for_monitoringdetecting/,gas smell,needs_review_urgent_signal,,needs_human_review,,urgent_safety_risk,0.82,fire_smoke_or_sparks:\bsmoke\b; contained_water_damage:\bleak(?:s|ing|ed)?\b; mold_or_foundation_concern:\bmold\b,"{""medium_risk_call_pro"": 4.0, ""urgent_safety_risk"": 3.5}",yes,,,,
1sy69w4,HomeMaintenance,2026-04-28T16:23:57+00:00,Concrete Repair Tool Selection?,"Hi all - home owner here; I had a garage 'crock-pot' drain backup during a massive flood. This water came into a lower bedroom which had vintage rubber-backed peel and stick carpet squares. I guess the previous owner just painted the whole room and floor with the same paint as the damn walls, as I now have this disqusting baby blue, stained peeling smelly painted concrete floor after I removed the carpet squares. I'm wondering what the right tool for this job might be as I've narrowed it down to a concrete grinder, which isn't a cheap rental, but not sure if it'll be overkill as my assessor said they're messy as heck. This was sticking to the back of the carpet squares like in wet sticky sheets in some areas, so I'm thinking it's Latex paint perhaps which also seem to gum up sanders or discs... so again looking for some advice! Room size is 10 x 10ft. or so in size. **TLDR;** crappy (latex?) painted concrete floor post water damage, need to know right tool to clean so I can refinish. Leaning towards concrete grinder, but hoping for more some solid advice or recommendations.","Concrete Repair Tool Selection? Hi all - home owner here; I had a garage 'crock-pot' drain backup during a massive flood. This water came into a lower bedroom which had vintage rubber-backed peel and stick carpet squares. I guess the previous owner just painted the whole room and floor with the same paint as the damn walls, as I now have this disqusting baby blue, stained peeling smelly painted concrete floor after I removed the carpet squares. I'm wondering what the right tool for this job might be as I've narrowed it down to a concrete grinder, which isn't a cheap rental, but not sure if it'll be overkill as my assessor said they're messy as heck. This was sticking to the back of the carpet squares like in wet sticky sheets in some areas, so I'm thinking it's Latex paint perhaps which also seem to gum up sanders or discs... so again looking for some advice! Room size is 10 x 10ft. or so in size. **TLDR;** crappy (latex?) painted concrete floor post water damage, need to know right tool to clean so I can refinish. Leaning towards concrete grinder, but hoping for more some solid advice or recommendations.",https://www.reddit.com/r/HomeMaintenance/comments/1sy69w4/concrete_repair_tool_selection/,3,3,https://i.redd.it/6213neahhyxg1.jpeg,paint peeling,needs_review_urgent_signal,,needs_human_review,,medium_risk_call_pro,0.67,contained_water_damage:\bwater damage(?:d)?\b; cosmetic_or_minor_finish:\bpaint(?:ing|ed)?\b,"{""low_risk_diy"": 2.2, ""medium_risk_call_pro"": 2.0}",yes,,,,
18hz99p,HomeImprovement,2023-12-14T03:25:22+00:00,Gasoline smell in garage.,So I think I may have overfilled my motorcycle which is cause the smell of gasoline in the garage. Not entirely sure what it's from but it's either that or my mower which has gas in it. My question is is it dangerous if it smells in the garage. Like is there a chance it could ignite or cause a fire on its own. I just cracked a window for now. Any help would be appreciated!,Gasoline smell in garage. So I think I may have overfilled my motorcycle which is cause the smell of gasoline in the garage. Not entirely sure what it's from but it's either that or my mower which has gas in it. My question is is it dangerous if it smells in the garage. Like is there a chance it could ignite or cause a fire on its own. I just cracked a window for now. Any help would be appreciated!,https://www.reddit.com/r/HomeImprovement/comments/18hz99p/gasoline_smell_in_garage/,2,5,https://www.reddit.com/r/HomeImprovement/comments/18hz99p/gasoline_smell_in_garage/,gas smell,needs_review_unclear,,needs_human_review,,,0.00,no_labeling_function_matched,{},yes,,,,
wq8uyv,askanelectrician,2022-08-16T23:19:47+00:00,Another LED bulb in halogen fixture story (gist: led's die in less than a year),"Hey there. So I'm learning about this house as I go. Apologies if this is super dumb and obvious. Looks like our kitchen's recessed fixtures are for halogen bulbs if I'm reading [things](https://www.cooperlighting.com/api/assets/v1/file/Signify/content/afa23d04cc484b2fbbb7ad41006d124b/all-pro-ert401lv-ert402lv-ert403lv-ert404lv) right. A couple of the bulbs died and I replaced them with [these](https://www.homedepot.com/p/Feit-Electric-50-Watt-Equivalent-MR16-GU5-3-Bi-Pin-Dimmable-12-Volt-Track-Lighting-90-CRI-LED-Flood-Light-Bulb-Daylight-3-Pack-BPEXN-950CA-3/304122950) LED bulbs after looking at the notation [inside](https://imgur.com/a/RRnZxU8) the fixtures. This was nearly a year ago, and they worked, but there was always a pretty harsh buzz coming from them, and then they died. Being less than a year I'm pretty sure I broke it somewhere and need some help pinpointing where. Some other notes: \- Tried putting working halogen bulbs in fixtures with dead-to-soon bulbs and they seem to work fine. No humming etc. \- Not connected to a dimmer, just a basic light switch. At this point I'm thinking either try putting a dimmer in or just accept that this fixture doesn't like LED's? Anyway, any help appreciated!","Another LED bulb in halogen fixture story (gist: led's die in less than a year) Hey there. So I'm learning about this house as I go. Apologies if this is super dumb and obvious. Looks like our kitchen's recessed fixtures are for halogen bulbs if I'm reading [things](https://www.cooperlighting.com/api/assets/v1/file/Signify/content/afa23d04cc484b2fbbb7ad41006d124b/all-pro-ert401lv-ert402lv-ert403lv-ert404lv) right. A couple of the bulbs died and I replaced them with [these](https://www.homedepot.com/p/Feit-Electric-50-Watt-Equivalent-MR16-GU5-3-Bi-Pin-Dimmable-12-Volt-Track-Lighting-90-CRI-LED-Flood-Light-Bulb-Daylight-3-Pack-BPEXN-950CA-3/304122950) LED bulbs after looking at the notation [inside](https://imgur.com/a/RRnZxU8) the fixtures. This was nearly a year ago, and they worked, but there was always a pretty harsh buzz coming from them, and then they died. Being less than a year I'm pretty sure I broke it somewhere and need some help pinpointing where. Some other notes: \- Tried putting working halogen bulbs in fixtures with dead-to-soon bulbs and they seem to work fine. No humming etc. \- Not connected to a dimmer, just a basic light switch. At this point I'm thinking either try putting a dimmer in or just accept that this fixture doesn't like LED's? Anyway, any help appreciated!",https://www.reddit.com/r/askanelectrician/comments/wq8uyv/another_led_bulb_in_halogen_fixture_story_gist/,2,4,https://www.reddit.com/r/askanelectrician/comments/wq8uyv/another_led_bulb_in_halogen_fixture_story_gist/,flooding,needs_review_urgent_signal,,needs_human_review,,,0.00,no_labeling_function_matched,{},yes,,,,
xjmaj5,askanelectrician,2022-09-20T22:12:29+00:00,do I NEED to use outdoor (grey) wire in PVC conduits for a porch fan or a flood light? The wires will all be under a roof.,"Having a porch built, and the roof is attached to our existing roof. I want to pull some wires from the inside of the house, through the old roof and over to a ceiling fan in the porch, and another wire to the side of the porch where ill be installing a flood light. Do I need that grey outdoor wire and do I need to pull it through PVC conduit?","do I NEED to use outdoor (grey) wire in PVC conduits for a porch fan or a flood light? The wires will all be under a roof. Having a porch built, and the roof is attached to our existing roof. I want to pull some wires from the inside of the house, through the old roof and over to a ceiling fan in the porch, and another wire to the side of the porch where ill be installing a flood light. Do I need that grey outdoor wire and do I need to pull it through PVC conduit?",https://www.reddit.com/r/askanelectrician/comments/xjmaj5/do_i_need_to_use_outdoor_grey_wire_in_pvc/,0,4,https://www.reddit.com/r/askanelectrician/comments/xjmaj5/do_i_need_to_use_outdoor_grey_wire_in_pvc/,flooding,needs_review_urgent_signal,,needs_human_review,,,0.00,no_labeling_function_matched,{},yes,,,,
12m5eqc,askanelectrician,2023-04-14T17:46:13+00:00,Need help with quotes,"Let me paint a picture for you. I recently purchased a 1600 sqft home in the southeast. The house itself was built in 1951 and has had what looks like (to a layman) minimal electrical updating since that time. It checks a lot of our boxes though and we got a sizable discount on the home because of these issues. It still has a fuse box and knob and tube in the attic. From our inspections, we know a lot of the outlets aren’t grounded and it does not have appropriate AFCI/GFCI outlets where indicated. It looks to have had some areas rewired in the 80’s during a remodel then. I’ve had one quote of about $20,000 dollars to do a “full service repair” upgrading panel and connection to the house ($6800), “discovery” ($3000), and rewiring based on what was discovered (~$10,000). I’ve got 2 more companies coming out on Monday for quotes. We won’t be moving in for another month or two and my very pregnant wife has other things to worry about. So it’s pretty much all on me to help get this thing safe and in livable condition by the time our current lease is up. Any general advice is appreciated. However, I’m mainly looking for any insights you can give as to pricing. I’ll probably get a lot of context from these next 2 quotes. I’m comfortable(ish) with $20,000, but I’m trying to save as much money as possible for needs that arise when the baby gets here. Thank you all for any insight you can provide.","Need help with quotes Let me paint a picture for you. I recently purchased a 1600 sqft home in the southeast. The house itself was built in 1951 and has had what looks like (to a layman) minimal electrical updating since that time. It checks a lot of our boxes though and we got a sizable discount on the home because of these issues. It still has a fuse box and knob and tube in the attic. From our inspections, we know a lot of the outlets aren’t grounded and it does not have appropriate AFCI/GFCI outlets where indicated. It looks to have had some areas rewired in the 80’s during a remodel then. I’ve had one quote of about $20,000 dollars to do a “full service repair” upgrading panel and connection to the house ($6800), “discovery” ($3000), and rewiring based on what was discovered (~$10,000). I’ve got 2 more companies coming out on Monday for quotes. We won’t be moving in for another month or two and my very pregnant wife has other things to worry about. So it’s pretty much all on me to help get this thing safe and in livable condition by the time our current lease is up. Any general advice is appreciated. However, I’m mainly looking for any insights you can give as to pricing. I’ll probably get a lot of context from these next 2 quotes. I’m comfortable(ish) with $20,000, but I’m trying to save as much money as possible for needs that arise when the baby gets here. Thank you all for any insight you can provide.",https://www.reddit.com/r/askanelectrician/comments/12m5eqc/need_help_with_quotes/,1,1,https://www.reddit.com/r/askanelectrician/comments/12m5eqc/need_help_with_quotes/,electrical issue,needs_review_medium_signal,,needs_human_review,,medium_risk_call_pro,0.67,trade_system_issue:\boutlets?\b; cosmetic_or_minor_finish:\bpaint(?:ing|ed)?\b,"{""low_risk_diy"": 2.2, ""medium_risk_call_pro"": 2.0}",yes,,,,
13d8sjw,askanelectrician,2023-05-09T22:48:46+00:00,Electric Underfloor Heating - RCD keeps tripping.,"Hi all, hope this is an easy one to fix. I’ve recently installed an electric underfloor heating kit under self-levelling screed and had tested the resistance of the mat through your the installation. It continued to give the correct reading given on the manufacturers guide. I connected it to the thermostat for the first time today and POOF the RCD immediately trips. The UFH is on its own circuit, so I don’t think there is a risk of overloading. Is there a risk that there is a short/cut somewhere in the mat? I am confused because the Ohm resistance reading is giving the correct reading. What else could be the issue? Thanks.","Electric Underfloor Heating - RCD keeps tripping. Hi all, hope this is an easy one to fix. I’ve recently installed an electric underfloor heating kit under self-levelling screed and had tested the resistance of the mat through your the installation. It continued to give the correct reading given on the manufacturers guide. I connected it to the thermostat for the first time today and POOF the RCD immediately trips. The UFH is on its own circuit, so I don’t think there is a risk of overloading. Is there a risk that there is a short/cut somewhere in the mat? I am confused because the Ohm resistance reading is giving the correct reading. What else could be the issue? Thanks.",https://www.reddit.com/r/askanelectrician/comments/13d8sjw/electric_underfloor_heating_rcd_keeps_tripping/,0,3,https://www.reddit.com/r/askanelectrician/comments/13d8sjw/electric_underfloor_heating_rcd_keeps_tripping/,electrical issue,needs_review_unclear,,needs_human_review,,,0.00,no_labeling_function_matched,{},yes,,,,
1tl2wys,Plumbing,2026-05-23T01:56:44+00:00,This doesn't seam normal,"My dishwasher has been smelling a bit lately and I noticed I had standing water here. I'm assuming this isn't normal. Is there any ideas of what could be causing it. It doesn't flood, just has a little water under the filter for the drain","This doesn't seam normal My dishwasher has been smelling a bit lately and I noticed I had standing water here. I'm assuming this isn't normal. Is there any ideas of what could be causing it. It doesn't flood, just has a little water under the filter for the drain",https://www.reddit.com/r/Plumbing/comments/1tl2wys/this_doesnt_seam_normal/,3,3,https://i.redd.it/shsphtqans2h1.jpeg,flooding,needs_review_urgent_signal,,needs_human_review,,,0.00,no_labeling_function_matched,{},yes,,,,
1sbobz1,HomeImprovement,2026-04-03T20:09:12+00:00,How to decimate ants in house?,"I am reaching my absolute limit in regards to these ants I keep finding in my house. A little background first, I live in a small 1 bedroom house my parents renovated out of a garage. Honestly its not the best made so it might account to why im having such issues, but for the past year living here, I have faced incredible amounts of ants. I dont keep food out, I have a trash can outside my home, and try to keep the house tidy, but these guys keep coming. Either they are raiding my water bottle every day (having to move it and scrub it so they dont smell it each morning to no avail), going to my sink, or trying to force their way into my freezer (while dying). I have tried the Terro ant baits everyone swears by and while I see them swarm it and then disappear for a bit, they keep coming back. I recently found what looked to be tile dust in my bathroom indicating something is eating away at the walls and ants are coming out of there in droves. What can I do short of nuking this place with gas?","How to decimate ants in house? I am reaching my absolute limit in regards to these ants I keep finding in my house. A little background first, I live in a small 1 bedroom house my parents renovated out of a garage. Honestly its not the best made so it might account to why im having such issues, but for the past year living here, I have faced incredible amounts of ants. I dont keep food out, I have a trash can outside my home, and try to keep the house tidy, but these guys keep coming. Either they are raiding my water bottle every day (having to move it and scrub it so they dont smell it each morning to no avail), going to my sink, or trying to force their way into my freezer (while dying). I have tried the Terro ant baits everyone swears by and while I see them swarm it and then disappear for a bit, they keep coming back. I recently found what looked to be tile dust in my bathroom indicating something is eating away at the walls and ants are coming out of there in droves. What can I do short of nuking this place with gas?",https://www.reddit.com/r/HomeImprovement/comments/1sbobz1/how_to_decimate_ants_in_house/,24,124,https://www.reddit.com/r/HomeImprovement/comments/1sbobz1/how_to_decimate_ants_in_house/,gas smell,needs_review_unclear,,needs_human_review,,,0.00,no_labeling_function_matched,{},yes,,,,
1lwjkkk,HomeMaintenance,2025-07-10T18:01:50+00:00,Leaking window under sill while raining,"I normally have a desk in front of this window so I don't know how long this has been happening. Starting raining pretty hard today and just happened to look behind the desk while pulling up the blinds to look at the rain. The water seems to be coming from behind the piece of trim right below the sill. The sill itself is loose and likely rotten. I checked outside and nothing glaringly different from any of my other windows and no missing or cracked caulk. The lower half of the house brick. I'm pretty handy and feel comfortable doing most home repairs however I have never had to do anything with windows. My plan is (this weekend) to pull off the lower piece of trim and then remove the sill (cutting caulk, pulling nails, going slow etc.). Then see if I can find any leak. Will assess the wall when the trim is removed for potential repair. No other part of the window is leaking. Any ideas where this could be coming from? Could it be a crack in the vinyl window casing that I just can't see? Once I remove the sill, is there some form of sealant I should be in before replacing with a new sill? Anything else I should watch out for?","Leaking window under sill while raining I normally have a desk in front of this window so I don't know how long this has been happening. Starting raining pretty hard today and just happened to look behind the desk while pulling up the blinds to look at the rain. The water seems to be coming from behind the piece of trim right below the sill. The sill itself is loose and likely rotten. I checked outside and nothing glaringly different from any of my other windows and no missing or cracked caulk. The lower half of the house brick. I'm pretty handy and feel comfortable doing most home repairs however I have never had to do anything with windows. My plan is (this weekend) to pull off the lower piece of trim and then remove the sill (cutting caulk, pulling nails, going slow etc.). Then see if I can find any leak. Will assess the wall when the trim is removed for potential repair. No other part of the window is leaking. Any ideas where this could be coming from? Could it be a crack in the vinyl window casing that I just can't see? Once I remove the sill, is there some form of sealant I should be in before replacing with a new sill? Anything else I should watch out for?",https://www.reddit.com/r/HomeMaintenance/comments/1lwjkkk/leaking_window_under_sill_while_raining/,2,1,https://www.reddit.com/r/HomeMaintenance/comments/1lwjkkk/leaking_window_under_sill_while_raining/,loose trim,needs_review_medium_signal,,needs_human_review,,medium_risk_call_pro,0.67,contained_water_damage:\bleak(?:s|ing|ed)?\b; cosmetic_or_minor_finish:\btrim\b,"{""low_risk_diy"": 2.2, ""medium_risk_call_pro"": 2.0}",yes,,,,
1tguequ,HomeMaintenance,2026-05-18T17:44:56+00:00,Best mold remover for bathroom tiles that actually works long-term?,"Been dealing with persistent mold in my master bathroom for months now and i'm at my wit's end. The grout lines around the shower are the worst - no matter what i spray or scrub, it keeps coming back within a few weeks. I've tried the typical drugstore stuff like Ti͏lex and some generic bleach cleaners, but they seem to just bleach the surface without actually getting rid of the root problem. The mold always comes back darker and more stubborn than before. I'm wondering if there are enzyme-based cleaners or spec͏ialty products that actually break down mold at the source rather than just masking it? My contractor mentioned something about needing cleaners that prevent regrowth but didn't have specific recommendations. What have you guys found that actually keeps mold away for months rather than weeks? Willing to invest in something qua͏lity if it means not scrubbing every other weekend.","Best mold remover for bathroom tiles that actually works long-term? Been dealing with persistent mold in my master bathroom for months now and i'm at my wit's end. The grout lines around the shower are the worst - no matter what i spray or scrub, it keeps coming back within a few weeks. I've tried the typical drugstore stuff like Ti͏lex and some generic bleach cleaners, but they seem to just bleach the surface without actually getting rid of the root problem. The mold always comes back darker and more stubborn than before. I'm wondering if there are enzyme-based cleaners or spec͏ialty products that actually break down mold at the source rather than just masking it? My contractor mentioned something about needing cleaners that prevent regrowth but didn't have specific recommendations. What have you guys found that actually keeps mold away for months rather than weeks? Willing to invest in something qua͏lity if it means not scrubbing every other weekend.",https://www.reddit.com/r/HomeMaintenance/comments/1tguequ/best_mold_remover_for_bathroom_tiles_that/,10,28,https://www.reddit.com/r/HomeMaintenance/comments/1tguequ/best_mold_remover_for_bathroom_tiles_that/,mold,needs_review_medium_signal,,needs_human_review,,medium_risk_call_pro,0.67,mold_or_foundation_concern:\bmold\b; cosmetic_or_minor_finish:\bgrout\b,"{""low_risk_diy"": 2.2, ""medium_risk_call_pro"": 2.0}",yes,,,,
1hwzrpd,HomeMaintenance,2025-01-09T00:27:35+00:00,Window Leak,"have a condo built in the 70's. I have a window with a stationery middle section and a sliding panel on either side. Last blowing storm i got water on the windowsill and the floor at the point where one slider meets the fixed panel. I had a GC look at it and he said the glass needs to be ""reset"" and referred me to a window company. The window company said, without looking at it, that it is the fuzzy strip where the panels meet and they don't repair those. She referred me to another glass company and they said ""we don't do outside work anymore"" and he gave me another number for ""a guy"" who might do that kind of repair. I talked to him once, but he isn't following up. So.....can this be repaired and should I be trying a handyman instead of a glass company? Is it worth repairing or is it time to just replace this original window? There is a piece of loose trim that should be replaced, but the GC said that would not cause a leak.","Window Leak have a condo built in the 70's. I have a window with a stationery middle section and a sliding panel on either side. Last blowing storm i got water on the windowsill and the floor at the point where one slider meets the fixed panel. I had a GC look at it and he said the glass needs to be ""reset"" and referred me to a window company. The window company said, without looking at it, that it is the fuzzy strip where the panels meet and they don't repair those. She referred me to another glass company and they said ""we don't do outside work anymore"" and he gave me another number for ""a guy"" who might do that kind of repair. I talked to him once, but he isn't following up. So.....can this be repaired and should I be trying a handyman instead of a glass company? Is it worth repairing or is it time to just replace this original window? There is a piece of loose trim that should be replaced, but the GC said that would not cause a leak.",https://www.reddit.com/r/HomeMaintenance/comments/1hwzrpd/window_leak/,1,0,https://i.redd.it/k5txlhwi4vbe1.jpeg,loose trim,needs_review_medium_signal,,needs_human_review,,medium_risk_call_pro,0.67,contained_water_damage:\bleak(?:s|ing|ed)?\b; cosmetic_or_minor_finish:\btrim\b,"{""low_risk_diy"": 2.2, ""medium_risk_call_pro"": 2.0}",yes,,,,
1t4zu54,Plumbing,2026-05-06T02:18:37+00:00,Advice for New Build Shower Pan Issue,"Hi all, Looking for some opinions on this new build home we recently bought. When we came to do a final walkthrough, I noticed this escutcheon was loose and lifted it up and saw this hole going through the floor. I mentioned it to the builder and they ""fixed it"" before we closed. Came back after closing and I see they caulked the escutcheon to the shower floor all around (no weep hole) and put in a flimsy gasket where the escutcheon meets the faucet stem. Definitely not water tight. I had a feeling the shower pan hole wasn't sealed still so I cut the escutcheon loose again and found the hole was still there. It also looks like the support bolts for the faucet don't have any sealing around it either. As it was, I just know water would have run down that faucet stem, through the ineffective gasket, and dump straight into the floor. I can't find any information on soaking tub faucet setups like this and how it should be done, but it seems very wrong to me. But before I go back to the builder about this (warranty should cover it), I wanted to get your opinions on how it should properly be done. Thanks in advance!!","Advice for New Build Shower Pan Issue Hi all, Looking for some opinions on this new build home we recently bought. When we came to do a final walkthrough, I noticed this escutcheon was loose and lifted it up and saw this hole going through the floor. I mentioned it to the builder and they ""fixed it"" before we closed. Came back after closing and I see they caulked the escutcheon to the shower floor all around (no weep hole) and put in a flimsy gasket where the escutcheon meets the faucet stem. Definitely not water tight. I had a feeling the shower pan hole wasn't sealed still so I cut the escutcheon loose again and found the hole was still there. It also looks like the support bolts for the faucet don't have any sealing around it either. As it was, I just know water would have run down that faucet stem, through the ineffective gasket, and dump straight into the floor. I can't find any information on soaking tub faucet setups like this and how it should be done, but it seems very wrong to me. But before I go back to the builder about this (warranty should cover it), I wanted to get your opinions on how it should properly be done. Thanks in advance!!",https://www.reddit.com/r/Plumbing/comments/1t4zu54/advice_for_new_build_shower_pan_issue/,5,34,https://www.reddit.com/gallery/1t4zu54,caulk,needs_review_unclear,,needs_human_review,,,0.00,no_labeling_function_matched,{},yes,,,,
13q5hm7,askanelectrician,2023-05-24T00:12:31+00:00,Installing an exterior light,"Hi all - recently bought a house and I’m just getting around to installing the last new exterior light. The wires are run on the outside of the house through conduit and connect to a few boxes that power some flood lights. This particular box is right outside a back door and I didn’t think to check the box (round) vs the light (square) when buying the light. Should I return the light and buy a different one or can I replace the box? If so, should I look for something specific in my search? Thanks in advance!","Installing an exterior light Hi all - recently bought a house and I’m just getting around to installing the last new exterior light. The wires are run on the outside of the house through conduit and connect to a few boxes that power some flood lights. This particular box is right outside a back door and I didn’t think to check the box (round) vs the light (square) when buying the light. Should I return the light and buy a different one or can I replace the box? If so, should I look for something specific in my search? Thanks in advance!",https://www.reddit.com/r/askanelectrician/comments/13q5hm7/installing_an_exterior_light/,0,2,https://www.reddit.com/gallery/13q5hm7,flooding,needs_review_urgent_signal,,needs_human_review,,,0.00,no_labeling_function_matched,{},yes,,,,
1t41fip,Plumbing,2026-05-05T01:40:19+00:00,Leak behind toilet,"Recently moved in, just found this leak behind the toilet.. splashes back every time I flush. Is this a simple fix? Should I caulk it? Or call a plumber? Thank you","Leak behind toilet Recently moved in, just found this leak behind the toilet.. splashes back every time I flush. Is this a simple fix? Should I caulk it? Or call a plumber? Thank you",https://www.reddit.com/r/Plumbing/comments/1t41fip/leak_behind_toilet/,13,43,https://v.redd.it/fv3dh2iy38zg1,caulk,needs_review_medium_signal,,needs_human_review,,medium_risk_call_pro,0.67,contained_water_damage:\bleak(?:s|ing|ed)?\b; cosmetic_or_minor_finish:\bcaulk(?:ing)?\b,"{""low_risk_diy"": 2.2, ""medium_risk_call_pro"": 2.0}",yes,,,,
17o3pmo,HomeImprovement,2023-11-05T03:52:20+00:00,"I used Great Stuff spray foam in a closed space, looking for advice",So I may have used several cans of Great Stuff gaps and cracks expanding insulating foam in a closed space before I actually read the warnings to not do so. I’m not so much worried about the expansion damaging anything as it’s in the corners of a finished shed made by two by fours and they have not moved at all. What I’m worried about is the offgassing of uncured foam. Right now it’s been a few days and the room smells like chemicals still even through the drywall. Do I have any hope of the smell getting better? How long do you guys think this will off gas in that space? Yes I know I’m dumb for putting Sprayfoam in there but looking for any advice you guys may have now that it’s done.,"I used Great Stuff spray foam in a closed space, looking for advice So I may have used several cans of Great Stuff gaps and cracks expanding insulating foam in a closed space before I actually read the warnings to not do so. I’m not so much worried about the expansion damaging anything as it’s in the corners of a finished shed made by two by fours and they have not moved at all. What I’m worried about is the offgassing of uncured foam. Right now it’s been a few days and the room smells like chemicals still even through the drywall. Do I have any hope of the smell getting better? How long do you guys think this will off gas in that space? Yes I know I’m dumb for putting Sprayfoam in there but looking for any advice you guys may have now that it’s done.",https://www.reddit.com/r/HomeImprovement/comments/17o3pmo/i_used_great_stuff_spray_foam_in_a_closed_space/,1,3,https://www.reddit.com/r/HomeImprovement/comments/17o3pmo/i_used_great_stuff_spray_foam_in_a_closed_space/,gas smell,needs_review_unclear,,needs_human_review,,,0.00,no_labeling_function_matched,{},yes,,,,
1seekwb,Plumbing,2026-04-06T23:02:00+00:00,Water Spraying out of Caulking,"Just moved into this apartment, 2nd floor. I noticed that water would be coming out the bottom of the tub spout. I noticed the water spraying out of the caulking today. Is there a leak behind the wall? From what I know, the unit below me is vacant. Also some water coming out the back of the shower head. Also, how do I change the temperature on this shower?","Water Spraying out of Caulking Just moved into this apartment, 2nd floor. I noticed that water would be coming out the bottom of the tub spout. I noticed the water spraying out of the caulking today. Is there a leak behind the wall? From what I know, the unit below me is vacant. Also some water coming out the back of the shower head. Also, how do I change the temperature on this shower?",https://www.reddit.com/r/Plumbing/comments/1seekwb/water_spraying_out_of_caulking/,1386,271,https://v.redd.it/yjl00k65intg1,caulk,needs_review_medium_signal,,needs_human_review,,medium_risk_call_pro,0.67,contained_water_damage:\bleak(?:s|ing|ed)?\b; cosmetic_or_minor_finish:\bcaulk(?:ing)?\b,"{""low_risk_diy"": 2.2, ""medium_risk_call_pro"": 2.0}",yes,,,,
1sclvx0,Plumbing,2026-04-04T21:53:22+00:00,Name of flush valve gasket/general leaking toilet advice,"Howdy everyone, 3 questions and then some backstory: 1) What is this gasket called? It's a 3inch gasket that goes between the flush mechanism and the tank (it's not the tank to bowl gasket) 2) Is it worth it to replace this gasket or would I be better off buying a whole new flush valve assembly/kit? 3) Would I be better off trying to caulk the hell out of the gasket to prevent the leaking since I already have caulk? So basically I initially replaced the screw fastener thingies that hold the tank in place to the bowl because it looked like the water was leaking from the left one. Turns out it was coming from higher up and just happened to be dripping from there. After replacement, I bought a new tank to bowl gasket thinking that was what was leaking. Nope. Might return it, but my old tank to bowl gasket was crusty and old anyway so I might keep it. Now I find myself in this situation where I can't find what this part is even called so I can't simply buy a replacement. I just need advice, thanks y'all.","Name of flush valve gasket/general leaking toilet advice Howdy everyone, 3 questions and then some backstory: 1) What is this gasket called? It's a 3inch gasket that goes between the flush mechanism and the tank (it's not the tank to bowl gasket) 2) Is it worth it to replace this gasket or would I be better off buying a whole new flush valve assembly/kit? 3) Would I be better off trying to caulk the hell out of the gasket to prevent the leaking since I already have caulk? So basically I initially replaced the screw fastener thingies that hold the tank in place to the bowl because it looked like the water was leaking from the left one. Turns out it was coming from higher up and just happened to be dripping from there. After replacement, I bought a new tank to bowl gasket thinking that was what was leaking. Nope. Might return it, but my old tank to bowl gasket was crusty and old anyway so I might keep it. Now I find myself in this situation where I can't find what this part is even called so I can't simply buy a replacement. I just need advice, thanks y'all.",https://www.reddit.com/r/Plumbing/comments/1sclvx0/name_of_flush_valve_gasketgeneral_leaking_toilet/,1,2,https://www.reddit.com/gallery/1sclvx0,caulk,needs_review_medium_signal,,needs_human_review,,medium_risk_call_pro,0.67,contained_water_damage:\bleak(?:s|ing|ed)?\b; cosmetic_or_minor_finish:\bcaulk(?:ing)?\b,"{""low_risk_diy"": 2.2, ""medium_risk_call_pro"": 2.0}",yes,,,,
13m8fje,askanelectrician,2023-05-19T21:32:57+00:00,Mower Electrical Issue,The PTO on my mower went out so I pulled the control panel and these two black wires came out of the plug. Some little pieces (pin connectors?) fell out as well but I can't find them. What do I need to do? Can I buy little pins to crimp on the wires and push them back in?,Mower Electrical Issue The PTO on my mower went out so I pulled the control panel and these two black wires came out of the plug. Some little pieces (pin connectors?) fell out as well but I can't find them. What do I need to do? Can I buy little pins to crimp on the wires and push them back in?,https://www.reddit.com/r/askanelectrician/comments/13m8fje/mower_electrical_issue/,0,6,https://i.redd.it/cujbichdew0b1.jpg,electrical issue,needs_review_unclear,,needs_human_review,,,0.00,no_labeling_function_matched,{},yes,,,,
1t6b3fe,DIY,2026-05-07T13:48:23+00:00,Plumber's putty or silicone caulk to plug leak under faucet gasket?,"When water pools around the faucet on the kitchen sink, water seeps through and drips down. After a few attempts and little success, I changed the faucet and still, there's a leak. My only explanation is that the sink is warped and the gasket doesn't sit flush with the sink. Same problem with the little hand faucet. What's my best course of action? I want to try a little bit of plumber's putty under the gasket or a little bit of silicon caulk, but in my experience, adding glue to a problem isn't always a good idea.","Plumber's putty or silicone caulk to plug leak under faucet gasket? When water pools around the faucet on the kitchen sink, water seeps through and drips down. After a few attempts and little success, I changed the faucet and still, there's a leak. My only explanation is that the sink is warped and the gasket doesn't sit flush with the sink. Same problem with the little hand faucet. What's my best course of action? I want to try a little bit of plumber's putty under the gasket or a little bit of silicon caulk, but in my experience, adding glue to a problem isn't always a good idea.",https://www.reddit.com/r/DIY/comments/1t6b3fe/plumbers_putty_or_silicone_caulk_to_plug_leak/,1,21,https://www.reddit.com/r/DIY/comments/1t6b3fe/plumbers_putty_or_silicone_caulk_to_plug_leak/,water leak,needs_review_medium_signal,,needs_human_review,,medium_risk_call_pro,0.67,contained_water_damage:\bleak(?:s|ing|ed)?\b; cosmetic_or_minor_finish:\bcaulk(?:ing)?\b,"{""low_risk_diy"": 2.2, ""medium_risk_call_pro"": 2.0}",yes,,,,
1bbjva9,DIY,2024-03-10T20:16:21+00:00,Water leaked from our laundry room (left) to our garage (right) leading us to discover a gap. Neither wall has trim. I assume we are loosing a lot of heat and cold through this gap. What is the best way to insulate this?,,Water leaked from our laundry room (left) to our garage (right) leading us to discover a gap. Neither wall has trim. I assume we are loosing a lot of heat and cold through this gap. What is the best way to insulate this?,https://www.reddit.com/r/DIY/comments/1bbjva9/water_leaked_from_our_laundry_room_left_to_our/,1,2,https://i.redd.it/ljj9jtaleknc1.jpeg,loose trim,needs_review_low_signal,,needs_human_review,,medium_risk_call_pro,0.67,contained_water_damage:\bleak(?:s|ing|ed)?\b; cosmetic_or_minor_finish:\btrim\b,"{""low_risk_diy"": 2.2, ""medium_risk_call_pro"": 2.0}",yes,,,,
12ws6h3,askanelectrician,2023-04-23T22:11:30+00:00,Reading on the drop and bonding wires.,"Early April the electric company was FINALLY able to come over and finish our upgrade from a 65amp to a 200amp (it only took them over a year). The work they had done was strictly outside. Lately our internet has been wonky (cutting out, losing connection). I finally got around to calling our servicer and they sent someone out on Tuesday to look at the problem. The guy said he fixed the issue and we shouldn’t have anymore problems but to contact them if we did. We had maaaaybe one good day (I’m being generous) but tacked up the crudy connection to the weather so I waited till Friday to contact the servicer. On Friday, the servicer was able to run some tests as I was contacting them via messaging and as able to give them specific times when the connection was slow or disconnected. Through those tests, they concluded the “issue is based on the signal that are (sic) coming into your home.” Ok, fine, send another technician out. So the technician arrived today and I told him what’s been going on and for the life of me, I have no idea why the upgrade to our box came up, but told him about it. He went outside for a bit then came back and checked the inside. He came back and said he can’t fix the problem as it was “unsafe conditions because there was .75 amps on the drop and bonding wire” (copied from the technicians notes) and that we should hire an electrician to come and fix the issue. Questions: *Is this something the electrical company could have done when they were finishing the upgrade? -If not, what could have caused the positive reading? *Could it have been the other technician from our servicer (the guy from Tuesday was only inside)?","Reading on the drop and bonding wires. Early April the electric company was FINALLY able to come over and finish our upgrade from a 65amp to a 200amp (it only took them over a year). The work they had done was strictly outside. Lately our internet has been wonky (cutting out, losing connection). I finally got around to calling our servicer and they sent someone out on Tuesday to look at the problem. The guy said he fixed the issue and we shouldn’t have anymore problems but to contact them if we did. We had maaaaybe one good day (I’m being generous) but tacked up the crudy connection to the weather so I waited till Friday to contact the servicer. On Friday, the servicer was able to run some tests as I was contacting them via messaging and as able to give them specific times when the connection was slow or disconnected. Through those tests, they concluded the “issue is based on the signal that are (sic) coming into your home.” Ok, fine, send another technician out. So the technician arrived today and I told him what’s been going on and for the life of me, I have no idea why the upgrade to our box came up, but told him about it. He went outside for a bit then came back and checked the inside. He came back and said he can’t fix the problem as it was “unsafe conditions because there was .75 amps on the drop and bonding wire” (copied from the technicians notes) and that we should hire an electrician to come and fix the issue. Questions: *Is this something the electrical company could have done when they were finishing the upgrade? -If not, what could have caused the positive reading? *Could it have been the other technician from our servicer (the guy from Tuesday was only inside)?",https://www.reddit.com/r/askanelectrician/comments/12ws6h3/reading_on_the_drop_and_bonding_wires/,2,4,https://www.reddit.com/r/askanelectrician/comments/12ws6h3/reading_on_the_drop_and_bonding_wires/,electrical issue,needs_review_unclear,,needs_human_review,,,0.00,no_labeling_function_matched,{},yes,,,,
133yxwg,askanelectrician,2023-04-30T18:15:49+00:00,"Flickering of ""cheap"" led lights when washer, dryer, etc. are running","Recently, I have noticed that the ""cheap"" Sunco dimmable recessed lights installed throughout the home tend to flicker when running the washer or dryer. Sometimes when the refrigerator, chest freezer or dehumidifier run, the Sunco leds flicker as well. In the bedrooms, I have Phillips dimmable recessed lights and those never perceivably flicker even when running the washer or dryer, nor when other things like the refrigerator, chest freezer or dehumidifier are running. To isolate the problem I have tried turning off individual breakers until the problem stops, but the flickering starts back up when an appliance on another circuit starts running. When taking voltage measurements using a multimeter when the flickering occurs, I noticed minor fluctuations between 0.1-0.3 volts. When the load that is causing the flickering to occur is stopped (i.e. turning off the washer or dryer, unplugging the chest freezer, etc.) the voltage fluctuations stop and the flickering goes away. Each of the appliances are on separate dedicated circuits from the the led lights. Only the washer and dryer share the same circuit. There is a 100 amp service coming into my home, and have a Sense (installed by an electrician) that lets me monitor how much wattage is being used at any point in the day. I have noticed that even when less than 2000 watts (measured by the sense) that the flickering issue occurs. Is there something that I can do that will eliminate the flickering problem with the Sunco leds? Or the minor voltage fluctuations that cause the flickering when certain appliances are running? Is the problem the low quality Sunco leds, and swaping them out with leds from a quality brand the right way to solve this? Or is the minor voltage fluctuation/Sunco led flickering a sign of an underlying electrical issue that needs to get addressed by an electrician?","Flickering of ""cheap"" led lights when washer, dryer, etc. are running Recently, I have noticed that the ""cheap"" Sunco dimmable recessed lights installed throughout the home tend to flicker when running the washer or dryer. Sometimes when the refrigerator, chest freezer or dehumidifier run, the Sunco leds flicker as well. In the bedrooms, I have Phillips dimmable recessed lights and those never perceivably flicker even when running the washer or dryer, nor when other things like the refrigerator, chest freezer or dehumidifier are running. To isolate the problem I have tried turning off individual breakers until the problem stops, but the flickering starts back up when an appliance on another circuit starts running. When taking voltage measurements using a multimeter when the flickering occurs, I noticed minor fluctuations between 0.1-0.3 volts. When the load that is causing the flickering to occur is stopped (i.e. turning off the washer or dryer, unplugging the chest freezer, etc.) the voltage fluctuations stop and the flickering goes away. Each of the appliances are on separate dedicated circuits from the the led lights. Only the washer and dryer share the same circuit. There is a 100 amp service coming into my home, and have a Sense (installed by an electrician) that lets me monitor how much wattage is being used at any point in the day. I have noticed that even when less than 2000 watts (measured by the sense) that the flickering issue occurs. Is there something that I can do that will eliminate the flickering problem with the Sunco leds? Or the minor voltage fluctuations that cause the flickering when certain appliances are running? Is the problem the low quality Sunco leds, and swaping them out with leds from a quality brand the right way to solve this? Or is the minor voltage fluctuation/Sunco led flickering a sign of an underlying electrical issue that needs to get addressed by an electrician?",https://www.reddit.com/r/askanelectrician/comments/133yxwg/flickering_of_cheap_led_lights_when_washer_dryer/,1,0,https://www.reddit.com/r/askanelectrician/comments/133yxwg/flickering_of_cheap_led_lights_when_washer_dryer/,electrical issue,needs_review_unclear,,needs_human_review,,,0.00,no_labeling_function_matched,{},yes,,,,
1tgak8x,Plumbing,2026-05-18T03:25:54+00:00,Please help - leak underneath kitchen sink but seems to be coming from side of cabinet?,I’m actually so confused. It seems there’s water dripping from the actual side of the cupboard itself like somehow being soaked into the mdf material. Working on getting a plumber in to check it out but for the folks here - has anyone seen this before? Cana dishwasher leak through the sides like this? Or is this coming from improper caulking around the sink and the water just soaking into the cupboard? Very confused,Please help - leak underneath kitchen sink but seems to be coming from side of cabinet? I’m actually so confused. It seems there’s water dripping from the actual side of the cupboard itself like somehow being soaked into the mdf material. Working on getting a plumber in to check it out but for the folks here - has anyone seen this before? Cana dishwasher leak through the sides like this? Or is this coming from improper caulking around the sink and the water just soaking into the cupboard? Very confused,https://www.reddit.com/r/Plumbing/comments/1tgak8x/please_help_leak_underneath_kitchen_sink_but/,1,32,https://v.redd.it/gb7ftqjfet1h1,caulk,needs_review_medium_signal,,needs_human_review,,medium_risk_call_pro,0.67,contained_water_damage:\bleak(?:s|ing|ed)?\b; cosmetic_or_minor_finish:\bcaulk(?:ing)?\b,"{""low_risk_diy"": 2.2, ""medium_risk_call_pro"": 2.0}",yes,,,,
1sx231q,HomeImprovement,2026-04-27T12:23:34+00:00,ACETONE coming from somewhere,"Good morning. I was wondering if anybody out there might have any ideas about what is going on with my house. For the last two days, there has been a very, very strong odor of ACETONE in the house. It seems to be coming from the garage. We store old paints and solvents in the garage, but nothing seems to have leaked, and lids are on tight. I googled the problem, and Google said that we might have a leak in the HVAC. So yesterday, I turned off the HVAC system. Even after airing out the garage for several hours, within a few minutes of closing the garage doors, the garage once again smelled very strongly of acetone. So, maybe not the HVAC. Last night, we slept with the HVAC off (just in case) and the windows open. But the acetone smell is still strong in the house, even though it does seem to be emanating from the garage. Does anybody have any idea as to what could be causing this? I do not even know who to call to fix the problem. A plumber? An HVAC technician? Someone else? If anyone has any ideas, I would be very, very grateful. Many thanks. UPDATE: Last Fall we converted to a tankless water heater. The conduit removing fumes to the outside of the house was not properly capped; in fact, it was merely taped. To make matters worse, it is connected to the same conduit used by the HVAC unit, in a t-joint. The proper solution would have been to cap off the severed conduit properly, or better still, replace the shared t-joint with a non-jointed conduit serving just the HVAC unit. The plumber who did the tankless water heater refused to come back and do the job properly. I will deal with him later. I have contracted with an HVAC company to come and do the job properly. It will cost me close to $1000, and I am p\*ssed about it. First-off, the improperly sealed conduit could have killed us all. The carbon monoxide detector inside the house close to the garage door kept sounding, so I also had that checked for the source of the carbon monoxide. Everything pointed back to the taped-up conduit done by the plumber when they removed our gas water heater and installed the tankless one. Any plumbers out there with any insights into this? The plumbing company said that it was not their job to have sealed the conduit. I disagree, but it would help me to know if - other than the fact that it might have killed us! - what their professional and ethical obligation was with respect to the removal of the gas water heater and replacement tankless one. Many thanks already for the previous advice. New insights would be greatly appreciated.","ACETONE coming from somewhere Good morning. I was wondering if anybody out there might have any ideas about what is going on with my house. For the last two days, there has been a very, very strong odor of ACETONE in the house. It seems to be coming from the garage. We store old paints and solvents in the garage, but nothing seems to have leaked, and lids are on tight. I googled the problem, and Google said that we might have a leak in the HVAC. So yesterday, I turned off the HVAC system. Even after airing out the garage for several hours, within a few minutes of closing the garage doors, the garage once again smelled very strongly of acetone. So, maybe not the HVAC. Last night, we slept with the HVAC off (just in case) and the windows open. But the acetone smell is still strong in the house, even though it does seem to be emanating from the garage. Does anybody have any idea as to what could be causing this? I do not even know who to call to fix the problem. A plumber? An HVAC technician? Someone else? If anyone has any ideas, I would be very, very grateful. Many thanks. UPDATE: Last Fall we converted to a tankless water heater. The conduit removing fumes to the outside of the house was not properly capped; in fact, it was merely taped. To make matters worse, it is connected to the same conduit used by the HVAC unit, in a t-joint. The proper solution would have been to cap off the severed conduit properly, or better still, replace the shared t-joint with a non-jointed conduit serving just the HVAC unit. The plumber who did the tankless water heater refused to come back and do the job properly. I will deal with him later. I have contracted with an HVAC company to come and do the job properly. It will cost me close to $1000, and I am p\*ssed about it. First-off, the improperly sealed conduit could have killed us all. The carbon monoxide detector inside the house close to the garage door kept sounding, so I also had that checked for the source of the carbon monoxide. Everything pointed back to the taped-up conduit done by the plumber when they removed our gas water heater and installed the tankless one. Any plumbers out there with any insights into this? The plumbing company said that it was not their job to have sealed the conduit. I disagree, but it would help me to know if - other than the fact that it might have killed us! - what their professional and ethical obligation was with respect to the removal of the gas water heater and replacement tankless one. Many thanks already for the previous advice. New insights would be greatly appreciated.",https://www.reddit.com/r/HomeImprovement/comments/1sx231q/acetone_coming_from_somewhere/,8,45,https://www.reddit.com/r/HomeImprovement/comments/1sx231q/acetone_coming_from_somewhere/,gas smell,needs_review_urgent_signal,,needs_human_review,,urgent_safety_risk,0.87,gas_or_carbon_monoxide:\bcarbon monoxide\b; contained_water_damage:\bleak(?:s|ing|ed)?\b; trade_system_issue:\bwater heater\b,"{""medium_risk_call_pro"": 4.0, ""urgent_safety_risk"": 4.0}",yes,,,,
1tjvwbb,HomeMaintenance,2026-05-21T19:53:32+00:00,Basement Waterproofing Quote Seems High,"I live in the northeast and need to waterproof my basement before finishing it due to previous water issues from before I moved in. The basement is 110 linear feet around the perimeter. Is this quote for French Drain, Sump Pump and Vapor Barrier reasonable? It seems very high to me. Quotes on the internet are all over the place so I'd love for someone to tell me if this is in the right range or too high. Thanks. https://preview.redd.it/vx4wgrghpj2h1.png?width=1068&format=png&auto=webp&s=eb49ffcca13b6d6a77b286ca132ecd8a6b43e05b","Basement Waterproofing Quote Seems High I live in the northeast and need to waterproof my basement before finishing it due to previous water issues from before I moved in. The basement is 110 linear feet around the perimeter. Is this quote for French Drain, Sump Pump and Vapor Barrier reasonable? It seems very high to me. Quotes on the internet are all over the place so I'd love for someone to tell me if this is in the right range or too high. Thanks. https://preview.redd.it/vx4wgrghpj2h1.png?width=1068&format=png&auto=webp&s=eb49ffcca13b6d6a77b286ca132ecd8a6b43e05b",https://www.reddit.com/r/HomeMaintenance/comments/1tjvwbb/basement_waterproofing_quote_seems_high/,2,9,https://www.reddit.com/r/HomeMaintenance/comments/1tjvwbb/basement_waterproofing_quote_seems_high/,mold,needs_review_unclear,,needs_human_review,,,0.00,no_labeling_function_matched,{},yes,,,,
12thk7a,askanelectrician,2023-04-20T22:35:14+00:00,Widening or shrinking EMT?,"Not specifically an electrical question but figured this group might be able to help. Some of the galvanized steel support poles that hold up the netting on our trampoline recently broke from some heavy winds and I noticed they are almost the same diameter as 3/4"" EMT which I have a bender for so I was thinking I could make a replacement with EMT. The issue is the 3/4"" EMT has a slightly smaller ID so it doesn't quite fit over the lower half of the support on the trampoline. The EMT is about 3/32"" smaller ID. Are there any tools to widen EMT a little bit or is there a tool I could use on the lower support to shrink the OD?","Widening or shrinking EMT? Not specifically an electrical question but figured this group might be able to help. Some of the galvanized steel support poles that hold up the netting on our trampoline recently broke from some heavy winds and I noticed they are almost the same diameter as 3/4"" EMT which I have a bender for so I was thinking I could make a replacement with EMT. The issue is the 3/4"" EMT has a slightly smaller ID so it doesn't quite fit over the lower half of the support on the trampoline. The EMT is about 3/32"" smaller ID. Are there any tools to widen EMT a little bit or is there a tool I could use on the lower support to shrink the OD?",https://www.reddit.com/r/askanelectrician/comments/12thk7a/widening_or_shrinking_emt/,0,4,https://www.reddit.com/r/askanelectrician/comments/12thk7a/widening_or_shrinking_emt/,electrical issue,needs_review_unclear,,needs_human_review,,,0.00,no_labeling_function_matched,{},yes,,,,
1sez3pw,Plumbing,2026-04-07T15:23:18+00:00,Grout or caulk in cracks between shower wall/floor?,"I have two of these small cracks/gaps in the grout of my shower that I would like to fix, worried water may be leaking through. Is it best to caulk this with silicone? Or something else? I’ve owned the house for about a year so don’t know the full history of what was done to this shower","Grout or caulk in cracks between shower wall/floor? I have two of these small cracks/gaps in the grout of my shower that I would like to fix, worried water may be leaking through. Is it best to caulk this with silicone? Or something else? I’ve owned the house for about a year so don’t know the full history of what was done to this shower",https://www.reddit.com/r/Plumbing/comments/1sez3pw/grout_or_caulk_in_cracks_between_shower_wallfloor/,1,2,https://i.redd.it/f1hv5sl9dstg1.jpeg,caulk,needs_review_medium_signal,,needs_human_review,,medium_risk_call_pro,0.67,contained_water_damage:\bleak(?:s|ing|ed)?\b; cosmetic_or_minor_finish:\bcaulk(?:ing)?\b,"{""low_risk_diy"": 2.2, ""medium_risk_call_pro"": 2.0}",yes,,,,
1e3bao0,DIY,2024-07-14T19:53:07+00:00,Help with repair of window trim and stucco repair,https://preview.redd.it/ktlpsgnggjcd1.jpg?width=5712&format=pjpg&auto=webp&s=717b921c539802acdff9e28435f5cbcd624c90c2 I was planning to replace a piece of soft trim around a window and after removing it I found that the stucco under it was cracked and loose. I removed the loose pieces. The wood underneath appears to have had water damage in the past but feels dry now. What is the best way to repair? I was considering getting a container of the stucco patch material and then adding the new trim over that. Do I need to do a more extensive repair?,Help with repair of window trim and stucco repair https://preview.redd.it/ktlpsgnggjcd1.jpg?width=5712&format=pjpg&auto=webp&s=717b921c539802acdff9e28435f5cbcd624c90c2 I was planning to replace a piece of soft trim around a window and after removing it I found that the stucco under it was cracked and loose. I removed the loose pieces. The wood underneath appears to have had water damage in the past but feels dry now. What is the best way to repair? I was considering getting a container of the stucco patch material and then adding the new trim over that. Do I need to do a more extensive repair?,https://www.reddit.com/r/DIY/comments/1e3bao0/help_with_repair_of_window_trim_and_stucco_repair/,1,3,https://www.reddit.com/r/DIY/comments/1e3bao0/help_with_repair_of_window_trim_and_stucco_repair/,loose trim,needs_review_medium_signal,,needs_human_review,,medium_risk_call_pro,0.67,contained_water_damage:\bwater damage(?:d)?\b; cosmetic_or_minor_finish:\btrim\b,"{""low_risk_diy"": 2.2, ""medium_risk_call_pro"": 2.0}",yes,,,,
1tinkwz,HomeMaintenance,2026-05-20T14:35:27+00:00,Was this paint blister caused by moisture or a bad drywall patch?,"I noticed a paint blister on this wall (exterior) and peeled it off to see what the wall looked like behind it. Directly under the paint blister was this little bump in the drywall, so I’m wondering if this is just a case of a bad drywall patch causing the paint to not adhere. We had some work done about a year ago, the outlet in the top left corner of the photo wasn’t originally here, and somewhere around here there was a wall that was taken out, so I’m hoping just a bad patch job and not moisture.","Was this paint blister caused by moisture or a bad drywall patch? I noticed a paint blister on this wall (exterior) and peeled it off to see what the wall looked like behind it. Directly under the paint blister was this little bump in the drywall, so I’m wondering if this is just a case of a bad drywall patch causing the paint to not adhere. We had some work done about a year ago, the outlet in the top left corner of the photo wasn’t originally here, and somewhere around here there was a wall that was taken out, so I’m hoping just a bad patch job and not moisture.",https://www.reddit.com/r/HomeMaintenance/comments/1tinkwz/was_this_paint_blister_caused_by_moisture_or_a/,1,4,https://i.redd.it/en60zd6xza2h1.jpeg,paint peeling,needs_review_medium_signal,,needs_human_review,,medium_risk_call_pro,0.67,trade_system_issue:\boutlets?\b; cosmetic_or_minor_finish:\bpaint(?:ing|ed)?\b,"{""low_risk_diy"": 2.2, ""medium_risk_call_pro"": 2.0}",yes,,,,
