reddit_id,subreddit,created_utc,title,selftext,text,permalink,score,num_comments,url,source_query,review_hint,label,label_status,label_notes,auto_label,auto_label_confidence,auto_label_reason,auto_label_scores,needs_human_review,label_source
1sx5wty,Plumbing,2026-04-27T14:48:36+00:00,what dap to use in bathroom counters?,"Hey everyone, new owner here. Builder put one of those giant contractor grade mirrors in the bathroom (the shitty ones). So I pulled it off and found that they didn't caulk between the wall and the quartz counter. There is some caulking but its kind of odd to me. Its hard, not springy or spongy like normal silicone. Had to use a sharp utility knife to clean up some of the edges. Hopefully the pictures show what they used. https://imgur.com/a/RB2wGW8 Any ideas are greatly appreciated. Thanks","what dap to use in bathroom counters? Hey everyone, new owner here. Builder put one of those giant contractor grade mirrors in the bathroom (the shitty ones). So I pulled it off and found that they didn't caulk between the wall and the quartz counter. There is some caulking but its kind of odd to me. Its hard, not springy or spongy like normal silicone. Had to use a sharp utility knife to clean up some of the edges. Hopefully the pictures show what they used. https://imgur.com/a/RB2wGW8 Any ideas are greatly appreciated. Thanks",https://www.reddit.com/r/Plumbing/comments/1sx5wty/what_dap_to_use_in_bathroom_counters/,1,2,https://www.reddit.com/r/Plumbing/comments/1sx5wty/what_dap_to_use_in_bathroom_counters/,caulk,needs_review_low_signal,low_risk_diy,weak_labeled,,low_risk_diy,0.82,cosmetic_or_minor_finish:\bcaulk(?:ing)?\b,"{""low_risk_diy"": 2.2}",no,weak_supervision
1t8opz7,Plumbing,2026-05-09T22:13:35+00:00,How do you guys attach replacement hose bibs?,Just curious to see what the different methods are in different areas. These $25 backer plates made by “black swan” are the best solution I could find in my area Side note - that’s clear exterior caulk. Applies white and dries clear,How do you guys attach replacement hose bibs? Just curious to see what the different methods are in different areas. These $25 backer plates made by “black swan” are the best solution I could find in my area Side note - that’s clear exterior caulk. Applies white and dries clear,https://www.reddit.com/r/Plumbing/comments/1t8opz7/how_do_you_guys_attach_replacement_hose_bibs/,27,22,https://i.redd.it/0s6i5stmr60h1.jpeg,caulk,needs_review_low_signal,low_risk_diy,weak_labeled,,low_risk_diy,0.82,cosmetic_or_minor_finish:\bcaulk(?:ing)?\b,"{""low_risk_diy"": 2.2}",no,weak_supervision
1s7bjgw,Plumbing,2026-03-30T00:16:43+00:00,Pedestal Sinks & Caulking,Removed ugly caulk along top of a pedestal sink — do i need to recaulk after painting? Add a backsplash? Bond to the wall? I have no idea,Pedestal Sinks & Caulking Removed ugly caulk along top of a pedestal sink — do i need to recaulk after painting? Add a backsplash? Bond to the wall? I have no idea,https://www.reddit.com/r/Plumbing/comments/1s7bjgw/pedestal_sinks_caulking/,1,2,https://www.reddit.com/r/Plumbing/comments/1s7bjgw/pedestal_sinks_caulking/,caulk,needs_review_low_signal,low_risk_diy,weak_labeled,,low_risk_diy,0.82,cosmetic_or_minor_finish:\bpaint(?:ing|ed)?\b,"{""low_risk_diy"": 2.2}",no,weak_supervision
1i2mh8x,DIY,2025-01-16T11:02:09+00:00,Basement refresh,"Took vacation this week and decided to spruce up the basement. Pulled drop celing painted all that, walls, cabinets and vinal plank. Hopefully have it wrapped up by mlk day. Gotta finish with trim and a few other loose ends. Pretty happy so far.","Basement refresh Took vacation this week and decided to spruce up the basement. Pulled drop celing painted all that, walls, cabinets and vinal plank. Hopefully have it wrapped up by mlk day. Gotta finish with trim and a few other loose ends. Pretty happy so far.",https://www.reddit.com/r/DIY/comments/1i2mh8x/basement_refresh/,27,15,https://www.reddit.com/gallery/1i2mh8x,loose trim,needs_review_low_signal,low_risk_diy,weak_labeled,,low_risk_diy,0.82,cosmetic_or_minor_finish:\bpaint(?:ing|ed)?\b,"{""low_risk_diy"": 2.2}",no,weak_supervision
1tie9xu,HomeMaintenance,2026-05-20T07:24:19+00:00,Paint peeling and impenetrable wall,"So, 2 issues. Picture 1: The paints peeling off the wall common to my room and bedroom since forever. It's also in other places not connected to the bathroom but it's much more noticeable here. How can I fix this. Ps. Try to make it as budget friendly as possible and refer to Indian brands if you can. Picture 2: So, I was trying to drill a few holes into my wall to hang up a curtain when the drill would not go past a certain point. Almost as if there was an impenetrable wall there. My guess was it was rebar and I did catch a glimpse of something like that when a huge chunk of the wall fell off. But then when I drilled a bit lower in order to avoid it, I still hit something. Few things I wanna know is, what could it be? How can I know when to stop drilling? Also, how can I fix this void where the wall fell off from. Thanks in advance","Paint peeling and impenetrable wall So, 2 issues. Picture 1: The paints peeling off the wall common to my room and bedroom since forever. It's also in other places not connected to the bathroom but it's much more noticeable here. How can I fix this. Ps. Try to make it as budget friendly as possible and refer to Indian brands if you can. Picture 2: So, I was trying to drill a few holes into my wall to hang up a curtain when the drill would not go past a certain point. Almost as if there was an impenetrable wall there. My guess was it was rebar and I did catch a glimpse of something like that when a huge chunk of the wall fell off. But then when I drilled a bit lower in order to avoid it, I still hit something. Few things I wanna know is, what could it be? How can I know when to stop drilling? Also, how can I fix this void where the wall fell off from. Thanks in advance",https://www.reddit.com/r/HomeMaintenance/comments/1tie9xu/paint_peeling_and_impenetrable_wall/,1,4,https://www.reddit.com/gallery/1tie9xu,paint peeling,needs_review_low_signal,low_risk_diy,weak_labeled,,low_risk_diy,0.82,cosmetic_or_minor_finish:\bpaint(?:ing|ed)?\b,"{""low_risk_diy"": 2.2}",no,weak_supervision
1ddxw91,DIY,2024-06-12T04:16:30+00:00,Replacing ancient patio ceiling fan on stucco,"I went to my friend’s house today to swap two old, 1980’s original (not working) ceiling fans on the balcony. These are huge. It took some tinkering, but I finally got through the first one to the point I could see something that looked almost familiar - this hanging plate. Two machine screws went through the slots (nearest to the center) and into the ceiling box. The rest of this thing suspended the massive canopy and the rest of the tank-like fixture. I didn’t think much about it other than “wow it’s big”. Once I got the harbor breeze mount, canopy, and motor up there I ran into the stucco. The stucco was slapped on with huge swirls and it can cut you. It also is underneath the area that the canopy covers, and prevents me from attaching the canopy to the mount. Even worse, the stucco crunches away and makes the thing loose, again and again. This big ol’ plate had enough surface area to distribute the weight over the stucco, and get a good grip between the stucco of the ceiling and the recessed box. The harbour breeze has a dinky canopy with a sharp edge. I took another look at this plate and started searching. “Maybe this is a standard item, and can be found in other sizes”, I thought. Google searches like “Ceiling fan stucco plate”, stucco plate, how to mount ceiling fans on stucco ceiling, ceiling fan mounting plates, and tons of variations on this came up Nada. Hoping to get the actual name of something like this, I did the google image search and found tons of interesting door and auto parts, but nothing about ceiling fans. I’m starting to believe that this was made for that specific fan and isn’t a normal thing. I see two ways around this, both with questions and potential problems, and I’m hoping to gain some wisdom and tricks that might save the day. First, I could buy a new cutting wheel for my grinder and trim the plate around the center curves to match the new canopy. My grinder stills are light years behind those geniuses on custom car shows; it would be a butcher job. Also in removing the sides, I loose surface area and it might not be enough. Would it be enough to keep the mount firm? Second, I can chip out the stucco underneath the new canopy (and a bit more, so the canopy can fit over the mounting bracket). My worry there is, the mount would be clinched tight to the ceiling box at that point; would it be enough to keep it firm? Also this would create a big mess. Would cutting a big hole around the ceiling box be bad in any way for the house? What’s the best way to trim through a bunch of stucco and the wire? IMHO this is a prime example of “simple does not equal easy”.","Replacing ancient patio ceiling fan on stucco I went to my friend’s house today to swap two old, 1980’s original (not working) ceiling fans on the balcony. These are huge. It took some tinkering, but I finally got through the first one to the point I could see something that looked almost familiar - this hanging plate. Two machine screws went through the slots (nearest to the center) and into the ceiling box. The rest of this thing suspended the massive canopy and the rest of the tank-like fixture. I didn’t think much about it other than “wow it’s big”. Once I got the harbor breeze mount, canopy, and motor up there I ran into the stucco. The stucco was slapped on with huge swirls and it can cut you. It also is underneath the area that the canopy covers, and prevents me from attaching the canopy to the mount. Even worse, the stucco crunches away and makes the thing loose, again and again. This big ol’ plate had enough surface area to distribute the weight over the stucco, and get a good grip between the stucco of the ceiling and the recessed box. The harbour breeze has a dinky canopy with a sharp edge. I took another look at this plate and started searching. “Maybe this is a standard item, and can be found in other sizes”, I thought. Google searches like “Ceiling fan stucco plate”, stucco plate, how to mount ceiling fans on stucco ceiling, ceiling fan mounting plates, and tons of variations on this came up Nada. Hoping to get the actual name of something like this, I did the google image search and found tons of interesting door and auto parts, but nothing about ceiling fans. I’m starting to believe that this was made for that specific fan and isn’t a normal thing. I see two ways around this, both with questions and potential problems, and I’m hoping to gain some wisdom and tricks that might save the day. First, I could buy a new cutting wheel for my grinder and trim the plate around the center curves to match the new canopy. My grinder stills are light years behind those geniuses on custom car shows; it would be a butcher job. Also in removing the sides, I loose surface area and it might not be enough. Would it be enough to keep the mount firm? Second, I can chip out the stucco underneath the new canopy (and a bit more, so the canopy can fit over the mounting bracket). My worry there is, the mount would be clinched tight to the ceiling box at that point; would it be enough to keep it firm? Also this would create a big mess. Would cutting a big hole around the ceiling box be bad in any way for the house? What’s the best way to trim through a bunch of stucco and the wire? IMHO this is a prime example of “simple does not equal easy”.",https://www.reddit.com/r/DIY/comments/1ddxw91/replacing_ancient_patio_ceiling_fan_on_stucco/,0,0,https://www.reddit.com/gallery/1ddxw91,loose trim,needs_review_low_signal,low_risk_diy,weak_labeled,,low_risk_diy,0.82,cosmetic_or_minor_finish:\btrim\b,"{""low_risk_diy"": 2.2}",no,weak_supervision
1tjzoor,Plumbing,2026-05-21T22:12:11+00:00,New sink flange stuck,"Hey i screwed up and put in the new drain with the wrong insert for a sink with an overflow. Took me no time to get this in but somehow, despite being hand tightened i cannot get the flange detached from the pipe below. Two questions 1. Any ideas to remove flange without breaking the sink. Trying to avoid breaking the flange/pipe but I'll do what is needed. 2. Can i just fill the overflow with caulk and call it a day?","New sink flange stuck Hey i screwed up and put in the new drain with the wrong insert for a sink with an overflow. Took me no time to get this in but somehow, despite being hand tightened i cannot get the flange detached from the pipe below. Two questions 1. Any ideas to remove flange without breaking the sink. Trying to avoid breaking the flange/pipe but I'll do what is needed. 2. Can i just fill the overflow with caulk and call it a day?",https://www.reddit.com/r/Plumbing/comments/1tjzoor/new_sink_flange_stuck/,1,15,https://www.reddit.com/gallery/1tjzoor,caulk,needs_review_low_signal,low_risk_diy,weak_labeled,,low_risk_diy,0.82,cosmetic_or_minor_finish:\bcaulk(?:ing)?\b,"{""low_risk_diy"": 2.2}",no,weak_supervision
1sh0gnj,Plumbing,2026-04-09T19:57:08+00:00,Tub spout gap,Installed a tub spout but it won’t sit flush against the tub wall. Good size gap to caulk. What’s the fix? Get an extended spout? Cut 1/4” off the copper pipe under the spout?,Tub spout gap Installed a tub spout but it won’t sit flush against the tub wall. Good size gap to caulk. What’s the fix? Get an extended spout? Cut 1/4” off the copper pipe under the spout?,https://www.reddit.com/r/Plumbing/comments/1sh0gnj/tub_spout_gap/,1,6,https://i.redd.it/qk67r6vxz7ug1.jpeg,caulk,needs_review_low_signal,low_risk_diy,weak_labeled,,low_risk_diy,0.82,cosmetic_or_minor_finish:\bcaulk(?:ing)?\b,"{""low_risk_diy"": 2.2}",no,weak_supervision
1sju4fo,DIY,2026-04-12T23:28:15+00:00,Help with kitchen cabinets,I'm needing help with my kitchen cabinets. They are old built ins from long before I purchased the house. A while back a family member wanted to paint our kitchen. We were ok with that. Picked out the colors and purchased the paint. I was not here for the removal of the cabinet doors. They were not kept in order nor labeled in any way. Hinges were discarded and new ones were purchased from overseas. Ya I know. Lol right. Well the cabinets got painted and hinges hung. But the doors do not match up. Some leave gaps and others don't fit right at all. All the doors are similar in size but not the same. The crappy hinges were hung and some doors don't shut with the hinges on at all. The hinges move like they should but cabinets will not close and or if they do close they leave gaps. The paint that was purchased originally was for cabinets. It didn't stick and peeled right off while trying to install cabinet doors. So family purchased other paint and it just looks terrible. Paint purchased from Lowes for about 50 to 55 bucks a gallon. Should be quality paint right? I've lived with some cabinet doors on and some off for about a year now waiting on family to fix their screw up. We'll its time for me to to fix their mistakes. Where do I start? Idk if the hinges from overseas are the issue or what. I know they slam like no other though. Please help. Thanks Edit.. I should add that the cabinet doors are supposed to be outside if the frame and into the opening. Ill have to take a picture tomorrow of it. Its something similar to a stair step.,Help with kitchen cabinets I'm needing help with my kitchen cabinets. They are old built ins from long before I purchased the house. A while back a family member wanted to paint our kitchen. We were ok with that. Picked out the colors and purchased the paint. I was not here for the removal of the cabinet doors. They were not kept in order nor labeled in any way. Hinges were discarded and new ones were purchased from overseas. Ya I know. Lol right. Well the cabinets got painted and hinges hung. But the doors do not match up. Some leave gaps and others don't fit right at all. All the doors are similar in size but not the same. The crappy hinges were hung and some doors don't shut with the hinges on at all. The hinges move like they should but cabinets will not close and or if they do close they leave gaps. The paint that was purchased originally was for cabinets. It didn't stick and peeled right off while trying to install cabinet doors. So family purchased other paint and it just looks terrible. Paint purchased from Lowes for about 50 to 55 bucks a gallon. Should be quality paint right? I've lived with some cabinet doors on and some off for about a year now waiting on family to fix their screw up. We'll its time for me to to fix their mistakes. Where do I start? Idk if the hinges from overseas are the issue or what. I know they slam like no other though. Please help. Thanks Edit.. I should add that the cabinet doors are supposed to be outside if the frame and into the opening. Ill have to take a picture tomorrow of it. Its something similar to a stair step.,https://www.reddit.com/r/DIY/comments/1sju4fo/help_with_kitchen_cabinets/,13,19,https://www.reddit.com/r/DIY/comments/1sju4fo/help_with_kitchen_cabinets/,paint peeling,needs_review_low_signal,low_risk_diy,weak_labeled,,low_risk_diy,0.82,cosmetic_or_minor_finish:\bpaint(?:ing|ed)?\b,"{""low_risk_diy"": 2.2}",no,weak_supervision
1tfzi82,HomeMaintenance,2026-05-17T19:38:43+00:00,Deck paint recommendations - need 2-3 years of life,"We intend to tear down our deck in 2-3 years to put up an extension or 3-season room. In the meantime, need to do something about the terrible chipped / worn away paint on our deck rails. Not sure the wife and I are up for the time investment to fully chip away and sand down the existing paint job. Particularly given how careful she’ll want to be to ensure no paint chips end up in the garden below. And with two kids under 5 running around. For a 2-3 year fix, could we go with a high-end exterior paint and just paint over the existing situation? (See photo). We’d pull up the most egregious old paint chips/flakes. I know it’s absolutely not the “right” answer, and isn’t a long term solve. Just trying to figure out if a quick job with the right paint could buy us a few years, or if it’ll be peeling off in 6 weeks. Thank you!","Deck paint recommendations - need 2-3 years of life We intend to tear down our deck in 2-3 years to put up an extension or 3-season room. In the meantime, need to do something about the terrible chipped / worn away paint on our deck rails. Not sure the wife and I are up for the time investment to fully chip away and sand down the existing paint job. Particularly given how careful she’ll want to be to ensure no paint chips end up in the garden below. And with two kids under 5 running around. For a 2-3 year fix, could we go with a high-end exterior paint and just paint over the existing situation? (See photo). We’d pull up the most egregious old paint chips/flakes. I know it’s absolutely not the “right” answer, and isn’t a long term solve. Just trying to figure out if a quick job with the right paint could buy us a few years, or if it’ll be peeling off in 6 weeks. Thank you!",https://www.reddit.com/r/HomeMaintenance/comments/1tfzi82/deck_paint_recommendations_need_23_years_of_life/,1,5,https://i.redd.it/sgmqqau93r1h1.jpeg,paint peeling,needs_review_low_signal,low_risk_diy,weak_labeled,,low_risk_diy,0.82,cosmetic_or_minor_finish:\bpaint(?:ing|ed)?\b,"{""low_risk_diy"": 2.2}",no,weak_supervision
1s3rt5f,Plumbing,2026-03-25T23:59:30+00:00,Hose bib hanging out from wall,"These are two different outdoor faucets. One hangs out a little farther than the other. What exactly can I buy to close the space between, especially on the longer one. Is my only option to just b it a spacer and then spray foam and caulk? I’m worried about these being free floating without a spacer and anything to screw into. Where would I find spacers for these?","Hose bib hanging out from wall These are two different outdoor faucets. One hangs out a little farther than the other. What exactly can I buy to close the space between, especially on the longer one. Is my only option to just b it a spacer and then spray foam and caulk? I’m worried about these being free floating without a spacer and anything to screw into. Where would I find spacers for these?",https://www.reddit.com/r/Plumbing/comments/1s3rt5f/hose_bib_hanging_out_from_wall/,2,9,https://www.reddit.com/gallery/1s3rt5f,caulk,needs_review_low_signal,low_risk_diy,weak_labeled,,low_risk_diy,0.82,cosmetic_or_minor_finish:\bcaulk(?:ing)?\b,"{""low_risk_diy"": 2.2}",no,weak_supervision
157ol7w,HomeMaintenance,2023-07-23T19:59:35+00:00,Loose pipe trim fittings,"Hi all, I was looking at sealing my house better and went to look under the sinks at the trim fittings where the pipe connects to the wall. The metal trim plate on most of the pipes are loose. In addition to being loose some of the holes extend past the fitting so bugs can crawl out. Was wondering if should caulk all the under sink and toilet trim fittings? I usually see the caulking done on the shower or when there is contact to water, so was wondering if this is OK to caulk things like the under sink trim fittings? There seems to be a way to tighten the fittings but would have to adjust the back of the trim, but since everything is installed not sure how to get around that?","Loose pipe trim fittings Hi all, I was looking at sealing my house better and went to look under the sinks at the trim fittings where the pipe connects to the wall. The metal trim plate on most of the pipes are loose. In addition to being loose some of the holes extend past the fitting so bugs can crawl out. Was wondering if should caulk all the under sink and toilet trim fittings? I usually see the caulking done on the shower or when there is contact to water, so was wondering if this is OK to caulk things like the under sink trim fittings? There seems to be a way to tighten the fittings but would have to adjust the back of the trim, but since everything is installed not sure how to get around that?",https://www.reddit.com/r/HomeMaintenance/comments/157ol7w/loose_pipe_trim_fittings/,1,0,https://www.reddit.com/r/HomeMaintenance/comments/157ol7w/loose_pipe_trim_fittings/,loose trim,needs_review_low_signal,low_risk_diy,weak_labeled,,low_risk_diy,0.82,cosmetic_or_minor_finish:\btrim\b,"{""low_risk_diy"": 2.2}",no,weak_supervision
1t9hj6z,Plumbing,2026-05-10T20:10:47+00:00,"Gap between escutcheon plate, and tub spout?",Hi all: New moen setup here. Have a small gap between escutcheon and tub spout (better on the closer pic). The copper out of the wall is not bottoming out (cut just under 2.5 inches) and I've done all of the pushing and catching the set screw seems to accomplish. My incling is that the copper out of the wall is canted just a bit? Thoughts? Clear caulk? Ignore?,"Gap between escutcheon plate, and tub spout? Hi all: New moen setup here. Have a small gap between escutcheon and tub spout (better on the closer pic). The copper out of the wall is not bottoming out (cut just under 2.5 inches) and I've done all of the pushing and catching the set screw seems to accomplish. My incling is that the copper out of the wall is canted just a bit? Thoughts? Clear caulk? Ignore?",https://www.reddit.com/r/Plumbing/comments/1t9hj6z/gap_between_escutcheon_plate_and_tub_spout/,4,3,https://www.reddit.com/gallery/1t9hj6z,caulk,needs_review_low_signal,low_risk_diy,weak_labeled,,low_risk_diy,0.82,cosmetic_or_minor_finish:\bcaulk(?:ing)?\b,"{""low_risk_diy"": 2.2}",no,weak_supervision
1qpo0by,DIY,2026-01-28T21:06:19+00:00,"I have a damp concrete shed, how do I fix it so I go inside and breathe?","it's a concrete shed that has a flat roof, it was previously sealed with bitumen probably 15 years ago and it's all peeling off. the roof inside is just green when you look up. it also has a polythene type window in a rotten wood frame. No one else sees this as a problem, but I want to fix it up. I've bought bitumen to fix and seal the roof. but what do I do about the mouldy green roof on the inside - I have no idea where to start, do I try to clean all the mould off before painting it? do I throw vinegar on it and buy 10 dehumidifiers? I want to use the shed as a bit of a potting shed for gardening bits. it currently stores lots of electrical stuff like lawnmowers. any advice??","I have a damp concrete shed, how do I fix it so I go inside and breathe? it's a concrete shed that has a flat roof, it was previously sealed with bitumen probably 15 years ago and it's all peeling off. the roof inside is just green when you look up. it also has a polythene type window in a rotten wood frame. No one else sees this as a problem, but I want to fix it up. I've bought bitumen to fix and seal the roof. but what do I do about the mouldy green roof on the inside - I have no idea where to start, do I try to clean all the mould off before painting it? do I throw vinegar on it and buy 10 dehumidifiers? I want to use the shed as a bit of a potting shed for gardening bits. it currently stores lots of electrical stuff like lawnmowers. any advice??",https://www.reddit.com/r/DIY/comments/1qpo0by/i_have_a_damp_concrete_shed_how_do_i_fix_it_so_i/,0,4,https://www.reddit.com/r/DIY/comments/1qpo0by/i_have_a_damp_concrete_shed_how_do_i_fix_it_so_i/,paint peeling,needs_review_medium_signal,low_risk_diy,weak_labeled,,low_risk_diy,0.82,cosmetic_or_minor_finish:\bpaint(?:ing|ed)?\b,"{""low_risk_diy"": 2.2}",no,weak_supervision
1sswka2,DIY,2026-04-22T20:02:21+00:00,Painting onto polyurethane foam that needs to be manipulated?,"Hi folks — working on a prop for a shoot and I'll need to be painting a polyurethane tree branch. The branch is wired and needs to be able to be physically manipulated. I know acrylics are usually the way to go here, but I'm paranoid about the paint cracking/peeling once the prop is bent/manipulated. Is there a different paint I can use that is a bit more flexible for this purpose? Or should I be fine with acrylic? I do have an extra branch I can use as a tester, but I'd love to get ahead of any issues if possible. I have a lot of experience painting and prop-making but foams can be a wild card and it was an expensive custom order, so I want to mitigate the damage. Thank you in advance!!","Painting onto polyurethane foam that needs to be manipulated? Hi folks — working on a prop for a shoot and I'll need to be painting a polyurethane tree branch. The branch is wired and needs to be able to be physically manipulated. I know acrylics are usually the way to go here, but I'm paranoid about the paint cracking/peeling once the prop is bent/manipulated. Is there a different paint I can use that is a bit more flexible for this purpose? Or should I be fine with acrylic? I do have an extra branch I can use as a tester, but I'd love to get ahead of any issues if possible. I have a lot of experience painting and prop-making but foams can be a wild card and it was an expensive custom order, so I want to mitigate the damage. Thank you in advance!!",https://www.reddit.com/r/DIY/comments/1sswka2/painting_onto_polyurethane_foam_that_needs_to_be/,1,4,https://www.reddit.com/r/DIY/comments/1sswka2/painting_onto_polyurethane_foam_that_needs_to_be/,paint peeling,needs_review_low_signal,low_risk_diy,weak_labeled,,low_risk_diy,0.82,cosmetic_or_minor_finish:\bpaint(?:ing|ed)?\b,"{""low_risk_diy"": 2.2}",no,weak_supervision
1nbbvc4,HomeImprovement,2025-09-08T02:22:37+00:00,Painted wall smells like ****,"Hi all, Looking for some troubleshooting help. We had our kids room painted about 6 months ago: three white walls and one blue feature wall. Upon drying in the first week, it was obvious the blue wall smelled “different” compared to the white walls. By week two, the three white walls stopped smelling of fresh paint entirely, but the blue wall kept giving off a strong odor. The smell wasn’t like normal paint VOCs. It was more like gas/propane/methane, almost a “biological” smell rather than chemical, think rotten eggs. For the first 2 months it came and went in intensity. By month 3 it seemed to disappear, but over the next 3 months the smell would return randomly. I’m not sure if it’s temperature- or light-related, but now at the 6-month mark the smell is back stronger than ever after about a month’s reprieve. Some extra context: • Only the blue wall smells, not the white ones. • the blue paint was brand new and the tin had/has no odor. • Room was ventilated well during painting and curing. • Smell seems to fluctuate with time. What’s the likely cause, are the fumes dangerous and what should I do about it? Please I’d appreciate any insight from the pros. Thank you kindly!","Painted wall smells like **** Hi all, Looking for some troubleshooting help. We had our kids room painted about 6 months ago: three white walls and one blue feature wall. Upon drying in the first week, it was obvious the blue wall smelled “different” compared to the white walls. By week two, the three white walls stopped smelling of fresh paint entirely, but the blue wall kept giving off a strong odor. The smell wasn’t like normal paint VOCs. It was more like gas/propane/methane, almost a “biological” smell rather than chemical, think rotten eggs. For the first 2 months it came and went in intensity. By month 3 it seemed to disappear, but over the next 3 months the smell would return randomly. I’m not sure if it’s temperature- or light-related, but now at the 6-month mark the smell is back stronger than ever after about a month’s reprieve. Some extra context: • Only the blue wall smells, not the white ones. • the blue paint was brand new and the tin had/has no odor. • Room was ventilated well during painting and curing. • Smell seems to fluctuate with time. What’s the likely cause, are the fumes dangerous and what should I do about it? Please I’d appreciate any insight from the pros. Thank you kindly!",https://www.reddit.com/r/HomeImprovement/comments/1nbbvc4/painted_wall_smells_like/,2,17,https://www.reddit.com/r/HomeImprovement/comments/1nbbvc4/painted_wall_smells_like/,gas smell,needs_review_low_signal,low_risk_diy,weak_labeled,,low_risk_diy,0.82,cosmetic_or_minor_finish:\bpaint(?:ing|ed)?\b,"{""low_risk_diy"": 2.2}",no,weak_supervision
1t6lucs,Plumbing,2026-05-07T20:06:07+00:00,Where does caulking need to go in my shower? (pic included),"Is the perimeter where the floor meets the walls (marked in red) the only place that needs caulking? Also, do the vertical corners where the walls meet need caulk even though they already have grout in them? Should I leave it or remove the grout and replace with caulk?","Where does caulking need to go in my shower? (pic included) Is the perimeter where the floor meets the walls (marked in red) the only place that needs caulking? Also, do the vertical corners where the walls meet need caulk even though they already have grout in them? Should I leave it or remove the grout and replace with caulk?",https://www.reddit.com/r/Plumbing/comments/1t6lucs/where_does_caulking_need_to_go_in_my_shower_pic/,3,7,https://www.reddit.com/gallery/1t6lucs,caulk,needs_review_low_signal,low_risk_diy,weak_labeled,,low_risk_diy,0.82,cosmetic_or_minor_finish:\bcaulk(?:ing)?\b,"{""low_risk_diy"": 2.2}",no,weak_supervision
1gbc97j,DIY,2024-10-24T20:17:05+00:00,Repairing kitchen wall after ripping out tile trim,"I’m a new homeowner, slowly learning how to tackle projects around the house. Right now, I’m dealing with a bit of a mess in my kitchen. The walls are painted a mustard yellow (not my choice) that I can’t wait to repaint in a more neutral color. But before I start painting, I ran into an issue I need some advice on. I just ripped out the tiled trim above my countertops, and while the tiles came off, they brought chunks of paint and drywall with them. It looks like the previous owner used construction adhesive, which pulled off layers of paint and exposed some of the drywall. I also noticed that the existing paint peels off of the wall very easily – I suspect the previous owner didn’t prime the drywall properly. Should I be worried about this when I do my repair, or is it not a big deal since I’ll be priming before I paint anyway? Here’s my current plan: 1. **Sanding**: I’m thinking of sanding the damaged areas to smooth things out and get rid of any loose paint or drywall. 2. **Joint Compound**: After that, I’ll apply joint compound to fill in the damaged spots and level things out. 3. **Sanding (again)**: Once the compound dries, I’ll sand everything down again until it’s smooth. 4. **Priming & Painting**: Then I’ll prime the wall and finish it off with a high-quality paint, since this is the kitchen and it needs to stand up to daily wear and tear. Since I’m planning to renovate the kitchen in about a year, this fix doesn’t need to be perfect – but I’d still like it to look as seamless as possible for now. Here are my questions: * Should I be concerned about the peeling paint and lack of primer from the previous owner? Will the new primer fix that problem, or do I need to do more prep work? * Is joint compound the right material for this, or would spackle work better in this case? * How can I best blend the patched area into the surrounding wall, so it’s not obvious after painting? If anyone’s had experience with this kind of wall repair, I’d appreciate your input. This is my first time doing something like this, so I’d rather learn from other people's experiences than make unnecessary mistakes. Thanks in advance for the help.","Repairing kitchen wall after ripping out tile trim I’m a new homeowner, slowly learning how to tackle projects around the house. Right now, I’m dealing with a bit of a mess in my kitchen. The walls are painted a mustard yellow (not my choice) that I can’t wait to repaint in a more neutral color. But before I start painting, I ran into an issue I need some advice on. I just ripped out the tiled trim above my countertops, and while the tiles came off, they brought chunks of paint and drywall with them. It looks like the previous owner used construction adhesive, which pulled off layers of paint and exposed some of the drywall. I also noticed that the existing paint peels off of the wall very easily – I suspect the previous owner didn’t prime the drywall properly. Should I be worried about this when I do my repair, or is it not a big deal since I’ll be priming before I paint anyway? Here’s my current plan: 1. **Sanding**: I’m thinking of sanding the damaged areas to smooth things out and get rid of any loose paint or drywall. 2. **Joint Compound**: After that, I’ll apply joint compound to fill in the damaged spots and level things out. 3. **Sanding (again)**: Once the compound dries, I’ll sand everything down again until it’s smooth. 4. **Priming & Painting**: Then I’ll prime the wall and finish it off with a high-quality paint, since this is the kitchen and it needs to stand up to daily wear and tear. Since I’m planning to renovate the kitchen in about a year, this fix doesn’t need to be perfect – but I’d still like it to look as seamless as possible for now. Here are my questions: * Should I be concerned about the peeling paint and lack of primer from the previous owner? Will the new primer fix that problem, or do I need to do more prep work? * Is joint compound the right material for this, or would spackle work better in this case? * How can I best blend the patched area into the surrounding wall, so it’s not obvious after painting? If anyone’s had experience with this kind of wall repair, I’d appreciate your input. This is my first time doing something like this, so I’d rather learn from other people's experiences than make unnecessary mistakes. Thanks in advance for the help.",https://www.reddit.com/r/DIY/comments/1gbc97j/repairing_kitchen_wall_after_ripping_out_tile_trim/,1,0,https://www.reddit.com/r/DIY/comments/1gbc97j/repairing_kitchen_wall_after_ripping_out_tile_trim/,loose trim,needs_review_low_signal,low_risk_diy,weak_labeled,,low_risk_diy,0.82,cosmetic_or_minor_finish:\bpaint(?:ing|ed)?\b,"{""low_risk_diy"": 2.2}",no,weak_supervision
1t12e3o,HomeMaintenance,2026-05-01T18:53:43+00:00,"Sprayed bleach cleaner onto shower tile wall, now the ridged texture coating on top of the tiles is peeling off. Not sure what it is or how to repair. Tried using Rustoleum but that didn't work.","As title says, I used a bleach spray cleaner when cleaning my bathtub but then stopped when I sprayed on the wall and noticed it ate into the kind of textured/bumpy coating that is on top of the tiles in our bathroom. Note, the tiles are originally white, painted pink, and then the tiles in the bathtub/shower area have this textured coating on top. That coating is what has worn off. I assume it's some kind of waterproofing or something but I have yet to be able to figure out what exactly it is. I bought a can of [Rustoleum Gloss White Tub and Tile Refinishing Spray Paint](https://www.homedepot.com/p/Rust-Oleum-Specialty-12-oz-Gloss-White-Tub-and-Tile-Refinishing-Spray-Paint-280882/323630729?MERCH=REC-_-reorder-_-n/a-_-0-_-n/a-_-n/a-_-n/a-_-n/a-_-n/a) but that doesn't seem to be doing anything beyond making the textured stuff peel/wrinkle up at the edges of where it's peeling off, so I don't want to keep using that. Any ideas? Don't even know what this is so hard to figure out what I need to do next.","Sprayed bleach cleaner onto shower tile wall, now the ridged texture coating on top of the tiles is peeling off. Not sure what it is or how to repair. Tried using Rustoleum but that didn't work. As title says, I used a bleach spray cleaner when cleaning my bathtub but then stopped when I sprayed on the wall and noticed it ate into the kind of textured/bumpy coating that is on top of the tiles in our bathroom. Note, the tiles are originally white, painted pink, and then the tiles in the bathtub/shower area have this textured coating on top. That coating is what has worn off. I assume it's some kind of waterproofing or something but I have yet to be able to figure out what exactly it is. I bought a can of [Rustoleum Gloss White Tub and Tile Refinishing Spray Paint](https://www.homedepot.com/p/Rust-Oleum-Specialty-12-oz-Gloss-White-Tub-and-Tile-Refinishing-Spray-Paint-280882/323630729?MERCH=REC-_-reorder-_-n/a-_-0-_-n/a-_-n/a-_-n/a-_-n/a-_-n/a) but that doesn't seem to be doing anything beyond making the textured stuff peel/wrinkle up at the edges of where it's peeling off, so I don't want to keep using that. Any ideas? Don't even know what this is so hard to figure out what I need to do next.",https://www.reddit.com/r/HomeMaintenance/comments/1t12e3o/sprayed_bleach_cleaner_onto_shower_tile_wall_now/,2,3,https://i.redd.it/ns2vh2i3okyg1.jpeg,paint peeling,needs_review_low_signal,low_risk_diy,weak_labeled,,low_risk_diy,0.82,cosmetic_or_minor_finish:\bpaint(?:ing|ed)?\b,"{""low_risk_diy"": 2.2}",no,weak_supervision
1n0stfo,DIY,2025-08-26T17:52:16+00:00,Fixing (reseating?) pivot hinge on a recessed/hidden bookshelf doorway,"When we finished out the attic in our 1920s Craftsman about 11 years ago our carpenter gave us this excellent concealed bookshelf entry into the knee wall storage space in our master bedroom. All was well until recently when the shelf was overloaded with too many heavy books, resulting in the door seemingly coming unseated from the top pivot hinge. The door/shelf is still sort of loosely in the opening (and still on the pin of the bottom hinge), and I do not see a way to take it out entirely without removing the framing trim, which feels like a task beyond my capabilities. What are my next steps here? Can the hinge be fixed? If so, can it be reseated from the current position, or am I looking at some level of disassembly?","Fixing (reseating?) pivot hinge on a recessed/hidden bookshelf doorway When we finished out the attic in our 1920s Craftsman about 11 years ago our carpenter gave us this excellent concealed bookshelf entry into the knee wall storage space in our master bedroom. All was well until recently when the shelf was overloaded with too many heavy books, resulting in the door seemingly coming unseated from the top pivot hinge. The door/shelf is still sort of loosely in the opening (and still on the pin of the bottom hinge), and I do not see a way to take it out entirely without removing the framing trim, which feels like a task beyond my capabilities. What are my next steps here? Can the hinge be fixed? If so, can it be reseated from the current position, or am I looking at some level of disassembly?",https://www.reddit.com/r/DIY/comments/1n0stfo/fixing_reseating_pivot_hinge_on_a_recessedhidden/,1,0,https://www.reddit.com/gallery/1n0stfo,loose trim,needs_review_low_signal,low_risk_diy,weak_labeled,,low_risk_diy,0.82,cosmetic_or_minor_finish:\btrim\b,"{""low_risk_diy"": 2.2}",no,weak_supervision
1tlyrdi,DIY,2026-05-24T01:57:06+00:00,Friend destroyed her wall in Mania - Need advice to fix it,"One of my good friends had a manic break down and started scraping off the paint on her wall. I am taking care of her home while she's getting help and I would really like to fix this for her while she's gone as a nice little suprise - Something she doesn't have to worry about when she gets back, ya know? I am pretty handy - I paint my own walls, patch up my own holes, the basics. But I have never had to try and fix a wall like this. From my research, I got the items you see in the 3rd, 4th, and 5th slide. I have my own personal orbital sander as well and behrs marquee paint. Please let me know if you have any advice, YouTube videos, or guidance on what to do. I have never fixed a wall this bad before and I don't even know where to start 😭 Everything online I have seen is for small peels and does not tell me if I should scrape the rest off or just sand it. Also, because its for small peels, I can't verify if its okay to just spread the mud all over this wall? Would that be bad? I only ever see it for small areas and never for a whole wall segment. Should I peel off the rest of the paint or just sand it down? Would I just put the drywall mix on the wall and spread it all over the WHOLE wall then hope for the best or trybto jeep it minimal? Please help 🙏","Friend destroyed her wall in Mania - Need advice to fix it One of my good friends had a manic break down and started scraping off the paint on her wall. I am taking care of her home while she's getting help and I would really like to fix this for her while she's gone as a nice little suprise - Something she doesn't have to worry about when she gets back, ya know? I am pretty handy - I paint my own walls, patch up my own holes, the basics. But I have never had to try and fix a wall like this. From my research, I got the items you see in the 3rd, 4th, and 5th slide. I have my own personal orbital sander as well and behrs marquee paint. Please let me know if you have any advice, YouTube videos, or guidance on what to do. I have never fixed a wall this bad before and I don't even know where to start 😭 Everything online I have seen is for small peels and does not tell me if I should scrape the rest off or just sand it. Also, because its for small peels, I can't verify if its okay to just spread the mud all over this wall? Would that be bad? I only ever see it for small areas and never for a whole wall segment. Should I peel off the rest of the paint or just sand it down? Would I just put the drywall mix on the wall and spread it all over the WHOLE wall then hope for the best or trybto jeep it minimal? Please help 🙏",https://www.reddit.com/r/DIY/comments/1tlyrdi/friend_destroyed_her_wall_in_mania_need_advice_to/,401,89,https://www.reddit.com/gallery/1tlyrdi,paint peeling,needs_review_low_signal,low_risk_diy,weak_labeled,,low_risk_diy,0.82,cosmetic_or_minor_finish:\bpaint(?:ing|ed)?\b,"{""low_risk_diy"": 2.2}",no,weak_supervision
1sktjsm,HomeMaintenance,2026-04-14T00:48:25+00:00,How significant of a repair is this going to be?,"(Southeast, USA) 1”x1” trim was in this gap, it came loose so I pulled it away and discovered notable rot. Scraped away & vacuumed a bit of the soft rotted wood out. This is my back door, connected to uncovered back porch about 4’-6’ off the ground. Porch is like 12’x12’ Clearly the flashing was incorrect whenever it was put in. About 10-feet along where the deck meets the wall is rotted behind the trim. Some spots worse than others. Is a repair like this gonna be quite significant considering the long joist (parallel to roof edge) is rotted to the degree it is? The flooring immediately inside the back door is like, engineered vinyl plank. Newish homeowner and I’m unsure if this is like a $1000 job for a solo licensed contractor or a $20k job for a foundation company. Located in Southeast US Who should I be calling for this type of work? Carpenter / Deck contractor? Foundation contractor? Licensed handyman?","How significant of a repair is this going to be? (Southeast, USA) 1”x1” trim was in this gap, it came loose so I pulled it away and discovered notable rot. Scraped away & vacuumed a bit of the soft rotted wood out. This is my back door, connected to uncovered back porch about 4’-6’ off the ground. Porch is like 12’x12’ Clearly the flashing was incorrect whenever it was put in. About 10-feet along where the deck meets the wall is rotted behind the trim. Some spots worse than others. Is a repair like this gonna be quite significant considering the long joist (parallel to roof edge) is rotted to the degree it is? The flooring immediately inside the back door is like, engineered vinyl plank. Newish homeowner and I’m unsure if this is like a $1000 job for a solo licensed contractor or a $20k job for a foundation company. Located in Southeast US Who should I be calling for this type of work? Carpenter / Deck contractor? Foundation contractor? Licensed handyman?",https://www.reddit.com/r/HomeMaintenance/comments/1sktjsm/how_significant_of_a_repair_is_this_going_to_be/,5,8,https://www.reddit.com/gallery/1sktjsm,loose trim,needs_review_medium_signal,low_risk_diy,weak_labeled,,low_risk_diy,0.82,cosmetic_or_minor_finish:\btrim\b,"{""low_risk_diy"": 2.2}",no,weak_supervision
1tij9de,Plumbing,2026-05-20T11:49:10+00:00,Is this a no-caulk shower pan?,This shower drain is pretty gross. I want to remove this stuff since it looks like it's not doing anything but I'm not sure if it's a no-caulk shower pan or not.,Is this a no-caulk shower pan? This shower drain is pretty gross. I want to remove this stuff since it looks like it's not doing anything but I'm not sure if it's a no-caulk shower pan or not.,https://www.reddit.com/r/Plumbing/comments/1tij9de/is_this_a_nocaulk_shower_pan/,1,1,https://www.reddit.com/gallery/1tij9de,caulk,needs_review_low_signal,low_risk_diy,weak_labeled,,low_risk_diy,0.82,cosmetic_or_minor_finish:\bcaulk(?:ing)?\b,"{""low_risk_diy"": 2.2}",no,weak_supervision
1awnlb3,DIY,2024-02-21T21:15:02+00:00,Hung a Ceiling Fan and the Box Promptly Fell From the Ceiling. Was Never Screwed Into the 2x4. How Do You Recommend I Fix This?,"I swear that if it's not one thing, it's another with this place. Had what was supposed to be an acceptable ceiling fan mount holding a chandelier. Removed it to install the ceiling fan. Promptly came loose from the ceiling, and appears that it was simply just resting on top of the drywall. Wasn't screwed into the sides of the 2x4. Without going balls and needing to replace drywall around this, is there a way to support it back up in there where it'll be safe enough to hold a ceiling fan? I cannot access from above, so going from underneath is the only option. I have a long extension I could use to get a few screws in there, and then a large round decorative trim piece to cover the cracks. It's a shit way to do it IMO, but at least it would be nice enough for a temp fix until we have someone do more work in the house, which isn't too far off. https://preview.redd.it/bzv73x0y70kc1.jpg?width=1073&format=pjpg&auto=webp&s=f14826ee3857e8d9a30ed17d74700538c50d35c6","Hung a Ceiling Fan and the Box Promptly Fell From the Ceiling. Was Never Screwed Into the 2x4. How Do You Recommend I Fix This? I swear that if it's not one thing, it's another with this place. Had what was supposed to be an acceptable ceiling fan mount holding a chandelier. Removed it to install the ceiling fan. Promptly came loose from the ceiling, and appears that it was simply just resting on top of the drywall. Wasn't screwed into the sides of the 2x4. Without going balls and needing to replace drywall around this, is there a way to support it back up in there where it'll be safe enough to hold a ceiling fan? I cannot access from above, so going from underneath is the only option. I have a long extension I could use to get a few screws in there, and then a large round decorative trim piece to cover the cracks. It's a shit way to do it IMO, but at least it would be nice enough for a temp fix until we have someone do more work in the house, which isn't too far off. https://preview.redd.it/bzv73x0y70kc1.jpg?width=1073&format=pjpg&auto=webp&s=f14826ee3857e8d9a30ed17d74700538c50d35c6",https://www.reddit.com/r/DIY/comments/1awnlb3/hung_a_ceiling_fan_and_the_box_promptly_fell_from/,0,8,https://www.reddit.com/r/DIY/comments/1awnlb3/hung_a_ceiling_fan_and_the_box_promptly_fell_from/,loose trim,needs_review_low_signal,low_risk_diy,weak_labeled,,low_risk_diy,0.82,cosmetic_or_minor_finish:\btrim\b,"{""low_risk_diy"": 2.2}",no,weak_supervision
1szccmt,HomeMaintenance,2026-04-29T21:32:17+00:00,"Shower maintenance: Is this something I can DIY, or should I just have a pro do it?","I’m rejuvenating this travertine tile shower (cleaning and sealing tile/grout, removing and replacing silicone, etc.). I’m trying to figure out if I need to replace this entire shower door or if the rusted pieces can be replaced. Also, the original owners who built this house (early 2000s) cut a lot of corners and inexplicably left the top of the shower walls and ceiling bare…like just drywall and paint. Needless to say, it’s molding and peeling. 1. If the rusted pieces on the door can be replaced, how would I go about that? They seem fairly well glued in. 2. If I need to replace the whole door, can I DIY it or should I just have a professional do it? Would it even be worth it to pay someone to come out just for that? 3. How would I go about removing the old peeling paint, cleaning the drywall, and eventually tiling it over? Would this also be worth just having a professional do? For reference, I’m a sort of low-intermediate DIYer; I don’t have a huge arsenal of tools, but I’m good at finding and following instructions and have exceptional fine motor skills. Just trying to decide whether I should attempt this or spend the money for a pro!","Shower maintenance: Is this something I can DIY, or should I just have a pro do it? I’m rejuvenating this travertine tile shower (cleaning and sealing tile/grout, removing and replacing silicone, etc.). I’m trying to figure out if I need to replace this entire shower door or if the rusted pieces can be replaced. Also, the original owners who built this house (early 2000s) cut a lot of corners and inexplicably left the top of the shower walls and ceiling bare…like just drywall and paint. Needless to say, it’s molding and peeling. 1. If the rusted pieces on the door can be replaced, how would I go about that? They seem fairly well glued in. 2. If I need to replace the whole door, can I DIY it or should I just have a professional do it? Would it even be worth it to pay someone to come out just for that? 3. How would I go about removing the old peeling paint, cleaning the drywall, and eventually tiling it over? Would this also be worth just having a professional do? For reference, I’m a sort of low-intermediate DIYer; I don’t have a huge arsenal of tools, but I’m good at finding and following instructions and have exceptional fine motor skills. Just trying to decide whether I should attempt this or spend the money for a pro!",https://www.reddit.com/r/HomeMaintenance/comments/1szccmt/shower_maintenance_is_this_something_i_can_diy_or/,1,3,https://www.reddit.com/gallery/1szccmt,paint peeling,needs_review_low_signal,low_risk_diy,weak_labeled,,low_risk_diy,0.82,cosmetic_or_minor_finish:\bpaint(?:ing|ed)?\b,"{""low_risk_diy"": 2.2}",no,weak_supervision
1i7m1si,DIY,2025-01-22T21:09:01+00:00,Painter's tape pulled off 2 layers of old paint and some of the drywall backing - best approach to fix and finish?,"Bought this '85 home. Rooms have this really dark blue color which I wanted to paint over. Starting with the bathroom. Issue with the bathroom is that there was popcorn ceiling and a skylight that was running condensation down the inner corner. I removed the popcorn (its safe as its an '85 build) and then used some mud to patch and even things around. I used an oil based primer to paint the walls and ceiling in preparation for the next step. I used a trim paint to paint the ceiling and skylight to prevent damage from moisture. While doing this, I placed painter's tape (green and blue as I ran out of the blue midway) on the wall side so the paint wont stick to the walls. I didnt remove the paint after finishing painting, and it dried up over night. I just carefully removed it, but at several locations it literally pulled over the existing paint off. There is the existing dark blue paint that I covered with primer. Under it there is a layer of what looks like green color, and then the drywall. I tried to scrape off the loose paint to the edges using a putty knife, but ended getting off bigger and bigger patches of the paint. Some areas were easier than others, and some also pulled over the backing paper of the drywall. What is my best path forwards? Scrape the remaining walls, patch any damage with mud, prime, and paint again? If that is the right path forwards - how to avoid damaging the drywall backing paper? Using a hot air gun? Any chemicals? As note, this is specifically in the bathroom, so I assume that paint is oil/latex based and is satin to help with the moisture. TIA https://preview.redd.it/yg9e2tap1mee1.jpg?width=1280&format=pjpg&auto=webp&s=1d8b5ee332a105105c29b7879f5de851624e816d https://preview.redd.it/lril8sap1mee1.jpg?width=1280&format=pjpg&auto=webp&s=9e07d4afaabae08cfe49775b5908a3928700e752 https://preview.redd.it/9d5t9tap1mee1.jpg?width=1280&format=pjpg&auto=webp&s=c5d828d25c39ea099f5d74ffac04f8bbc78bc671 https://preview.redd.it/j0m80yap1mee1.jpg?width=1280&format=pjpg&auto=webp&s=36e9678d54dbea4dd712d93d7782bda07025d511","Painter's tape pulled off 2 layers of old paint and some of the drywall backing - best approach to fix and finish? Bought this '85 home. Rooms have this really dark blue color which I wanted to paint over. Starting with the bathroom. Issue with the bathroom is that there was popcorn ceiling and a skylight that was running condensation down the inner corner. I removed the popcorn (its safe as its an '85 build) and then used some mud to patch and even things around. I used an oil based primer to paint the walls and ceiling in preparation for the next step. I used a trim paint to paint the ceiling and skylight to prevent damage from moisture. While doing this, I placed painter's tape (green and blue as I ran out of the blue midway) on the wall side so the paint wont stick to the walls. I didnt remove the paint after finishing painting, and it dried up over night. I just carefully removed it, but at several locations it literally pulled over the existing paint off. There is the existing dark blue paint that I covered with primer. Under it there is a layer of what looks like green color, and then the drywall. I tried to scrape off the loose paint to the edges using a putty knife, but ended getting off bigger and bigger patches of the paint. Some areas were easier than others, and some also pulled over the backing paper of the drywall. What is my best path forwards? Scrape the remaining walls, patch any damage with mud, prime, and paint again? If that is the right path forwards - how to avoid damaging the drywall backing paper? Using a hot air gun? Any chemicals? As note, this is specifically in the bathroom, so I assume that paint is oil/latex based and is satin to help with the moisture. TIA https://preview.redd.it/yg9e2tap1mee1.jpg?width=1280&format=pjpg&auto=webp&s=1d8b5ee332a105105c29b7879f5de851624e816d https://preview.redd.it/lril8sap1mee1.jpg?width=1280&format=pjpg&auto=webp&s=9e07d4afaabae08cfe49775b5908a3928700e752 https://preview.redd.it/9d5t9tap1mee1.jpg?width=1280&format=pjpg&auto=webp&s=c5d828d25c39ea099f5d74ffac04f8bbc78bc671 https://preview.redd.it/j0m80yap1mee1.jpg?width=1280&format=pjpg&auto=webp&s=36e9678d54dbea4dd712d93d7782bda07025d511",https://www.reddit.com/r/DIY/comments/1i7m1si/painters_tape_pulled_off_2_layers_of_old_paint/,3,1,https://www.reddit.com/r/DIY/comments/1i7m1si/painters_tape_pulled_off_2_layers_of_old_paint/,loose trim,needs_review_low_signal,low_risk_diy,weak_labeled,,low_risk_diy,0.82,cosmetic_or_minor_finish:\bpaint(?:ing|ed)?\b,"{""low_risk_diy"": 2.2}",no,weak_supervision
1tl38ca,Plumbing,2026-05-23T02:10:40+00:00,Shower niche smells like sulfur,"Hello. I live in an apartment and noticed my shower niche smells like sulfur, specifically where the caulk seal looks like it's failing. Definitely going to have maintenance in after the weekend, but wanted to see what it could possibly be and ask. Thanks everyone in advance","Shower niche smells like sulfur Hello. I live in an apartment and noticed my shower niche smells like sulfur, specifically where the caulk seal looks like it's failing. Definitely going to have maintenance in after the weekend, but wanted to see what it could possibly be and ask. Thanks everyone in advance",https://www.reddit.com/r/Plumbing/comments/1tl38ca/shower_niche_smells_like_sulfur/,5,0,https://i.redd.it/21f1b43sps2h1.jpeg,caulk,needs_review_low_signal,low_risk_diy,weak_labeled,,low_risk_diy,0.82,cosmetic_or_minor_finish:\bcaulk(?:ing)?\b,"{""low_risk_diy"": 2.2}",no,weak_supervision
1sd90r5,Plumbing,2026-04-05T17:07:39+00:00,Gap between shower drain and tile flooring? Is this normal?,"I was cleaning out my shower drain (I know it still needs more work) because it had started to drain more slowly and in the process noticed this rubber seal (last picture) was coming up. So I pulled it out thinking I would just replace it, but noticed it was blocking off the area between the tiles and the top of the shower drain, which goes about 1/2” down all around the drain. In looking how to reseal it, I have noticed every other drain is flush with the tile. Now I’m concerned with water getting under there and causing issues. Is there an easy way to fix this? Like a specific seal I need to buy/can I just throw some caulk or plumber’s putty to fill it in and call it good? Or is this gonna be a more serious undertaking","Gap between shower drain and tile flooring? Is this normal? I was cleaning out my shower drain (I know it still needs more work) because it had started to drain more slowly and in the process noticed this rubber seal (last picture) was coming up. So I pulled it out thinking I would just replace it, but noticed it was blocking off the area between the tiles and the top of the shower drain, which goes about 1/2” down all around the drain. In looking how to reseal it, I have noticed every other drain is flush with the tile. Now I’m concerned with water getting under there and causing issues. Is there an easy way to fix this? Like a specific seal I need to buy/can I just throw some caulk or plumber’s putty to fill it in and call it good? Or is this gonna be a more serious undertaking",https://www.reddit.com/r/Plumbing/comments/1sd90r5/gap_between_shower_drain_and_tile_flooring_is/,2,1,https://www.reddit.com/gallery/1sd90r5,caulk,needs_review_low_signal,low_risk_diy,weak_labeled,,low_risk_diy,0.82,cosmetic_or_minor_finish:\bcaulk(?:ing)?\b,"{""low_risk_diy"": 2.2}",no,weak_supervision
1tqejm7,HomeMaintenance,2026-05-28T19:57:44+00:00,Pollen adhered to thick porch & patio paint,"Last year moved into our home which clearly had a fresh coat of paint on our porch. It’s a heavy paint that almost feels sticky when baking in the sun, and becomes fragile (like it can be peeled off when lifting furniture off it if it’s been in the sun too long). We’ve tried to remove the pollen using a few tips found online (like using a strong brush, rinsing down with water, etc.) but nothing has worked. I’m hesitant to use a pressure washer on it given that we’ve seen the paint peel already. Any other ideas?","Pollen adhered to thick porch & patio paint Last year moved into our home which clearly had a fresh coat of paint on our porch. It’s a heavy paint that almost feels sticky when baking in the sun, and becomes fragile (like it can be peeled off when lifting furniture off it if it’s been in the sun too long). We’ve tried to remove the pollen using a few tips found online (like using a strong brush, rinsing down with water, etc.) but nothing has worked. I’m hesitant to use a pressure washer on it given that we’ve seen the paint peel already. Any other ideas?",https://www.reddit.com/r/HomeMaintenance/comments/1tqejm7/pollen_adhered_to_thick_porch_patio_paint/,1,4,https://i.redd.it/3ex4a5ipox3h1.jpeg,paint peeling,needs_review_low_signal,low_risk_diy,weak_labeled,,low_risk_diy,0.82,cosmetic_or_minor_finish:\bpaint(?:ing|ed)?\b,"{""low_risk_diy"": 2.2}",no,weak_supervision
1rnf6ik,DIY,2026-03-07T17:05:28+00:00,Masonry Paint advice (UK),"I recently agreed to paint the exterior of a friend's terraced house. As you can see the old paint ended up being worse than I first thought. The upper floor paint is still pretty sound. My current plan is - seal the edges with Zinsser Peel Stop, fill the gaps to level the surface, then paint. I know that peeling and bubbling of paint can be caused by moisture unable to escape through the walls because of the paint barrier. That might be the case here, or it might just be that the paint is old. My friend only recently bought the house and there's only one layer of paint so it might have been on there for years. So I have two questions: 1) In terms of filling I'm looking at Toupret Anti-Damp Render or Toupret Masonry Repair filler. The former is breathable, Google AI claims the latter is, but I don't know for sure. Thoughts? 2) How important is it to use a silicone based breathable masonry paint? I'm pretty sure my friend will object to shelling out for Emperor. She's very particular about the colour and is currently into the Valspar range at B&Q because of the mixing options. Again, advice on paint would be well received. Many thanks!","Masonry Paint advice (UK) I recently agreed to paint the exterior of a friend's terraced house. As you can see the old paint ended up being worse than I first thought. The upper floor paint is still pretty sound. My current plan is - seal the edges with Zinsser Peel Stop, fill the gaps to level the surface, then paint. I know that peeling and bubbling of paint can be caused by moisture unable to escape through the walls because of the paint barrier. That might be the case here, or it might just be that the paint is old. My friend only recently bought the house and there's only one layer of paint so it might have been on there for years. So I have two questions: 1) In terms of filling I'm looking at Toupret Anti-Damp Render or Toupret Masonry Repair filler. The former is breathable, Google AI claims the latter is, but I don't know for sure. Thoughts? 2) How important is it to use a silicone based breathable masonry paint? I'm pretty sure my friend will object to shelling out for Emperor. She's very particular about the colour and is currently into the Valspar range at B&Q because of the mixing options. Again, advice on paint would be well received. Many thanks!",https://www.reddit.com/r/DIY/comments/1rnf6ik/masonry_paint_advice_uk/,3,0,https://i.redd.it/sj4qfz8llnng1.jpeg,paint peeling,needs_review_low_signal,low_risk_diy,weak_labeled,,low_risk_diy,0.82,cosmetic_or_minor_finish:\bpaint(?:ing|ed)?\b,"{""low_risk_diy"": 2.2}",no,weak_supervision
1cmlx9s,HomeImprovement,2024-05-07T20:34:10+00:00,Sulfur smell in basement,"We've been getting quite a bit of rain here in the last week or two. In the last couple of days, we've noticed a strong sulfur smell in the basement. We had the fire department out this morning because of a false alarm. They focused on the basement because of the new smell. They checked everything and could not find any trace of gas. I had a plumber out and the smell is not coming from anywhere near the floor drain. Everything has been draining normally. The smell is coming from corners of the basement where there's no known plumbing unless it's under the cement. This is an unfinished area. In those areas I can smell a little bit of mustiness that is above the normal smell you get in an unfinished basement. The humidity level is at about 40% with the dehumidifier running. The plumber feels it's not a backflow valve that's stuck or any plumbing related problem. Any ideas?","Sulfur smell in basement We've been getting quite a bit of rain here in the last week or two. In the last couple of days, we've noticed a strong sulfur smell in the basement. We had the fire department out this morning because of a false alarm. They focused on the basement because of the new smell. They checked everything and could not find any trace of gas. I had a plumber out and the smell is not coming from anywhere near the floor drain. Everything has been draining normally. The smell is coming from corners of the basement where there's no known plumbing unless it's under the cement. This is an unfinished area. In those areas I can smell a little bit of mustiness that is above the normal smell you get in an unfinished basement. The humidity level is at about 40% with the dehumidifier running. The plumber feels it's not a backflow valve that's stuck or any plumbing related problem. Any ideas?",https://www.reddit.com/r/HomeImprovement/comments/1cmlx9s/sulfur_smell_in_basement/,1,5,https://www.reddit.com/r/HomeImprovement/comments/1cmlx9s/sulfur_smell_in_basement/,gas smell,needs_review_medium_signal,medium_risk_call_pro,weak_labeled,,medium_risk_call_pro,0.80,trade_system_issue:\bplumbing\b,"{""medium_risk_call_pro"": 2.0}",no,weak_supervision
13ds359,askanelectrician,2023-05-10T14:19:13+00:00,My light bulbs keep burning out. My electricians are baffled. Help! (long),"Hi all, I'm going to be overly detailed because I'm desperate and I don't know what facts might be relevant. Five years ago I moved into an apartment in a brand-new building. There is an ongoing lawsuit against the builders due to a large number of issues, especially with sealant between floor tiles and water damage and other things. As far as I know nobody else in the building is having electrical issues. As far as I know. At the time we moved in, we had built-in LEDs throughout the house - those annoying ones connected directly to the mains. Even if I knew how to replace them safely, which I don't, in this country I'm *legally* not allowed to without calling a licensed electrician. But they're supposed to last for 10 years, which theoretically offsets the inconvenience. The only parts of the house that didn't have them were the dining room and the main corridor, which had standard E27 bulbs. A year and a half ago, the first built-in LED burned out - seven years before it was supposed to. I realized that even if they last ten years, calling an electrician to replace them one by one (or living in partial darkness until enough of them burn out to make it worth it) would be really annoying and expensive. So I decided that instead of paying the per-visit surcharge over and over again, I'd replace them all in one go. I bought a bunch of E27 light fixtures from Ikea, and invited an electrician to come and replace them. I also realized I would need bulbs. I don't buy anything made in China (my wife does; she had been buying Chinese E27 LEDs for the dining room and corridor throughout the previous 3 years), so I searched and searched until I found E27 LEDs made elsewhere. It's not easy to find those in this country; it took me weeks. The only ones I could find were Ukraine-made bulbs that had dimmers built into them. I double-checked: putting a dimmer bulb into a non-dimmer base is supposedly fine, as long as you don't do the opposite. So I bought a box of 10. Five days before the electrician came, one of the E27s in the corridor burned out. A chance to try out my new Ukrainian light bulbs, before we replace the other light fixtures! I replaced the bulb with much fanfare. The next morning, I discovered it had burned out overnight. Is it possible I just a bad light bulb? I replaced it with another. The next morning I woke up to discover it had not only burned out but also flipped the fuse for the entire house. Cue my wife mocking me for my boycott of China. I took the Ukrainian bulbs back to the store; they said they hadn't gotten any other complains, and maybe I just got a bad box or something. They replaced the box for free. The next day the electrician came and replaced all the light fixtures; I put the Ukrainian E27 LEDs throughout the house. By the end of the week, seven bulbs had burned out. One bulb, when it burned out, gave a distressing sizzling noise and popped the fuse for the entire house again; when removing it, I noticed that it had black burn marks on the edges. I removed all of the Ukrainian bulbs and my wife bought and installed Chinese E27 LEDs with no dimmer. But they're still burning out at a ridiculous rate. The bulb over the sink in the kitchen has burned out three times in the last six months alone; we've replaced both bulbs in the master bedroom twice. Every bulb I install in the girls' room burns out ""halfway"" in some strange fashion - a week after installing, it suddenly starts giving off half as much light as it did before. My wife is no longer mocking me for the Ukrainian bulbs, because it's clear we have some sort of more basic problem throughout the house, which remained mostly unnoticed when we only had 5 E27s but is painfully evident now that we have 19. My wife has noted that she thinks that all along she'd been replacing bulbs in the dining room more regularity than she should have. I've had three electricians look at it; the most recent one has also tried asking about it in various local WhatsApp groups. None of them have any idea what's going on. The voltage is a steady 230V whenever he checks it, though if the burnouts are caused by intermittent fluctuations it might just be happening when he's not there. We've checked that the wattages of the bulbs don't exceed those of the housing; one bulb did, which we replaced just in case, but the rest are okay. One electrician found that a previous electrician had unsafely routed all of the house's lighting circuits through a single 24-hour timer when he installed the timer in the circuit board for us three years earlier; he undid this, hoping it was the cause, but the burnouts continue. The most mystifying part is that it's just the light bulbs. Nothing else in the house - laptops, large and small appliances, phone charges, aquarium pump - has died mysteriously. To a certain extent I'm regretting getting rid of the built-in LEDs, although I also suspect that whatever problem we have on that circuit is also the reason the first built-in burned out after only 3 years. Maybe the others would have burned out ridiculously early too, if we had kept them. But regardless of regrets, we're spending literally thirty dollars a month on light bulbs, and we can't afford to. Help!","My light bulbs keep burning out. My electricians are baffled. Help! (long) Hi all, I'm going to be overly detailed because I'm desperate and I don't know what facts might be relevant. Five years ago I moved into an apartment in a brand-new building. There is an ongoing lawsuit against the builders due to a large number of issues, especially with sealant between floor tiles and water damage and other things. As far as I know nobody else in the building is having electrical issues. As far as I know. At the time we moved in, we had built-in LEDs throughout the house - those annoying ones connected directly to the mains. Even if I knew how to replace them safely, which I don't, in this country I'm *legally* not allowed to without calling a licensed electrician. But they're supposed to last for 10 years, which theoretically offsets the inconvenience. The only parts of the house that didn't have them were the dining room and the main corridor, which had standard E27 bulbs. A year and a half ago, the first built-in LED burned out - seven years before it was supposed to. I realized that even if they last ten years, calling an electrician to replace them one by one (or living in partial darkness until enough of them burn out to make it worth it) would be really annoying and expensive. So I decided that instead of paying the per-visit surcharge over and over again, I'd replace them all in one go. I bought a bunch of E27 light fixtures from Ikea, and invited an electrician to come and replace them. I also realized I would need bulbs. I don't buy anything made in China (my wife does; she had been buying Chinese E27 LEDs for the dining room and corridor throughout the previous 3 years), so I searched and searched until I found E27 LEDs made elsewhere. It's not easy to find those in this country; it took me weeks. The only ones I could find were Ukraine-made bulbs that had dimmers built into them. I double-checked: putting a dimmer bulb into a non-dimmer base is supposedly fine, as long as you don't do the opposite. So I bought a box of 10. Five days before the electrician came, one of the E27s in the corridor burned out. A chance to try out my new Ukrainian light bulbs, before we replace the other light fixtures! I replaced the bulb with much fanfare. The next morning, I discovered it had burned out overnight. Is it possible I just a bad light bulb? I replaced it with another. The next morning I woke up to discover it had not only burned out but also flipped the fuse for the entire house. Cue my wife mocking me for my boycott of China. I took the Ukrainian bulbs back to the store; they said they hadn't gotten any other complains, and maybe I just got a bad box or something. They replaced the box for free. The next day the electrician came and replaced all the light fixtures; I put the Ukrainian E27 LEDs throughout the house. By the end of the week, seven bulbs had burned out. One bulb, when it burned out, gave a distressing sizzling noise and popped the fuse for the entire house again; when removing it, I noticed that it had black burn marks on the edges. I removed all of the Ukrainian bulbs and my wife bought and installed Chinese E27 LEDs with no dimmer. But they're still burning out at a ridiculous rate. The bulb over the sink in the kitchen has burned out three times in the last six months alone; we've replaced both bulbs in the master bedroom twice. Every bulb I install in the girls' room burns out ""halfway"" in some strange fashion - a week after installing, it suddenly starts giving off half as much light as it did before. My wife is no longer mocking me for the Ukrainian bulbs, because it's clear we have some sort of more basic problem throughout the house, which remained mostly unnoticed when we only had 5 E27s but is painfully evident now that we have 19. My wife has noted that she thinks that all along she'd been replacing bulbs in the dining room more regularity than she should have. I've had three electricians look at it; the most recent one has also tried asking about it in various local WhatsApp groups. None of them have any idea what's going on. The voltage is a steady 230V whenever he checks it, though if the burnouts are caused by intermittent fluctuations it might just be happening when he's not there. We've checked that the wattages of the bulbs don't exceed those of the housing; one bulb did, which we replaced just in case, but the rest are okay. One electrician found that a previous electrician had unsafely routed all of the house's lighting circuits through a single 24-hour timer when he installed the timer in the circuit board for us three years earlier; he undid this, hoping it was the cause, but the burnouts continue. The most mystifying part is that it's just the light bulbs. Nothing else in the house - laptops, large and small appliances, phone charges, aquarium pump - has died mysteriously. To a certain extent I'm regretting getting rid of the built-in LEDs, although I also suspect that whatever problem we have on that circuit is also the reason the first built-in burned out after only 3 years. Maybe the others would have burned out ridiculously early too, if we had kept them. But regardless of regrets, we're spending literally thirty dollars a month on light bulbs, and we can't afford to. Help!",https://www.reddit.com/r/askanelectrician/comments/13ds359/my_light_bulbs_keep_burning_out_my_electricians/,1,4,https://www.reddit.com/r/askanelectrician/comments/13ds359/my_light_bulbs_keep_burning_out_my_electricians/,electrical issue,needs_review_medium_signal,medium_risk_call_pro,weak_labeled,,medium_risk_call_pro,0.80,contained_water_damage:\bwater damage(?:d)?\b,"{""medium_risk_call_pro"": 2.0}",no,weak_supervision
17nvy6w,HomeImprovement,2023-11-04T21:25:48+00:00,"Who would I call for this type of job? Plumbing, HVAC or?",Recently we have smelled sewage gas in our primary bedroom bathroom. I called a plumber who pinpointed the gas to the AC vent in the bathroom. He said they do not fix that type of issue and didn't really have good suggestion on who to call. I went into the attic to find the plumbing vent pipe right by the AC vent in question. So far I've tried metallic duct taping around the top and body of vent pip that shows in the attic. I think used a drain snake all the way through from the roof. I also put a hose and ran water down pipe for 6 minutes. A frog did come out but no noticeable clog. I'm at a loss for who to call next or what to do myself. Any advice?,"Who would I call for this type of job? Plumbing, HVAC or? Recently we have smelled sewage gas in our primary bedroom bathroom. I called a plumber who pinpointed the gas to the AC vent in the bathroom. He said they do not fix that type of issue and didn't really have good suggestion on who to call. I went into the attic to find the plumbing vent pipe right by the AC vent in question. So far I've tried metallic duct taping around the top and body of vent pip that shows in the attic. I think used a drain snake all the way through from the roof. I also put a hose and ran water down pipe for 6 minutes. A frog did come out but no noticeable clog. I'm at a loss for who to call next or what to do myself. Any advice?",https://www.reddit.com/r/HomeImprovement/comments/17nvy6w/who_would_i_call_for_this_type_of_job_plumbing/,2,5,https://www.reddit.com/r/HomeImprovement/comments/17nvy6w/who_would_i_call_for_this_type_of_job_plumbing/,gas smell,needs_review_medium_signal,medium_risk_call_pro,weak_labeled,,medium_risk_call_pro,0.80,trade_system_issue:\bhvac\b,"{""medium_risk_call_pro"": 2.0}",no,weak_supervision
1tnjchc,HomeMaintenance,2026-05-25T19:31:00+00:00,"Does this look like mold? It’s a sticky trap on my window pane, I looked around for any other spots above it or on the wall but this is the only spot so far. Any idea what it could be?",,"Does this look like mold? It’s a sticky trap on my window pane, I looked around for any other spots above it or on the wall but this is the only spot so far. Any idea what it could be?",https://www.reddit.com/r/HomeMaintenance/comments/1tnjchc/does_this_look_like_mold_its_a_sticky_trap_on_my/,1,1,https://www.reddit.com/gallery/1tnjbqk,mold,needs_review_medium_signal,medium_risk_call_pro,weak_labeled,,medium_risk_call_pro,0.80,mold_or_foundation_concern:\bmold\b,"{""medium_risk_call_pro"": 2.0}",no,weak_supervision
1sayygy,Plumbing,2026-04-03T00:42:23+00:00,It Never Ends,"Hi all! I'm an apartment maintenance technician and I need some help. Here's the scene. The apartment building is about 400 feet from a river. The apartment is on the second story, on the end. The bathroom is located in a corner that faces the river (surrounded by the red box). The apartments were built in the 70s. Most of the lines are still the forbidden. . . . . cast iron! Inside - the bathroom houses a tub, toilet, single basin sink atop a cabinet, and there is also a small electric inset wall heater. There is a functioning exhaust fan and I even placed a dehumidifier in there. Not super huge, but a decent sized one that won't get in the residents way. After they shower, they leave the door open and the exhaust fan on until all the steam/moisture clears out. The dehumidifier runs constantly too. Background - the toilet was replaced before I took over (mid 2021). The line has been snaked on 2 separate occasions by professionals, not just me. It seems to get better then worse then better. Just a constant back and forth. I pulled the toilet, cleaned up the flooring, replaced the wax ring (thick), and . . . grouted it level. I use grout on second floors and above so that I can tell if there is a leak since caulk will keep it under the toilet and rot the floor. The resident has to clean the toilet every other day. She let this go for about 5 days so that I could get good pictures. It looks and feels like mildew on the rim amd seat. There seems to be what I can only explain as a biofilm on the water in the bowl. There is a slight urea smell at times that gets worse occasionally. She is very clean and she lives alone. I for the love of God CANNOT figure out where this goo is coming from. Additional info: I have not found any leaks anywhere in the apartment. I had a mold restoration company come out and take air quality samples outside around the apartments and in EVERY room. They all came back normal/within range, inside and out. No other resident has this problem. Just this one toilet. Please. I need some help on this. Am I missing something? Is it because of the river? Is it the old cast iron pipes? Thanks in advance! If you need more info, just let me know!","It Never Ends Hi all! I'm an apartment maintenance technician and I need some help. Here's the scene. The apartment building is about 400 feet from a river. The apartment is on the second story, on the end. The bathroom is located in a corner that faces the river (surrounded by the red box). The apartments were built in the 70s. Most of the lines are still the forbidden. . . . . cast iron! Inside - the bathroom houses a tub, toilet, single basin sink atop a cabinet, and there is also a small electric inset wall heater. There is a functioning exhaust fan and I even placed a dehumidifier in there. Not super huge, but a decent sized one that won't get in the residents way. After they shower, they leave the door open and the exhaust fan on until all the steam/moisture clears out. The dehumidifier runs constantly too. Background - the toilet was replaced before I took over (mid 2021). The line has been snaked on 2 separate occasions by professionals, not just me. It seems to get better then worse then better. Just a constant back and forth. I pulled the toilet, cleaned up the flooring, replaced the wax ring (thick), and . . . grouted it level. I use grout on second floors and above so that I can tell if there is a leak since caulk will keep it under the toilet and rot the floor. The resident has to clean the toilet every other day. She let this go for about 5 days so that I could get good pictures. It looks and feels like mildew on the rim amd seat. There seems to be what I can only explain as a biofilm on the water in the bowl. There is a slight urea smell at times that gets worse occasionally. She is very clean and she lives alone. I for the love of God CANNOT figure out where this goo is coming from. Additional info: I have not found any leaks anywhere in the apartment. I had a mold restoration company come out and take air quality samples outside around the apartments and in EVERY room. They all came back normal/within range, inside and out. No other resident has this problem. Just this one toilet. Please. I need some help on this. Am I missing something? Is it because of the river? Is it the old cast iron pipes? Thanks in advance! If you need more info, just let me know!",https://www.reddit.com/r/Plumbing/comments/1sayygy/it_never_ends/,1,3,https://www.reddit.com/gallery/1sayygy,caulk,needs_review_medium_signal,medium_risk_call_pro,weak_labeled,,medium_risk_call_pro,0.87,contained_water_damage:\bleak(?:s|ing|ed)?\b; mold_or_foundation_concern:\bmold\b; cosmetic_or_minor_finish:\bcaulk(?:ing)?\b,"{""low_risk_diy"": 2.2, ""medium_risk_call_pro"": 4.0}",no,weak_supervision
1tk2ujh,HomeImprovement,2026-05-22T00:23:31+00:00,How do I stop blackout curtains from leaking light through the sides?,"I’ve got blackout curtains in my bedroom but a lot of light still comes through the sides near the wall/window edge (photo attached). I tried using 3M industrial-strength Velcro tape to stick the curtain edge to the wall, but after a few days the adhesive loses stickiness and falls off. What’s the best long-term fix for this?","How do I stop blackout curtains from leaking light through the sides? I’ve got blackout curtains in my bedroom but a lot of light still comes through the sides near the wall/window edge (photo attached). I tried using 3M industrial-strength Velcro tape to stick the curtain edge to the wall, but after a few days the adhesive loses stickiness and falls off. What’s the best long-term fix for this?",https://www.reddit.com/r/HomeImprovement/comments/1tk2ujh/how_do_i_stop_blackout_curtains_from_leaking/,4,13,https://www.reddit.com/r/HomeImprovement/comments/1tk2ujh/how_do_i_stop_blackout_curtains_from_leaking/,leak,needs_review_medium_signal,medium_risk_call_pro,weak_labeled,,medium_risk_call_pro,0.80,contained_water_damage:\bleak(?:s|ing|ed)?\b,"{""medium_risk_call_pro"": 2.0}",no,weak_supervision
1tp43un,HomeImprovement,2026-05-27T12:28:49+00:00,"New gutter leaking after install, what do I say?","Hello friends. I recently had part of my gutters replaced along the back of my house since they were pouring a waterfall onto my back porch and deck. After the initial install, we noticed that the new gutter was leaking in a different spot. They came back to supposedly fix it, bit it's the same as before. Can someone tell me what they missed, or if it was just not installed correctly. It looks like its just coming through the seams. https://imgur.com/a/ctWhF3u","New gutter leaking after install, what do I say? Hello friends. I recently had part of my gutters replaced along the back of my house since they were pouring a waterfall onto my back porch and deck. After the initial install, we noticed that the new gutter was leaking in a different spot. They came back to supposedly fix it, bit it's the same as before. Can someone tell me what they missed, or if it was just not installed correctly. It looks like its just coming through the seams. https://imgur.com/a/ctWhF3u",https://www.reddit.com/r/HomeImprovement/comments/1tp43un/new_gutter_leaking_after_install_what_do_i_say/,0,4,https://www.reddit.com/r/HomeImprovement/comments/1tp43un/new_gutter_leaking_after_install_what_do_i_say/,leak,needs_review_medium_signal,medium_risk_call_pro,weak_labeled,,medium_risk_call_pro,0.80,contained_water_damage:\bleak(?:s|ing|ed)?\b,"{""medium_risk_call_pro"": 2.0}",no,weak_supervision
1td5xn7,HomeMaintenance,2026-05-14T17:57:29+00:00,Is this mold? Attic wood segment,Been having some minor water damage in some portions of the house and was curious if this was natural for the wood or not. These two photos are from the same member and no visible damage from above. There won't be rain in the area for a while so it is hard to tell for leaks at the moment.,Is this mold? Attic wood segment Been having some minor water damage in some portions of the house and was curious if this was natural for the wood or not. These two photos are from the same member and no visible damage from above. There won't be rain in the area for a while so it is hard to tell for leaks at the moment.,https://www.reddit.com/r/HomeMaintenance/comments/1td5xn7/is_this_mold_attic_wood_segment/,0,5,https://www.reddit.com/gallery/1td5xn7,mold,needs_review_medium_signal,medium_risk_call_pro,weak_labeled,,medium_risk_call_pro,0.95,contained_water_damage:\bleak(?:s|ing|ed)?\b; mold_or_foundation_concern:\bmold\b,"{""medium_risk_call_pro"": 4.0}",no,weak_supervision
1tngreg,HomeMaintenance,2026-05-25T17:59:26+00:00,Is this mold or ghosting?,"Noticed these markings on the bedroom ceiling of my house. It’s not damp or wet to the touch, nor a shadow. Definitely didn’t observe this when we bought the house in the spring. I’m unsure the culprit and not even sure what to do from here, or if any action is needed","Is this mold or ghosting? Noticed these markings on the bedroom ceiling of my house. It’s not damp or wet to the touch, nor a shadow. Definitely didn’t observe this when we bought the house in the spring. I’m unsure the culprit and not even sure what to do from here, or if any action is needed",https://www.reddit.com/r/HomeMaintenance/comments/1tngreg/is_this_mold_or_ghosting/,0,8,https://i.redd.it/docgislvob3h1.jpeg,mold,needs_review_medium_signal,medium_risk_call_pro,weak_labeled,,medium_risk_call_pro,0.80,mold_or_foundation_concern:\bmold\b,"{""medium_risk_call_pro"": 2.0}",no,weak_supervision
12slq21,askanelectrician,2023-04-20T04:19:36+00:00,"Are leds that dim, rapidly switch on and off, and don’t turn on at all an indication of fire risk in my rental unit?","I am currently renting a unit with led lights in the kitchen. They are built into the ceiling and I am unable to change them. About a year after moving in, the lights began to behave oddly. One at the entrance of the kitchen behaves normally, while the second one in will either be normal brightness, flicker on and off rapidly, or be very dim. The rest of the leds in the kitchen have stopped working completely. My question: is this just an issue with electrical load in the house, or is there a possibility that the issue is caused by faulty wiring that could be a fire risk? About half the time when the up stairs neighbors leave town the lights go mostly back to normal which makes me think they may be drawing too much load somewhere. But if there is a potential fire risk I’d like to know so I can bring it up to the landlords.","Are leds that dim, rapidly switch on and off, and don’t turn on at all an indication of fire risk in my rental unit? I am currently renting a unit with led lights in the kitchen. They are built into the ceiling and I am unable to change them. About a year after moving in, the lights began to behave oddly. One at the entrance of the kitchen behaves normally, while the second one in will either be normal brightness, flicker on and off rapidly, or be very dim. The rest of the leds in the kitchen have stopped working completely. My question: is this just an issue with electrical load in the house, or is there a possibility that the issue is caused by faulty wiring that could be a fire risk? About half the time when the up stairs neighbors leave town the lights go mostly back to normal which makes me think they may be drawing too much load somewhere. But if there is a potential fire risk I’d like to know so I can bring it up to the landlords.",https://www.reddit.com/r/askanelectrician/comments/12slq21/are_leds_that_dim_rapidly_switch_on_and_off_and/,0,3,https://www.reddit.com/r/askanelectrician/comments/12slq21/are_leds_that_dim_rapidly_switch_on_and_off_and/,electrical issue,needs_review_medium_signal,medium_risk_call_pro,weak_labeled,,medium_risk_call_pro,0.80,trade_system_issue:\bwiring\b,"{""medium_risk_call_pro"": 2.0}",no,weak_supervision
12vlj4k,askanelectrician,2023-04-22T22:19:05+00:00,Flickering lights and clicking power outlet,"Short backstory: I had a weird random phantom electrical issue in my bathroom a couple years ago. The entire bathroom just didn't have power for a few days and seemingly magically it just started working again. No further problems since then until now. Today I flipped the light switch in the bathroom and the lights started flickering. I also heard a clicking noise and it kind of freaked me out so I flipped the switch back off. The clicking noise continued for a few more seconds and I believe it was coming from the power outlet on the other side of the bathroom wall. There was nothing plugged in to it. I can't help but suspect the incident from a couple years ago and today are somehow related. I am kind of afraid to use power in the bathroom now (or in that part of the house in general). Maybe a dumb question, but does it make sense that a wall switch could influence a power outlet in a different room? I know the ultimate answer here is to call someone, but any idea what is happening here?","Flickering lights and clicking power outlet Short backstory: I had a weird random phantom electrical issue in my bathroom a couple years ago. The entire bathroom just didn't have power for a few days and seemingly magically it just started working again. No further problems since then until now. Today I flipped the light switch in the bathroom and the lights started flickering. I also heard a clicking noise and it kind of freaked me out so I flipped the switch back off. The clicking noise continued for a few more seconds and I believe it was coming from the power outlet on the other side of the bathroom wall. There was nothing plugged in to it. I can't help but suspect the incident from a couple years ago and today are somehow related. I am kind of afraid to use power in the bathroom now (or in that part of the house in general). Maybe a dumb question, but does it make sense that a wall switch could influence a power outlet in a different room? I know the ultimate answer here is to call someone, but any idea what is happening here?",https://www.reddit.com/r/askanelectrician/comments/12vlj4k/flickering_lights_and_clicking_power_outlet/,1,6,https://www.reddit.com/r/askanelectrician/comments/12vlj4k/flickering_lights_and_clicking_power_outlet/,electrical issue,needs_review_medium_signal,medium_risk_call_pro,weak_labeled,,medium_risk_call_pro,0.80,trade_system_issue:\boutlets?\b,"{""medium_risk_call_pro"": 2.0}",no,weak_supervision
1tpejh3,HomeImprovement,2026-05-27T18:39:46+00:00,I think the plumber ruined our house...,"We renovated our kitchen. Last friday, we finanally installed the countertop. Yesterday, the plumber came to install the sink and etc. Last night, we run the dishwasher first time in a month.. we were so happy we dont have to wash dishes in the utility room. And this morning, we found the whole garage ceiling is leaking. Damaged the whole garage ceiling and wall. It's directly under the kitchen. We called the plumber and he couldn't come right now we did the face chat instead. We showed the situation under sink and garage. He let us turn on and off some plugs and his response was... ""That is dishwasher problem, not mine"" We were using this dishwasher perfectly fine for over 2 years.. He disconnected the dishwasher pipe before we demolish the old kitchen and he connected back after a new kitchen is installed. I have no word to say anymore. I am already tired to deal with this ceiling repair... and this plumber...... This is our first home. Any advice for this situation would be helpful. Thank you very much to read this. -----‐---------- [ UPDATE ] The new plumber just came by. He said the dishwasher hose wasn't tighten at all. Like hand tightened. He guided out what to do next. Inspect wall and floor with water detector and let it dry. He was concerned about the laminate floor around kitchen. It's making a sound now. We are trying to contact our strata manager now but not sure we get much help from them. Our house is duplex and the next door's garage wall are defected by us too.","I think the plumber ruined our house... We renovated our kitchen. Last friday, we finanally installed the countertop. Yesterday, the plumber came to install the sink and etc. Last night, we run the dishwasher first time in a month.. we were so happy we dont have to wash dishes in the utility room. And this morning, we found the whole garage ceiling is leaking. Damaged the whole garage ceiling and wall. It's directly under the kitchen. We called the plumber and he couldn't come right now we did the face chat instead. We showed the situation under sink and garage. He let us turn on and off some plugs and his response was... ""That is dishwasher problem, not mine"" We were using this dishwasher perfectly fine for over 2 years.. He disconnected the dishwasher pipe before we demolish the old kitchen and he connected back after a new kitchen is installed. I have no word to say anymore. I am already tired to deal with this ceiling repair... and this plumber...... This is our first home. Any advice for this situation would be helpful. Thank you very much to read this. -----‐---------- [ UPDATE ] The new plumber just came by. He said the dishwasher hose wasn't tighten at all. Like hand tightened. He guided out what to do next. Inspect wall and floor with water detector and let it dry. He was concerned about the laminate floor around kitchen. It's making a sound now. We are trying to contact our strata manager now but not sure we get much help from them. Our house is duplex and the next door's garage wall are defected by us too.",https://www.reddit.com/r/HomeImprovement/comments/1tpejh3/i_think_the_plumber_ruined_our_house/,886,210,https://www.reddit.com/r/HomeImprovement/comments/1tpejh3/i_think_the_plumber_ruined_our_house/,leak,needs_review_medium_signal,medium_risk_call_pro,weak_labeled,,medium_risk_call_pro,0.80,contained_water_damage:\bleak(?:s|ing|ed)?\b,"{""medium_risk_call_pro"": 2.0}",no,weak_supervision
1tmmqnc,HomeImprovement,2026-05-24T20:07:25+00:00,Need help temporarily patching a hole in my kitchen floor.,"Hello, I live in an older mobile home. We had a leak recently and the floor being wet for a couple of days in the kitchen completely wrecked it. There were already problems with the kitchen floor and this just put it over the edge. It is buckled in places causing it to be uneven, but my main concern is a soft spot that if a tiny bit of pressure is applied to it will fall through, creating a decent sized hole in the entrance to the kitchen. We are currently trying to buy a house. We cant afford to sink any more money on repairs into this trailer. We just need to get a couple more months out of this place. The only thing I can think to do is to buy a big piece of plywood that covers all or most of the kitchen and have it cut to size at Home Depot. Then put stick on tiles on it so it’s cleanable. My question with that is, how could I keep the plywood from bouncing and sliding around since the floor is no longer flat. Any help or ideas are greatly appreciated.","Need help temporarily patching a hole in my kitchen floor. Hello, I live in an older mobile home. We had a leak recently and the floor being wet for a couple of days in the kitchen completely wrecked it. There were already problems with the kitchen floor and this just put it over the edge. It is buckled in places causing it to be uneven, but my main concern is a soft spot that if a tiny bit of pressure is applied to it will fall through, creating a decent sized hole in the entrance to the kitchen. We are currently trying to buy a house. We cant afford to sink any more money on repairs into this trailer. We just need to get a couple more months out of this place. The only thing I can think to do is to buy a big piece of plywood that covers all or most of the kitchen and have it cut to size at Home Depot. Then put stick on tiles on it so it’s cleanable. My question with that is, how could I keep the plywood from bouncing and sliding around since the floor is no longer flat. Any help or ideas are greatly appreciated.",https://www.reddit.com/r/HomeImprovement/comments/1tmmqnc/need_help_temporarily_patching_a_hole_in_my/,1,2,https://www.reddit.com/r/HomeImprovement/comments/1tmmqnc/need_help_temporarily_patching_a_hole_in_my/,leak,needs_review_medium_signal,medium_risk_call_pro,weak_labeled,,medium_risk_call_pro,0.80,contained_water_damage:\bleak(?:s|ing|ed)?\b,"{""medium_risk_call_pro"": 2.0}",no,weak_supervision
1tpg08r,DIY,2026-05-27T19:31:01+00:00,How do I connect this copper line to the shutoff valve?,"#### **Update:** It ended up being so much simpler than I thought! There was a compression nut already on the copper line, it had just fallen down near the bottom of the line where it enters the wall. I saw it and thought it was some other connection, like they had joined two copper lines together right there, but I was wrong. I suppose that bead around the copper line is to keep the compression nut from slipping off the end of it. So after pulling that nut up to the tip of the line, all I needed to do was get a braided steel line with 3/8"" comp on both sides, connect one end to the valve and the other end to the copper line, and it just works. Ran water through it to flush it out and test for leaks. Everything looks great! Thanks everyone for the input! --- * [Picture of the copper line under the sink](https://drive.proton.me/urls/VFBAQHA0RR#8RqHSQFUO36k) * [Picture of the shutoff valve](https://drive.proton.me/urls/XQ74J4840W#OLgkB8Z1Dk7H) * [Picture of the copper line behind the fridge](https://drive.proton.me/urls/EDHZ4QY338#xMIcO2e9rIjt) My kitchen has a copper line going from under the sink, through the cabinetry/walls, and back out behind the refrigerator. Our current fridge doesn't have a water hookup, so this line is unused (and has been unused ever since we moved in). It appears to me that the copper line hasn't ever been connected to a shutoff valve, and I'm not sure what the proper way to do it is. --- ## Under the sink * Shutoff valve is unused, and the opening is on the top of the valve, not on the bottom...not sure if this makes a difference. * Copper line terminates with nothing on the end of it. It's like a drinking straw. It has a little bead/bump going around the circumference, perhaps a quarter inch below the opening. ## Behind the fridge The copper line has some kind of..tip on the end of it? The fridge delivery guy is supposed to connect this to the fridge using a braided steel line that is included with the fridge. --- Even though the delivery guy is connecting the fridge to the line, I need to connect the line to the water supply myself and make sure the delivery guy has something to connect to. I also want to test running water through the line to 1) flush it out, and 2) check for leaks before hooking the fridge up to it. I just don't know what the proper connections are between faucet and line, and if that tip on the fridge-side line needs to stay or be removed/replaced. Any help will be greatly appreciated!","How do I connect this copper line to the shutoff valve? #### **Update:** It ended up being so much simpler than I thought! There was a compression nut already on the copper line, it had just fallen down near the bottom of the line where it enters the wall. I saw it and thought it was some other connection, like they had joined two copper lines together right there, but I was wrong. I suppose that bead around the copper line is to keep the compression nut from slipping off the end of it. So after pulling that nut up to the tip of the line, all I needed to do was get a braided steel line with 3/8"" comp on both sides, connect one end to the valve and the other end to the copper line, and it just works. Ran water through it to flush it out and test for leaks. Everything looks great! Thanks everyone for the input! --- * [Picture of the copper line under the sink](https://drive.proton.me/urls/VFBAQHA0RR#8RqHSQFUO36k) * [Picture of the shutoff valve](https://drive.proton.me/urls/XQ74J4840W#OLgkB8Z1Dk7H) * [Picture of the copper line behind the fridge](https://drive.proton.me/urls/EDHZ4QY338#xMIcO2e9rIjt) My kitchen has a copper line going from under the sink, through the cabinetry/walls, and back out behind the refrigerator. Our current fridge doesn't have a water hookup, so this line is unused (and has been unused ever since we moved in). It appears to me that the copper line hasn't ever been connected to a shutoff valve, and I'm not sure what the proper way to do it is. --- ## Under the sink * Shutoff valve is unused, and the opening is on the top of the valve, not on the bottom...not sure if this makes a difference. * Copper line terminates with nothing on the end of it. It's like a drinking straw. It has a little bead/bump going around the circumference, perhaps a quarter inch below the opening. ## Behind the fridge The copper line has some kind of..tip on the end of it? The fridge delivery guy is supposed to connect this to the fridge using a braided steel line that is included with the fridge. --- Even though the delivery guy is connecting the fridge to the line, I need to connect the line to the water supply myself and make sure the delivery guy has something to connect to. I also want to test running water through the line to 1) flush it out, and 2) check for leaks before hooking the fridge up to it. I just don't know what the proper connections are between faucet and line, and if that tip on the fridge-side line needs to stay or be removed/replaced. Any help will be greatly appreciated!",https://www.reddit.com/r/DIY/comments/1tpg08r/how_do_i_connect_this_copper_line_to_the_shutoff/,15,7,https://www.reddit.com/r/DIY/comments/1tpg08r/how_do_i_connect_this_copper_line_to_the_shutoff/,water leak,needs_review_medium_signal,medium_risk_call_pro,weak_labeled,,medium_risk_call_pro,0.80,contained_water_damage:\bleak(?:s|ing|ed)?\b,"{""medium_risk_call_pro"": 2.0}",no,weak_supervision
130c4ar,askanelectrician,2023-04-27T06:30:00+00:00,Really Bad House Wiring,"(Sorry if this is on the wrong forum) I'm not an electrician, ironically my deceased father was. (Electrical Engineer) So, I thought I'd turn to the next best thing and ask professionals how much, and how hard is it to rewire an old house. How long would it take? I live in Western Mass, the house is closing in on a hundred years old and still running on knob and tube wiring. Here's the issue though, the house has 2 breaker for 3 bedrooms.. split right down the middle of the house at the stair case. With one recently added breaker for a brand new dish washer we bought. So currently we have the living room, dining room, Small bedroom, medium bedroom and the bathroom all on one breaker. (The bedrooms are above the living room/dining room) On the other breaker is the kitchen, den, bathroom, master bedroom and basement. I just want to see the rooms separated so I don't have to worry about a microwave in the kitchen causing the AC unit in the master bedroom causing a short and flipping the breaker.","Really Bad House Wiring (Sorry if this is on the wrong forum) I'm not an electrician, ironically my deceased father was. (Electrical Engineer) So, I thought I'd turn to the next best thing and ask professionals how much, and how hard is it to rewire an old house. How long would it take? I live in Western Mass, the house is closing in on a hundred years old and still running on knob and tube wiring. Here's the issue though, the house has 2 breaker for 3 bedrooms.. split right down the middle of the house at the stair case. With one recently added breaker for a brand new dish washer we bought. So currently we have the living room, dining room, Small bedroom, medium bedroom and the bathroom all on one breaker. (The bedrooms are above the living room/dining room) On the other breaker is the kitchen, den, bathroom, master bedroom and basement. I just want to see the rooms separated so I don't have to worry about a microwave in the kitchen causing the AC unit in the master bedroom causing a short and flipping the breaker.",https://www.reddit.com/r/askanelectrician/comments/130c4ar/really_bad_house_wiring/,0,4,https://www.reddit.com/r/askanelectrician/comments/130c4ar/really_bad_house_wiring/,electrical issue,needs_review_medium_signal,medium_risk_call_pro,weak_labeled,,medium_risk_call_pro,0.80,trade_system_issue:\bac unit\b,"{""medium_risk_call_pro"": 2.0}",no,weak_supervision
1tj1aaz,Plumbing,2026-05-20T22:28:39+00:00,Toilet caulked all around,"We got our bathroom floor replaced because of mold. Contractors pulled out the sink and toilet. When they replaced the toilet, they caulked all the way around. Is that okay? I thought you weren’t supposed to do that.","Toilet caulked all around We got our bathroom floor replaced because of mold. Contractors pulled out the sink and toilet. When they replaced the toilet, they caulked all the way around. Is that okay? I thought you weren’t supposed to do that.",https://www.reddit.com/r/Plumbing/comments/1tj1aaz/toilet_caulked_all_around/,95,68,https://i.redd.it/x1zscxlccd2h1.jpeg,caulk,needs_review_medium_signal,medium_risk_call_pro,weak_labeled,,medium_risk_call_pro,0.80,mold_or_foundation_concern:\bmold\b,"{""medium_risk_call_pro"": 2.0}",no,weak_supervision
1q8oi0s,Plumbing,2026-01-09T23:53:08+00:00,Water heater anode rod replacement help?,"I’m trying to do basic maintenance and replace the anode rod on my Rheem gas water heater (PROG series, around 2018), but I can’t for the life of me figure out where the anode actually is. The manual shows a top-mounted anode, but on my unit: There’s no obvious hex head on top Just a recessed opening with what looks like a plastic insert/heat trap I’ve tried common socket sizes and nothing seems to engage Before I force anything or remove the wrong part, I figured I’d ask: 👉 Does this model have a hidden or inlet-style anode? 👉 Is the anode part of the cold-water inlet nipple instead of a traditional rod? If anyone has worked on these Rheem units or knows where the anode is actually located, I’d really appreciate the guidance. Thanks in advance.","Water heater anode rod replacement help? I’m trying to do basic maintenance and replace the anode rod on my Rheem gas water heater (PROG series, around 2018), but I can’t for the life of me figure out where the anode actually is. The manual shows a top-mounted anode, but on my unit: There’s no obvious hex head on top Just a recessed opening with what looks like a plastic insert/heat trap I’ve tried common socket sizes and nothing seems to engage Before I force anything or remove the wrong part, I figured I’d ask: 👉 Does this model have a hidden or inlet-style anode? 👉 Is the anode part of the cold-water inlet nipple instead of a traditional rod? If anyone has worked on these Rheem units or knows where the anode is actually located, I’d really appreciate the guidance. Thanks in advance.",https://www.reddit.com/r/Plumbing/comments/1q8oi0s/water_heater_anode_rod_replacement_help/,1,3,https://www.reddit.com/gallery/1q8oi0s,sparking outlet,needs_review_medium_signal,medium_risk_call_pro,weak_labeled,,medium_risk_call_pro,0.80,trade_system_issue:\bwater heater\b,"{""medium_risk_call_pro"": 2.0}",no,weak_supervision
1thfonq,HomeImprovement,2026-05-19T07:38:36+00:00,Green material to level terraced roof before waterproofing,"My garage has a terrace roof that is leaking. It wasn't an issue when all there was was my car but I'm converting it to a storage unit and cant have that amount of water dripping from the roof. I'm planning to waterproof it using an EPDM lining, but there are holes and cracks in the concrete slab that need filling first, and maybe the slope needs to be adjusted. Normally I'd do that with some sort of fiber reinforced concrete or polystyrene concrete to keep the weight down and have someting that is thick enough that it is easy to work with. But I've been made aware of the disaster that is portland cement and I would like a greener alternative. I've been thinking about drywall mud, wood concrete or earth/clay concrete. Do you have any experience with what's easy to source, actually more sustainable and suitable for my purpose ? I figure water resistance is not a huge concern since it'll be under the epdm lining anyway.","Green material to level terraced roof before waterproofing My garage has a terrace roof that is leaking. It wasn't an issue when all there was was my car but I'm converting it to a storage unit and cant have that amount of water dripping from the roof. I'm planning to waterproof it using an EPDM lining, but there are holes and cracks in the concrete slab that need filling first, and maybe the slope needs to be adjusted. Normally I'd do that with some sort of fiber reinforced concrete or polystyrene concrete to keep the weight down and have someting that is thick enough that it is easy to work with. But I've been made aware of the disaster that is portland cement and I would like a greener alternative. I've been thinking about drywall mud, wood concrete or earth/clay concrete. Do you have any experience with what's easy to source, actually more sustainable and suitable for my purpose ? I figure water resistance is not a huge concern since it'll be under the epdm lining anyway.",https://www.reddit.com/r/HomeImprovement/comments/1thfonq/green_material_to_level_terraced_roof_before/,1,0,https://www.reddit.com/r/HomeImprovement/comments/1thfonq/green_material_to_level_terraced_roof_before/,leak,needs_review_medium_signal,medium_risk_call_pro,weak_labeled,,medium_risk_call_pro,0.80,contained_water_damage:\bleak(?:s|ing|ed)?\b,"{""medium_risk_call_pro"": 2.0}",no,weak_supervision
1tc62o6,DIY,2026-05-13T17:11:31+00:00,Outdoor spigot cracked and leaked water through downstairs bathroom (drywall),"I noticed/cleaned it asap and put in a fan and dehumidifier which will be running for a week or 2 straight. I don't see any sagging or weak spots, just a little discoloring around where the HVAC vent came out and the exhaust vent. Am I probably ok since I caught this and hopefully dried this ASAP?","Outdoor spigot cracked and leaked water through downstairs bathroom (drywall) I noticed/cleaned it asap and put in a fan and dehumidifier which will be running for a week or 2 straight. I don't see any sagging or weak spots, just a little discoloring around where the HVAC vent came out and the exhaust vent. Am I probably ok since I caught this and hopefully dried this ASAP?",https://www.reddit.com/r/DIY/comments/1tc62o6/outdoor_spigot_cracked_and_leaked_water_through/,17,9,https://www.reddit.com/r/DIY/comments/1tc62o6/outdoor_spigot_cracked_and_leaked_water_through/,water leak,needs_review_medium_signal,medium_risk_call_pro,weak_labeled,,medium_risk_call_pro,0.95,contained_water_damage:\bleak(?:s|ing|ed)?\b; trade_system_issue:\bhvac\b,"{""medium_risk_call_pro"": 4.0}",no,weak_supervision
1teerrz,HomeMaintenance,2026-05-16T00:56:40+00:00,Fiberglass Shower Repair,"I installed one of those adhesive shower caddies on my fiberglass shower wall and the clips holding it up eventually broke. I fully intended to replace it, but if you’ve ever dealt with these adhesives, you know they’re almost impossible to remove. So I asked my husband for help and we accidentally ended up taking a chunk of the shower wall out with it. We’ve decided we’re done using adhesive shower accessories moving forward, but now we’re left with a hole in the fiberglass wall and I’m worried about moisture/mold since it’s inside the shower. I asked AI for repair suggestions and it recommended a “Tub & Shower Repair Kit,” but most of the kits I’m finding seem geared toward small chips/cracks in porcelain or tile, not an actual hole in fiberglass. The reviews also don’t seem especially reassuring. I understand it probably won’t look completely perfect, but I’d still like the repair to look decent and hold up well long term. Looking for: \- Product recommendations \- Advice on the best way to patch/repair a fiberglass shower wall \- Anything I should avoid doing Thanks in advance","Fiberglass Shower Repair I installed one of those adhesive shower caddies on my fiberglass shower wall and the clips holding it up eventually broke. I fully intended to replace it, but if you’ve ever dealt with these adhesives, you know they’re almost impossible to remove. So I asked my husband for help and we accidentally ended up taking a chunk of the shower wall out with it. We’ve decided we’re done using adhesive shower accessories moving forward, but now we’re left with a hole in the fiberglass wall and I’m worried about moisture/mold since it’s inside the shower. I asked AI for repair suggestions and it recommended a “Tub & Shower Repair Kit,” but most of the kits I’m finding seem geared toward small chips/cracks in porcelain or tile, not an actual hole in fiberglass. The reviews also don’t seem especially reassuring. I understand it probably won’t look completely perfect, but I’d still like the repair to look decent and hold up well long term. Looking for: \- Product recommendations \- Advice on the best way to patch/repair a fiberglass shower wall \- Anything I should avoid doing Thanks in advance",https://www.reddit.com/r/HomeMaintenance/comments/1teerrz/fiberglass_shower_repair/,1,1,https://i.redd.it/1fu1b747ee1h1.jpeg,mold,needs_review_medium_signal,medium_risk_call_pro,weak_labeled,,medium_risk_call_pro,0.80,mold_or_foundation_concern:\bmold\b,"{""medium_risk_call_pro"": 2.0}",no,weak_supervision
1tgju99,HomeMaintenance,2026-05-18T11:33:00+00:00,Is this concerning for mold I. The house. Told to replace the air handler and condenser. What else should we do to prevent mold in the house,,Is this concerning for mold I. The house. Told to replace the air handler and condenser. What else should we do to prevent mold in the house,https://www.reddit.com/r/HomeMaintenance/comments/1tgju99/is_this_concerning_for_mold_i_the_house_told_to/,1,7,https://www.reddit.com/gallery/1tgju1r,mold,needs_review_medium_signal,medium_risk_call_pro,weak_labeled,,medium_risk_call_pro,0.80,mold_or_foundation_concern:\bmold\b,"{""medium_risk_call_pro"": 2.0}",no,weak_supervision
1393qud,askanelectrician,2023-05-05T22:35:17+00:00,OR light switches turned into AND light switches,"Hi, have a weird issue here. Our power has been acting strange over the past few years, and this is the latest symptom. For a majority of the 30 year old house, we have had a pair of light switches that control the same light, which I’ll call L and R. L up and R up had the light on, L down an R down had the light on, L down and R up had it off, L up and R down had the light off. Recently, L down and R down has had the light flickering, and most of the time, not working at all. L up and R up works without issue, and the other two combinations have the light off without any issues. This would lead me to believe there’s an issue with the switch or the junction, but there have also been other electrical issues in the house, with near by outlets having electronics that are repeatedly dying. I am open to calling an electrician, but am not sure how to explain the problem or ask them what to check for. I have a multimeter, so can do some basic testing myself if needed.","OR light switches turned into AND light switches Hi, have a weird issue here. Our power has been acting strange over the past few years, and this is the latest symptom. For a majority of the 30 year old house, we have had a pair of light switches that control the same light, which I’ll call L and R. L up and R up had the light on, L down an R down had the light on, L down and R up had it off, L up and R down had the light off. Recently, L down and R down has had the light flickering, and most of the time, not working at all. L up and R up works without issue, and the other two combinations have the light off without any issues. This would lead me to believe there’s an issue with the switch or the junction, but there have also been other electrical issues in the house, with near by outlets having electronics that are repeatedly dying. I am open to calling an electrician, but am not sure how to explain the problem or ask them what to check for. I have a multimeter, so can do some basic testing myself if needed.",https://www.reddit.com/r/askanelectrician/comments/1393qud/or_light_switches_turned_into_and_light_switches/,0,2,https://www.reddit.com/r/askanelectrician/comments/1393qud/or_light_switches_turned_into_and_light_switches/,electrical issue,needs_review_medium_signal,medium_risk_call_pro,weak_labeled,,medium_risk_call_pro,0.80,trade_system_issue:\boutlets?\b,"{""medium_risk_call_pro"": 2.0}",no,weak_supervision
1tr40nh,HomeImprovement,2026-05-29T14:43:04+00:00,New Concrete Apron --> Water Still Intruding Into Basement,"Images here: [https://imgur.com/a/OPRom6T](https://imgur.com/a/OPRom6T) Update: It seems the water intrusion may be seeping ""under"" the new concrete apron and through the foundation as opposed to on top of it and through it. See photos in the linked gallery for details. We live in a circa 1915 home in the midwest and have for 4 years. A new roof was put on before we moved in, roofing company banged up a gutter which leaked and caused water to intrude in the basement (see first two images in the gallery). Previous owners claimed no water intrusion in basement (mild BS / ignorance assumed). We had the rain gutter repaired, but water was still intruding: The home had settled / sunk and the apron along the foundation was sloped toward the foundation and water was pooling and seeping through concrete apron/foundation/window. Fast forward to today and we're getting the whole home remediated for mold (wife is very sensitive to mold). In order for mold remediation to occur, water intrusion can't happen. We had a concrete company regrade+repave the apron as well as knock out and seal up the window (old coal chute). They presumably did a great job. The apron is properly graded away from the home, the downspout was connected to a buried 4"" PVC which runs under the apron and dispenses its water via a pop up away from the home. Job was completed on April 27th (it's now May 29th). We've had A LOT of rain over the past 48 hours and are again getting water intruding into the basement. Questions: 1. Did the concrete company choose to seal up the window in an appropriate way? 2. If so, did they do a poor job (as far as you can tell from the photos)? 3. If the 4"" PVC is run under the new apron, is there a chance it was cracked during pouring/curing and is leaking water? 4. If not, what should / could they have done? 5. OR, is this just the nature of a porous material like concrete? 6. We've been told about products that utilize crystalline structures that fill the cracks in very porous concrete (aka old concrete) that makes them more water tight. Anyone have experience with these? Many thanks!","New Concrete Apron --> Water Still Intruding Into Basement Images here: [https://imgur.com/a/OPRom6T](https://imgur.com/a/OPRom6T) Update: It seems the water intrusion may be seeping ""under"" the new concrete apron and through the foundation as opposed to on top of it and through it. See photos in the linked gallery for details. We live in a circa 1915 home in the midwest and have for 4 years. A new roof was put on before we moved in, roofing company banged up a gutter which leaked and caused water to intrude in the basement (see first two images in the gallery). Previous owners claimed no water intrusion in basement (mild BS / ignorance assumed). We had the rain gutter repaired, but water was still intruding: The home had settled / sunk and the apron along the foundation was sloped toward the foundation and water was pooling and seeping through concrete apron/foundation/window. Fast forward to today and we're getting the whole home remediated for mold (wife is very sensitive to mold). In order for mold remediation to occur, water intrusion can't happen. We had a concrete company regrade+repave the apron as well as knock out and seal up the window (old coal chute). They presumably did a great job. The apron is properly graded away from the home, the downspout was connected to a buried 4"" PVC which runs under the apron and dispenses its water via a pop up away from the home. Job was completed on April 27th (it's now May 29th). We've had A LOT of rain over the past 48 hours and are again getting water intruding into the basement. Questions: 1. Did the concrete company choose to seal up the window in an appropriate way? 2. If so, did they do a poor job (as far as you can tell from the photos)? 3. If the 4"" PVC is run under the new apron, is there a chance it was cracked during pouring/curing and is leaking water? 4. If not, what should / could they have done? 5. OR, is this just the nature of a porous material like concrete? 6. We've been told about products that utilize crystalline structures that fill the cracks in very porous concrete (aka old concrete) that makes them more water tight. Anyone have experience with these? Many thanks!",https://www.reddit.com/r/HomeImprovement/comments/1tr40nh/new_concrete_apron_water_still_intruding_into/,3,4,https://www.reddit.com/r/HomeImprovement/comments/1tr40nh/new_concrete_apron_water_still_intruding_into/,leak,needs_review_medium_signal,medium_risk_call_pro,weak_labeled,,medium_risk_call_pro,0.95,contained_water_damage:\bleak(?:s|ing|ed)?\b; mold_or_foundation_concern:\bmold\b,"{""medium_risk_call_pro"": 4.0}",no,weak_supervision
1tjtyke,HomeMaintenance,2026-05-21T18:47:37+00:00,Subfloor Mold,"Hello! We had a leak from a toilet which is fixed now, but it has left this moldy on the subfloor spot around the toilet flange. I am trying to understand what a potential repair/remedy will look like without having to rip out the entire subfloor if possible. Thanks for any input!","Subfloor Mold Hello! We had a leak from a toilet which is fixed now, but it has left this moldy on the subfloor spot around the toilet flange. I am trying to understand what a potential repair/remedy will look like without having to rip out the entire subfloor if possible. Thanks for any input!",https://www.reddit.com/r/HomeMaintenance/comments/1tjtyke/subfloor_mold/,1,6,https://www.reddit.com/gallery/1tjtyke,mold,needs_review_medium_signal,medium_risk_call_pro,weak_labeled,,medium_risk_call_pro,0.95,contained_water_damage:\bleak(?:s|ing|ed)?\b; mold_or_foundation_concern:\bmold\b,"{""medium_risk_call_pro"": 4.0}",no,weak_supervision
1tg0ygb,HomeImprovement,2026-05-17T20:32:27+00:00,Bathroom moisture,"I’ve been dealing with moisture issues in my bathroom for a while, but I only recently decided to open the drywall to investigate further. Here’s the whole story: I first noticed moisture on the drywall right next to the shower enclosure (see video). I assumed it was the caulk around the shower glass, so I recaulked it twice and ran a dehumidifier right next to it. The bottom section of the drywall dried out, but the middle section remained damp. So I finally decided to open the wall behind the shower to take a closer look (see video). I’m no expert, but my best guess is that this is a pipe junction issue. The water only drips when the shower is running. I tested this by splashing water directly on the shower wall and glass with the shower off — and no water appeared behind the wall. So I believe the leak is pressure-related, occurring at the connection between the supply pipe and the shower fixture. My questions: 1. Does this sound like a pipe/fitting issue to you, or could there be another explanation? 2. Could this be the sole cause of the moisture on the adjacent drywall, or might there be a secondary issue? 3. What do you think about the potential mold — does it warrant a professional remediation company, or would running a dehumidifier for a few days be sufficient? Any insight is appreciated! https://streamable.com/hwxy6d https://streamable.com/5norzn","Bathroom moisture I’ve been dealing with moisture issues in my bathroom for a while, but I only recently decided to open the drywall to investigate further. Here’s the whole story: I first noticed moisture on the drywall right next to the shower enclosure (see video). I assumed it was the caulk around the shower glass, so I recaulked it twice and ran a dehumidifier right next to it. The bottom section of the drywall dried out, but the middle section remained damp. So I finally decided to open the wall behind the shower to take a closer look (see video). I’m no expert, but my best guess is that this is a pipe junction issue. The water only drips when the shower is running. I tested this by splashing water directly on the shower wall and glass with the shower off — and no water appeared behind the wall. So I believe the leak is pressure-related, occurring at the connection between the supply pipe and the shower fixture. My questions: 1. Does this sound like a pipe/fitting issue to you, or could there be another explanation? 2. Could this be the sole cause of the moisture on the adjacent drywall, or might there be a secondary issue? 3. What do you think about the potential mold — does it warrant a professional remediation company, or would running a dehumidifier for a few days be sufficient? Any insight is appreciated! https://streamable.com/hwxy6d https://streamable.com/5norzn",https://www.reddit.com/r/HomeImprovement/comments/1tg0ygb/bathroom_moisture/,1,0,https://www.reddit.com/r/HomeImprovement/comments/1tg0ygb/bathroom_moisture/,leak,needs_review_medium_signal,medium_risk_call_pro,weak_labeled,,medium_risk_call_pro,0.87,contained_water_damage:\bleak(?:s|ing|ed)?\b; mold_or_foundation_concern:\bmold\b; cosmetic_or_minor_finish:\bcaulk(?:ing)?\b,"{""low_risk_diy"": 2.2, ""medium_risk_call_pro"": 4.0}",no,weak_supervision
1tf4u0c,HomeImprovement,2026-05-16T20:35:51+00:00,Hot Water Heater leaked and now hallway carpet needs fixed,We had an unfortunate situation where our hot water heater leaked while we were sleeping. It leaked down our hallway and we had to rip up the carpet and padding underneath. Has anyone had something like this happen before? How much do you think it would cost to redo the carpet just in a hallway? Its just cement underneath not floorboards. Thanks!,Hot Water Heater leaked and now hallway carpet needs fixed We had an unfortunate situation where our hot water heater leaked while we were sleeping. It leaked down our hallway and we had to rip up the carpet and padding underneath. Has anyone had something like this happen before? How much do you think it would cost to redo the carpet just in a hallway? Its just cement underneath not floorboards. Thanks!,https://www.reddit.com/r/HomeImprovement/comments/1tf4u0c/hot_water_heater_leaked_and_now_hallway_carpet/,1,7,https://www.reddit.com/r/HomeImprovement/comments/1tf4u0c/hot_water_heater_leaked_and_now_hallway_carpet/,leak,needs_review_medium_signal,medium_risk_call_pro,weak_labeled,,medium_risk_call_pro,0.95,contained_water_damage:\bleak(?:s|ing|ed)?\b; trade_system_issue:\bwater heater\b,"{""medium_risk_call_pro"": 4.0}",no,weak_supervision
1tpkc60,HomeMaintenance,2026-05-27T22:09:36+00:00,Question about water damage repair,"I am currently renting the first floor of a historic home with two other roommates (the house itself has four floors total and three rental units). During a rain storm earlier this month (5/14), my bedroom had a significant water leak from the ceiling due to an issue with the roof on the third floor. We put out containers to collect the water and immediately notified our landlord, but the leak caused the paint and plaster from the ceiling to peel and fall in one corner of the room where the water was actively leaking. Our landlord said that the roof had been repaired previously but something had likely happened over the winter and he would get someone out to the house ASAP to repair it. While waiting for the roof to be repaired, there were two additional rain storms that caused additional leaks across a larger area of the ceiling, including one leak that caused water to collect in the light fixture (5/19). In both cases, we immediately notified the landlord and sent photos documenting the issue. When the water collected in the light fixture, we went to turn off the power to the room at the electrical breaker, but the landlord’s handyman told us it wasn’t necessary and removed the light fixture to drain the water out of it. To be cautious, we unplugged everything in the room until our landlord arranged for an electrician to come by (5/22) and he verified that nothing was technically hazardous. On 5/20, I sent a follow up email inquiring about the timeline for repair and offering to delay my move into the bedroom until 6/1 so the issue could be properly dealt with, including that I believed the room was uninhabitable in its current state and that more significant water remediation would likely be needed. I had also purchased a digital pinless moisture meter to monitor the moisture levels, and I let the landlord know that I was getting consistently high readings (>80%) across the exterior walls and ceilings in the affected area. The baseboards were also beginning to separate from the wall in one area due to the damage, and I sent him a photo documenting this. On 5/23, the roof was finally repaired and on 5/25 the landlord responded to my follow up email letting us know that he would pivot to fixing the water damage once they verified that the roof repair was working. He said that his handyman would stop by to assess the damage and decide on next steps. On 5/26, the handyman came by to look at the damage and said that it just needed a new coat of paint to cover up the water stains. However, I am still getting high readings with my moisture meter (they have not noticeably decreased since the roof was repaired) and many areas of the wall/ceiling are cold and damp to the touch. I am concerned that the water damage will persist without more extensive repairs/water remediation, potentially leading to structural issues or mold that I will have to contend with later on in my tenancy. Am I correct in thinking that covering up the water stains with a new coat of paint will not be a sufficient repair? Or is plaster more resilient and able to dry out without being removed? How would you expect that this issue should be repaired properly, and what is the timeline for such a repair? TIA! Note: Attached photo of moisture meter shows the drywall setting, this meter doesn’t have a specific setting for plaster! I also used the masonry setting since those were both recommended as the most similar to drywall and got similar readings.","Question about water damage repair I am currently renting the first floor of a historic home with two other roommates (the house itself has four floors total and three rental units). During a rain storm earlier this month (5/14), my bedroom had a significant water leak from the ceiling due to an issue with the roof on the third floor. We put out containers to collect the water and immediately notified our landlord, but the leak caused the paint and plaster from the ceiling to peel and fall in one corner of the room where the water was actively leaking. Our landlord said that the roof had been repaired previously but something had likely happened over the winter and he would get someone out to the house ASAP to repair it. While waiting for the roof to be repaired, there were two additional rain storms that caused additional leaks across a larger area of the ceiling, including one leak that caused water to collect in the light fixture (5/19). In both cases, we immediately notified the landlord and sent photos documenting the issue. When the water collected in the light fixture, we went to turn off the power to the room at the electrical breaker, but the landlord’s handyman told us it wasn’t necessary and removed the light fixture to drain the water out of it. To be cautious, we unplugged everything in the room until our landlord arranged for an electrician to come by (5/22) and he verified that nothing was technically hazardous. On 5/20, I sent a follow up email inquiring about the timeline for repair and offering to delay my move into the bedroom until 6/1 so the issue could be properly dealt with, including that I believed the room was uninhabitable in its current state and that more significant water remediation would likely be needed. I had also purchased a digital pinless moisture meter to monitor the moisture levels, and I let the landlord know that I was getting consistently high readings (>80%) across the exterior walls and ceilings in the affected area. The baseboards were also beginning to separate from the wall in one area due to the damage, and I sent him a photo documenting this. On 5/23, the roof was finally repaired and on 5/25 the landlord responded to my follow up email letting us know that he would pivot to fixing the water damage once they verified that the roof repair was working. He said that his handyman would stop by to assess the damage and decide on next steps. On 5/26, the handyman came by to look at the damage and said that it just needed a new coat of paint to cover up the water stains. However, I am still getting high readings with my moisture meter (they have not noticeably decreased since the roof was repaired) and many areas of the wall/ceiling are cold and damp to the touch. I am concerned that the water damage will persist without more extensive repairs/water remediation, potentially leading to structural issues or mold that I will have to contend with later on in my tenancy. Am I correct in thinking that covering up the water stains with a new coat of paint will not be a sufficient repair? Or is plaster more resilient and able to dry out without being removed? How would you expect that this issue should be repaired properly, and what is the timeline for such a repair? TIA! Note: Attached photo of moisture meter shows the drywall setting, this meter doesn’t have a specific setting for plaster! I also used the masonry setting since those were both recommended as the most similar to drywall and got similar readings.",https://www.reddit.com/r/HomeMaintenance/comments/1tpkc60/question_about_water_damage_repair/,3,4,https://www.reddit.com/gallery/1tpkc60,mold,needs_review_urgent_signal,medium_risk_call_pro,weak_labeled,,medium_risk_call_pro,0.92,contained_water_damage:\bleak(?:s|ing|ed)?\b; trade_system_issue:\bbreaker\b; mold_or_foundation_concern:\bmold\b; cosmetic_or_minor_finish:\bpaint(?:ing|ed)?\b,"{""low_risk_diy"": 2.2, ""medium_risk_call_pro"": 6.0}",no,weak_supervision
1toev8k,Plumbing,2026-05-26T18:01:18+00:00,Leak when I switch shower to wand,"Hi folks, I posted a few weeks back about a mysterious leak in my shower and got great feedback. I found the cause was when I switched the handle (circled in red) from the main shower head to divert water to the wand. A leak comes from somewhere. If you have experienced this, is it something from inside the diverter wand, or from the Moen 17 cartridge on the bottom valve? I will get a professional plumber to check it out. I am just worried it may be a piping issue and I have to break up the tile. Hoping its something they can fix without breaking the tile.","Leak when I switch shower to wand Hi folks, I posted a few weeks back about a mysterious leak in my shower and got great feedback. I found the cause was when I switched the handle (circled in red) from the main shower head to divert water to the wand. A leak comes from somewhere. If you have experienced this, is it something from inside the diverter wand, or from the Moen 17 cartridge on the bottom valve? I will get a professional plumber to check it out. I am just worried it may be a piping issue and I have to break up the tile. Hoping its something they can fix without breaking the tile.",https://www.reddit.com/r/Plumbing/comments/1toev8k/leak_when_i_switch_shower_to_wand/,5,4,https://i.redd.it/9e48v9a4ui3h1.jpeg,water leak,needs_review_medium_signal,medium_risk_call_pro,weak_labeled,,medium_risk_call_pro,0.80,contained_water_damage:\bleak(?:s|ing|ed)?\b,"{""medium_risk_call_pro"": 2.0}",no,weak_supervision
1tqqqwp,Plumbing,2026-05-29T04:21:21+00:00,Delta Shower - sudden change?,"Any help you can offer is appreciated. We have lived in our home for 15 years. City water in a suburb of Portland, OR. We have a large shower in main bath. Rain shower head, traditional head and rain shower head. Suddenly a few weeks ago we noticed a significant decrease in water pressure. We have had three leaks in our kitchen prior to this - PEX piping leaks that no one can explain. Significantly damaged kitchen so I’m concerned any time I notice a change in water. Called a plumber who replaced cartridge today. It did not fix the situation. He said he “aerated” the fixtures- Again, it’s not fixed. We have a FLO by Moen on our house and there does not appear to be a leak. What could cause this and what do we do next? Thank you.","Delta Shower - sudden change? Any help you can offer is appreciated. We have lived in our home for 15 years. City water in a suburb of Portland, OR. We have a large shower in main bath. Rain shower head, traditional head and rain shower head. Suddenly a few weeks ago we noticed a significant decrease in water pressure. We have had three leaks in our kitchen prior to this - PEX piping leaks that no one can explain. Significantly damaged kitchen so I’m concerned any time I notice a change in water. Called a plumber who replaced cartridge today. It did not fix the situation. He said he “aerated” the fixtures- Again, it’s not fixed. We have a FLO by Moen on our house and there does not appear to be a leak. What could cause this and what do we do next? Thank you.",https://www.reddit.com/r/Plumbing/comments/1tqqqwp/delta_shower_sudden_change/,2,5,https://www.reddit.com/r/Plumbing/comments/1tqqqwp/delta_shower_sudden_change/,water leak,needs_review_medium_signal,medium_risk_call_pro,weak_labeled,,medium_risk_call_pro,0.80,contained_water_damage:\bleak(?:s|ing|ed)?\b,"{""medium_risk_call_pro"": 2.0}",no,weak_supervision
1td2kgq,HomeMaintenance,2026-05-14T16:01:15+00:00,"Getting mold inside the house, can't figure out what's the cause. Any ideas?","The corner ceiling of my bedroom keeps getting this mold growth. It is worst in the corner, and is present but not as bad along the ceiling closest to the outer wall. I've wiped it down, used mold inhibitor, repainted, but it keeps coming back. The master bathroom fan was venting moisture into the attic, but I re-routed it directly outside and I'm still having the issue. The roof is less than 5 years old so no problem there. I clean the gutters regularly and this corner doesn't get clogged anyway, so good there. There are no pipes nor any other plumbing in that area. I'm at a loss on what is causing this. Any ideas? https://preview.redd.it/798lneyjk41h1.jpg?width=4080&format=pjpg&auto=webp&s=0ef2aa60d4d22153eeb7b5c5106733c69487d8a6 https://preview.redd.it/o0m31fyjk41h1.jpg?width=4080&format=pjpg&auto=webp&s=cc17144b198e3432ee902aa62f74532287bcb01c https://preview.redd.it/d7po7gyjk41h1.jpg?width=4080&format=pjpg&auto=webp&s=1e34ff7767985c2e69ef7be019309287ecda3f8a https://preview.redd.it/y5uutjyjk41h1.jpg?width=4080&format=pjpg&auto=webp&s=cb2c54d117e4f57da5ac37109d78743a57e95c3e","Getting mold inside the house, can't figure out what's the cause. Any ideas? The corner ceiling of my bedroom keeps getting this mold growth. It is worst in the corner, and is present but not as bad along the ceiling closest to the outer wall. I've wiped it down, used mold inhibitor, repainted, but it keeps coming back. The master bathroom fan was venting moisture into the attic, but I re-routed it directly outside and I'm still having the issue. The roof is less than 5 years old so no problem there. I clean the gutters regularly and this corner doesn't get clogged anyway, so good there. There are no pipes nor any other plumbing in that area. I'm at a loss on what is causing this. Any ideas? https://preview.redd.it/798lneyjk41h1.jpg?width=4080&format=pjpg&auto=webp&s=0ef2aa60d4d22153eeb7b5c5106733c69487d8a6 https://preview.redd.it/o0m31fyjk41h1.jpg?width=4080&format=pjpg&auto=webp&s=cc17144b198e3432ee902aa62f74532287bcb01c https://preview.redd.it/d7po7gyjk41h1.jpg?width=4080&format=pjpg&auto=webp&s=1e34ff7767985c2e69ef7be019309287ecda3f8a https://preview.redd.it/y5uutjyjk41h1.jpg?width=4080&format=pjpg&auto=webp&s=cb2c54d117e4f57da5ac37109d78743a57e95c3e",https://www.reddit.com/r/HomeMaintenance/comments/1td2kgq/getting_mold_inside_the_house_cant_figure_out/,0,2,https://www.reddit.com/r/HomeMaintenance/comments/1td2kgq/getting_mold_inside_the_house_cant_figure_out/,mold,needs_review_medium_signal,medium_risk_call_pro,weak_labeled,,medium_risk_call_pro,0.95,trade_system_issue:\bplumbing\b; mold_or_foundation_concern:\bmold\b,"{""medium_risk_call_pro"": 4.0}",no,weak_supervision
1gp6mik,HomeMaintenance,2024-11-11T23:30:20+00:00,Outdoor Outlets Going Out Intermittently. Fix Advice?,"Hi all, homeowner in Western PA here. I recently bought a ~1990 built home and there are two outdoor power outlets, one in the front and one in the back. Pretty standard looking - 2 grounded plugs in a covered metal box, going to 15 Amp breakers. I've been doing various outdoor yardwork lately, and I noticed that the outlet in the back is acting strange. Basically, a few times now I've been able to plug in a tool (like a drill or leaf blower) and it will run for 10-15 minutes and then both plug ports will die. It's not tripping breakers, causing a spark, or impacting any other outlets or anything unusual - just not giving power. But the weird thing is that it will come back to life a day or two later without me resetting power or anything. I can't for the life of me figure out why that would be. Could anybody tell me the best way to diagnose or fix? I am reasonably experienced with basic electrical jobs (have replaced dozens of outlets, switches, and fixtures). I haven't done an outdoor plug swap, but doesn't seem too hard. If that's the simplest way to start, I'll do that - but figured I'd ask the pros first! Thanks! EDIT: I guess it's worth noting that these aren't GCFI outlets, which I'm assuming they probably should be for outdoor use. My guess is they're original at ~25 years old. Maybe best to replace them both with more modern boxes and GCFIs anyway?","Outdoor Outlets Going Out Intermittently. Fix Advice? Hi all, homeowner in Western PA here. I recently bought a ~1990 built home and there are two outdoor power outlets, one in the front and one in the back. Pretty standard looking - 2 grounded plugs in a covered metal box, going to 15 Amp breakers. I've been doing various outdoor yardwork lately, and I noticed that the outlet in the back is acting strange. Basically, a few times now I've been able to plug in a tool (like a drill or leaf blower) and it will run for 10-15 minutes and then both plug ports will die. It's not tripping breakers, causing a spark, or impacting any other outlets or anything unusual - just not giving power. But the weird thing is that it will come back to life a day or two later without me resetting power or anything. I can't for the life of me figure out why that would be. Could anybody tell me the best way to diagnose or fix? I am reasonably experienced with basic electrical jobs (have replaced dozens of outlets, switches, and fixtures). I haven't done an outdoor plug swap, but doesn't seem too hard. If that's the simplest way to start, I'll do that - but figured I'd ask the pros first! Thanks! EDIT: I guess it's worth noting that these aren't GCFI outlets, which I'm assuming they probably should be for outdoor use. My guess is they're original at ~25 years old. Maybe best to replace them both with more modern boxes and GCFIs anyway?",https://www.reddit.com/r/HomeMaintenance/comments/1gp6mik/outdoor_outlets_going_out_intermittently_fix/,1,0,https://www.reddit.com/r/HomeMaintenance/comments/1gp6mik/outdoor_outlets_going_out_intermittently_fix/,sparking outlet,needs_review_urgent_signal,urgent_safety_risk,weak_labeled,,urgent_safety_risk,0.82,fire_smoke_or_sparks:\bspark(?:s|ing|ed)?\b; trade_system_issue:\boutlets?\b,"{""medium_risk_call_pro"": 2.0, ""urgent_safety_risk"": 3.5}",no,weak_supervision
1tof8r5,HomeMaintenance,2026-05-26T18:13:58+00:00,Air scrubbers,"So we had a flood in the basement. It caused pretty bad mold. Long story short, we did underpinning to lower the basement by 4 ft, interior waterproofing, re-framed, spray formed etc etc, waiting on inspections. My wife swears the upstairs air is still ""bad"" even though every part of the basement that touched water has been removed. So be it. We got an air scrubber as seen in the picture. What's an air scrubber? Well it's an industrial fan that sucks air through a hepa filter. Fine, a little extra filtering won't hurt, right? I suggested just opening the windows and blowing air through the house. Nope, not good enough. We have to ""scrub the air"" to get rid of mold. So now we scrubber the air, and she buys a separate pipe that takes the now scrubbed clean air and blows it right out the window. ""It will create negative pressure in the house to pull the mold out of the walls"" she says. Apparently I'm crazy for thinking this is dumb. In my opinion, either remove the filter and blow dirty air outside or remove the pipe and keep the scrubbed air inside. Am I crazy?","Air scrubbers So we had a flood in the basement. It caused pretty bad mold. Long story short, we did underpinning to lower the basement by 4 ft, interior waterproofing, re-framed, spray formed etc etc, waiting on inspections. My wife swears the upstairs air is still ""bad"" even though every part of the basement that touched water has been removed. So be it. We got an air scrubber as seen in the picture. What's an air scrubber? Well it's an industrial fan that sucks air through a hepa filter. Fine, a little extra filtering won't hurt, right? I suggested just opening the windows and blowing air through the house. Nope, not good enough. We have to ""scrub the air"" to get rid of mold. So now we scrubber the air, and she buys a separate pipe that takes the now scrubbed clean air and blows it right out the window. ""It will create negative pressure in the house to pull the mold out of the walls"" she says. Apparently I'm crazy for thinking this is dumb. In my opinion, either remove the filter and blow dirty air outside or remove the pipe and keep the scrubbed air inside. Am I crazy?",https://www.reddit.com/r/HomeMaintenance/comments/1tof8r5/air_scrubbers/,27,37,https://i.redd.it/yv404todwi3h1.jpeg,mold,needs_review_urgent_signal,urgent_safety_risk,weak_labeled,,urgent_safety_risk,0.77,active_flooding_or_sewage:\bflood(?:ing|ed)?\b; mold_or_foundation_concern:\bmold\b,"{""medium_risk_call_pro"": 2.0, ""urgent_safety_risk"": 3.0}",no,weak_supervision
122qv6q,askanelectrician,2023-03-26T16:04:09+00:00,Swapping out some light switches - can someone help me understand this wiring?,"I am swapping light switches and came across [this wiring](https://imgur.com/a/1Ltz9D7). This is in a 2-gang box with 4 wires coming in, with connections to two 3-way switches. These operate my outdoor flood light and my patio lighting. I'm not sure why they would be 3-way switches since there's no other ones that operate these 2 lights. I tried swapping from Leviton regular switches to rockers but now they don't work.","Swapping out some light switches - can someone help me understand this wiring? I am swapping light switches and came across [this wiring](https://imgur.com/a/1Ltz9D7). This is in a 2-gang box with 4 wires coming in, with connections to two 3-way switches. These operate my outdoor flood light and my patio lighting. I'm not sure why they would be 3-way switches since there's no other ones that operate these 2 lights. I tried swapping from Leviton regular switches to rockers but now they don't work.",https://www.reddit.com/r/askanelectrician/comments/122qv6q/swapping_out_some_light_switches_can_someone_help/,1,3,https://www.reddit.com/r/askanelectrician/comments/122qv6q/swapping_out_some_light_switches_can_someone_help/,flooding,needs_review_urgent_signal,urgent_safety_risk,weak_labeled,,urgent_safety_risk,0.77,active_flooding_or_sewage:\bflood(?:ing|ed)?\b; trade_system_issue:\bwiring\b,"{""medium_risk_call_pro"": 2.0, ""urgent_safety_risk"": 3.0}",no,weak_supervision
v4cydd,askanelectrician,2022-06-04T00:25:55+00:00,Casetas not working on single circuit,"I’ve been upgrading my house from manual toggles to the Lutron Casetas and have generally had really good success with them compared to bother manufacturers. I’ve installed some on my own, and had my electrician install others. They generally work great but there is a single circuit that feeds my outdoor flood lights that me nor my electrician have been able to get working correctly, and it only works with manual toggle. When you put the Caseta in, it just doesn’t turn on. I’ve tried replacement units, putting no load on the switch, flipping to old incandescents and still no change. My electrician said he could put a logger on it to see what’s happening but not sure if it’d yield anything useful and we might have to rerun the line. Is there anything you can think might be causing this? I get 120 at the switch so I don’t have any reason to believe it’s related to voltage.","Casetas not working on single circuit I’ve been upgrading my house from manual toggles to the Lutron Casetas and have generally had really good success with them compared to bother manufacturers. I’ve installed some on my own, and had my electrician install others. They generally work great but there is a single circuit that feeds my outdoor flood lights that me nor my electrician have been able to get working correctly, and it only works with manual toggle. When you put the Caseta in, it just doesn’t turn on. I’ve tried replacement units, putting no load on the switch, flipping to old incandescents and still no change. My electrician said he could put a logger on it to see what’s happening but not sure if it’d yield anything useful and we might have to rerun the line. Is there anything you can think might be causing this? I get 120 at the switch so I don’t have any reason to believe it’s related to voltage.",https://www.reddit.com/r/askanelectrician/comments/v4cydd/casetas_not_working_on_single_circuit/,3,20,https://www.reddit.com/r/askanelectrician/comments/v4cydd/casetas_not_working_on_single_circuit/,flooding,needs_review_urgent_signal,urgent_safety_risk,weak_labeled,,urgent_safety_risk,0.90,active_flooding_or_sewage:\bflood(?:ing|ed)?\b,"{""urgent_safety_risk"": 3.0}",no,weak_supervision
14taok4,HomeMaintenance,2023-07-07T15:37:46+00:00,everything works but a pair of outlets,"I was fixing the lights and i crossed the wires for a bit and sparks flew out. I managed to wire it correctly but the outlet in this room and the next room to it with the outlet in the same location but facing the opposite direction is not working. The lights in both the rooms work. I tested the other outlets in the room and they work just fine. I used the multi-meter on the wire and it says it is not hot. What is wrong???, Please help","everything works but a pair of outlets I was fixing the lights and i crossed the wires for a bit and sparks flew out. I managed to wire it correctly but the outlet in this room and the next room to it with the outlet in the same location but facing the opposite direction is not working. The lights in both the rooms work. I tested the other outlets in the room and they work just fine. I used the multi-meter on the wire and it says it is not hot. What is wrong???, Please help",https://www.reddit.com/r/HomeMaintenance/comments/14taok4/everything_works_but_a_pair_of_outlets/,1,3,https://www.reddit.com/r/HomeMaintenance/comments/14taok4/everything_works_but_a_pair_of_outlets/,sparking outlet,needs_review_urgent_signal,urgent_safety_risk,weak_labeled,,urgent_safety_risk,0.82,fire_smoke_or_sparks:\bspark(?:s|ing|ed)?\b; trade_system_issue:\boutlets?\b,"{""medium_risk_call_pro"": 2.0, ""urgent_safety_risk"": 3.5}",no,weak_supervision
191vi3u,DIY,2024-01-08T20:44:54+00:00,Microwave hard wired to 50Amp 240 Volt Circuit,"Bought a new house. Our inspector found the (very high end - TRUE built in) microwave was throwing sparks and arching. The sellers gave us $1,000 to handle the replacement ourselves. Seemed like a deal. Until I learned that microwaves like this cost $3,000. I bought a $300, 1000W, standard countertop / built in unit with a trim kit and standard wall-plug to replace it. When I go to do the swap, I find the old microwave is directly wired (no outlet) together with the oven. They are tied together with wire nuts, on a 50 amp 240 volt breaker. I didn't know 240v microwaves existed! But sure enough, the old microwave is labeled for both 120V/240V. My breaker box has a 120V 20A breaker labeled ""MICROWAVE"", but it does nothing. It doesn't kill outlets in the kitchen, and it's not in the junction box. Maybe that cable is somewhere in the wall behind the cabinet, but I'd have to cut into the back of the cabinet, and the drywall behind it just to go looking. Ugh. The 50A oven cable has a red, black, white and green cable. I'm assuming the black/red carry the full 240V, and the white would be at 120V to either of those. In theory, I could take the wires that currently run to the microwave, and use the Black + White (or Red + White) to install a 120V 20A outlet for the new microwave to plug into. My understanding is this isn't safe/allowed. For one, I have a 20A outlet, but the breaker is 50A. Do standard plug outlets even come in 50Amp styles? Second (and I don't understand this part very well) it'd only load half of the circuit when the microwave is in use. Together, I have the impression this is a big no-no. So this is just a rant if anything. If this **would** be safe and allowed by code, please let me know. It's by far the easiest fix for my problem. But I don't intend to run a 120V microwave off of half of a 240V 50A cable without knowing a lot more. I'm still learning DIY. It's exciting stuff, but it can all get expensive and dangerous. Thanks all! (Gas range, electric oven. USA. House built in 2006. Microwave is built in above the wall oven)","Microwave hard wired to 50Amp 240 Volt Circuit Bought a new house. Our inspector found the (very high end - TRUE built in) microwave was throwing sparks and arching. The sellers gave us $1,000 to handle the replacement ourselves. Seemed like a deal. Until I learned that microwaves like this cost $3,000. I bought a $300, 1000W, standard countertop / built in unit with a trim kit and standard wall-plug to replace it. When I go to do the swap, I find the old microwave is directly wired (no outlet) together with the oven. They are tied together with wire nuts, on a 50 amp 240 volt breaker. I didn't know 240v microwaves existed! But sure enough, the old microwave is labeled for both 120V/240V. My breaker box has a 120V 20A breaker labeled ""MICROWAVE"", but it does nothing. It doesn't kill outlets in the kitchen, and it's not in the junction box. Maybe that cable is somewhere in the wall behind the cabinet, but I'd have to cut into the back of the cabinet, and the drywall behind it just to go looking. Ugh. The 50A oven cable has a red, black, white and green cable. I'm assuming the black/red carry the full 240V, and the white would be at 120V to either of those. In theory, I could take the wires that currently run to the microwave, and use the Black + White (or Red + White) to install a 120V 20A outlet for the new microwave to plug into. My understanding is this isn't safe/allowed. For one, I have a 20A outlet, but the breaker is 50A. Do standard plug outlets even come in 50Amp styles? Second (and I don't understand this part very well) it'd only load half of the circuit when the microwave is in use. Together, I have the impression this is a big no-no. So this is just a rant if anything. If this **would** be safe and allowed by code, please let me know. It's by far the easiest fix for my problem. But I don't intend to run a 120V microwave off of half of a 240V 50A cable without knowing a lot more. I'm still learning DIY. It's exciting stuff, but it can all get expensive and dangerous. Thanks all! (Gas range, electric oven. USA. House built in 2006. Microwave is built in above the wall oven)",https://www.reddit.com/r/DIY/comments/191vi3u/microwave_hard_wired_to_50amp_240_volt_circuit/,2,5,https://www.reddit.com/r/DIY/comments/191vi3u/microwave_hard_wired_to_50amp_240_volt_circuit/,sparking outlet,needs_review_urgent_signal,urgent_safety_risk,weak_labeled,,urgent_safety_risk,0.82,fire_smoke_or_sparks:\bspark(?:s|ing|ed)?\b; trade_system_issue:\bbreaker\b; cosmetic_or_minor_finish:\btrim\b,"{""low_risk_diy"": 2.2, ""medium_risk_call_pro"": 2.0, ""urgent_safety_risk"": 3.5}",no,weak_supervision
1tp9x88,HomeMaintenance,2026-05-27T16:01:40+00:00,I need help,What can I do? I don’t have the money to move into a new house or even rebuild my house. I am too poor for that. I am from the Philippines and we got flooded two to three times a year. I tried spraying it with mold remover. Our house is family owned.,I need help What can I do? I don’t have the money to move into a new house or even rebuild my house. I am too poor for that. I am from the Philippines and we got flooded two to three times a year. I tried spraying it with mold remover. Our house is family owned.,https://www.reddit.com/r/HomeMaintenance/comments/1tp9x88/i_need_help/,2,4,https://i.redd.it/tj5q7koodp3h1.jpeg,mold,needs_review_urgent_signal,urgent_safety_risk,weak_labeled,,urgent_safety_risk,0.77,active_flooding_or_sewage:\bflood(?:ing|ed)?\b; mold_or_foundation_concern:\bmold\b,"{""medium_risk_call_pro"": 2.0, ""urgent_safety_risk"": 3.0}",no,weak_supervision
181p9jl,HomeImprovement,2023-11-23T01:15:14+00:00,water heater ignite won't spark. should I release the gas pressure so no blockage in the gas tube somewhere?,"it's Piezo Electric Ignitor the water heater is 20 years old, the pilot is out once in a while. and I will just re-ignite and it will stay on for a few months. today I notice it's out, maybe for 1 day. it won't ignite on no matter how I tried it. and I can't see spark at all. if my left hand touch a metal, and right hand hold the igniter and strike, I can feel the electronic pulse. However I can't see the spark from the window (I turn off all the light in the room) I read following from fellow redditor saying some pressure blockage. is this the right step 1. turn the knob to pilot position 2. hold down the red button down and hold it, so the gas pressure hopefully fix the air blciage I have hold it for 5 minutes so far. 3. turn the knob to off position 4. wait for 10 min. 5. try ignite it. if doesn't work, repeat step 1 and 5? here is from fellow redditor: If the pilot has been out for a while, air can get sucked back into pilot line and cause a pressure blockage. Pressing and holding down the valve for a long time…. Sometimes minutes is the only way to get the gas pressure to build up enough to force out the air blockage. Real pain. Press / hold / press multiple times to try to get the gas to release. Can take up to 5-10 minutes sometimes. After a few minutes if you smell gas then it’s working. Often I’ve had to relight with a flame rather than the electric spark because the gas flow is so minimal, once lit the flame will draw more gas from the line and normalize the pressure again.","water heater ignite won't spark. should I release the gas pressure so no blockage in the gas tube somewhere? it's Piezo Electric Ignitor the water heater is 20 years old, the pilot is out once in a while. and I will just re-ignite and it will stay on for a few months. today I notice it's out, maybe for 1 day. it won't ignite on no matter how I tried it. and I can't see spark at all. if my left hand touch a metal, and right hand hold the igniter and strike, I can feel the electronic pulse. However I can't see the spark from the window (I turn off all the light in the room) I read following from fellow redditor saying some pressure blockage. is this the right step 1. turn the knob to pilot position 2. hold down the red button down and hold it, so the gas pressure hopefully fix the air blciage I have hold it for 5 minutes so far. 3. turn the knob to off position 4. wait for 10 min. 5. try ignite it. if doesn't work, repeat step 1 and 5? here is from fellow redditor: If the pilot has been out for a while, air can get sucked back into pilot line and cause a pressure blockage. Pressing and holding down the valve for a long time…. Sometimes minutes is the only way to get the gas pressure to build up enough to force out the air blockage. Real pain. Press / hold / press multiple times to try to get the gas to release. Can take up to 5-10 minutes sometimes. After a few minutes if you smell gas then it’s working. Often I’ve had to relight with a flame rather than the electric spark because the gas flow is so minimal, once lit the flame will draw more gas from the line and normalize the pressure again.",https://www.reddit.com/r/HomeImprovement/comments/181p9jl/water_heater_ignite_wont_spark_should_i_release/,1,4,https://www.reddit.com/r/HomeImprovement/comments/181p9jl/water_heater_ignite_wont_spark_should_i_release/,gas smell,needs_review_urgent_signal,urgent_safety_risk,weak_labeled,,urgent_safety_risk,0.92,gas_or_carbon_monoxide:\bsmell(?:s|ing)? (?:like )?gas\b; fire_smoke_or_sparks:\bspark(?:s|ing|ed)?\b; trade_system_issue:\bwater heater\b,"{""medium_risk_call_pro"": 2.0, ""urgent_safety_risk"": 7.5}",no,weak_supervision
13q5hm7,askanelectrician,2023-05-24T00:12:31+00:00,Installing an exterior light,"Hi all - recently bought a house and I’m just getting around to installing the last new exterior light. The wires are run on the outside of the house through conduit and connect to a few boxes that power some flood lights. This particular box is right outside a back door and I didn’t think to check the box (round) vs the light (square) when buying the light. Should I return the light and buy a different one or can I replace the box? If so, should I look for something specific in my search? Thanks in advance!","Installing an exterior light Hi all - recently bought a house and I’m just getting around to installing the last new exterior light. The wires are run on the outside of the house through conduit and connect to a few boxes that power some flood lights. This particular box is right outside a back door and I didn’t think to check the box (round) vs the light (square) when buying the light. Should I return the light and buy a different one or can I replace the box? If so, should I look for something specific in my search? Thanks in advance!",https://www.reddit.com/r/askanelectrician/comments/13q5hm7/installing_an_exterior_light/,0,2,https://www.reddit.com/gallery/13q5hm7,flooding,needs_review_urgent_signal,urgent_safety_risk,weak_labeled,,urgent_safety_risk,0.90,active_flooding_or_sewage:\bflood(?:ing|ed)?\b,"{""urgent_safety_risk"": 3.0}",no,weak_supervision
1ahcmjw,HomeImprovement,2024-02-02T19:56:45+00:00,Is flex pipe standard on a gas line?,"Photo here: https://www.dropbox.com/scl/fi/rz7feb2csxzimk8szs6vl/Photo-Feb-02-2024-2-45-14-PM.jpg?rlkey=zmptl9vdo17hx6vpia38mba7n&dl=0 We noticed a faint gas smell around a connection on the metal gas pipe that goes into our furnace, and had a company out today to fix it. He replaced the joint where the smell was coming from on the vertical pipe, and he also changed out the smaller horizontal pipe going from the vertical pipe into the furnace with a yellow flex pipe. Just looking for a few opinions to make sure flex pipe is standard/not a safety hazard?","Is flex pipe standard on a gas line? Photo here: https://www.dropbox.com/scl/fi/rz7feb2csxzimk8szs6vl/Photo-Feb-02-2024-2-45-14-PM.jpg?rlkey=zmptl9vdo17hx6vpia38mba7n&dl=0 We noticed a faint gas smell around a connection on the metal gas pipe that goes into our furnace, and had a company out today to fix it. He replaced the joint where the smell was coming from on the vertical pipe, and he also changed out the smaller horizontal pipe going from the vertical pipe into the furnace with a yellow flex pipe. Just looking for a few opinions to make sure flex pipe is standard/not a safety hazard?",https://www.reddit.com/r/HomeImprovement/comments/1ahcmjw/is_flex_pipe_standard_on_a_gas_line/,0,4,https://www.reddit.com/r/HomeImprovement/comments/1ahcmjw/is_flex_pipe_standard_on_a_gas_line/,gas smell,needs_review_urgent_signal,urgent_safety_risk,weak_labeled,,urgent_safety_risk,0.92,gas_or_carbon_monoxide:\bgas smell\b; trade_system_issue:\bfurnace\b,"{""medium_risk_call_pro"": 2.0, ""urgent_safety_risk"": 4.0}",no,weak_supervision
a6m6n3,DIY,2018-12-16T04:23:04+00:00,Did I screw up on this DIY project by hitting a wire?,"I was building a floating desk that needs to be mounted onto the wall via studs. I used a stud finder and measured out the center of the stud and drilled through 3 of them to mount the desk. All went well. Fast forward a couple weeks, the circuit breaker for the room where I installed the desk went out and it can't be turned back on. Did I screw up by accidentally drilling into a live wire? There's pretty much nothing using the circuit for this specific circuit (it's a room - only one light plugged in). I can't figure out why the circuit breaker would just die suddenly when it's lightly used... EDIT added 2018.12.16: So as many of you have pointed out, although it's possible I did hit a wire, it just doesn't make sense since the drilling happened a couple weeks ago. Also as people have mentioned none of the typical things happened if I even did hit one (e.g., sparks, shock, unusual resistance, etc). I don't know much about diagnosing a circuit breaker (that plastic thing that goes on/off) so I'll provide an update with what the electrician finds. EDIT 2: The electrician said the breaker was broken/died, which is very, very unusual because those things shouldn't die. He took a look at my panel and where I drilled, even though it's right on top of an outlet, and said I did not drill into wiring because it should've been protected/I would've felt it, and if I DID drill into it by accident I would've been shocked for sure. He also said it'd be very, very unusual for wiring to be directly in the middle of the stud. Overall bizarre that the breaker died.... but oh well.","Did I screw up on this DIY project by hitting a wire? I was building a floating desk that needs to be mounted onto the wall via studs. I used a stud finder and measured out the center of the stud and drilled through 3 of them to mount the desk. All went well. Fast forward a couple weeks, the circuit breaker for the room where I installed the desk went out and it can't be turned back on. Did I screw up by accidentally drilling into a live wire? There's pretty much nothing using the circuit for this specific circuit (it's a room - only one light plugged in). I can't figure out why the circuit breaker would just die suddenly when it's lightly used... EDIT added 2018.12.16: So as many of you have pointed out, although it's possible I did hit a wire, it just doesn't make sense since the drilling happened a couple weeks ago. Also as people have mentioned none of the typical things happened if I even did hit one (e.g., sparks, shock, unusual resistance, etc). I don't know much about diagnosing a circuit breaker (that plastic thing that goes on/off) so I'll provide an update with what the electrician finds. EDIT 2: The electrician said the breaker was broken/died, which is very, very unusual because those things shouldn't die. He took a look at my panel and where I drilled, even though it's right on top of an outlet, and said I did not drill into wiring because it should've been protected/I would've felt it, and if I DID drill into it by accident I would've been shocked for sure. He also said it'd be very, very unusual for wiring to be directly in the middle of the stud. Overall bizarre that the breaker died.... but oh well.",https://www.reddit.com/r/DIY/comments/a6m6n3/did_i_screw_up_on_this_diy_project_by_hitting_a/,10,52,https://www.reddit.com/r/DIY/comments/a6m6n3/did_i_screw_up_on_this_diy_project_by_hitting_a/,sparking outlet,needs_review_urgent_signal,urgent_safety_risk,weak_labeled,,urgent_safety_risk,0.82,fire_smoke_or_sparks:\bspark(?:s|ing|ed)?\b; trade_system_issue:\bbreaker\b,"{""medium_risk_call_pro"": 2.0, ""urgent_safety_risk"": 3.5}",no,weak_supervision
1pzzb1h,DIY,2025-12-31T00:58:30+00:00,Electrical - no power on line wire,"Hi all, I have a switched outlet that was working and now there is no power on the line wire. I had to move the box earlier today and I *thought* I had the right fuse unscrewed. Guess not. There was a short and some sparks but the fuse didn’t blow. I moved the wires and rewired them but now the outlet is dead. I went back and checked, the line in is also dead. Not sure what to do here, any suggestions?","Electrical - no power on line wire Hi all, I have a switched outlet that was working and now there is no power on the line wire. I had to move the box earlier today and I *thought* I had the right fuse unscrewed. Guess not. There was a short and some sparks but the fuse didn’t blow. I moved the wires and rewired them but now the outlet is dead. I went back and checked, the line in is also dead. Not sure what to do here, any suggestions?",https://www.reddit.com/r/DIY/comments/1pzzb1h/electrical_no_power_on_line_wire/,3,10,https://www.reddit.com/r/DIY/comments/1pzzb1h/electrical_no_power_on_line_wire/,sparking outlet,needs_review_urgent_signal,urgent_safety_risk,weak_labeled,,urgent_safety_risk,0.82,fire_smoke_or_sparks:\bspark(?:s|ing|ed)?\b; trade_system_issue:\boutlets?\b,"{""medium_risk_call_pro"": 2.0, ""urgent_safety_risk"": 3.5}",no,weak_supervision
xnuf7l,askanelectrician,2022-09-25T18:05:03+00:00,Replace with non-fusible shut off or get fuses?,"I have a question about a 220v A/C disconnect for a minisplit on a 30 amp circuit. A few disclaimers before the flood of ""hire an electrician"" responses: * I had an electrician run the line from the breaker to the disconnect (he gave me a list of items to purchase and he ran the lines and connected to the panel) * A week later, I had a friend who is an HVAC pro install the minisplit The issue is that the disconnect is apparently a fusible disconnect that doesn't come with the fuse. The A/C guy wired it to work by bypassing the disconnect, but for obvious reasons I don't want to keep it that way because I don't want to kill someone when they pull the disconnect and it obviously doesn't kill power the unit. My question is which approach would be better (and a follow-up question for each option): 1. Buy a new, non-fusible disconnect and swap it out (this is within my skillset) Follow up question: All the non-fusible disconnects I find are 60 amp, would there be an issue with using this on a 30 amp circuit...I'm guessing not 2. Buy fuses for this disconnect and just put them in. Follow up question: I have no idea what kind of fuses to buy, any guidance would help. Thank you!","Replace with non-fusible shut off or get fuses? I have a question about a 220v A/C disconnect for a minisplit on a 30 amp circuit. A few disclaimers before the flood of ""hire an electrician"" responses: * I had an electrician run the line from the breaker to the disconnect (he gave me a list of items to purchase and he ran the lines and connected to the panel) * A week later, I had a friend who is an HVAC pro install the minisplit The issue is that the disconnect is apparently a fusible disconnect that doesn't come with the fuse. The A/C guy wired it to work by bypassing the disconnect, but for obvious reasons I don't want to keep it that way because I don't want to kill someone when they pull the disconnect and it obviously doesn't kill power the unit. My question is which approach would be better (and a follow-up question for each option): 1. Buy a new, non-fusible disconnect and swap it out (this is within my skillset) Follow up question: All the non-fusible disconnects I find are 60 amp, would there be an issue with using this on a 30 amp circuit...I'm guessing not 2. Buy fuses for this disconnect and just put them in. Follow up question: I have no idea what kind of fuses to buy, any guidance would help. Thank you!",https://www.reddit.com/r/askanelectrician/comments/xnuf7l/replace_with_nonfusible_shut_off_or_get_fuses/,0,6,https://www.reddit.com/r/askanelectrician/comments/xnuf7l/replace_with_nonfusible_shut_off_or_get_fuses/,flooding,needs_review_urgent_signal,urgent_safety_risk,weak_labeled,,urgent_safety_risk,0.77,active_flooding_or_sewage:\bflood(?:ing|ed)?\b; trade_system_issue:\bhvac\b,"{""medium_risk_call_pro"": 2.0, ""urgent_safety_risk"": 3.0}",no,weak_supervision
1tcaxjj,Plumbing,2026-05-13T19:56:40+00:00,Correct way to install toilet?,I’ve had sewer gas smell coming into my bathroom and I think it was because of the toilet so I took it off and I want to reinstall it to prevent smells and leaks. My flange sits below the floor level. I currently have the black rubber spacer and then two white spacers sitting on top of that. It now sits slightly above the floor level. It seems to not be 100% level because of the subfloor. I am going to use caulk in between the spacers. Is this correct installation before I screw down the spacers and install the toilet? What size wax ring would be necessary for this?,Correct way to install toilet? I’ve had sewer gas smell coming into my bathroom and I think it was because of the toilet so I took it off and I want to reinstall it to prevent smells and leaks. My flange sits below the floor level. I currently have the black rubber spacer and then two white spacers sitting on top of that. It now sits slightly above the floor level. It seems to not be 100% level because of the subfloor. I am going to use caulk in between the spacers. Is this correct installation before I screw down the spacers and install the toilet? What size wax ring would be necessary for this?,https://www.reddit.com/r/Plumbing/comments/1tcaxjj/correct_way_to_install_toilet/,1,2,https://www.reddit.com/gallery/1tcaxjj,caulk,needs_review_urgent_signal,urgent_safety_risk,weak_labeled,,urgent_safety_risk,0.87,gas_or_carbon_monoxide:\bgas smell\b; contained_water_damage:\bleak(?:s|ing|ed)?\b; cosmetic_or_minor_finish:\bcaulk(?:ing)?\b,"{""low_risk_diy"": 2.2, ""medium_risk_call_pro"": 2.0, ""urgent_safety_risk"": 4.0}",no,weak_supervision
131l7mu,askanelectrician,2023-04-28T08:00:07+00:00,So this just happened... melted in half service wire,"I recently experienced an alarming incident with a wire near my property and wanted to share the details with you all. [After a brief shower of sparks, it appears one of the wires has melted itself in half](https://preview.redd.it/5og0oxfn0lwa1.jpg?width=4032&format=pjpg&auto=webp&s=63ab7f62ad8b453063137f88407a7b03be0be58f) **Event Breakdown:** 1. Sparks observed near the tree-line by some lines (possibly high-voltage) adjacent to, but not directly connected to, the wire in question. 2. A couple of milliseconds later, the wire sparks and becomes severed. 3. A few minutes pass, and power seems to be functioning, but I proceed to turn off all 240V breakers and 110V appliances as a precaution. 4. I contact the city emergency electrical dispatch to inform them of the situation. As far as I know, I am technically responsible for this line that connects to my house. However, I suspect that a surge or another issue under the city's responsibility might have caused the problem. The sparks and the manner in which the wire failed seem to support this theory. **Important Observation:** The electrical poles within a one-block radius appear to be missing their grounding wires, likely due to copper theft. I find it quite surprising that no fuse blew and, instead, enough power was sent through the steel wire to completely melt it. Are there any safety concerns I should be aware of with my current power supply? Is there any advice, aside from waiting for the night-dispatch team to review the situation? It's been around three hours since I first notified the city, and they must be busy with higher-priority incidents. I appreciate any insights or suggestions you can provide. Thanks in advance for your help. edit: update - service came out and replaced all the wires. They don't think anything was wrong upstream, but rather the cables were just old. Thoughs? https://preview.redd.it/la33h1gyznwa1.jpg?width=3024&format=pjpg&auto=webp&s=93966a1ca6b38f2421a3e1d5f7203675bd759071 &#x200B;","So this just happened... melted in half service wire I recently experienced an alarming incident with a wire near my property and wanted to share the details with you all. [After a brief shower of sparks, it appears one of the wires has melted itself in half](https://preview.redd.it/5og0oxfn0lwa1.jpg?width=4032&format=pjpg&auto=webp&s=63ab7f62ad8b453063137f88407a7b03be0be58f) **Event Breakdown:** 1. Sparks observed near the tree-line by some lines (possibly high-voltage) adjacent to, but not directly connected to, the wire in question. 2. A couple of milliseconds later, the wire sparks and becomes severed. 3. A few minutes pass, and power seems to be functioning, but I proceed to turn off all 240V breakers and 110V appliances as a precaution. 4. I contact the city emergency electrical dispatch to inform them of the situation. As far as I know, I am technically responsible for this line that connects to my house. However, I suspect that a surge or another issue under the city's responsibility might have caused the problem. The sparks and the manner in which the wire failed seem to support this theory. **Important Observation:** The electrical poles within a one-block radius appear to be missing their grounding wires, likely due to copper theft. I find it quite surprising that no fuse blew and, instead, enough power was sent through the steel wire to completely melt it. Are there any safety concerns I should be aware of with my current power supply? Is there any advice, aside from waiting for the night-dispatch team to review the situation? It's been around three hours since I first notified the city, and they must be busy with higher-priority incidents. I appreciate any insights or suggestions you can provide. Thanks in advance for your help. edit: update - service came out and replaced all the wires. They don't think anything was wrong upstream, but rather the cables were just old. Thoughs? https://preview.redd.it/la33h1gyznwa1.jpg?width=3024&format=pjpg&auto=webp&s=93966a1ca6b38f2421a3e1d5f7203675bd759071 &#x200B;",https://www.reddit.com/r/askanelectrician/comments/131l7mu/so_this_just_happened_melted_in_half_service_wire/,0,3,https://www.reddit.com/r/askanelectrician/comments/131l7mu/so_this_just_happened_melted_in_half_service_wire/,electrical issue,needs_review_urgent_signal,urgent_safety_risk,weak_labeled,,urgent_safety_risk,0.95,fire_smoke_or_sparks:\bspark(?:s|ing|ed)?\b,"{""urgent_safety_risk"": 3.5}",no,weak_supervision
1bc61ix,HomeImprovement,2024-03-11T15:36:37+00:00,Help Any ideas to fix a stinky closet,"Bought a new house 09/2022. There’s a linens closet right before entering the master bedroom, on 10/2023 I installed some Kraft maid shelves, soon after a foul gas like smell became present. I only store tools, Xmas decor, toilet paper and a winter jacket and broom. No chemicals or food. The gas smell is so strong, it drives me nuts, I already placed baking soda, vinegar, coffee washed the walls the smell is still there, called the gas company they tested and confirmed Not to be gas leak. The original anchors for the shelves created some large holes on the wall I uninstalled the shelves and patched the holes on dry wall. Replaced the anchors for ones that don’t leave holes on the wall. The smell is still there. I don’t know what to do. This is only present on this closet no other part of the house smells like this. Went to see a new home construction and there’s nothing going thru in that closet no pipes or drains, I used this ZORB deodorizer I took the smell out for 24 hours the the smell came back, it leaves everything sticky. Went thru half a bottle in 2 days. Any thoughts?","Help Any ideas to fix a stinky closet Bought a new house 09/2022. There’s a linens closet right before entering the master bedroom, on 10/2023 I installed some Kraft maid shelves, soon after a foul gas like smell became present. I only store tools, Xmas decor, toilet paper and a winter jacket and broom. No chemicals or food. The gas smell is so strong, it drives me nuts, I already placed baking soda, vinegar, coffee washed the walls the smell is still there, called the gas company they tested and confirmed Not to be gas leak. The original anchors for the shelves created some large holes on the wall I uninstalled the shelves and patched the holes on dry wall. Replaced the anchors for ones that don’t leave holes on the wall. The smell is still there. I don’t know what to do. This is only present on this closet no other part of the house smells like this. Went to see a new home construction and there’s nothing going thru in that closet no pipes or drains, I used this ZORB deodorizer I took the smell out for 24 hours the the smell came back, it leaves everything sticky. Went thru half a bottle in 2 days. Any thoughts?",https://www.reddit.com/r/HomeImprovement/comments/1bc61ix/help_any_ideas_to_fix_a_stinky_closet/,1,12,https://www.reddit.com/r/HomeImprovement/comments/1bc61ix/help_any_ideas_to_fix_a_stinky_closet/,gas smell,needs_review_urgent_signal,urgent_safety_risk,weak_labeled,,urgent_safety_risk,0.92,gas_or_carbon_monoxide:\bgas smell\b; contained_water_damage:\bleak(?:s|ing|ed)?\b,"{""medium_risk_call_pro"": 2.0, ""urgent_safety_risk"": 4.0}",no,weak_supervision
18mo1bu,HomeImprovement,2023-12-20T06:30:39+00:00,Cleaned my gas stove. Now smells like gas when on,"I cleaned my stove last night. Right after, the main burner was giving me problems igniting. Finally get it on. Now today, the flame is really small. I have to have it at the highest level if i out it on one of two the flame will completely die out and i have to reignite and now it smells like gas while its on. Any ideas?","Cleaned my gas stove. Now smells like gas when on I cleaned my stove last night. Right after, the main burner was giving me problems igniting. Finally get it on. Now today, the flame is really small. I have to have it at the highest level if i out it on one of two the flame will completely die out and i have to reignite and now it smells like gas while its on. Any ideas?",https://www.reddit.com/r/HomeImprovement/comments/18mo1bu/cleaned_my_gas_stove_now_smells_like_gas_when_on/,0,5,https://www.reddit.com/r/HomeImprovement/comments/18mo1bu/cleaned_my_gas_stove_now_smells_like_gas_when_on/,gas smell,needs_review_unclear,urgent_safety_risk,weak_labeled,,urgent_safety_risk,0.95,gas_or_carbon_monoxide:\bsmell(?:s|ing)? (?:like )?gas\b,"{""urgent_safety_risk"": 4.0}",no,weak_supervision
vil9wh,askanelectrician,2022-06-23T01:43:08+00:00,Recess LEDs won't turn on after midnight,"Ok, this is so weird. I'll try to give as much information as I can. Basically, I have 4 recessed lights above my kitchen island. There are two switches, one on either side of the room. We rarely use the one by the back door. Had incandescents and one went out so I took it out saw it was 65 watts and went to Lowes and ended up getting GE Reveal HD+ indoor flood lights... The box said 65 watt replacement, 9w, and 650 lumans. I installed them in all four lamps and turned it on. Turned on quick fine and looked good. Used them on and off the rest of the evening. On my way to bed, I turned them off and realized I needed to do something and flipped the switch... Nothing. Flipped it a few more times, nothing. Flipped the chandelier lights next to it and they came on just fine. So I went to the other switch flipped it and the recessed lights came on... Weird. Flipped that down and back up and now nothing again. Flipped (on accident) the switch that works the outside porch light and that light came on AND the recessed lights. Now I'm weirded out. Flipped several combinations and randomly a combo would work but not twice in a row. I decided because it was midnight I'll deal with this in the morning and switched everything off. Woke up and of course in the morning the lights were on. Now the switches all work perfectly as designed. Tired it several times throughout the day and worked perfect. Assumed I dreamed it and went on about my life. Well, one night a few days later I went to turn them on around midnight and nope nothing. That's the rub. They won't turn on after around 1130. Doesn't matter if they've been on all evening or I'm just getting home. Never had any issue with the non LED bulbs in there before. Tl:Dr Works perfectly during the day, won't turn on late evening early morning. No other switches or equipment are in use at night than during the day. Once on they don't turn off randomly or anything like that. Just literally at night they say nope. Advice?","Recess LEDs won't turn on after midnight Ok, this is so weird. I'll try to give as much information as I can. Basically, I have 4 recessed lights above my kitchen island. There are two switches, one on either side of the room. We rarely use the one by the back door. Had incandescents and one went out so I took it out saw it was 65 watts and went to Lowes and ended up getting GE Reveal HD+ indoor flood lights... The box said 65 watt replacement, 9w, and 650 lumans. I installed them in all four lamps and turned it on. Turned on quick fine and looked good. Used them on and off the rest of the evening. On my way to bed, I turned them off and realized I needed to do something and flipped the switch... Nothing. Flipped it a few more times, nothing. Flipped the chandelier lights next to it and they came on just fine. So I went to the other switch flipped it and the recessed lights came on... Weird. Flipped that down and back up and now nothing again. Flipped (on accident) the switch that works the outside porch light and that light came on AND the recessed lights. Now I'm weirded out. Flipped several combinations and randomly a combo would work but not twice in a row. I decided because it was midnight I'll deal with this in the morning and switched everything off. Woke up and of course in the morning the lights were on. Now the switches all work perfectly as designed. Tired it several times throughout the day and worked perfect. Assumed I dreamed it and went on about my life. Well, one night a few days later I went to turn them on around midnight and nope nothing. That's the rub. They won't turn on after around 1130. Doesn't matter if they've been on all evening or I'm just getting home. Never had any issue with the non LED bulbs in there before. Tl:Dr Works perfectly during the day, won't turn on late evening early morning. No other switches or equipment are in use at night than during the day. Once on they don't turn off randomly or anything like that. Just literally at night they say nope. Advice?",https://www.reddit.com/r/askanelectrician/comments/vil9wh/recess_leds_wont_turn_on_after_midnight/,0,10,https://www.reddit.com/r/askanelectrician/comments/vil9wh/recess_leds_wont_turn_on_after_midnight/,flooding,needs_review_urgent_signal,urgent_safety_risk,weak_labeled,,urgent_safety_risk,0.90,active_flooding_or_sewage:\bflood(?:ing|ed)?\b,"{""urgent_safety_risk"": 3.0}",no,weak_supervision
385txc,DIY,2015-06-02T01:43:15+00:00,Help me diagnose an issue with my microwave,"A few minutes ago I was defrosting some chili in the microwave, and after a minute or so there was a very loud *crack* sound from the microwave. It sounded like an electrical short, but it was way louder -- it sounded like a .22 going off indoors. I saw (or I think I saw) a spark, but I couldn't tell if it came from the back of the microwave or the wall outlet. Initially I thought that it had shorted hot to ground, but the microwave stayed on and kept working, and this noise was far far louder than I have ever heard from mains current shorting. Of course I stopped it and unplugged the microwave. After my heart rate settled to only 150% of normal, I briefly inspected the back of the microwave and didn't see any obvious nicks in the cord, or scorch marks or anything like that. I have considered that the flyback transformer may have shorted, but other than that I've got nothing. Any ideas?","Help me diagnose an issue with my microwave A few minutes ago I was defrosting some chili in the microwave, and after a minute or so there was a very loud *crack* sound from the microwave. It sounded like an electrical short, but it was way louder -- it sounded like a .22 going off indoors. I saw (or I think I saw) a spark, but I couldn't tell if it came from the back of the microwave or the wall outlet. Initially I thought that it had shorted hot to ground, but the microwave stayed on and kept working, and this noise was far far louder than I have ever heard from mains current shorting. Of course I stopped it and unplugged the microwave. After my heart rate settled to only 150% of normal, I briefly inspected the back of the microwave and didn't see any obvious nicks in the cord, or scorch marks or anything like that. I have considered that the flyback transformer may have shorted, but other than that I've got nothing. Any ideas?",https://www.reddit.com/r/DIY/comments/385txc/help_me_diagnose_an_issue_with_my_microwave/,3,5,https://www.reddit.com/r/DIY/comments/385txc/help_me_diagnose_an_issue_with_my_microwave/,sparking outlet,needs_review_urgent_signal,urgent_safety_risk,weak_labeled,,urgent_safety_risk,0.82,fire_smoke_or_sparks:\bspark(?:s|ing|ed)?\b; trade_system_issue:\boutlets?\b,"{""medium_risk_call_pro"": 2.0, ""urgent_safety_risk"": 3.5}",no,weak_supervision
17iu57q,HomeImprovement,2023-10-29T03:17:46+00:00,Gas Smell in Cracks Around Fireplace,"We recently bought this house in July. It was built in 2007 and has ventless gas logs. We have been noticing a natural gas smell that has gotten worse over the last month or so. It took us FOREVER to find a gas plumber, as in our state - after COVID - the gas board is not allowed to come indoors to check for leaks (idiotic, if you ask me). The gas plumber came out and found a few leaks in a few areas where the steel pipe threads into the connectors. He replaced those areas with new pipe sealer and replaced a small portion of the pipe that wasn’t fixable. He also took the flooring out from under the fireplace to check the pipe leading to the fireplace. He said he could not find any leaks there and patched/sealed off the area in the crawl space. Already, we have noticed a huge improvement in the overall smell of our home; however, when we approach our corner fireplace (stone with a wood mantle), we smell natural gas in the cracks where the fireplace meets the wall. Could this be residual and go away in a few days/weeks? Is the smell just permanently trapped there? Or, does it sound like we still have a leak? I will enclose a photo of the area I am talking about and the fireplace itself. Any ideas? https://imgur.com/a/tk8zNVG","Gas Smell in Cracks Around Fireplace We recently bought this house in July. It was built in 2007 and has ventless gas logs. We have been noticing a natural gas smell that has gotten worse over the last month or so. It took us FOREVER to find a gas plumber, as in our state - after COVID - the gas board is not allowed to come indoors to check for leaks (idiotic, if you ask me). The gas plumber came out and found a few leaks in a few areas where the steel pipe threads into the connectors. He replaced those areas with new pipe sealer and replaced a small portion of the pipe that wasn’t fixable. He also took the flooring out from under the fireplace to check the pipe leading to the fireplace. He said he could not find any leaks there and patched/sealed off the area in the crawl space. Already, we have noticed a huge improvement in the overall smell of our home; however, when we approach our corner fireplace (stone with a wood mantle), we smell natural gas in the cracks where the fireplace meets the wall. Could this be residual and go away in a few days/weeks? Is the smell just permanently trapped there? Or, does it sound like we still have a leak? I will enclose a photo of the area I am talking about and the fireplace itself. Any ideas? https://imgur.com/a/tk8zNVG",https://www.reddit.com/r/HomeImprovement/comments/17iu57q/gas_smell_in_cracks_around_fireplace/,1,3,https://www.reddit.com/r/HomeImprovement/comments/17iu57q/gas_smell_in_cracks_around_fireplace/,gas smell,needs_review_urgent_signal,urgent_safety_risk,weak_labeled,,urgent_safety_risk,0.92,gas_or_carbon_monoxide:\bgas smell\b; contained_water_damage:\bleak(?:s|ing|ed)?\b,"{""medium_risk_call_pro"": 2.0, ""urgent_safety_risk"": 4.0}",no,weak_supervision
zswzg9,askanelectrician,2022-12-22T21:11:58+00:00,"Trying to figure out if the problem is the outlet, or the appliance","Hi everyone... I'm struggling with figuring this out. I have a small sump pump I use to drain my pond in the winter. I just plugged it in, and it didn't turn on. I checked the outlet (outdoor, GFI) to see that it had been tripped. I hit reset, plugged the pump back in, and the same thing happened. I used this outlet a lot over the summer to run a pond pump (which draws more power than the sump pump, and ran constantly), lights, etc, with no problems. I plugged the sump pump into a SECOND outlet (garage, GFI) and, again, it tripped. I reset it, and same thing - it tripped. My brain tells me that because the sump pump tripped two outlets (which otherwise work fine - I tested them with flood lights and they stayed on) that it's the pump that is somehow faulty. Does that sound right? I ask because I've never dealt with an appliance like this repeatedly tripping an outlet. Is there something inside a device like that which could be shorted out, or otherwise damaged? Any clues to my issue would be helpful. Thanks, and Happy Holidays!","Trying to figure out if the problem is the outlet, or the appliance Hi everyone... I'm struggling with figuring this out. I have a small sump pump I use to drain my pond in the winter. I just plugged it in, and it didn't turn on. I checked the outlet (outdoor, GFI) to see that it had been tripped. I hit reset, plugged the pump back in, and the same thing happened. I used this outlet a lot over the summer to run a pond pump (which draws more power than the sump pump, and ran constantly), lights, etc, with no problems. I plugged the sump pump into a SECOND outlet (garage, GFI) and, again, it tripped. I reset it, and same thing - it tripped. My brain tells me that because the sump pump tripped two outlets (which otherwise work fine - I tested them with flood lights and they stayed on) that it's the pump that is somehow faulty. Does that sound right? I ask because I've never dealt with an appliance like this repeatedly tripping an outlet. Is there something inside a device like that which could be shorted out, or otherwise damaged? Any clues to my issue would be helpful. Thanks, and Happy Holidays!",https://www.reddit.com/r/askanelectrician/comments/zswzg9/trying_to_figure_out_if_the_problem_is_the_outlet/,1,3,https://www.reddit.com/r/askanelectrician/comments/zswzg9/trying_to_figure_out_if_the_problem_is_the_outlet/,flooding,needs_review_urgent_signal,urgent_safety_risk,weak_labeled,,urgent_safety_risk,0.77,active_flooding_or_sewage:\bflood(?:ing|ed)?\b; trade_system_issue:\boutlets?\b,"{""medium_risk_call_pro"": 2.0, ""urgent_safety_risk"": 3.0}",no,weak_supervision
zfkion,askanelectrician,2022-12-08T01:18:23+00:00,Outdoor lights,"I have a driveway that is about 250 feet long that I would like to light up. I alpine ski down it, which isn’t very important to this question but it helps when I want to ski at night. I’ve got some very bright led flood lights on my house and I figure that I could hang a few above the road. Would there be a way to do this so that I could attach say 5 sockets to the trees and then plug one cable into an outlet on my house? Thanks!","Outdoor lights I have a driveway that is about 250 feet long that I would like to light up. I alpine ski down it, which isn’t very important to this question but it helps when I want to ski at night. I’ve got some very bright led flood lights on my house and I figure that I could hang a few above the road. Would there be a way to do this so that I could attach say 5 sockets to the trees and then plug one cable into an outlet on my house? Thanks!",https://www.reddit.com/r/askanelectrician/comments/zfkion/outdoor_lights/,0,2,https://www.reddit.com/r/askanelectrician/comments/zfkion/outdoor_lights/,flooding,needs_review_urgent_signal,urgent_safety_risk,weak_labeled,,urgent_safety_risk,0.77,active_flooding_or_sewage:\bflood(?:ing|ed)?\b; trade_system_issue:\boutlets?\b,"{""medium_risk_call_pro"": 2.0, ""urgent_safety_risk"": 3.0}",no,weak_supervision
157zvuf,HomeMaintenance,2023-07-24T04:15:50+00:00,How bad is our home inspection? What would you ask for?,"Were about to buy a newly reno'd home from some flippers but were not in the city, and this is our first buy, not gonna lie this inspection is a bit overwhlmeing with these items flagged, the house is in a highly competitive market and is priced according to the area and its newly reno'd appeal. Any tips on what we should ask for off, or what MUST be done and what we can DIY or handle later would be highly appreciated. Ty kindly; &#x200B; here is the list of issues identified during the home inspection, along with the necessary fixes indicated in parentheses: 1. Renovations, Remodeling, and Additions (Provide documentation or evidence of permits obtained, missing permits). 2. Plumbing Vent Pipes (Seal plumbing vent pipe(s) and roof penetration(s) to prevent leaks, missing seal). 3. Gutters & Downspouts on standalone garage (Install missing gutters). 4. Exterior Electrical Receptacle Outlet (Install at least one receptacle in the front and back of the house, none at the moment). 5. Doorbell (Repair the inoperative doorbell, doesn't ring). 6. Windows (Fix loose hardware at windows, one window with loose hardware). 7. Switches, Fixtures & Receptacles (Replace missing light bulbs and damaged cover plates in kitchen). 8. Power at Exterior Garage Receptacle (Investigate and fix power issue, none from garage). 9. Reversed Polarity in Basement (Address reversed polarity at wall receptacles). 10. Ungrounded Receptacles in Basement (Fix ungrounded wall receptacles). 11. Kitchen Ventilation, windows only. 12. Bathroom Fan Exhaust (Redirect bathroom fan exhaust outside, goes to attic). 13. Inoperable Thermostat (Evaluate and fix thermostat). 14. Temperature Pressure Relief Valve (TPR) Discharge Pipe missing (Install TPR discharge pipe). 15. Water Leak (Address active water leak at hot water source). 16. Defective Breaker and Missing Labels (Consult electrician for breaker and panel label inspection). Or heres the full list from the inspection if this makes more sense, that was a rewrite through chatgpt attempting to list all major issues and possible fixes &#x200B; 1.1.1 Inspection Detail - General Inspection Info: Renovations,remodelling and additions 1.3.1 Inspection Detail - ON POSSESSION DAY : consider checking following parts and surrounding on the possession day 2.1.1 Roof - Roof Covering: ROOF TUNE up 2.1.2 Roof - Roof Covering: Tree Too Close 2.1.3 Roof - Roof Covering: Chimney cap 2.3.1 Roof - Plumbing Vent Pipes: Seal Roof Penetrations 2.4.1 Roof - Gutters & Downspouts: Debris in Gutters 2.4.2 Roof - Gutters & Downspouts: MAINTENANCE TIP 2.4.3 Roof - Gutters & Downspouts: Gutters Missing 3.1.1 Exterior - General: GAS METER TIP 3.3.1 Exterior - Wall-Covering, Flashing & Trim: Damaged Wall-Covering Material 3.3.2 Exterior - Wall-Covering, Flashing & Trim: Loose Wall-Covering Material 3.5.1 Exterior - GFCIs & Electrical: Missing GFCI AND COVER 3.5.2 Exterior - GFCIs & Electrical: Consider Receptacle 3.11.1 Exterior - Exterior Doors: Doorbell Does Not Ring 4.2.1 Doors, Windows & Interior - Windows: A common question from clients when viewing a basement bedroom: “Is that a legal size window?” 4.2.2 Doors, Windows & Interior - Windows: loose Hardware at Window 4.3.1 Doors, Windows & Interior - Switches, Fixtures & Receptacles: Missing bulbs. 4.3.2 Doors, Windows & Interior - Switches, Fixtures & Receptacles: Cover Plates Missing or Damaged 4.3.3 Doors, Windows & Interior - Switches, Fixtures & Receptacles: Power Not Present at Receptacle 4.3.4 Doors, Windows & Interior - Switches, Fixtures & Receptacles: Reversed Polarity 4.3.5 Doors, Windows & Interior - Switches, Fixtures & Receptacles: Ungrounded Receptacle 4.7.1 Doors, Windows & Interior - Presence of Smoke and CO Detectors: MAINTENANCE TIP FOR SMOKE ALARMS 4.7.2 Doors, Windows & Interior - Presence of Smoke and CO Detectors: MAINTENANCE TIP FOR CARBON MONOXIDE DETECTORS 4.7.3 Doors, Windows & Interior - Presence of Smoke and CO Detectors: HOME SAFETY PLACEMENT RECOMMENDATIONS 5.1.1 Kitchen/Appliances - Information: owner's manual 5.1.2 Kitchen/Appliances - Information: APPLIANCE(S) INSPECTION 5.2.1 Kitchen/Appliances - Kitchen Sink: Defect at S-Trap 5.3.1 Kitchen/Appliances - GFCI: Missing GFCI Protection 5.5.1 Kitchen/Appliances - Range/Oven/Cooktop: Cosmetic Damage 5.5.2 Kitchen/Appliances - Range/Oven/Cooktop: Stove in packing 5.5.3 Kitchen/Appliances - Range/Oven/Cooktop: Loose door handle 5.6.1 Kitchen/Appliances - Exhaust Fan: Light Did Not Turn On 5.6.2 Kitchen/Appliances - Exhaust Fan: KITCHEN VENTED BY WINDOWS ONLY 7.1.1 Attic, Insulation & Ventilation - Structural Components & Observations in Attic: Prior Water Penetration Observed 7.2.1 Attic, Insulation & Ventilation - Insulation in Attic: wood chip insulation 7.4.1 Attic, Insulation & Ventilation - Mechanical Exhaust System: Bathroom Fan Exhausts Into Attic 8.3.1 Bathrooms - Sinks, Tubs & Showers: CAULKING IMPROVEMENTS NEEDED 10.8.1 Basement, Foundation, Crawlspace & Structure - Sump Pump: sump pump 11.1.1 Heating - Thermostat and Normal Operating Controls: Heating System Maintenance 11.1.2 Heating - Thermostat and Normal Operating Controls: Inoperable Thermostat 11.2.1 Heating - Heating System Information: Old System 13.4.1 Plumbing - Hot Water Tank: MAINTENANCE TIP FOR WATER TANK 13.4.2 Plumbing - Hot Water Tank: Old System 13.4.3 Plumbing - Hot Water Tank: NO TPR DISCHARGE PIPE 13.4.4 Plumbing - Hot Water Tank: Water Leak 14.4.1 Electrical - Electrical Wiring: Double tapped neutral Wires 14.4.2 Electrical - Electrical Wiring: Defective breaker 14.4.3 Electrical - Electrical Wiring: Power line in contact 14.5.1 Electrical - Panelboards & Breakers: Missing labels 15.1.1 Garage - Garage Floor: Cracked Concrete at Garage Floor 15.1.2 Garage - Garage Floor: GARAGE DOOR TIP 15.3.1 Garage - Garage Vehicle Door Opener: Photo-Electric Eyes Were Too High 15.5.1 Garage - Ceiling, Walls & Firewalls in Garage: Water damage &#x200B; &#x200B; This seems like a LOT. &#x200B;","How bad is our home inspection? What would you ask for? Were about to buy a newly reno'd home from some flippers but were not in the city, and this is our first buy, not gonna lie this inspection is a bit overwhlmeing with these items flagged, the house is in a highly competitive market and is priced according to the area and its newly reno'd appeal. Any tips on what we should ask for off, or what MUST be done and what we can DIY or handle later would be highly appreciated. Ty kindly; &#x200B; here is the list of issues identified during the home inspection, along with the necessary fixes indicated in parentheses: 1. Renovations, Remodeling, and Additions (Provide documentation or evidence of permits obtained, missing permits). 2. Plumbing Vent Pipes (Seal plumbing vent pipe(s) and roof penetration(s) to prevent leaks, missing seal). 3. Gutters & Downspouts on standalone garage (Install missing gutters). 4. Exterior Electrical Receptacle Outlet (Install at least one receptacle in the front and back of the house, none at the moment). 5. Doorbell (Repair the inoperative doorbell, doesn't ring). 6. Windows (Fix loose hardware at windows, one window with loose hardware). 7. Switches, Fixtures & Receptacles (Replace missing light bulbs and damaged cover plates in kitchen). 8. Power at Exterior Garage Receptacle (Investigate and fix power issue, none from garage). 9. Reversed Polarity in Basement (Address reversed polarity at wall receptacles). 10. Ungrounded Receptacles in Basement (Fix ungrounded wall receptacles). 11. Kitchen Ventilation, windows only. 12. Bathroom Fan Exhaust (Redirect bathroom fan exhaust outside, goes to attic). 13. Inoperable Thermostat (Evaluate and fix thermostat). 14. Temperature Pressure Relief Valve (TPR) Discharge Pipe missing (Install TPR discharge pipe). 15. Water Leak (Address active water leak at hot water source). 16. Defective Breaker and Missing Labels (Consult electrician for breaker and panel label inspection). Or heres the full list from the inspection if this makes more sense, that was a rewrite through chatgpt attempting to list all major issues and possible fixes &#x200B; 1.1.1 Inspection Detail - General Inspection Info: Renovations,remodelling and additions 1.3.1 Inspection Detail - ON POSSESSION DAY : consider checking following parts and surrounding on the possession day 2.1.1 Roof - Roof Covering: ROOF TUNE up 2.1.2 Roof - Roof Covering: Tree Too Close 2.1.3 Roof - Roof Covering: Chimney cap 2.3.1 Roof - Plumbing Vent Pipes: Seal Roof Penetrations 2.4.1 Roof - Gutters & Downspouts: Debris in Gutters 2.4.2 Roof - Gutters & Downspouts: MAINTENANCE TIP 2.4.3 Roof - Gutters & Downspouts: Gutters Missing 3.1.1 Exterior - General: GAS METER TIP 3.3.1 Exterior - Wall-Covering, Flashing & Trim: Damaged Wall-Covering Material 3.3.2 Exterior - Wall-Covering, Flashing & Trim: Loose Wall-Covering Material 3.5.1 Exterior - GFCIs & Electrical: Missing GFCI AND COVER 3.5.2 Exterior - GFCIs & Electrical: Consider Receptacle 3.11.1 Exterior - Exterior Doors: Doorbell Does Not Ring 4.2.1 Doors, Windows & Interior - Windows: A common question from clients when viewing a basement bedroom: “Is that a legal size window?” 4.2.2 Doors, Windows & Interior - Windows: loose Hardware at Window 4.3.1 Doors, Windows & Interior - Switches, Fixtures & Receptacles: Missing bulbs. 4.3.2 Doors, Windows & Interior - Switches, Fixtures & Receptacles: Cover Plates Missing or Damaged 4.3.3 Doors, Windows & Interior - Switches, Fixtures & Receptacles: Power Not Present at Receptacle 4.3.4 Doors, Windows & Interior - Switches, Fixtures & Receptacles: Reversed Polarity 4.3.5 Doors, Windows & Interior - Switches, Fixtures & Receptacles: Ungrounded Receptacle 4.7.1 Doors, Windows & Interior - Presence of Smoke and CO Detectors: MAINTENANCE TIP FOR SMOKE ALARMS 4.7.2 Doors, Windows & Interior - Presence of Smoke and CO Detectors: MAINTENANCE TIP FOR CARBON MONOXIDE DETECTORS 4.7.3 Doors, Windows & Interior - Presence of Smoke and CO Detectors: HOME SAFETY PLACEMENT RECOMMENDATIONS 5.1.1 Kitchen/Appliances - Information: owner's manual 5.1.2 Kitchen/Appliances - Information: APPLIANCE(S) INSPECTION 5.2.1 Kitchen/Appliances - Kitchen Sink: Defect at S-Trap 5.3.1 Kitchen/Appliances - GFCI: Missing GFCI Protection 5.5.1 Kitchen/Appliances - Range/Oven/Cooktop: Cosmetic Damage 5.5.2 Kitchen/Appliances - Range/Oven/Cooktop: Stove in packing 5.5.3 Kitchen/Appliances - Range/Oven/Cooktop: Loose door handle 5.6.1 Kitchen/Appliances - Exhaust Fan: Light Did Not Turn On 5.6.2 Kitchen/Appliances - Exhaust Fan: KITCHEN VENTED BY WINDOWS ONLY 7.1.1 Attic, Insulation & Ventilation - Structural Components & Observations in Attic: Prior Water Penetration Observed 7.2.1 Attic, Insulation & Ventilation - Insulation in Attic: wood chip insulation 7.4.1 Attic, Insulation & Ventilation - Mechanical Exhaust System: Bathroom Fan Exhausts Into Attic 8.3.1 Bathrooms - Sinks, Tubs & Showers: CAULKING IMPROVEMENTS NEEDED 10.8.1 Basement, Foundation, Crawlspace & Structure - Sump Pump: sump pump 11.1.1 Heating - Thermostat and Normal Operating Controls: Heating System Maintenance 11.1.2 Heating - Thermostat and Normal Operating Controls: Inoperable Thermostat 11.2.1 Heating - Heating System Information: Old System 13.4.1 Plumbing - Hot Water Tank: MAINTENANCE TIP FOR WATER TANK 13.4.2 Plumbing - Hot Water Tank: Old System 13.4.3 Plumbing - Hot Water Tank: NO TPR DISCHARGE PIPE 13.4.4 Plumbing - Hot Water Tank: Water Leak 14.4.1 Electrical - Electrical Wiring: Double tapped neutral Wires 14.4.2 Electrical - Electrical Wiring: Defective breaker 14.4.3 Electrical - Electrical Wiring: Power line in contact 14.5.1 Electrical - Panelboards & Breakers: Missing labels 15.1.1 Garage - Garage Floor: Cracked Concrete at Garage Floor 15.1.2 Garage - Garage Floor: GARAGE DOOR TIP 15.3.1 Garage - Garage Vehicle Door Opener: Photo-Electric Eyes Were Too High 15.5.1 Garage - Ceiling, Walls & Firewalls in Garage: Water damage &#x200B; &#x200B; This seems like a LOT. &#x200B;",https://www.reddit.com/r/HomeMaintenance/comments/157zvuf/how_bad_is_our_home_inspection_what_would_you_ask/,2,3,https://www.reddit.com/r/HomeMaintenance/comments/157zvuf/how_bad_is_our_home_inspection_what_would_you_ask/,loose trim,needs_review_urgent_signal,urgent_safety_risk,weak_labeled,,urgent_safety_risk,0.87,gas_or_carbon_monoxide:\bcarbon monoxide\b; fire_smoke_or_sparks:\bsmoke\b; contained_water_damage:\bleak(?:s|ing|ed)?\b; trade_system_issue:\bbreaker\b; mold_or_foundation_concern:\bcrawlspace\b; cosmetic_or_minor_finish:\btrim\b,"{""low_risk_diy"": 2.2, ""medium_risk_call_pro"": 6.0, ""urgent_safety_risk"": 7.5}",no,weak_supervision
1ti7y55,HomeImprovement,2026-05-20T02:14:03+00:00,Sump pump running every 3 minutes in Spring,"I live in St Joseph County, Indiana (Walkerton/ North Liberty area). Moved into this property (built in 2022) June 2025. From June through February the sump ran normally — only during heavy rain, cycling for a day or two then stopping. No issues. March 2026 everything changed. We had a flash flood warning, the pump went from cycling every few hours to every 2-3 minutes and has stayed elevated ever since. Now in mid-May it's still cycling every 3 minutes. What I've already ruled out and addressed: * Float is functioning correctly, manually tested * Check valve is intact and properly installed * No water meter anomaly — city water leak ruled out * Discharge pipe is clear — snaked the full corrugated run, no blockage * Discharge drains to street storm drain, verified no backflow path toward house * Sump pit inlets (French drain) are actively flowing — confirmed groundwater source, not recirculation * Installed a battery backup pump as a precaution, and kept a spare pump at hand * Basement has stayed completely dry throughout Anyone is dealing with this? I've asked my neighbor and one told me he got three pumps running the whole season, and the other neighbor said it's abnormal and should be checked. What do you all think?","Sump pump running every 3 minutes in Spring I live in St Joseph County, Indiana (Walkerton/ North Liberty area). Moved into this property (built in 2022) June 2025. From June through February the sump ran normally — only during heavy rain, cycling for a day or two then stopping. No issues. March 2026 everything changed. We had a flash flood warning, the pump went from cycling every few hours to every 2-3 minutes and has stayed elevated ever since. Now in mid-May it's still cycling every 3 minutes. What I've already ruled out and addressed: * Float is functioning correctly, manually tested * Check valve is intact and properly installed * No water meter anomaly — city water leak ruled out * Discharge pipe is clear — snaked the full corrugated run, no blockage * Discharge drains to street storm drain, verified no backflow path toward house * Sump pit inlets (French drain) are actively flowing — confirmed groundwater source, not recirculation * Installed a battery backup pump as a precaution, and kept a spare pump at hand * Basement has stayed completely dry throughout Anyone is dealing with this? I've asked my neighbor and one told me he got three pumps running the whole season, and the other neighbor said it's abnormal and should be checked. What do you all think?",https://www.reddit.com/r/HomeImprovement/comments/1ti7y55/sump_pump_running_every_3_minutes_in_spring/,8,15,https://www.reddit.com/r/HomeImprovement/comments/1ti7y55/sump_pump_running_every_3_minutes_in_spring/,leak,needs_review_urgent_signal,urgent_safety_risk,weak_labeled,,urgent_safety_risk,0.77,active_flooding_or_sewage:\bflood(?:ing|ed)?\b; contained_water_damage:\bleak(?:s|ing|ed)?\b,"{""medium_risk_call_pro"": 2.0, ""urgent_safety_risk"": 3.0}",no,weak_supervision
ztp19l,askanelectrician,2022-12-23T18:27:11+00:00,Tripped stove top,"Yesterday a pot with water and dish soap boiled over on our stovetop and the surface got flooded. Soon after the breaker tripped. When I try to reset the breaker it knocks out the power in the whole house. Right now I just have a dehumidifier next to it to try to dry it out. With the snow and holidays coming up, no one can come look at it. Is there anything I can do to get it working again even if it’s temporary?","Tripped stove top Yesterday a pot with water and dish soap boiled over on our stovetop and the surface got flooded. Soon after the breaker tripped. When I try to reset the breaker it knocks out the power in the whole house. Right now I just have a dehumidifier next to it to try to dry it out. With the snow and holidays coming up, no one can come look at it. Is there anything I can do to get it working again even if it’s temporary?",https://www.reddit.com/r/askanelectrician/comments/ztp19l/tripped_stove_top/,4,19,https://www.reddit.com/gallery/ztp19l,flooding,needs_review_urgent_signal,urgent_safety_risk,weak_labeled,,urgent_safety_risk,0.77,active_flooding_or_sewage:\bflood(?:ing|ed)?\b; trade_system_issue:\bbreaker\b,"{""medium_risk_call_pro"": 2.0, ""urgent_safety_risk"": 3.0}",no,weak_supervision
yrrhxc,askanelectrician,2022-11-10T20:52:40+00:00,10 AWG powering subpanel?,"Bought a house. Trying to puzzle through a sub panel in the backyard attached to a pool shack (emphasis on the ""shack""). Panel has five breakers, labeled 1. pump (20A) 2. hot tub (two pole 50A) 3. shed 1 (20A) 4. shed 2 (20A) 5. tandem breaker 1. pool house & salt (20A) 2. pool flood & sub (20A) This sub comes directly from the main breaker. There are four individual wires: two black and two white. One white goes to neutral bus bar. One white goes to ground bus bar and has green tape around it. The other two blacks go to the hot bus bars. But here's the thing: those two blacks are 10 gauge wires. The insulation around the wires are even labeled ""10 AWG."" My question is how is this possible? 10 gauge shouldn't be safe for more than 30A. So how are these powering a hot tub and pool pump that would often be running simultaneously when we moved in, plus all the other stuff in the back shed (mostly fluorescent lights + couple low-amp devices like a bluetooth speaker + electric tractor charger)? **Edit** Have had this house a couple years, just never looked at it before, so it definitely was *working* long-term. Hot tub ran for over a year before I turned it off since wasn't using it, pool pump always ran for hours every day, etc. If there isn't some arcane electrical reason why this works, is my next step to replace, running fatter cables from the main panel? By the way, the current run from the main is about thirty to forty feet of partially-buried PVC pipe, and I really doubt any of it is buried to code depth (18"" or something??) for PVC pipe. There's certainly no rigid metal conduit anywhere near this setup.","10 AWG powering subpanel? Bought a house. Trying to puzzle through a sub panel in the backyard attached to a pool shack (emphasis on the ""shack""). Panel has five breakers, labeled 1. pump (20A) 2. hot tub (two pole 50A) 3. shed 1 (20A) 4. shed 2 (20A) 5. tandem breaker 1. pool house & salt (20A) 2. pool flood & sub (20A) This sub comes directly from the main breaker. There are four individual wires: two black and two white. One white goes to neutral bus bar. One white goes to ground bus bar and has green tape around it. The other two blacks go to the hot bus bars. But here's the thing: those two blacks are 10 gauge wires. The insulation around the wires are even labeled ""10 AWG."" My question is how is this possible? 10 gauge shouldn't be safe for more than 30A. So how are these powering a hot tub and pool pump that would often be running simultaneously when we moved in, plus all the other stuff in the back shed (mostly fluorescent lights + couple low-amp devices like a bluetooth speaker + electric tractor charger)? **Edit** Have had this house a couple years, just never looked at it before, so it definitely was *working* long-term. Hot tub ran for over a year before I turned it off since wasn't using it, pool pump always ran for hours every day, etc. If there isn't some arcane electrical reason why this works, is my next step to replace, running fatter cables from the main panel? By the way, the current run from the main is about thirty to forty feet of partially-buried PVC pipe, and I really doubt any of it is buried to code depth (18"" or something??) for PVC pipe. There's certainly no rigid metal conduit anywhere near this setup.",https://www.reddit.com/r/askanelectrician/comments/yrrhxc/10_awg_powering_subpanel/,1,5,https://www.reddit.com/r/askanelectrician/comments/yrrhxc/10_awg_powering_subpanel/,flooding,needs_review_urgent_signal,urgent_safety_risk,weak_labeled,,urgent_safety_risk,0.77,active_flooding_or_sewage:\bflood(?:ing|ed)?\b; trade_system_issue:\bbreaker\b,"{""medium_risk_call_pro"": 2.0, ""urgent_safety_risk"": 3.0}",no,weak_supervision
1grfrlm,DIY,2024-11-14T21:27:35+00:00,GCFI No Load,"GCFI No Load? Please don’t roast me too bad, I am usually quite confident when replacing outlets and switches, but I have came to the GCFI and the guy at the hardware store kinda scared me stressing out between line and load and how I could ruin the outlet. I pulled the outlet out and there are no load wires, just the line wires and a ground hooked up, and then some pigtailed at the back. Am I good to proceed with hooking it up the way it is, or should I call in a the pros? Update: Thank you so much to everyone who replied!! I decided to go ahead and proceed, no sparks and everything works. The only thing that was tied into the outlet was the stove exhaust fan. Glad I didn’t call the pros😂","GCFI No Load GCFI No Load? Please don’t roast me too bad, I am usually quite confident when replacing outlets and switches, but I have came to the GCFI and the guy at the hardware store kinda scared me stressing out between line and load and how I could ruin the outlet. I pulled the outlet out and there are no load wires, just the line wires and a ground hooked up, and then some pigtailed at the back. Am I good to proceed with hooking it up the way it is, or should I call in a the pros? Update: Thank you so much to everyone who replied!! I decided to go ahead and proceed, no sparks and everything works. The only thing that was tied into the outlet was the stove exhaust fan. Glad I didn’t call the pros😂",https://www.reddit.com/r/DIY/comments/1grfrlm/gcfi_no_load/,0,11,https://www.reddit.com/r/DIY/comments/1grfrlm/gcfi_no_load/,sparking outlet,needs_review_urgent_signal,urgent_safety_risk,weak_labeled,,urgent_safety_risk,0.82,fire_smoke_or_sparks:\bspark(?:s|ing|ed)?\b; trade_system_issue:\boutlets?\b,"{""medium_risk_call_pro"": 2.0, ""urgent_safety_risk"": 3.5}",no,weak_supervision
12y3kod,askanelectrician,2023-04-25T01:20:45+00:00,Neutral and ground bonded multiple locations - implications?,"TLDR: What are the implications of the neutral and ground being bonded in both the sub and main panels? Thank you! I'm staying in my camper at a buddy's place for two weeks and lost power. I traced it and found the 30a camper circuit had been routed through a cheap, now very melted, flood light connector (yes, we got lucky). In the process of taking the floodlight out of the 30a circuit and putting it on the correct lighting circuit I found that the neutral and ground were bonded in the garage panel and in the main distribution panel (house, garage, a/c, range, etc.). I know the bond should only occur in the main panel, but what are the implications of it being bonded in two, if not more, locations? Should I tell my buddy to get an electrician out asap? Or fix it next time someone comes out for something else? Or since it hasn't burned down for the past decade it's probably fine? Southeast USA if it matters. Thanks!","Neutral and ground bonded multiple locations - implications? TLDR: What are the implications of the neutral and ground being bonded in both the sub and main panels? Thank you! I'm staying in my camper at a buddy's place for two weeks and lost power. I traced it and found the 30a camper circuit had been routed through a cheap, now very melted, flood light connector (yes, we got lucky). In the process of taking the floodlight out of the 30a circuit and putting it on the correct lighting circuit I found that the neutral and ground were bonded in the garage panel and in the main distribution panel (house, garage, a/c, range, etc.). I know the bond should only occur in the main panel, but what are the implications of it being bonded in two, if not more, locations? Should I tell my buddy to get an electrician out asap? Or fix it next time someone comes out for something else? Or since it hasn't burned down for the past decade it's probably fine? Southeast USA if it matters. Thanks!",https://www.reddit.com/r/askanelectrician/comments/12y3kod/neutral_and_ground_bonded_multiple_locations/,1,8,https://www.reddit.com/r/askanelectrician/comments/12y3kod/neutral_and_ground_bonded_multiple_locations/,flooding,needs_review_urgent_signal,urgent_safety_risk,weak_labeled,,urgent_safety_risk,0.90,active_flooding_or_sewage:\bflood(?:ing|ed)?\b,"{""urgent_safety_risk"": 3.0}",no,weak_supervision
13a8jt8,askanelectrician,2023-05-07T01:24:13+00:00,Arc / bad-connection or something else?,"&#x200B; https://preview.redd.it/mtn87hql9bya1.jpg?width=1438&format=pjpg&auto=webp&s=bce035c79e5d6757a217356b5fe2c9280b54d56c I'm curious what would cause the melting of a wire nut and 12 gauge wire sheathing . This is a line-voltage thermostat (220v) for electric baseboard heating. It's feeding 2 small baseboards - total wattage around 2750. Thermostat rated for 5280 watts, 22 amps - so I don't think it's and overload issue. Is this most like caused by a bad connection in the wire nut or could it be something else? Also, only the wires & wire nuts connected to red wires seem to be affected.","Arc / bad-connection or something else? &#x200B; https://preview.redd.it/mtn87hql9bya1.jpg?width=1438&format=pjpg&auto=webp&s=bce035c79e5d6757a217356b5fe2c9280b54d56c I'm curious what would cause the melting of a wire nut and 12 gauge wire sheathing . This is a line-voltage thermostat (220v) for electric baseboard heating. It's feeding 2 small baseboards - total wattage around 2750. Thermostat rated for 5280 watts, 22 amps - so I don't think it's and overload issue. Is this most like caused by a bad connection in the wire nut or could it be something else? Also, only the wires & wire nuts connected to red wires seem to be affected.",https://www.reddit.com/r/askanelectrician/comments/13a8jt8/arc_badconnection_or_something_else/,1,1,https://www.reddit.com/r/askanelectrician/comments/13a8jt8/arc_badconnection_or_something_else/,electrical issue,needs_review_unclear,urgent_safety_risk,weak_labeled,,urgent_safety_risk,0.82,fire_smoke_or_sparks:\barc(?:ing|ed)?\b; cosmetic_or_minor_finish:\bbaseboard\b,"{""low_risk_diy"": 2.2, ""urgent_safety_risk"": 3.5}",no,weak_supervision
11fen9v,askanelectrician,2023-03-01T19:37:41+00:00,Rear Floodlight Stuck On,"Moved into our new home back in July. Rear floodlight, and all electric for that matter, have been operating flawlessly up until this point. The rear flood is NOT a motion sensor light. Went to turn it on for the first time since the end of November and it wouldn't work. The switch is located in the living room next to the porch door and is the only switch that controls the flood. I'm not sure what the sequence of events were that got it to eventually work, but I believe I just pushed on the face plate gently, flipped the switch, and then the light worked per usual. The switch itself is a Leviton 16400 model, very similar to this: [https://www.discounthomeautomation.com/X10-PRO-1-Button-Keypad-Plus-Transmitter-Base-XPXPT1W?gclid=Cj0KCQiA6fafBhC1ARIsAIJjL8m2h7LvcC0wb4FjEPVW5esdsapJQCZYGTP4\_ktrkpfs\_Qw\_2BeJZkQaAr4pEALw\_wcB](https://www.discounthomeautomation.com/X10-PRO-1-Button-Keypad-Plus-Transmitter-Base-XPXPT1W?gclid=Cj0KCQiA6fafBhC1ARIsAIJjL8m2h7LvcC0wb4FjEPVW5esdsapJQCZYGTP4_ktrkpfs_Qw_2BeJZkQaAr4pEALw_wcB) Later on I go to shut off the light, but this time it's stuck on. Here's where things are a but strange with my very basic knowledge of circuitry. I then decide my next course of action is to pop out the switch itself and inspect the wiring. I go and flip the breaker that controls the switch, but the light STILL remains on. I confirm the switch is dead with my voltage pen, and all wires appear to be in order on the switch itself. So I go and determine that the stuck light is being fed by the second floor breaker. Any idea what is going on here? We haven't done any electrical work since moving in. I was hoping it was just the switch that went bad but now I have bigger concerns as it seems like there are two breakers controlling this. I am leaving the second floor breaker off as it only controls a few rooms we don't typically use all that much until I have a pro look at it.","Rear Floodlight Stuck On Moved into our new home back in July. Rear floodlight, and all electric for that matter, have been operating flawlessly up until this point. The rear flood is NOT a motion sensor light. Went to turn it on for the first time since the end of November and it wouldn't work. The switch is located in the living room next to the porch door and is the only switch that controls the flood. I'm not sure what the sequence of events were that got it to eventually work, but I believe I just pushed on the face plate gently, flipped the switch, and then the light worked per usual. The switch itself is a Leviton 16400 model, very similar to this: [https://www.discounthomeautomation.com/X10-PRO-1-Button-Keypad-Plus-Transmitter-Base-XPXPT1W?gclid=Cj0KCQiA6fafBhC1ARIsAIJjL8m2h7LvcC0wb4FjEPVW5esdsapJQCZYGTP4\_ktrkpfs\_Qw\_2BeJZkQaAr4pEALw\_wcB](https://www.discounthomeautomation.com/X10-PRO-1-Button-Keypad-Plus-Transmitter-Base-XPXPT1W?gclid=Cj0KCQiA6fafBhC1ARIsAIJjL8m2h7LvcC0wb4FjEPVW5esdsapJQCZYGTP4_ktrkpfs_Qw_2BeJZkQaAr4pEALw_wcB) Later on I go to shut off the light, but this time it's stuck on. Here's where things are a but strange with my very basic knowledge of circuitry. I then decide my next course of action is to pop out the switch itself and inspect the wiring. I go and flip the breaker that controls the switch, but the light STILL remains on. I confirm the switch is dead with my voltage pen, and all wires appear to be in order on the switch itself. So I go and determine that the stuck light is being fed by the second floor breaker. Any idea what is going on here? We haven't done any electrical work since moving in. I was hoping it was just the switch that went bad but now I have bigger concerns as it seems like there are two breakers controlling this. I am leaving the second floor breaker off as it only controls a few rooms we don't typically use all that much until I have a pro look at it.",https://www.reddit.com/r/askanelectrician/comments/11fen9v/rear_floodlight_stuck_on/,1,0,https://www.reddit.com/r/askanelectrician/comments/11fen9v/rear_floodlight_stuck_on/,flooding,needs_review_urgent_signal,urgent_safety_risk,weak_labeled,,urgent_safety_risk,0.77,active_flooding_or_sewage:\bflood(?:ing|ed)?\b; trade_system_issue:\bbreaker\b,"{""medium_risk_call_pro"": 2.0, ""urgent_safety_risk"": 3.0}",no,weak_supervision
17pca43,HomeImprovement,2023-11-06T20:32:25+00:00,What are my options for monitoring/detecting issues in my indoor air?,"I'm curious about monitoring air quality in my basement. I sometimes get minor allergy-like symptoms, so I want to make sure there's nothing nefarious going on. I don't smell any obvious mold-like smells. I'm hoping someone can cut through the information overload and ""articles"" that are really just sales pages for someone selling their particular brand of solution, with a breakdown of what's what. I'd like to learn about what kinds of things can be easily monitored: * Gases? CO? Could my gas stove have an ever-so-slight leak? * Particulates? I guess mainly useful during smoke season, to ensure our air purification efforts are working * Mold? I'd love to know if any sensors or approaches can reliably detect mold particles in the air. I've read elsewhere that mold sensors just look at temp/humidity and alert when conditions are ripe for mold growth. But I'm more interested in, ""are there literally mold particles in the air right now that we're breathing in?"" * ... any other category worth keeping tabs on Would also like to learn about the pros/cons of the various solutions: * Sensors * DIY air sampling kits (which I assume you mail to a lab) * Professional companies that come out and measure things with precise instruments that wouldn't be available through consumer-targeted sensors. * ... anything in between I might not be thinking about Thanks! &#x200B; &#x200B;","What are my options for monitoring/detecting issues in my indoor air? I'm curious about monitoring air quality in my basement. I sometimes get minor allergy-like symptoms, so I want to make sure there's nothing nefarious going on. I don't smell any obvious mold-like smells. I'm hoping someone can cut through the information overload and ""articles"" that are really just sales pages for someone selling their particular brand of solution, with a breakdown of what's what. I'd like to learn about what kinds of things can be easily monitored: * Gases? CO? Could my gas stove have an ever-so-slight leak? * Particulates? I guess mainly useful during smoke season, to ensure our air purification efforts are working * Mold? I'd love to know if any sensors or approaches can reliably detect mold particles in the air. I've read elsewhere that mold sensors just look at temp/humidity and alert when conditions are ripe for mold growth. But I'm more interested in, ""are there literally mold particles in the air right now that we're breathing in?"" * ... any other category worth keeping tabs on Would also like to learn about the pros/cons of the various solutions: * Sensors * DIY air sampling kits (which I assume you mail to a lab) * Professional companies that come out and measure things with precise instruments that wouldn't be available through consumer-targeted sensors. * ... anything in between I might not be thinking about Thanks! &#x200B; &#x200B;",https://www.reddit.com/r/HomeImprovement/comments/17pca43/what_are_my_options_for_monitoringdetecting/,2,2,https://www.reddit.com/r/HomeImprovement/comments/17pca43/what_are_my_options_for_monitoringdetecting/,gas smell,needs_review_urgent_signal,,needs_human_review,,urgent_safety_risk,0.82,fire_smoke_or_sparks:\bsmoke\b; contained_water_damage:\bleak(?:s|ing|ed)?\b; mold_or_foundation_concern:\bmold\b,"{""medium_risk_call_pro"": 4.0, ""urgent_safety_risk"": 3.5}",yes,
1tiz6av,DIY,2026-05-20T21:10:11+00:00,Drilling hole in brick to run Ethernet cable for cameras,"I’m going to install cameras on exterior of house. They are PoE cameras so I’ll need to run 4 Ethernet cables through an exterior wall which is brick. When I was a cable tech I’d just use a masonry bit, pop a hole and run the wire. But this was just with one wire. Small hole. NBD. This one will be big enough to hold 4 cables. Once they’re through I can bolt on some conduit to reach the vinyl siding and hide it from there to the cameras. Consequently I need to run two extra from this same location to go into the attic and wall drop to a computer and WiFi access point. Does there exist something to go into the hole or make the transition to conduit. I’d like this to not leak water in the house. If it turns out I can use the flat conduit and stick all 6 in that would be sweet. Will I need outdoor wire for this if it’s not going in the ground, just hidden under the siding? Thanks. Edit: It’s a 2 story house so going through the ceiling to access the attic is out.","Drilling hole in brick to run Ethernet cable for cameras I’m going to install cameras on exterior of house. They are PoE cameras so I’ll need to run 4 Ethernet cables through an exterior wall which is brick. When I was a cable tech I’d just use a masonry bit, pop a hole and run the wire. But this was just with one wire. Small hole. NBD. This one will be big enough to hold 4 cables. Once they’re through I can bolt on some conduit to reach the vinyl siding and hide it from there to the cameras. Consequently I need to run two extra from this same location to go into the attic and wall drop to a computer and WiFi access point. Does there exist something to go into the hole or make the transition to conduit. I’d like this to not leak water in the house. If it turns out I can use the flat conduit and stick all 6 in that would be sweet. Will I need outdoor wire for this if it’s not going in the ground, just hidden under the siding? Thanks. Edit: It’s a 2 story house so going through the ceiling to access the attic is out.",https://www.reddit.com/r/DIY/comments/1tiz6av/drilling_hole_in_brick_to_run_ethernet_cable_for/,109,61,https://www.reddit.com/r/DIY/comments/1tiz6av/drilling_hole_in_brick_to_run_ethernet_cable_for/,water leak,needs_review_medium_signal,,needs_human_review,,medium_risk_call_pro,0.67,contained_water_damage:\bleak(?:s|ing|ed)?\b; cosmetic_or_minor_finish:\bsmall hole\b,"{""low_risk_diy"": 2.2, ""medium_risk_call_pro"": 2.0}",yes,
18hz99p,HomeImprovement,2023-12-14T03:25:22+00:00,Gasoline smell in garage.,So I think I may have overfilled my motorcycle which is cause the smell of gasoline in the garage. Not entirely sure what it's from but it's either that or my mower which has gas in it. My question is is it dangerous if it smells in the garage. Like is there a chance it could ignite or cause a fire on its own. I just cracked a window for now. Any help would be appreciated!,Gasoline smell in garage. So I think I may have overfilled my motorcycle which is cause the smell of gasoline in the garage. Not entirely sure what it's from but it's either that or my mower which has gas in it. My question is is it dangerous if it smells in the garage. Like is there a chance it could ignite or cause a fire on its own. I just cracked a window for now. Any help would be appreciated!,https://www.reddit.com/r/HomeImprovement/comments/18hz99p/gasoline_smell_in_garage/,2,5,https://www.reddit.com/r/HomeImprovement/comments/18hz99p/gasoline_smell_in_garage/,gas smell,needs_review_unclear,,needs_human_review,,,0.00,no_labeling_function_matched,{},yes,
12m5eqc,askanelectrician,2023-04-14T17:46:13+00:00,Need help with quotes,"Let me paint a picture for you. I recently purchased a 1600 sqft home in the southeast. The house itself was built in 1951 and has had what looks like (to a layman) minimal electrical updating since that time. It checks a lot of our boxes though and we got a sizable discount on the home because of these issues. It still has a fuse box and knob and tube in the attic. From our inspections, we know a lot of the outlets aren’t grounded and it does not have appropriate AFCI/GFCI outlets where indicated. It looks to have had some areas rewired in the 80’s during a remodel then. I’ve had one quote of about $20,000 dollars to do a “full service repair” upgrading panel and connection to the house ($6800), “discovery” ($3000), and rewiring based on what was discovered (~$10,000). I’ve got 2 more companies coming out on Monday for quotes. We won’t be moving in for another month or two and my very pregnant wife has other things to worry about. So it’s pretty much all on me to help get this thing safe and in livable condition by the time our current lease is up. Any general advice is appreciated. However, I’m mainly looking for any insights you can give as to pricing. I’ll probably get a lot of context from these next 2 quotes. I’m comfortable(ish) with $20,000, but I’m trying to save as much money as possible for needs that arise when the baby gets here. Thank you all for any insight you can provide.","Need help with quotes Let me paint a picture for you. I recently purchased a 1600 sqft home in the southeast. The house itself was built in 1951 and has had what looks like (to a layman) minimal electrical updating since that time. It checks a lot of our boxes though and we got a sizable discount on the home because of these issues. It still has a fuse box and knob and tube in the attic. From our inspections, we know a lot of the outlets aren’t grounded and it does not have appropriate AFCI/GFCI outlets where indicated. It looks to have had some areas rewired in the 80’s during a remodel then. I’ve had one quote of about $20,000 dollars to do a “full service repair” upgrading panel and connection to the house ($6800), “discovery” ($3000), and rewiring based on what was discovered (~$10,000). I’ve got 2 more companies coming out on Monday for quotes. We won’t be moving in for another month or two and my very pregnant wife has other things to worry about. So it’s pretty much all on me to help get this thing safe and in livable condition by the time our current lease is up. Any general advice is appreciated. However, I’m mainly looking for any insights you can give as to pricing. I’ll probably get a lot of context from these next 2 quotes. I’m comfortable(ish) with $20,000, but I’m trying to save as much money as possible for needs that arise when the baby gets here. Thank you all for any insight you can provide.",https://www.reddit.com/r/askanelectrician/comments/12m5eqc/need_help_with_quotes/,1,1,https://www.reddit.com/r/askanelectrician/comments/12m5eqc/need_help_with_quotes/,electrical issue,needs_review_medium_signal,,needs_human_review,,medium_risk_call_pro,0.67,trade_system_issue:\boutlets?\b; cosmetic_or_minor_finish:\bpaint(?:ing|ed)?\b,"{""low_risk_diy"": 2.2, ""medium_risk_call_pro"": 2.0}",yes,
127i5ze,askanelectrician,2023-03-31T11:29:27+00:00,Water in the basement - are outlets safe to use once dried out?,"We woke up the other morning to a flooded basement, caused by the water line behind the fridge springing a leak over night. The basement is unfinished luckily, but there was a fair amount of water just raining down from the ceiling. One of the outlet (boxes?) got wet, and I’m sure got water inside. Once everything has thoroughly dried out, is that outlet safe to use or should it be replaced? Thank you so much! We are new homeowners so we have a lot to learn. Like FYI, if your fridge water line is plastic, those apparently need replaced roughly every 10 years.","Water in the basement - are outlets safe to use once dried out? We woke up the other morning to a flooded basement, caused by the water line behind the fridge springing a leak over night. The basement is unfinished luckily, but there was a fair amount of water just raining down from the ceiling. One of the outlet (boxes?) got wet, and I’m sure got water inside. Once everything has thoroughly dried out, is that outlet safe to use or should it be replaced? Thank you so much! We are new homeowners so we have a lot to learn. Like FYI, if your fridge water line is plastic, those apparently need replaced roughly every 10 years.",https://www.reddit.com/r/askanelectrician/comments/127i5ze/water_in_the_basement_are_outlets_safe_to_use/,0,6,https://www.reddit.com/r/askanelectrician/comments/127i5ze/water_in_the_basement_are_outlets_safe_to_use/,flooding,needs_review_urgent_signal,,needs_human_review,,urgent_safety_risk,0.77,active_flooding_or_sewage:\bflood(?:ing|ed)?\b; contained_water_damage:\bleak(?:s|ing|ed)?\b; trade_system_issue:\boutlets?\b,"{""medium_risk_call_pro"": 4.0, ""urgent_safety_risk"": 3.0}",yes,
133yxwg,askanelectrician,2023-04-30T18:15:49+00:00,"Flickering of ""cheap"" led lights when washer, dryer, etc. are running","Recently, I have noticed that the ""cheap"" Sunco dimmable recessed lights installed throughout the home tend to flicker when running the washer or dryer. Sometimes when the refrigerator, chest freezer or dehumidifier run, the Sunco leds flicker as well. In the bedrooms, I have Phillips dimmable recessed lights and those never perceivably flicker even when running the washer or dryer, nor when other things like the refrigerator, chest freezer or dehumidifier are running. To isolate the problem I have tried turning off individual breakers until the problem stops, but the flickering starts back up when an appliance on another circuit starts running. When taking voltage measurements using a multimeter when the flickering occurs, I noticed minor fluctuations between 0.1-0.3 volts. When the load that is causing the flickering to occur is stopped (i.e. turning off the washer or dryer, unplugging the chest freezer, etc.) the voltage fluctuations stop and the flickering goes away. Each of the appliances are on separate dedicated circuits from the the led lights. Only the washer and dryer share the same circuit. There is a 100 amp service coming into my home, and have a Sense (installed by an electrician) that lets me monitor how much wattage is being used at any point in the day. I have noticed that even when less than 2000 watts (measured by the sense) that the flickering issue occurs. Is there something that I can do that will eliminate the flickering problem with the Sunco leds? Or the minor voltage fluctuations that cause the flickering when certain appliances are running? Is the problem the low quality Sunco leds, and swaping them out with leds from a quality brand the right way to solve this? Or is the minor voltage fluctuation/Sunco led flickering a sign of an underlying electrical issue that needs to get addressed by an electrician?","Flickering of ""cheap"" led lights when washer, dryer, etc. are running Recently, I have noticed that the ""cheap"" Sunco dimmable recessed lights installed throughout the home tend to flicker when running the washer or dryer. Sometimes when the refrigerator, chest freezer or dehumidifier run, the Sunco leds flicker as well. In the bedrooms, I have Phillips dimmable recessed lights and those never perceivably flicker even when running the washer or dryer, nor when other things like the refrigerator, chest freezer or dehumidifier are running. To isolate the problem I have tried turning off individual breakers until the problem stops, but the flickering starts back up when an appliance on another circuit starts running. When taking voltage measurements using a multimeter when the flickering occurs, I noticed minor fluctuations between 0.1-0.3 volts. When the load that is causing the flickering to occur is stopped (i.e. turning off the washer or dryer, unplugging the chest freezer, etc.) the voltage fluctuations stop and the flickering goes away. Each of the appliances are on separate dedicated circuits from the the led lights. Only the washer and dryer share the same circuit. There is a 100 amp service coming into my home, and have a Sense (installed by an electrician) that lets me monitor how much wattage is being used at any point in the day. I have noticed that even when less than 2000 watts (measured by the sense) that the flickering issue occurs. Is there something that I can do that will eliminate the flickering problem with the Sunco leds? Or the minor voltage fluctuations that cause the flickering when certain appliances are running? Is the problem the low quality Sunco leds, and swaping them out with leds from a quality brand the right way to solve this? Or is the minor voltage fluctuation/Sunco led flickering a sign of an underlying electrical issue that needs to get addressed by an electrician?",https://www.reddit.com/r/askanelectrician/comments/133yxwg/flickering_of_cheap_led_lights_when_washer_dryer/,1,0,https://www.reddit.com/r/askanelectrician/comments/133yxwg/flickering_of_cheap_led_lights_when_washer_dryer/,electrical issue,needs_review_unclear,,needs_human_review,,,0.00,no_labeling_function_matched,{},yes,
1tjygjp,HomeMaintenance,2026-05-21T21:25:41+00:00,Garage door trim repair advice needed,"Garage door trim advice needed . Multiple photos from every angle if you want to see the setup, deminsions. This one has two painted boards sandwiched together (1x6s) it appears. with a thinner outer brick mold against the brick, not sure if the outter smaller piece is separate and can be removed. main wood is mostly solid except for a small rotten section right at the bottom I was originally researching plans anout removing everything on the sides. vertical jamb out and redo it in PVC, but I don’t want to mess with the header trim or turn this into more unneeded work. Im clueless. My current plan: Cut out just the rotten bottom section of the jamb and sister in pressure-treated lumber. Leave the main sandwiched jamb boards in place. Replace only the thin outer brick mold with PVC. Remove old caulk. Replace weatherstripping. Questions: Can I just replace the thin outer brick mold with a thin PVC. If I pull the wider boards later, will I need to stack multiple layers of PVC to match the existing depth? Use a combo of wood and pvc? And cover the sides with pvc strip to hide the wood to look like one piece Flat stock or actual brick mold profile for the outer piece? What thickness PVC do you usually use — 1/2"", 5/8"", or 3/4""? For plans others would suggest from the photos and measurements I plan to use a16-gauge finishing nails, circular, and miter saw. I assume I’ll still need to paint to cover the nail holes? Even though I heard painting isn't necessary for pvc. If I leave the two thick 1x6s, could I cover them with a thin PVC strip that butts up to the brick, then just add another layer of caulk to make it look solid? Or is that overkill? Any suggestions, ideas, tips, links of the right thickness products I should be using from lowes would be greatly appreciated.","Garage door trim repair advice needed Garage door trim advice needed . Multiple photos from every angle if you want to see the setup, deminsions. This one has two painted boards sandwiched together (1x6s) it appears. with a thinner outer brick mold against the brick, not sure if the outter smaller piece is separate and can be removed. main wood is mostly solid except for a small rotten section right at the bottom I was originally researching plans anout removing everything on the sides. vertical jamb out and redo it in PVC, but I don’t want to mess with the header trim or turn this into more unneeded work. Im clueless. My current plan: Cut out just the rotten bottom section of the jamb and sister in pressure-treated lumber. Leave the main sandwiched jamb boards in place. Replace only the thin outer brick mold with PVC. Remove old caulk. Replace weatherstripping. Questions: Can I just replace the thin outer brick mold with a thin PVC. If I pull the wider boards later, will I need to stack multiple layers of PVC to match the existing depth? Use a combo of wood and pvc? And cover the sides with pvc strip to hide the wood to look like one piece Flat stock or actual brick mold profile for the outer piece? What thickness PVC do you usually use — 1/2"", 5/8"", or 3/4""? For plans others would suggest from the photos and measurements I plan to use a16-gauge finishing nails, circular, and miter saw. I assume I’ll still need to paint to cover the nail holes? Even though I heard painting isn't necessary for pvc. If I leave the two thick 1x6s, could I cover them with a thin PVC strip that butts up to the brick, then just add another layer of caulk to make it look solid? Or is that overkill? Any suggestions, ideas, tips, links of the right thickness products I should be using from lowes would be greatly appreciated.",https://www.reddit.com/r/HomeMaintenance/comments/1tjygjp/garage_door_trim_repair_advice_needed/,1,1,https://www.reddit.com/gallery/1tjygjp,mold,needs_review_medium_signal,,needs_human_review,,medium_risk_call_pro,0.67,mold_or_foundation_concern:\bmold\b; cosmetic_or_minor_finish:\bpaint(?:ing|ed)?\b,"{""low_risk_diy"": 2.2, ""medium_risk_call_pro"": 2.0}",yes,
1t9on70,Plumbing,2026-05-11T01:12:35+00:00,Help!!!,"So, I purchased a new home recently and absolutely love my master bathroom. Having the set up with the soaking tub and the shower enclosed together is perfect for my daughter's. Anyway, the problem is that it appears to be leaking around the tub drain and tub faucet. Any advice on how to better seal around the tub and faucet? The tub is so close to the wall that it's truly impossible to get a caulk gun or fully reach behind.","Help!!! So, I purchased a new home recently and absolutely love my master bathroom. Having the set up with the soaking tub and the shower enclosed together is perfect for my daughter's. Anyway, the problem is that it appears to be leaking around the tub drain and tub faucet. Any advice on how to better seal around the tub and faucet? The tub is so close to the wall that it's truly impossible to get a caulk gun or fully reach behind.",https://www.reddit.com/r/Plumbing/comments/1t9on70/help/,25,35,https://www.reddit.com/gallery/1t9on70,caulk,needs_review_medium_signal,,needs_human_review,,medium_risk_call_pro,0.67,contained_water_damage:\bleak(?:s|ing|ed)?\b; cosmetic_or_minor_finish:\bcaulk(?:ing)?\b,"{""low_risk_diy"": 2.2, ""medium_risk_call_pro"": 2.0}",yes,
68hdxg,Plumbing,2017-04-30T19:41:53+00:00,Sparks and leaks...Help!?!,So last night I had a water leak on my service porch where my washer and dryer is. When I moved them I noticed that the water line was touching the connector between the 2 gaslines and sparking. There wasn't any electricity though. I disconnected the washer and dryer from the outlet and the were still Sparks. I moved all the line away from each other and in the process noticed that the 2 waterlines were fused. I'm not sure how to fix this. Big job little job? Also I checked my water heater because after this hot water was coming from the cold faucets for a second. Noticed the the burned port (it's that what it's called?). Is this related? Pictures: http://imgur.com/fQpEZ0u http://imgur.com/x2xD82V http://imgur.com/nsmbh98 http://imgur.com/B1n5VbR,Sparks and leaks...Help!?! So last night I had a water leak on my service porch where my washer and dryer is. When I moved them I noticed that the water line was touching the connector between the 2 gaslines and sparking. There wasn't any electricity though. I disconnected the washer and dryer from the outlet and the were still Sparks. I moved all the line away from each other and in the process noticed that the 2 waterlines were fused. I'm not sure how to fix this. Big job little job? Also I checked my water heater because after this hot water was coming from the cold faucets for a second. Noticed the the burned port (it's that what it's called?). Is this related? Pictures: http://imgur.com/fQpEZ0u http://imgur.com/x2xD82V http://imgur.com/nsmbh98 http://imgur.com/B1n5VbR,https://www.reddit.com/r/Plumbing/comments/68hdxg/sparks_and_leakshelp/,2,10,https://www.reddit.com/r/Plumbing/comments/68hdxg/sparks_and_leakshelp/,sparking outlet,needs_review_urgent_signal,,needs_human_review,,urgent_safety_risk,0.82,fire_smoke_or_sparks:\bspark(?:s|ing|ed)?\b; contained_water_damage:\bleak(?:s|ing|ed)?\b; trade_system_issue:\bwater heater\b,"{""medium_risk_call_pro"": 4.0, ""urgent_safety_risk"": 3.5}",yes,
1lwjkkk,HomeMaintenance,2025-07-10T18:01:50+00:00,Leaking window under sill while raining,"I normally have a desk in front of this window so I don't know how long this has been happening. Starting raining pretty hard today and just happened to look behind the desk while pulling up the blinds to look at the rain. The water seems to be coming from behind the piece of trim right below the sill. The sill itself is loose and likely rotten. I checked outside and nothing glaringly different from any of my other windows and no missing or cracked caulk. The lower half of the house brick. I'm pretty handy and feel comfortable doing most home repairs however I have never had to do anything with windows. My plan is (this weekend) to pull off the lower piece of trim and then remove the sill (cutting caulk, pulling nails, going slow etc.). Then see if I can find any leak. Will assess the wall when the trim is removed for potential repair. No other part of the window is leaking. Any ideas where this could be coming from? Could it be a crack in the vinyl window casing that I just can't see? Once I remove the sill, is there some form of sealant I should be in before replacing with a new sill? Anything else I should watch out for?","Leaking window under sill while raining I normally have a desk in front of this window so I don't know how long this has been happening. Starting raining pretty hard today and just happened to look behind the desk while pulling up the blinds to look at the rain. The water seems to be coming from behind the piece of trim right below the sill. The sill itself is loose and likely rotten. I checked outside and nothing glaringly different from any of my other windows and no missing or cracked caulk. The lower half of the house brick. I'm pretty handy and feel comfortable doing most home repairs however I have never had to do anything with windows. My plan is (this weekend) to pull off the lower piece of trim and then remove the sill (cutting caulk, pulling nails, going slow etc.). Then see if I can find any leak. Will assess the wall when the trim is removed for potential repair. No other part of the window is leaking. Any ideas where this could be coming from? Could it be a crack in the vinyl window casing that I just can't see? Once I remove the sill, is there some form of sealant I should be in before replacing with a new sill? Anything else I should watch out for?",https://www.reddit.com/r/HomeMaintenance/comments/1lwjkkk/leaking_window_under_sill_while_raining/,2,1,https://www.reddit.com/r/HomeMaintenance/comments/1lwjkkk/leaking_window_under_sill_while_raining/,loose trim,needs_review_medium_signal,,needs_human_review,,medium_risk_call_pro,0.67,contained_water_damage:\bleak(?:s|ing|ed)?\b; cosmetic_or_minor_finish:\btrim\b,"{""low_risk_diy"": 2.2, ""medium_risk_call_pro"": 2.0}",yes,
1sez3pw,Plumbing,2026-04-07T15:23:18+00:00,Grout or caulk in cracks between shower wall/floor?,"I have two of these small cracks/gaps in the grout of my shower that I would like to fix, worried water may be leaking through. Is it best to caulk this with silicone? Or something else? I’ve owned the house for about a year so don’t know the full history of what was done to this shower","Grout or caulk in cracks between shower wall/floor? I have two of these small cracks/gaps in the grout of my shower that I would like to fix, worried water may be leaking through. Is it best to caulk this with silicone? Or something else? I’ve owned the house for about a year so don’t know the full history of what was done to this shower",https://www.reddit.com/r/Plumbing/comments/1sez3pw/grout_or_caulk_in_cracks_between_shower_wallfloor/,1,2,https://i.redd.it/f1hv5sl9dstg1.jpeg,caulk,needs_review_medium_signal,,needs_human_review,,medium_risk_call_pro,0.67,contained_water_damage:\bleak(?:s|ing|ed)?\b; cosmetic_or_minor_finish:\bcaulk(?:ing)?\b,"{""low_risk_diy"": 2.2, ""medium_risk_call_pro"": 2.0}",yes,
1hwzrpd,HomeMaintenance,2025-01-09T00:27:35+00:00,Window Leak,"have a condo built in the 70's. I have a window with a stationery middle section and a sliding panel on either side. Last blowing storm i got water on the windowsill and the floor at the point where one slider meets the fixed panel. I had a GC look at it and he said the glass needs to be ""reset"" and referred me to a window company. The window company said, without looking at it, that it is the fuzzy strip where the panels meet and they don't repair those. She referred me to another glass company and they said ""we don't do outside work anymore"" and he gave me another number for ""a guy"" who might do that kind of repair. I talked to him once, but he isn't following up. So.....can this be repaired and should I be trying a handyman instead of a glass company? Is it worth repairing or is it time to just replace this original window? There is a piece of loose trim that should be replaced, but the GC said that would not cause a leak.","Window Leak have a condo built in the 70's. I have a window with a stationery middle section and a sliding panel on either side. Last blowing storm i got water on the windowsill and the floor at the point where one slider meets the fixed panel. I had a GC look at it and he said the glass needs to be ""reset"" and referred me to a window company. The window company said, without looking at it, that it is the fuzzy strip where the panels meet and they don't repair those. She referred me to another glass company and they said ""we don't do outside work anymore"" and he gave me another number for ""a guy"" who might do that kind of repair. I talked to him once, but he isn't following up. So.....can this be repaired and should I be trying a handyman instead of a glass company? Is it worth repairing or is it time to just replace this original window? There is a piece of loose trim that should be replaced, but the GC said that would not cause a leak.",https://www.reddit.com/r/HomeMaintenance/comments/1hwzrpd/window_leak/,1,0,https://i.redd.it/k5txlhwi4vbe1.jpeg,loose trim,needs_review_medium_signal,,needs_human_review,,medium_risk_call_pro,0.67,contained_water_damage:\bleak(?:s|ing|ed)?\b; cosmetic_or_minor_finish:\btrim\b,"{""low_risk_diy"": 2.2, ""medium_risk_call_pro"": 2.0}",yes,
1tguequ,HomeMaintenance,2026-05-18T17:44:56+00:00,Best mold remover for bathroom tiles that actually works long-term?,"Been dealing with persistent mold in my master bathroom for months now and i'm at my wit's end. The grout lines around the shower are the worst - no matter what i spray or scrub, it keeps coming back within a few weeks. I've tried the typical drugstore stuff like Ti͏lex and some generic bleach cleaners, but they seem to just bleach the surface without actually getting rid of the root problem. The mold always comes back darker and more stubborn than before. I'm wondering if there are enzyme-based cleaners or spec͏ialty products that actually break down mold at the source rather than just masking it? My contractor mentioned something about needing cleaners that prevent regrowth but didn't have specific recommendations. What have you guys found that actually keeps mold away for months rather than weeks? Willing to invest in something qua͏lity if it means not scrubbing every other weekend.","Best mold remover for bathroom tiles that actually works long-term? Been dealing with persistent mold in my master bathroom for months now and i'm at my wit's end. The grout lines around the shower are the worst - no matter what i spray or scrub, it keeps coming back within a few weeks. I've tried the typical drugstore stuff like Ti͏lex and some generic bleach cleaners, but they seem to just bleach the surface without actually getting rid of the root problem. The mold always comes back darker and more stubborn than before. I'm wondering if there are enzyme-based cleaners or spec͏ialty products that actually break down mold at the source rather than just masking it? My contractor mentioned something about needing cleaners that prevent regrowth but didn't have specific recommendations. What have you guys found that actually keeps mold away for months rather than weeks? Willing to invest in something qua͏lity if it means not scrubbing every other weekend.",https://www.reddit.com/r/HomeMaintenance/comments/1tguequ/best_mold_remover_for_bathroom_tiles_that/,10,28,https://www.reddit.com/r/HomeMaintenance/comments/1tguequ/best_mold_remover_for_bathroom_tiles_that/,mold,needs_review_medium_signal,,needs_human_review,,medium_risk_call_pro,0.67,mold_or_foundation_concern:\bmold\b; cosmetic_or_minor_finish:\bgrout\b,"{""low_risk_diy"": 2.2, ""medium_risk_call_pro"": 2.0}",yes,
1sro0m3,HomeMaintenance,2026-04-21T13:40:52+00:00,Please Advise,Found this in the guest room window while spring cleaning. Looked like the paint was peeling so i pulled it back and boom. Do i need to call my insurance or is this DIY. It looks like water damage but i can't find damage anywhere else in that room or near this spot.,Please Advise Found this in the guest room window while spring cleaning. Looked like the paint was peeling so i pulled it back and boom. Do i need to call my insurance or is this DIY. It looks like water damage but i can't find damage anywhere else in that room or near this spot.,https://www.reddit.com/r/HomeMaintenance/comments/1sro0m3/please_advise/,1,1,https://www.reddit.com/gallery/1sro0m3,paint peeling,needs_review_medium_signal,,needs_human_review,,medium_risk_call_pro,0.67,contained_water_damage:\bwater damage(?:d)?\b; cosmetic_or_minor_finish:\bpaint(?:ing|ed)?\b,"{""low_risk_diy"": 2.2, ""medium_risk_call_pro"": 2.0}",yes,
1bbjva9,DIY,2024-03-10T20:16:21+00:00,Water leaked from our laundry room (left) to our garage (right) leading us to discover a gap. Neither wall has trim. I assume we are loosing a lot of heat and cold through this gap. What is the best way to insulate this?,,Water leaked from our laundry room (left) to our garage (right) leading us to discover a gap. Neither wall has trim. I assume we are loosing a lot of heat and cold through this gap. What is the best way to insulate this?,https://www.reddit.com/r/DIY/comments/1bbjva9/water_leaked_from_our_laundry_room_left_to_our/,1,2,https://i.redd.it/ljj9jtaleknc1.jpeg,loose trim,needs_review_low_signal,,needs_human_review,,medium_risk_call_pro,0.67,contained_water_damage:\bleak(?:s|ing|ed)?\b; cosmetic_or_minor_finish:\btrim\b,"{""low_risk_diy"": 2.2, ""medium_risk_call_pro"": 2.0}",yes,
17o3pmo,HomeImprovement,2023-11-05T03:52:20+00:00,"I used Great Stuff spray foam in a closed space, looking for advice",So I may have used several cans of Great Stuff gaps and cracks expanding insulating foam in a closed space before I actually read the warnings to not do so. I’m not so much worried about the expansion damaging anything as it’s in the corners of a finished shed made by two by fours and they have not moved at all. What I’m worried about is the offgassing of uncured foam. Right now it’s been a few days and the room smells like chemicals still even through the drywall. Do I have any hope of the smell getting better? How long do you guys think this will off gas in that space? Yes I know I’m dumb for putting Sprayfoam in there but looking for any advice you guys may have now that it’s done.,"I used Great Stuff spray foam in a closed space, looking for advice So I may have used several cans of Great Stuff gaps and cracks expanding insulating foam in a closed space before I actually read the warnings to not do so. I’m not so much worried about the expansion damaging anything as it’s in the corners of a finished shed made by two by fours and they have not moved at all. What I’m worried about is the offgassing of uncured foam. Right now it’s been a few days and the room smells like chemicals still even through the drywall. Do I have any hope of the smell getting better? How long do you guys think this will off gas in that space? Yes I know I’m dumb for putting Sprayfoam in there but looking for any advice you guys may have now that it’s done.",https://www.reddit.com/r/HomeImprovement/comments/17o3pmo/i_used_great_stuff_spray_foam_in_a_closed_space/,1,3,https://www.reddit.com/r/HomeImprovement/comments/17o3pmo/i_used_great_stuff_spray_foam_in_a_closed_space/,gas smell,needs_review_unclear,,needs_human_review,,,0.00,no_labeling_function_matched,{},yes,
1so3c7v,Plumbing,2026-04-17T14:54:53+00:00,Shower Drain,"My shower drain was leaking. My plumber came and looked at it as well as the room he had in the basement. He complained that there was hardly any room and this might be a problem. I thought that was strange because you could easily sit on this ledge and reach the whole thing. I had even swept it up. His solution was to remove the ring from up top, add caulking, and put it back. He used a screw driver and a hammer, hitting it so hard, I thought it would break! His son even said “dont break it”! He said let the caulk dry and then try it tomorrow. Leaked worse. I’m not sure why he wouldn’t have just replaced it with brass. One of my friends just hired a guy that grew up in our town, and he repaired it perfectly, without issue. Was I wrong not to call my plumber back? To me, he was adding drama for a larger payday.","Shower Drain My shower drain was leaking. My plumber came and looked at it as well as the room he had in the basement. He complained that there was hardly any room and this might be a problem. I thought that was strange because you could easily sit on this ledge and reach the whole thing. I had even swept it up. His solution was to remove the ring from up top, add caulking, and put it back. He used a screw driver and a hammer, hitting it so hard, I thought it would break! His son even said “dont break it”! He said let the caulk dry and then try it tomorrow. Leaked worse. I’m not sure why he wouldn’t have just replaced it with brass. One of my friends just hired a guy that grew up in our town, and he repaired it perfectly, without issue. Was I wrong not to call my plumber back? To me, he was adding drama for a larger payday.",https://www.reddit.com/r/Plumbing/comments/1so3c7v/shower_drain/,1,2,https://www.reddit.com/r/Plumbing/comments/1so3c7v/shower_drain/,caulk,needs_review_medium_signal,,needs_human_review,,medium_risk_call_pro,0.67,contained_water_damage:\bleak(?:s|ing|ed)?\b; cosmetic_or_minor_finish:\bcaulk(?:ing)?\b,"{""low_risk_diy"": 2.2, ""medium_risk_call_pro"": 2.0}",yes,
1tjvwbb,HomeMaintenance,2026-05-21T19:53:32+00:00,Basement Waterproofing Quote Seems High,"I live in the northeast and need to waterproof my basement before finishing it due to previous water issues from before I moved in. The basement is 110 linear feet around the perimeter. Is this quote for French Drain, Sump Pump and Vapor Barrier reasonable? It seems very high to me. Quotes on the internet are all over the place so I'd love for someone to tell me if this is in the right range or too high. Thanks. https://preview.redd.it/vx4wgrghpj2h1.png?width=1068&format=png&auto=webp&s=eb49ffcca13b6d6a77b286ca132ecd8a6b43e05b","Basement Waterproofing Quote Seems High I live in the northeast and need to waterproof my basement before finishing it due to previous water issues from before I moved in. The basement is 110 linear feet around the perimeter. Is this quote for French Drain, Sump Pump and Vapor Barrier reasonable? It seems very high to me. Quotes on the internet are all over the place so I'd love for someone to tell me if this is in the right range or too high. Thanks. https://preview.redd.it/vx4wgrghpj2h1.png?width=1068&format=png&auto=webp&s=eb49ffcca13b6d6a77b286ca132ecd8a6b43e05b",https://www.reddit.com/r/HomeMaintenance/comments/1tjvwbb/basement_waterproofing_quote_seems_high/,2,9,https://www.reddit.com/r/HomeMaintenance/comments/1tjvwbb/basement_waterproofing_quote_seems_high/,mold,needs_review_unclear,,needs_human_review,,,0.00,no_labeling_function_matched,{},yes,
1mbnfa0,HomeMaintenance,2025-07-28T18:00:39+00:00,Help locating roof leak..,I need help locating a roof leak. I have someone coming out in a week and I just want to prepare myself for the money part 😬 I have a few shingles that are cracked or broken it looks like (I have a pack in the garage). I also looked while walking and saw that the roof was sagging a bit and the shingles in that area are loose at the top near the trim. Could this be the area where water is getting in most?,Help locating roof leak.. I need help locating a roof leak. I have someone coming out in a week and I just want to prepare myself for the money part 😬 I have a few shingles that are cracked or broken it looks like (I have a pack in the garage). I also looked while walking and saw that the roof was sagging a bit and the shingles in that area are loose at the top near the trim. Could this be the area where water is getting in most?,https://www.reddit.com/r/HomeMaintenance/comments/1mbnfa0/help_locating_roof_leak/,2,9,https://www.reddit.com/gallery/1mbnfa0,loose trim,needs_review_medium_signal,,needs_human_review,,medium_risk_call_pro,0.67,contained_water_damage:\bleak(?:s|ing|ed)?\b; cosmetic_or_minor_finish:\btrim\b,"{""low_risk_diy"": 2.2, ""medium_risk_call_pro"": 2.0}",yes,
9yjt47,Plumbing,2018-11-19T19:07:04+00:00,Failed Sewage Pump Control Box - and a few inches of waste in my basement.,"**Resolution at the bottom** &#x200B; You know that feeling of coming home after a trip? Mine was a little different after returning from a conference out of state; my family was visiting relatives, so the house had been vacant for a few days. I noticed a slightly off smell, but dismissed it as stale air, partly because I'd been up for 22 hours and was exhausted. Fast forward nearly a day and my wife asks me to grab something out of the basement. I opened the door and... whoof. Damp, gross air. Carpets are soaked, stuff is ruined, life kind of sucks. I start cleaning up and guess that the hot water tank failed, because the leak seems to be coming from there. &#x200B; As I keep cleaning, I notice a LOT of waste like toilet paper in one area. I suck it up with the shop vac and nearly throw up from the smell - there's a drainage hole that's overflowed. More investigation and it turns out my sewage pump has taken a vacation. I find the control box and one of the 2amp fuses has blown. Flipped the breaker off, replaced the fuse, turned breaker back on, and the alarm sounds. The pump isn't working though. I turn the alarm to OFF but still no love. I end up flipping the breaker off to be safe. My house is about 15-20 feet below street level, so without the pump we're living in our own waste. Not fun. &#x200B; Someone came out to help and discovered that the grey switch on the left of the two white boards will manually engage the pump. When he did, sparks came out of the large black capacitor (labelled Philips, mid right of pic, above switches) but the pump did engage along with the alarm. He drained the sewage tank about halfway, so we can at least flush toilets in case of emergency. &#x200B; So, here's where I'm at \-the sewage pump actually works so I believe the issue is in the control box, pictured below along with wiring diagram from the door \-One of the 2amp fuses (left) had blown and alarm only sounded after it was replaced \-When manually engaging the pump, sparks come out of the big capacitor where the red wires go in, next to the left zip tie &#x200B; Any suggestions? I'm a pretty handy guy, who would prefer to fix what I can. If it comes down to getting someone out here though, any advice on what to ask or look for would be appreciated. Thanks in advance &#x200B; **UPDATE:** Found an identical capacitor and replaced it. There were no alarms when I initially turned it on. Sometime within the next hour, the alarm went off but differently from before. Previously it had a flashing light and was VERY loud. This had no light and was beeping a pattern of high and low notes at significantly quieter volume. Since the tank had been drained, I don't know whether the pump engages properly when the floats rise, but I'm hesitant to manually trigger it again due to potential damage to the pump. I've tested resistance from red/white/black wires going to the pump, as well as continuity between terminals 95/96 and it checks out. Still appreciating any help and advice. This just occurred to me... **could the level in the tank be too low? It's below the outlet where waste enters the tank.** &#x200B; **Update 2:** With Thanksgiving coming up and family planning to be here, I bit the bullet and made the first service call of my life. I don't know what caused the control fuse to blow initially, which stopped the pump, but I do now know why it wouldn't start up properly. There's a junction box inside the septic container, right at the top. Because that had completely backed up, a small amount of sewage had actually leaked into the box and was shorting one of the float sensors. The tech who came out cleaned things up well and we're back up and running. The box has been resealed - I guess I shouldn't be surprised that after 20+ years the junction box seal could be weakened... Thank you all for the help! https://preview.redd.it/fass4szo2cz11.jpg?width=3024&format=pjpg&auto=webp&s=f061f5b3efea587aaaae3022636f646650ae3fab https://preview.redd.it/8tzbcpzo2cz11.jpg?width=3024&format=pjpg&auto=webp&s=305b18f7d519b03f535b943818e409b294cd5e9f","Failed Sewage Pump Control Box - and a few inches of waste in my basement. **Resolution at the bottom** &#x200B; You know that feeling of coming home after a trip? Mine was a little different after returning from a conference out of state; my family was visiting relatives, so the house had been vacant for a few days. I noticed a slightly off smell, but dismissed it as stale air, partly because I'd been up for 22 hours and was exhausted. Fast forward nearly a day and my wife asks me to grab something out of the basement. I opened the door and... whoof. Damp, gross air. Carpets are soaked, stuff is ruined, life kind of sucks. I start cleaning up and guess that the hot water tank failed, because the leak seems to be coming from there. &#x200B; As I keep cleaning, I notice a LOT of waste like toilet paper in one area. I suck it up with the shop vac and nearly throw up from the smell - there's a drainage hole that's overflowed. More investigation and it turns out my sewage pump has taken a vacation. I find the control box and one of the 2amp fuses has blown. Flipped the breaker off, replaced the fuse, turned breaker back on, and the alarm sounds. The pump isn't working though. I turn the alarm to OFF but still no love. I end up flipping the breaker off to be safe. My house is about 15-20 feet below street level, so without the pump we're living in our own waste. Not fun. &#x200B; Someone came out to help and discovered that the grey switch on the left of the two white boards will manually engage the pump. When he did, sparks came out of the large black capacitor (labelled Philips, mid right of pic, above switches) but the pump did engage along with the alarm. He drained the sewage tank about halfway, so we can at least flush toilets in case of emergency. &#x200B; So, here's where I'm at \-the sewage pump actually works so I believe the issue is in the control box, pictured below along with wiring diagram from the door \-One of the 2amp fuses (left) had blown and alarm only sounded after it was replaced \-When manually engaging the pump, sparks come out of the big capacitor where the red wires go in, next to the left zip tie &#x200B; Any suggestions? I'm a pretty handy guy, who would prefer to fix what I can. If it comes down to getting someone out here though, any advice on what to ask or look for would be appreciated. Thanks in advance &#x200B; **UPDATE:** Found an identical capacitor and replaced it. There were no alarms when I initially turned it on. Sometime within the next hour, the alarm went off but differently from before. Previously it had a flashing light and was VERY loud. This had no light and was beeping a pattern of high and low notes at significantly quieter volume. Since the tank had been drained, I don't know whether the pump engages properly when the floats rise, but I'm hesitant to manually trigger it again due to potential damage to the pump. I've tested resistance from red/white/black wires going to the pump, as well as continuity between terminals 95/96 and it checks out. Still appreciating any help and advice. This just occurred to me... **could the level in the tank be too low? It's below the outlet where waste enters the tank.** &#x200B; **Update 2:** With Thanksgiving coming up and family planning to be here, I bit the bullet and made the first service call of my life. I don't know what caused the control fuse to blow initially, which stopped the pump, but I do now know why it wouldn't start up properly. There's a junction box inside the septic container, right at the top. Because that had completely backed up, a small amount of sewage had actually leaked into the box and was shorting one of the float sensors. The tech who came out cleaned things up well and we're back up and running. The box has been resealed - I guess I shouldn't be surprised that after 20+ years the junction box seal could be weakened... Thank you all for the help! https://preview.redd.it/fass4szo2cz11.jpg?width=3024&format=pjpg&auto=webp&s=f061f5b3efea587aaaae3022636f646650ae3fab https://preview.redd.it/8tzbcpzo2cz11.jpg?width=3024&format=pjpg&auto=webp&s=305b18f7d519b03f535b943818e409b294cd5e9f",https://www.reddit.com/r/Plumbing/comments/9yjt47/failed_sewage_pump_control_box_and_a_few_inches/,1,8,https://www.reddit.com/r/Plumbing/comments/9yjt47/failed_sewage_pump_control_box_and_a_few_inches/,sparking outlet,needs_review_urgent_signal,,needs_human_review,,urgent_safety_risk,0.82,fire_smoke_or_sparks:\bspark(?:s|ing|ed)?\b; contained_water_damage:\bleak(?:s|ing|ed)?\b; trade_system_issue:\bbreaker\b,"{""medium_risk_call_pro"": 4.0, ""urgent_safety_risk"": 3.5}",yes,
1so439j,Plumbing,2026-04-17T15:21:40+00:00,Did I use enough caulk/apply it correctly? (I know it’s ugly),"Just did a full re-vent of my dryer because the previous owners used PVC. Never done this before and concerned about water damage. Used full silicone General Electric caulk, did I use enough to keep water damage out? Had about a quarter of an inch of space all around. I don’t see gaps, I’m just paranoid bc it’s my first house and first time doing any work like this.","Did I use enough caulk/apply it correctly? (I know it’s ugly) Just did a full re-vent of my dryer because the previous owners used PVC. Never done this before and concerned about water damage. Used full silicone General Electric caulk, did I use enough to keep water damage out? Had about a quarter of an inch of space all around. I don’t see gaps, I’m just paranoid bc it’s my first house and first time doing any work like this.",https://www.reddit.com/r/Plumbing/comments/1so439j/did_i_use_enough_caulkapply_it_correctly_i_know/,873,144,https://www.reddit.com/gallery/1so439j,caulk,needs_review_medium_signal,,needs_human_review,,medium_risk_call_pro,0.67,contained_water_damage:\bwater damage(?:d)?\b; cosmetic_or_minor_finish:\bcaulk(?:ing)?\b,"{""low_risk_diy"": 2.2, ""medium_risk_call_pro"": 2.0}",yes,
12q6yoe,askanelectrician,2023-04-18T02:28:03+00:00,12V Power Adapters,"We use these 12V power adapters in a fencing club. They worked for years until we changed locations, and now they quit working after a week or two, sometimes as little as an hour or two. There is no obvious signs of damage when pulled apart, but once they quit they never work again. Looking for thoughts on what could be causing this, and possible preventative measures. We thought it may have been static electricity from the new gym floor, and started using humidifiers, which helped with the static shocks, but not with the power supply issue. Thoughts?","12V Power Adapters We use these 12V power adapters in a fencing club. They worked for years until we changed locations, and now they quit working after a week or two, sometimes as little as an hour or two. There is no obvious signs of damage when pulled apart, but once they quit they never work again. Looking for thoughts on what could be causing this, and possible preventative measures. We thought it may have been static electricity from the new gym floor, and started using humidifiers, which helped with the static shocks, but not with the power supply issue. Thoughts?",https://www.reddit.com/r/askanelectrician/comments/12q6yoe/12v_power_adapters/,1,2,https://www.reddit.com/gallery/12q6yoe,electrical issue,needs_review_unclear,,needs_human_review,,,0.00,no_labeling_function_matched,{},yes,
1362auc,askanelectrician,2023-05-02T22:22:54+00:00,Looking to do some off spec upgrading. 24/12v battery water pumps system question.,"Got a pair of mobile forklift watering setups for a warehouse that were kinda left to rot for several years I'm working on upgrading. One has a 25 gallon tank, one has a 15. Both have a water pump. Nothing major, they have a 5 amp inline fuse from the batteries. The batteries are 12v, (pc925 enersys if you wanna be technical) with a 12vdc 1.5 amp charger for both. These were both old and one of the batteries was just shot. Had 7v at best after trickle charging it several times and both the chargers try to get it to 12v but no dice. The other battery is okayish. Both are a bit dinky though, less than half the size of an ammo can. As I'm putting 200+ gallons of water into a massive fleet of forklifts a month, and stopping to charge this all the time wasnt practical. So I used the one that worked a while, but the water flow was abysmal. I have been frankensteining them together. Now both pumps feed one hose, both tanks are linked, and all the electronics feed off one power switch. Worked great. I hooked both batteries up in parallel to maybe scavenge some amp hours out of the shot battery and had middling success. Still have 12vdc output and the charger I chose ran fine on that circuit, but the rig, while working excellently, torched the batteries about 4x as fast. So I'm struggling with understanding amps, amp hours, voltage, vs draw, output, and input here. Searching around on Google has left me more confused than when I started. I need it in plain English. One idea is to piggyback the whole rig off the electric pallet jack battery of the unit I'm using to mule this rig around. It's a big boy, a a literal one ton 24v with like 1000 amp hours. I was wondering if a step down transformer could work to take it from 24v to 12v, if the voltage is all that matters or if the potential amp output of the battery matters. Or if the amp output of that battery would fry everything. Or if the amp draw from the pumps would be the only factor to choose a step down transformer of sufficient rating. Failing that, I was also thinking of just a car battery. Still be 12v and such, but would have vastly more storage of amp hours. Would the additional volume of amp hours hurt anything? And would the charger still be able to manage a much larger resevoir without issue, barring additional charge time?","Looking to do some off spec upgrading. 24/12v battery water pumps system question. Got a pair of mobile forklift watering setups for a warehouse that were kinda left to rot for several years I'm working on upgrading. One has a 25 gallon tank, one has a 15. Both have a water pump. Nothing major, they have a 5 amp inline fuse from the batteries. The batteries are 12v, (pc925 enersys if you wanna be technical) with a 12vdc 1.5 amp charger for both. These were both old and one of the batteries was just shot. Had 7v at best after trickle charging it several times and both the chargers try to get it to 12v but no dice. The other battery is okayish. Both are a bit dinky though, less than half the size of an ammo can. As I'm putting 200+ gallons of water into a massive fleet of forklifts a month, and stopping to charge this all the time wasnt practical. So I used the one that worked a while, but the water flow was abysmal. I have been frankensteining them together. Now both pumps feed one hose, both tanks are linked, and all the electronics feed off one power switch. Worked great. I hooked both batteries up in parallel to maybe scavenge some amp hours out of the shot battery and had middling success. Still have 12vdc output and the charger I chose ran fine on that circuit, but the rig, while working excellently, torched the batteries about 4x as fast. So I'm struggling with understanding amps, amp hours, voltage, vs draw, output, and input here. Searching around on Google has left me more confused than when I started. I need it in plain English. One idea is to piggyback the whole rig off the electric pallet jack battery of the unit I'm using to mule this rig around. It's a big boy, a a literal one ton 24v with like 1000 amp hours. I was wondering if a step down transformer could work to take it from 24v to 12v, if the voltage is all that matters or if the potential amp output of the battery matters. Or if the amp output of that battery would fry everything. Or if the amp draw from the pumps would be the only factor to choose a step down transformer of sufficient rating. Failing that, I was also thinking of just a car battery. Still be 12v and such, but would have vastly more storage of amp hours. Would the additional volume of amp hours hurt anything? And would the charger still be able to manage a much larger resevoir without issue, barring additional charge time?",https://www.reddit.com/r/askanelectrician/comments/1362auc/looking_to_do_some_off_spec_upgrading_2412v/,1,1,https://www.reddit.com/r/askanelectrician/comments/1362auc/looking_to_do_some_off_spec_upgrading_2412v/,electrical issue,needs_review_unclear,,needs_human_review,,,0.00,no_labeling_function_matched,{},yes,
1tpq9rj,Plumbing,2026-05-28T02:20:51+00:00,Landlord appears to have caulked shower drain cover shut and I standing water in river rock shower. What can I safely do as a tenant?,"I rent a house with a river rock shower floor, and the shower drain is now holding standing water / draining very slowly. The standing water makes cleaning difficult because we have hard ish water and seems like a drainage issue that needs to be addressed. I’ve already contacted the landlord. The issue is that the drain cover appears to be caulked or sealed in place, so I can’t unscrew it, remove hair/debris, or snake it. I don’t want to pry it up and risk damaging the shower since this is a rental. So far I tried hot/boiling water, which helped somewhat but did not resolve it. I’m aware drain chemicals are generally discouraged, especially if the clog doesn’t clear or if someone later has to work on the drain. I’m not trying to just dump products down it but trying to understand what’s reasonable and safe while waiting on the landlord. Questions: Is a caulked/sealed shower drain cover normal, or should it be accessible for maintenance? Is there anything safe I can do as a tenant if I can’t remove the cover or snake it? At what point should this be treated as a landlord/plumber issue rather than a tenant-cleaning issue? With a river rock shower and standing water, is there any special concern about water sitting on the floor/grout for too long? I’m trying not to damage anything or create a worse plumbing issue. Any advice from plumbers/landlords/maintenance folks appreciated.","Landlord appears to have caulked shower drain cover shut and I standing water in river rock shower. What can I safely do as a tenant? I rent a house with a river rock shower floor, and the shower drain is now holding standing water / draining very slowly. The standing water makes cleaning difficult because we have hard ish water and seems like a drainage issue that needs to be addressed. I’ve already contacted the landlord. The issue is that the drain cover appears to be caulked or sealed in place, so I can’t unscrew it, remove hair/debris, or snake it. I don’t want to pry it up and risk damaging the shower since this is a rental. So far I tried hot/boiling water, which helped somewhat but did not resolve it. I’m aware drain chemicals are generally discouraged, especially if the clog doesn’t clear or if someone later has to work on the drain. I’m not trying to just dump products down it but trying to understand what’s reasonable and safe while waiting on the landlord. Questions: Is a caulked/sealed shower drain cover normal, or should it be accessible for maintenance? Is there anything safe I can do as a tenant if I can’t remove the cover or snake it? At what point should this be treated as a landlord/plumber issue rather than a tenant-cleaning issue? With a river rock shower and standing water, is there any special concern about water sitting on the floor/grout for too long? I’m trying not to damage anything or create a worse plumbing issue. Any advice from plumbers/landlords/maintenance folks appreciated.",https://www.reddit.com/r/Plumbing/comments/1tpq9rj/landlord_appears_to_have_caulked_shower_drain/,0,11,https://i.redd.it/lc4svsk5gs3h1.jpeg,caulk,needs_review_medium_signal,,needs_human_review,,medium_risk_call_pro,0.67,trade_system_issue:\bplumbing\b; cosmetic_or_minor_finish:\bgrout\b,"{""low_risk_diy"": 2.2, ""medium_risk_call_pro"": 2.0}",yes,
1sx231q,HomeImprovement,2026-04-27T12:23:34+00:00,ACETONE coming from somewhere,"Good morning. I was wondering if anybody out there might have any ideas about what is going on with my house. For the last two days, there has been a very, very strong odor of ACETONE in the house. It seems to be coming from the garage. We store old paints and solvents in the garage, but nothing seems to have leaked, and lids are on tight. I googled the problem, and Google said that we might have a leak in the HVAC. So yesterday, I turned off the HVAC system. Even after airing out the garage for several hours, within a few minutes of closing the garage doors, the garage once again smelled very strongly of acetone. So, maybe not the HVAC. Last night, we slept with the HVAC off (just in case) and the windows open. But the acetone smell is still strong in the house, even though it does seem to be emanating from the garage. Does anybody have any idea as to what could be causing this? I do not even know who to call to fix the problem. A plumber? An HVAC technician? Someone else? If anyone has any ideas, I would be very, very grateful. Many thanks. UPDATE: Last Fall we converted to a tankless water heater. The conduit removing fumes to the outside of the house was not properly capped; in fact, it was merely taped. To make matters worse, it is connected to the same conduit used by the HVAC unit, in a t-joint. The proper solution would have been to cap off the severed conduit properly, or better still, replace the shared t-joint with a non-jointed conduit serving just the HVAC unit. The plumber who did the tankless water heater refused to come back and do the job properly. I will deal with him later. I have contracted with an HVAC company to come and do the job properly. It will cost me close to $1000, and I am p\*ssed about it. First-off, the improperly sealed conduit could have killed us all. The carbon monoxide detector inside the house close to the garage door kept sounding, so I also had that checked for the source of the carbon monoxide. Everything pointed back to the taped-up conduit done by the plumber when they removed our gas water heater and installed the tankless one. Any plumbers out there with any insights into this? The plumbing company said that it was not their job to have sealed the conduit. I disagree, but it would help me to know if - other than the fact that it might have killed us! - what their professional and ethical obligation was with respect to the removal of the gas water heater and replacement tankless one. Many thanks already for the previous advice. New insights would be greatly appreciated.","ACETONE coming from somewhere Good morning. I was wondering if anybody out there might have any ideas about what is going on with my house. For the last two days, there has been a very, very strong odor of ACETONE in the house. It seems to be coming from the garage. We store old paints and solvents in the garage, but nothing seems to have leaked, and lids are on tight. I googled the problem, and Google said that we might have a leak in the HVAC. So yesterday, I turned off the HVAC system. Even after airing out the garage for several hours, within a few minutes of closing the garage doors, the garage once again smelled very strongly of acetone. So, maybe not the HVAC. Last night, we slept with the HVAC off (just in case) and the windows open. But the acetone smell is still strong in the house, even though it does seem to be emanating from the garage. Does anybody have any idea as to what could be causing this? I do not even know who to call to fix the problem. A plumber? An HVAC technician? Someone else? If anyone has any ideas, I would be very, very grateful. Many thanks. UPDATE: Last Fall we converted to a tankless water heater. The conduit removing fumes to the outside of the house was not properly capped; in fact, it was merely taped. To make matters worse, it is connected to the same conduit used by the HVAC unit, in a t-joint. The proper solution would have been to cap off the severed conduit properly, or better still, replace the shared t-joint with a non-jointed conduit serving just the HVAC unit. The plumber who did the tankless water heater refused to come back and do the job properly. I will deal with him later. I have contracted with an HVAC company to come and do the job properly. It will cost me close to $1000, and I am p\*ssed about it. First-off, the improperly sealed conduit could have killed us all. The carbon monoxide detector inside the house close to the garage door kept sounding, so I also had that checked for the source of the carbon monoxide. Everything pointed back to the taped-up conduit done by the plumber when they removed our gas water heater and installed the tankless one. Any plumbers out there with any insights into this? The plumbing company said that it was not their job to have sealed the conduit. I disagree, but it would help me to know if - other than the fact that it might have killed us! - what their professional and ethical obligation was with respect to the removal of the gas water heater and replacement tankless one. Many thanks already for the previous advice. New insights would be greatly appreciated.",https://www.reddit.com/r/HomeImprovement/comments/1sx231q/acetone_coming_from_somewhere/,8,45,https://www.reddit.com/r/HomeImprovement/comments/1sx231q/acetone_coming_from_somewhere/,gas smell,needs_review_urgent_signal,,needs_human_review,,urgent_safety_risk,0.87,gas_or_carbon_monoxide:\bcarbon monoxide\b; contained_water_damage:\bleak(?:s|ing|ed)?\b; trade_system_issue:\bwater heater\b,"{""medium_risk_call_pro"": 4.0, ""urgent_safety_risk"": 4.0}",yes,
1tinkwz,HomeMaintenance,2026-05-20T14:35:27+00:00,Was this paint blister caused by moisture or a bad drywall patch?,"I noticed a paint blister on this wall (exterior) and peeled it off to see what the wall looked like behind it. Directly under the paint blister was this little bump in the drywall, so I’m wondering if this is just a case of a bad drywall patch causing the paint to not adhere. We had some work done about a year ago, the outlet in the top left corner of the photo wasn’t originally here, and somewhere around here there was a wall that was taken out, so I’m hoping just a bad patch job and not moisture.","Was this paint blister caused by moisture or a bad drywall patch? I noticed a paint blister on this wall (exterior) and peeled it off to see what the wall looked like behind it. Directly under the paint blister was this little bump in the drywall, so I’m wondering if this is just a case of a bad drywall patch causing the paint to not adhere. We had some work done about a year ago, the outlet in the top left corner of the photo wasn’t originally here, and somewhere around here there was a wall that was taken out, so I’m hoping just a bad patch job and not moisture.",https://www.reddit.com/r/HomeMaintenance/comments/1tinkwz/was_this_paint_blister_caused_by_moisture_or_a/,1,4,https://i.redd.it/en60zd6xza2h1.jpeg,paint peeling,needs_review_medium_signal,,needs_human_review,,medium_risk_call_pro,0.67,trade_system_issue:\boutlets?\b; cosmetic_or_minor_finish:\bpaint(?:ing|ed)?\b,"{""low_risk_diy"": 2.2, ""medium_risk_call_pro"": 2.0}",yes,
17giogq,HomeImprovement,2023-10-25T23:36:30+00:00,Gas patio firepit no gas flow,"Hdllo we have a wonderfire brand outside gas firepit. Recently i went tuned the gas on the tank and then when i went to turn the knob for gas flame height(how you start getting gas to the firepit) nothing happened, no hiss noise or smell of propane going to the burner. Yes the propane tank was on. Yet the hose was tight with no kinks, yes i swapped tanks, yes i waited 2 minutes for the regulator to reset. Still nothing when i turn the knob no gas flow seems to be happening. What do i check? Is this a regulator issue is this a issue with the knob unit? Is this the burner issue? Any help is greatly appreciated! Just got this last summer","Gas patio firepit no gas flow Hdllo we have a wonderfire brand outside gas firepit. Recently i went tuned the gas on the tank and then when i went to turn the knob for gas flame height(how you start getting gas to the firepit) nothing happened, no hiss noise or smell of propane going to the burner. Yes the propane tank was on. Yet the hose was tight with no kinks, yes i swapped tanks, yes i waited 2 minutes for the regulator to reset. Still nothing when i turn the knob no gas flow seems to be happening. What do i check? Is this a regulator issue is this a issue with the knob unit? Is this the burner issue? Any help is greatly appreciated! Just got this last summer",https://www.reddit.com/r/HomeImprovement/comments/17giogq/gas_patio_firepit_no_gas_flow/,2,6,https://i.redd.it/28014u0fpfwb1.jpg,gas smell,needs_review_unclear,,needs_human_review,,,0.00,no_labeling_function_matched,{},yes,
1e3bao0,DIY,2024-07-14T19:53:07+00:00,Help with repair of window trim and stucco repair,https://preview.redd.it/ktlpsgnggjcd1.jpg?width=5712&format=pjpg&auto=webp&s=717b921c539802acdff9e28435f5cbcd624c90c2 I was planning to replace a piece of soft trim around a window and after removing it I found that the stucco under it was cracked and loose. I removed the loose pieces. The wood underneath appears to have had water damage in the past but feels dry now. What is the best way to repair? I was considering getting a container of the stucco patch material and then adding the new trim over that. Do I need to do a more extensive repair?,Help with repair of window trim and stucco repair https://preview.redd.it/ktlpsgnggjcd1.jpg?width=5712&format=pjpg&auto=webp&s=717b921c539802acdff9e28435f5cbcd624c90c2 I was planning to replace a piece of soft trim around a window and after removing it I found that the stucco under it was cracked and loose. I removed the loose pieces. The wood underneath appears to have had water damage in the past but feels dry now. What is the best way to repair? I was considering getting a container of the stucco patch material and then adding the new trim over that. Do I need to do a more extensive repair?,https://www.reddit.com/r/DIY/comments/1e3bao0/help_with_repair_of_window_trim_and_stucco_repair/,1,3,https://www.reddit.com/r/DIY/comments/1e3bao0/help_with_repair_of_window_trim_and_stucco_repair/,loose trim,needs_review_medium_signal,,needs_human_review,,medium_risk_call_pro,0.67,contained_water_damage:\bwater damage(?:d)?\b; cosmetic_or_minor_finish:\btrim\b,"{""low_risk_diy"": 2.2, ""medium_risk_call_pro"": 2.0}",yes,
1t4zu54,Plumbing,2026-05-06T02:18:37+00:00,Advice for New Build Shower Pan Issue,"Hi all, Looking for some opinions on this new build home we recently bought. When we came to do a final walkthrough, I noticed this escutcheon was loose and lifted it up and saw this hole going through the floor. I mentioned it to the builder and they ""fixed it"" before we closed. Came back after closing and I see they caulked the escutcheon to the shower floor all around (no weep hole) and put in a flimsy gasket where the escutcheon meets the faucet stem. Definitely not water tight. I had a feeling the shower pan hole wasn't sealed still so I cut the escutcheon loose again and found the hole was still there. It also looks like the support bolts for the faucet don't have any sealing around it either. As it was, I just know water would have run down that faucet stem, through the ineffective gasket, and dump straight into the floor. I can't find any information on soaking tub faucet setups like this and how it should be done, but it seems very wrong to me. But before I go back to the builder about this (warranty should cover it), I wanted to get your opinions on how it should properly be done. Thanks in advance!!","Advice for New Build Shower Pan Issue Hi all, Looking for some opinions on this new build home we recently bought. When we came to do a final walkthrough, I noticed this escutcheon was loose and lifted it up and saw this hole going through the floor. I mentioned it to the builder and they ""fixed it"" before we closed. Came back after closing and I see they caulked the escutcheon to the shower floor all around (no weep hole) and put in a flimsy gasket where the escutcheon meets the faucet stem. Definitely not water tight. I had a feeling the shower pan hole wasn't sealed still so I cut the escutcheon loose again and found the hole was still there. It also looks like the support bolts for the faucet don't have any sealing around it either. As it was, I just know water would have run down that faucet stem, through the ineffective gasket, and dump straight into the floor. I can't find any information on soaking tub faucet setups like this and how it should be done, but it seems very wrong to me. But before I go back to the builder about this (warranty should cover it), I wanted to get your opinions on how it should properly be done. Thanks in advance!!",https://www.reddit.com/r/Plumbing/comments/1t4zu54/advice_for_new_build_shower_pan_issue/,5,34,https://www.reddit.com/gallery/1t4zu54,caulk,needs_review_unclear,,needs_human_review,,,0.00,no_labeling_function_matched,{},yes,
1qg5y1t,Plumbing,2026-01-18T11:08:56+00:00,Main 15 HE A boiler won't fire up for heating,"I have a Main 15 HE A boiler, it won't fire up for heating this morning. I've checked the thermostat and thats requesting heat but boiler doesn't fire up I have another on the wall thermostat that controls hot water, this does fire the boiler up when on. Is there anything I can do, I've tried the rest button but doesn't do anything.","Main 15 HE A boiler won't fire up for heating I have a Main 15 HE A boiler, it won't fire up for heating this morning. I've checked the thermostat and thats requesting heat but boiler doesn't fire up I have another on the wall thermostat that controls hot water, this does fire the boiler up when on. Is there anything I can do, I've tried the rest button but doesn't do anything.",https://www.reddit.com/r/Plumbing/comments/1qg5y1t/main_15_he_a_boiler_wont_fire_up_for_heating/,1,1,https://i.redd.it/mg1ibg8vb3eg1.jpeg,sparking outlet,needs_review_unclear,,needs_human_review,,,0.00,no_labeling_function_matched,{},yes,
